{"type":"FeatureCollection","features":[{"type":"Feature","geometry":{"type":"MultiLineString","coordinates":[[[26.97074000000066,39.532520000000716],[27.01787999999948,39.60353000000026],[27.101000000000568,39.67195],[27.177540000000647,39.710849999999425],[27.232959999999366,39.78384000000011],[27.394790000000285,39.8486699999994],[27.40978999999976,39.932349999999246],[27.53895999999986,40.00712000000027]]]},"properties":{}},{"type":"Feature","geometry":{"type":"MultiLineString","coordinates":[[[26.97074000000066,39.53252000000066],[27.019430000000284,39.55435000000034],[27.16613999999936,39.57181999999921],[27.352539999999863,39.63177],[27.503749999999854,39.6244200000001],[27.823340000000826,39.665209999999206],[27.889750000000276,39.637259999999515]]]},"properties":{}},{"type":"Feature","geometry":{"type":"MultiLineString","coordinates":[[[27.88832,39.63802000000027],[28.007670000000928,39.76120000000094],[28.126720000000205,39.83660000000066],[28.159279999999853,39.87421999999975]],[[27.785310024070498,39.00323481025066],[27.794560000000217,39.0893300000007],[27.783779999999865,39.17276999999933],[27.85196,39.19706000000042],[27.927340000000243,39.264699999999834],[27.984080000000233,39.36671000000035],[27.98595000000023,39.427659999999435],[27.901910000000612,39.56751000000088],[27.888569999999277,39.636130000000776]]]},"properties":{}},{"type":"Feature","geometry":{"type":"MultiLineString","coordinates":[[[26.807249999999897,39.20173000000079],[26.76180000000022,39.22160000000082],[26.68990999999926,39.31227000000047],[26.75857,39.338149999999644],[26.93722,39.487719999999285],[26.93818,39.50612],[26.97074000000066,39.532520000000716],[26.968489999999406,39.58954000000091],[26.91115,39.60087000000027],[26.82292000000058,39.575479999999516],[26.55192,39.54328]]]},"properties":{}},{"type":"Feature","geometry":{"type":"MultiLineString","coordinates":[[[26.332179999999425,39.50267],[26.29294999999911,39.50552000000067],[26.276110000000756,39.52679],[26.11854999999929,39.530720000000656],[26.105799999999476,39.5628300000007],[26.158400000000256,39.62997],[26.174849999999424,39.6858],[26.15083000000061,39.759],[26.18786999999986,39.85605000000038],[26.326670000000433,39.99863999999974]]]},"properties":{}},{"type":"Feature","geometry":{"type":"MultiLineString","coordinates":[[[26.497160000000804,40.04578000000038],[26.535610000000815,39.94528999999966],[26.594849999999497,39.913399999999456],[26.659019999999146,39.83158999999978],[26.730670000000828,39.77201000000059],[26.7181700000001,39.57072999999946]]]},"properties":{}},{"type":"Feature","geometry":{"type":"MultiLineString","coordinates":[[[26.360570000000735,40.04889],[26.32964,40.01255999999921],[26.318719999999303,39.96032000000014],[26.334580000000642,39.843409999999494],[26.453240000000733,39.57601000000068],[26.48475999999937,39.55213999999978],[26.551919999999882,39.54327999999987]]]},"properties":{}},{"type":"Feature","geometry":{"type":"MultiLineString","coordinates":[[[27.334609999999884,38.18478999999934],[27.47313000000031,38.18606],[27.66657,38.22255000000041],[27.70691000000079,38.20411000000058],[27.735070000000633,38.168180000000575]]]},"properties":{}},{"type":"Feature","geometry":{"type":"MultiLineString","coordinates":[[[26.361699999999473,40.04900000000089],[26.367780000000494,40.07597999999962],[26.416629999999714,40.1227600000002],[26.417810000000827,40.19597000000067],[26.499289999999746,40.19637999999941],[26.6212,40.277860000000146],[26.74899,40.39140000000043],[26.91023999999925,40.3993],[26.939360000000306,40.373639999999796],[27.056609999999637,40.3907]]]},"properties":{}},{"type":"Feature","geometry":{"type":"MultiLineString","coordinates":[[[26.497660000000963,40.043910000000324],[26.48169000000047,40.09526999999974],[26.49014,40.12949999999921],[26.418579999999622,40.13967000000048]]]},"properties":{}},{"type":"Feature","geometry":{"type":"MultiLineString","coordinates":[[[27.08309,40.97393999999986],[26.92627,40.96272999999928],[26.814700000000812,40.932409999999436],[26.38264,40.92605]]]},"properties":{}},{"type":"Feature","geometry":{"type":"MultiLineString","coordinates":[[[26.974529999999504,40.96891999999934],[26.956490000000485,40.90629000000081],[26.92193000000043,40.89091],[26.65813999999955,40.866910000000644],[26.085220000000845,40.731509999999616]]]},"properties":{}},{"type":"Feature","geometry":{"type":"MultiLineString","coordinates":[[[26.138059999999314,40.74997000000076],[26.153560000000653,40.78874],[26.132299999999304,40.83546000000024],[26.04342,40.861259999999675]]]},"properties":{}},{"type":"Feature","geometry":{"type":"MultiLineString","coordinates":[[[24.78277334403441,41.083861239757425],[24.768655208733207,41.09311635162794],[24.71351119992312,41.03208317682851],[24.618927624941364,40.99389282768493],[24.418874440876152,40.938570359299376],[24.376401061922138,40.95320404448512],[24.269860695386,41.04457534710912],[24.2109690354917,41.062064385501856],[23.907059999999603,40.982169999999314]]]},"properties":{}},{"type":"Feature","geometry":{"type":"MultiLineString","coordinates":[[[26.31567,41.239449999999124],[26.34399999999914,41.27341999999953],[26.40791,41.280220000000554],[26.493640000000596,41.330110000000786],[26.493500000000495,41.372269999999844]]]},"properties":{}},{"type":"Feature","geometry":{"type":"MultiLineString","coordinates":[[[26.492940000000146,41.37346000000065],[26.513450000000375,41.40784],[26.550069999999323,41.41854000000063],[26.563029999999458,41.43829000000011],[26.530059999999253,41.498610000000554],[26.516589999999212,41.59975999999915],[26.566979999999603,41.68146999999959],[26.27146,41.74242000000061],[26.2042,41.780960000000164]]]},"properties":{}},{"type":"Feature","geometry":{"type":"MultiLineString","coordinates":[[[26.2042,41.780960000000164],[26.19677000000047,41.87156999999945],[26.17397,41.90395],[26.126239999999598,41.92843]]]},"properties":{}},{"type":"Feature","geometry":{"type":"MultiLineString","coordinates":[[[26.2042,41.780960000000164],[26.14905999999985,41.790769999999725],[26.067699999999547,41.868000000000336],[25.955920000000333,41.90223999999955],[25.91496,41.944980000000214]],[[25.937009999999646,41.91991000000053],[25.854180000000326,42.0245400000004],[25.840469999999243,42.089200000000346],[25.70752,42.223949999999604],[25.641139999999723,42.45255999999972],[25.60246000000018,42.522650000000795],[25.561719999999752,42.55949999999939],[25.45248,42.610989999999276],[25.36400999999927,42.6197200000006],[25.31996000000072,42.64450000000045],[24.997729999999194,42.614310000000955],[24.72779000000088,42.65777]]]},"properties":{}},{"type":"Feature","geometry":{"type":"MultiLineString","coordinates":[[[26.563019999999597,41.68297999999959],[26.66443000000072,41.62954],[26.81055000000015,41.590109999999186],[27.08784999999989,41.43971000000056]]]},"properties":{}},{"type":"Feature","geometry":{"type":"MultiLineString","coordinates":[[[25.84499999999946,42.07798999999977],[25.536669999999617,42.21506000000056],[25.44132,42.23669999999959],[25.25484,42.24129999999968]]]},"properties":{}},{"type":"Feature","geometry":{"type":"MultiLineString","coordinates":[[[25.34793,42.63563000000073],[25.33029,42.717520000000206],[25.33200000000039,42.85196],[25.385969999999418,43.00525000000022],[25.330089999999586,43.178879999999594],[25.323710000000688,43.36267000000049],[25.14534,43.589190000000656]]]},"properties":{}},{"type":"Feature","geometry":{"type":"MultiLineString","coordinates":[[[25.63993999999923,43.216860000000395],[25.813239999999553,43.12430999999924],[26.12781999999976,43.00756],[26.28113999999914,42.78626000000082],[26.289300000000367,42.72095000000087],[26.358410000000788,42.66886999999963],[26.40987999999919,42.56279],[26.514750000000276,42.4982899999996],[26.54155,42.46184],[26.530860000000814,42.20101000000068]]]},"properties":{}},{"type":"Feature","geometry":{"type":"MultiLineString","coordinates":[[[27.70169,42.42072000000013],[27.662159999999858,42.404169999999795],[27.5787,42.440409999999304],[27.35496000000063,42.39585000000085],[27.304480000000808,42.401529999999184],[27.266480000000286,42.3752499999992],[27.1425,42.34779999999955],[26.978999999999303,42.39249000000029],[26.886280000000625,42.40026000000029],[26.719610000000102,42.47919999999982],[26.101679999999817,42.52133],[25.641260000000443,42.43701999999951],[25.405989999999235,42.28759],[25.208520000000135,42.22299000000032],[24.873540000000617,42.21474999999924],[24.727209999999104,42.17073],[24.735269999999332,42.145909999999276],[24.44117,42.13163],[23.96283000000051,42.31723000000062],[23.856939999999724,42.379689999999755],[23.7812799999993,42.44285999999914],[23.724759999999264,42.558859999999186],[23.662634191774657,42.6058822168244]],[[27.696749999999213,42.41721999999936],[27.69643999999971,42.37261000000029],[27.75564,42.300639999999476],[27.73681000000039,42.265799999999274],[27.747690000000148,42.23319000000083],[27.961040000000253,42.07719],[28.02491,41.96416999999923],[28.04700000000048,41.892649999999776],[27.981050000000323,41.8926100000009],[27.963009999999485,41.835660000000644]]]},"properties":{}},{"type":"Feature","geometry":{"type":"MultiLineString","coordinates":[[[27.25897000000083,44.11990999999949],[27.44684000000052,43.95952000000045],[27.453260000000228,43.67398999999938],[27.43541000000016,43.58189999999934],[27.428120000000604,43.3131699999995],[27.63620000000094,43.119409999999334],[27.62918,43.03739999999931],[27.678299999999638,42.89370000000065],[27.62982000000011,42.8066799999998],[27.604460000000586,42.70588999999933],[27.598079999999754,42.620129999999335],[27.62241,42.577419999999734],[27.41808999999921,42.55776999999944],[27.3084999999993,42.51812000000058],[27.292799999999318,42.48199000000028],[27.304480000000808,42.401529999999184],[27.35496000000063,42.39585000000085],[27.49736289478318,42.42504270941737],[27.507700000000114,42.36908000000045],[27.49512999999945,42.27321999999913],[27.457140000000436,42.21023000000059],[27.442839999999762,42.01749000000029],[27.320250000000726,41.84136000000046]]]},"properties":{}},{"type":"Feature","geometry":{"type":"MultiLineString","coordinates":[[[27.908719999999562,43.21908000000076],[27.759260000000722,43.22561],[27.62308999999925,43.25037999999955],[27.435729999999296,43.31568999999945],[27.251829999999245,43.33630000000085],[26.937799999999754,43.31875000000042],[26.13301999999942,43.36204],[26.028800000000103,43.34562000000017],[25.660029999999153,43.237830000000145],[25.31171,43.24731000000065],[24.741780000000233,43.14262000000059],[24.06012000000021,43.211149999999236],[23.644570000000442,43.27758]]]},"properties":{}},{"type":"Feature","geometry":{"type":"MultiLineString","coordinates":[[[27.712499999999636,42.66561],[27.633819999999048,42.64610999999974],[27.610070000000746,42.60942000000068],[27.62241,42.577419999999734]],[[28.77428999999944,44.55271999999974],[28.733599999999626,44.50632000000053],[28.59726000000046,44.44137000000052],[28.531580000000815,44.38925000000023],[28.56585000000092,44.25006000000042],[28.64365999999984,44.193660000000875],[28.617249999999387,44.140129999999886],[28.63723000000033,44.015919999999824],[28.57798,43.91884000000027],[28.558709999999337,43.76535999999953],[28.52873,43.68326999999965],[28.555647082464134,43.57909784853911],[28.58297999999928,43.56049],[28.58441,43.51195],[28.526190000000554,43.43630999999914],[28.439580000000205,43.40536000000071],[28.46333000000044,43.38560999999942],[28.38102000000083,43.42664999999943],[28.123881514905918,43.40967313188793],[28.076220000000887,43.37655000000086],[28.01134537738045,43.25929828935563],[27.908719999999562,43.21908000000076],[27.89005,43.20025999999967],[27.924639999999272,43.16009999999915],[27.86737,43.03569000000067],[27.88480999999956,42.9264500000009],[27.865959999999177,42.85140999999936],[27.878109999999594,42.72246000000092],[27.851049999999418,42.70885000000089],[27.707071801259872,42.72040985806012],[27.689270000000818,42.70068],[27.71277,42.66368999999946]],[[29.147979999999734,45.01101000000017],[28.940969999999652,45.038850000000934],[28.890999999999565,45.038850000000934],[28.846030000000553,45.01815],[28.81034,44.96461000000096],[28.833899999999687,44.94391],[28.83746000000059,44.891799999999535],[28.92134000000084,44.76973],[28.819260000000213,44.747600000000716],[28.737880000000587,44.689780000000724],[28.720750000000464,44.6598],[28.72645999999986,44.61554000000075],[28.670780000000377,44.48134000000027]]]},"properties":{}},{"type":"Feature","geometry":{"type":"MultiLineString","coordinates":[[[27.96556000000055,41.836059999999634],[28.022510000000693,41.73906999999963],[28.088620000000446,41.67761000000064],[28.08266,41.633599999999205],[28.175960000000487,41.53924],[28.218300000000454,41.51612000000023],[28.33441,41.458119999999326],[28.860489999999118,41.26898000000074],[29.090140000000247,41.23483999999917],[29.09735,41.210940000000846],[29.02398,41.15303],[29.055739999999787,41.11505000000034],[29.0298700000003,41.057810000000245],[28.97726,41.035359999999855]]]},"properties":{}},{"type":"Feature","geometry":{"type":"MultiLineString","coordinates":[[[27.320250000000726,41.84136000000046],[27.376759999999194,41.767019999999434],[27.51714999999973,41.66295],[27.53528,41.63297000000057],[27.681660000000193,41.616410000000656],[27.852080000000626,41.540419999999415],[27.906890000000203,41.47653999999966],[27.93655000000041,41.39163999999977],[27.98452,41.34294000000051],[28.018179999999234,41.27924],[28.06855,41.246370000000866],[28.149419999999736,41.24527999999913],[28.295910000000788,41.1983],[28.36672,41.203279999999836],[28.640649999999482,41.126369999999895],[28.721460000000718,41.06394999999986],[28.956200000000536,41.018379999999524]]]},"properties":{}},{"type":"Feature","geometry":{"type":"MultiLineString","coordinates":[[[27.077059999999676,41.44422999999921],[27.16123999999951,41.42329000000069],[27.29506000000049,41.42725000000064],[27.392620000000534,41.40894999999921],[27.573770000000934,41.2873299999992],[27.681759999999542,41.25739000000067],[27.80633999999918,41.17114000000049],[27.866710000000353,41.0277499999994],[27.946309999999357,40.974089999999705]]]},"properties":{}},{"type":"Feature","geometry":{"type":"MultiLineString","coordinates":[[[27.05862999999954,40.97201999999925],[27.188070000000153,40.98280999999952],[27.230380000000878,40.96018],[27.29769,40.95523999999932],[27.457099999999627,40.96661999999924],[27.667890000000625,41.020370000000185],[27.74598,41.02541000000019],[27.839159999999538,41.00416000000041],[27.877220000000307,40.97966000000088],[27.946309999999357,40.974089999999705],[28.020510000000286,41.04900000000089],[28.229890000000523,41.08864],[28.430679999999484,41.05196000000069],[28.51246,41.015590000000884],[28.614470000000438,41.02546000000075],[28.814259999999194,40.981110000000626],[28.941279999999097,41.008850000000166]]]},"properties":{}},{"type":"Feature","geometry":{"type":"MultiLineString","coordinates":[[[29.02628,40.997660000000906],[29.105349999999817,40.95772000000045],[29.14564000000064,40.91825000000068],[29.316940000000727,40.85455999999982],[29.37204000000031,40.806169999999895],[29.925255466074134,40.76662394018712]]]},"properties":{}},{"type":"Feature","geometry":{"type":"MultiLineString","coordinates":[[[29.02628,40.997660000000906],[29.02074,41.024639999999636],[29.056469999999536,41.04853000000014],[29.105760000000373,41.12380999999914],[29.087970000000496,41.16344000000038],[29.171770000000834,41.21584000000081],[29.25403,41.22640999999942],[29.588820000000908,41.164619999999616],[29.621730000000753,41.17851999999954],[29.7284,41.15212000000065],[29.760650000000226,41.16037999999946],[29.85990999999933,41.13342000000023],[30.17382999999984,41.13881000000032],[30.28731999999951,41.198140000000535],[30.33950615351256,41.18772544292068]]]},"properties":{}},{"type":"Feature","geometry":{"type":"MultiLineString","coordinates":[[[29.62097,41.17384999999928],[29.695550000000424,41.06240000000071],[29.697519999999827,40.9922200000002],[29.74694000000096,40.922850000000835],[29.781150000000707,40.92196999999942],[29.82129,40.88442000000043],[29.939290000000256,40.83351000000039],[29.925255466074134,40.76662394018712]]]},"properties":{}},{"type":"Feature","geometry":{"type":"MultiLineString","coordinates":[[[-3.886409999999159,51.94835000000057],[-3.687250000000859,51.906950000000506],[-3.601590000000215,51.93549999999959],[-3.404210000000603,51.95692000000054],[-3.285710000000108,51.89338999999927],[-3.182919999999285,51.884110000000874],[-3.019099999999526,51.824860000000626]]]},"properties":{}},{"type":"Feature","geometry":{"type":"MultiLineString","coordinates":[[[-2.652739552693896,52.07987566264481],[-2.551250000000437,52.081130000000485],[-2.444879999999102,51.97690999999941],[-2.344230000000607,51.919089999999414]]]},"properties":{}},{"type":"Feature","geometry":{"type":"MultiLineString","coordinates":[[[-1.353049999999712,53.423839999999586],[-1.427999999999884,53.2582299999994],[-1.454770000000224,52.96768999999949],[-1.60896,52.82849999999968],[-1.697480000000724,52.770679999999686],[-1.825969999999813,52.642900000000736]],[[-2.26498,51.86766999999969],[-2.16647,51.9519],[-2.153979999999137,52.00116],[-2.192520000000457,52.07825000000042],[-2.223930000000109,52.20459999999923],[-2.087589999999125,52.360930000000735],[-1.914839999999458,52.4644399999998],[-1.825969999999813,52.642900000000736]],[[-2.321679999999049,53.46915000000081],[-2.36404000000033,53.447729999999865],[-2.4047300000002,53.358739999999614],[-2.397590000000434,53.29735000000079],[-2.41662,53.27641000000051],[-2.69621,53.2169300000005],[-2.903700000000697,53.19218],[-2.837550000000192,53.08653000000055],[-2.66191000000066,52.94621000000018],[-2.648269999999627,52.65942],[-2.585460000000239,52.6779800000005],[-2.144780000000537,52.6779800000005],[-1.825969999999813,52.642900000000736]],[[-1.487289999999064,52.93323000000055],[-1.787819999999499,52.959880000000396],[-1.819229999999095,52.974630000000616],[-2.000780000000304,52.978440000000774],[-2.378880000000208,53.14452999999958],[-2.45692000000048,53.195920000000115],[-2.454550000000381,53.26492999999937]],[[-1.89019,51.729569999999626],[-1.846170000000598,51.82892],[-1.764219999999113,51.89336999999978],[-1.832029999999577,52.036140000000216],[-1.827750000000378,52.0975299999991],[-1.926970000000438,52.34237000000036],[-1.914839999999458,52.4644399999998]]]},"properties":{}},{"type":"Feature","geometry":{"type":"MultiLineString","coordinates":[[[-2.117570000000342,52.59721],[-2.158260000000155,52.677159999999276],[-2.211079999999129,52.507980000000316]]]},"properties":{}},{"type":"Feature","geometry":{"type":"MultiLineString","coordinates":[[[-1.409079999999449,52.08325],[-1.501169999999547,52.0975299999991],[-1.73459,52.20673999999963],[-1.98337,52.26742000000013],[-2.143270000000484,52.28527000000031],[-2.185380000000805,52.47871999999916],[-2.281039999999848,52.5593800000006]]]},"properties":{}},{"type":"Feature","geometry":{"type":"MultiLineString","coordinates":[[[-0.079925589062043,51.521885054982704],[-0.24033000000054,51.50590999999986],[-0.742959001493318,51.3721371829584],[-1.073524650742741,51.376255679777046],[-1.413370000000214,51.433660000000714],[-2.279609999999536,51.39939000000061],[-2.338149999999587,51.417949999999166],[-2.37062,51.39511],[-2.536949999999649,51.462209999999686],[-2.667579999999361,51.482200000000375]],[[-3.016859999999724,50.769459999999526],[-2.924660000000586,50.86998999999929],[-2.691769999999394,51.00324],[-2.579340000000229,51.1353],[-2.546319999999469,51.151369999999645],[-2.510630000000617,51.23107999999962],[-2.37062,51.39511]],[[-1.324169999999754,51.06868000000037],[-1.428270000000339,51.06333000000092],[-1.814039999999295,51.09485],[-2.001130000000558,50.95802999999978],[-2.054669999999533,50.834300000000496],[-2.269710000000487,50.755779999999504],[-2.349420000000464,50.735549999999535],[-2.387489999999104,50.741500000000144],[-2.434489999999641,50.717710000000864],[-2.58350000000064,50.741500000000144],[-2.725669999999809,50.710569999999336],[-3.192940000000817,50.80694000000034],[-3.541230000000724,50.71652],[-3.552540000000533,50.636210000000574],[-3.684600000000501,50.499390000000915]]]},"properties":{}},{"type":"Feature","geometry":{"type":"MultiLineString","coordinates":[[[-1.493570000000545,52.56094999999914],[-1.29845000000023,52.60378],[-1.17353,52.65077000000019],[-1.13427000000047,52.64542000000074]]]},"properties":{}},{"type":"Feature","geometry":{"type":"MultiLineString","coordinates":[[[-1.39669,51.630849999999555],[-1.370279999999184,51.675820000000385],[-1.315319999999701,51.70937000000049]]]},"properties":{}},{"type":"Feature","geometry":{"type":"MultiLineString","coordinates":[[[-1.165409999999611,51.5202000000009],[-1.16827,51.58302000000015],[-1.141139999999666,51.633700000000374],[-1.173259999999573,51.6508400000003],[-1.195390000000714,51.76648000000023],[-1.166119999999808,51.825010000000475],[-1.166119999999808,51.88711999999941]]]},"properties":{}},{"type":"Feature","geometry":{"type":"MultiLineString","coordinates":[[[2.088030000000799,49.435559999999896],[1.901719999999841,49.644720000000234],[1.706480000000738,49.90884],[1.430940000000192,50.05445999999938],[1.239279999999781,49.74108999999953],[1.11935000000085,49.4748299999992]]]},"properties":{}},{"type":"Feature","geometry":{"type":"MultiLineString","coordinates":[[[0.1726,48.61001000000033],[0.516159999999218,49.2621],[0.531150000000821,49.30707000000075],[0.524009999999294,49.357760000000894]]]},"properties":{}},{"type":"Feature","geometry":{"type":"MultiLineString","coordinates":[[[1.366910000000644,48.750990000000456],[0.972188146005408,48.836019799585245],[0.423360000000798,49.04081000000048],[0.238300000000891,49.145259999999325],[0.67410000000018,49.45792000000074],[0.721789999999714,49.53715999999986],[0.537259999999208,49.525739999999246]]]},"properties":{}},{"type":"Feature","geometry":{"type":"MultiLineString","coordinates":[[[2.330780000000289,48.811900000000605],[2.000630000000569,48.52993000000066],[1.88285,48.522790000000896],[1.482270029210554,48.45123924236049],[1.430410000000904,48.61202000000054],[1.329760000000647,48.829030000000785],[1.262520000000222,48.93110999999965],[1.150620000000458,49.02724999999924],[1.158470000000364,49.2142700000004],[1.037089999999807,49.29444999999947],[1.097050000000422,49.447930000000326]]]},"properties":{}},{"type":"Feature","geometry":{"type":"MultiLineString","coordinates":[[[1.360839999999371,48.07071],[1.721330000000307,48.158509999999296],[1.821980000000622,48.210619999999835],[1.847320000000764,48.209899999999834],[2.152850000000399,48.42049000000043]]]},"properties":{}},{"type":"Feature","geometry":{"type":"MultiLineString","coordinates":[[[2.290970000000129,49.612600000000384],[2.306679999999687,49.64972],[2.30811,49.74822999999924],[2.287410000000818,49.894969999999375]]]},"properties":{}},{"type":"Feature","geometry":{"type":"MultiLineString","coordinates":[[[4.36823,48.97179999999946],[3.997760000000198,48.87449000000021],[3.67439000000013,48.88947999999988],[3.532339999999749,48.86449],[3.503430000000662,48.895899999999585],[2.87846,48.96586000000036]]]},"properties":{}},{"type":"Feature","geometry":{"type":"MultiLineString","coordinates":[[[2.87846,48.96586000000036],[3.03672,48.83093999999983],[3.120950000000448,48.785260000000505],[3.116669999999431,48.58538000000044],[3.206969999999387,48.497579999999346],[3.249799999999652,48.4262],[3.216249999999491,48.28629]]]},"properties":{}},{"type":"Feature","geometry":{"type":"MultiLineString","coordinates":[[[3.3264,49.38029],[3.393640000000346,49.0608],[3.474299999999857,48.92517000000038],[4.09713,48.31554999999935]]]},"properties":{}},{"type":"Feature","geometry":{"type":"MultiLineString","coordinates":[[[4.198679999999456,50.90773000000081],[3.981669999999212,50.550810000000695],[3.957399999999268,50.456580000000145],[3.808090000000391,50.303589999999474]],[[4.709600000000137,51.54924000000028],[4.417279999999664,51.23728999999918],[4.457259999999337,51.0895299999994],[4.198850000000732,50.90820999999971]]]},"properties":{}},{"type":"Feature","geometry":{"type":"MultiLineString","coordinates":[[[4.866830000000789,50.468720000000815],[4.926789999999471,50.682150000000604],[4.940880000000163,50.80399000000034],[4.728870000000825,51.20516999999933]]]},"properties":{}},{"type":"Feature","geometry":{"type":"MultiLineString","coordinates":[[[3.27473188509174,50.82575691795125],[3.732,50.87752],[4.202059999999733,50.90820999999971]],[[5.466130000000817,50.78012999999913],[5.242700000000696,50.810820000000604],[4.940880000000163,50.80399000000034],[4.514719999999329,50.969600000000355],[4.19956,50.9074999999994]],[[5.46788000000015,50.78066000000035],[5.771056030856755,50.54332207398761],[5.808909999999798,50.55486000000025]]]},"properties":{}},{"type":"Feature","geometry":{"type":"MultiLineString","coordinates":[[[3.446819999999207,51.27013000000085],[3.21839,51.21231000000091],[2.651959999999292,50.811130000000105],[2.48265,50.80011999999988]]]},"properties":{}},{"type":"Feature","geometry":{"type":"MultiLineString","coordinates":[[[2.42175,50.86396000000059],[2.483140000000276,50.80113999999958],[2.488139999999476,50.87395]]]},"properties":{}},{"type":"Feature","geometry":{"type":"MultiLineString","coordinates":[[[3.531049999999595,50.43779],[3.351880000000165,50.507040000000416],[3.39257,50.611259999999675],[2.942139999999199,50.82184000000052]]]},"properties":{}},{"type":"Feature","geometry":{"type":"MultiLineString","coordinates":[[[5.871020000000556,50.57485000000099],[5.108280000000491,50.29644999999988],[3.810477444975277,50.30462521441183]]]},"properties":{}},{"type":"Feature","geometry":{"type":"MultiLineString","coordinates":[[[3.349449999999706,51.006719999999405],[3.469380000000456,50.837540000000445],[3.69210000000021,50.57271000000037]]]},"properties":{}},{"type":"Feature","geometry":{"type":"MultiLineString","coordinates":[[[11.180169999999748,42.56068000000056],[11.240478960489497,42.504133435821245],[11.291390000000376,42.41404999999946],[11.37197000000026,42.41129],[11.594409999999812,42.35808],[11.71059200489617,42.25054624457215],[11.780191239316707,42.11634464384343],[11.84213000000102,42.04319000000038],[11.922689999999363,42.04009000000042],[12.128194351625154,41.93971160073829],[12.299240914587244,41.907650346569085],[12.334932829674699,41.88575930531539],[12.465046469342212,41.90273469094609]],[[11.739666751535765,42.1967207339909],[11.708093570839935,42.21735276354099],[11.712806654356086,42.246616021587045]]]},"properties":{}},{"type":"Feature","geometry":{"type":"MultiLineString","coordinates":[[[12.464052673581884,41.866588136848186],[12.443832638402512,41.837247843367095],[12.342080937140679,41.81756375219635],[12.273429999999394,41.78296000000046]]]},"properties":{}},{"type":"Feature","geometry":{"type":"MultiLineString","coordinates":[[[12.293690000000424,41.75848000000053],[12.410677643433058,41.79445815172783],[12.47490301576847,41.84931087048483],[12.489026009135959,41.88436644829843]]]},"properties":{}},{"type":"Feature","geometry":{"type":"MultiLineString","coordinates":[[[12.465187907700681,41.84520425462847],[12.419078195065026,41.71592351432929],[12.475695970721631,41.66622053261921]]]},"properties":{}},{"type":"Feature","geometry":{"type":"MultiLineString","coordinates":[[[12.482427966886405,41.89549802895641],[12.454360752898083,41.95841722930248],[12.373809999999139,42.01627],[12.340223164532915,42.15252256384116],[12.275809999999126,42.2224499999993],[12.175419999999633,42.25215000000037],[12.061519999999405,42.340140000000304],[12.059849999999642,42.49957999999975],[12.038029999999708,42.51582000000053]]]},"properties":{}},{"type":"Feature","geometry":{"type":"MultiLineString","coordinates":[[[12.550780478622755,42.04337786739973],[12.518990879584805,42.01977361422189],[12.50252500942446,41.976657780796245],[12.509524173403298,41.930837153197096],[12.48972705783479,41.909802717905556]]]},"properties":{}},{"type":"Feature","geometry":{"type":"MultiLineString","coordinates":[[[12.49942139842284,41.89777884547749],[12.578225657015253,41.93124190942876],[12.79291443057599,41.969519397778754]]]},"properties":{}},{"type":"Feature","geometry":{"type":"MultiLineString","coordinates":[[[12.79969588432391,41.96774154144157],[12.8155906838428,41.95850923273895],[12.887831119979865,42.01894754228698],[12.94893567860953,42.04093376198085],[12.999475430373423,42.02361128585835],[13.032129999999654,42.04349]]]},"properties":{}},{"type":"Feature","geometry":{"type":"MultiLineString","coordinates":[[[12.642251578157868,42.020472185076414],[12.61137298537011,41.97042208536601],[12.52942942403547,41.933506061312016],[12.486870618872786,41.89480798526472]]]},"properties":{}},{"type":"Feature","geometry":{"type":"MultiLineString","coordinates":[[[12.631322238346968,41.45292207886496],[12.702706068521877,41.5554292589963],[12.691855726335177,41.672498740483036]]]},"properties":{}},{"type":"Feature","geometry":{"type":"MultiLineString","coordinates":[[[12.77372408861038,41.68444582657639],[12.75811482441219,41.610468383905186],[12.731320000000835,41.56530000000026]]]},"properties":{}},{"type":"Feature","geometry":{"type":"MultiLineString","coordinates":[[[12.781538801375461,41.68401057282921],[12.807225082933371,41.6712090726179],[12.857978986187732,41.60182398968783],[12.953918853942866,41.554639277942215],[12.97911734599461,41.55578141922513]]]},"properties":{}},{"type":"Feature","geometry":{"type":"MultiLineString","coordinates":[[[12.541699999999878,41.60902999999968],[12.54496385554944,41.70255683317589],[12.517778513557857,41.755618813605906],[12.515518025602262,41.83473589204959],[12.481372760168483,41.87720927100372]]]},"properties":{}},{"type":"Feature","geometry":{"type":"MultiLineString","coordinates":[[[12.349181796953484,41.81975273905593],[12.440924312605214,41.8531679767753],[12.479197800000122,41.887836800000116]]]},"properties":{}},{"type":"Feature","geometry":{"type":"MultiLineString","coordinates":[[[12.61958572946611,41.453588883049235],[12.65420670457047,41.642475891241986],[12.645521671899132,41.70624544619824],[12.61292305611937,41.730872867608696],[12.61970451998593,41.753834666314845]]]},"properties":{}},{"type":"Feature","geometry":{"type":"MultiLineString","coordinates":[[[11.982340000000477,42.64820999999938],[12.002979999999297,42.837250000000495],[12.019019999999728,42.872660000000906]]]},"properties":{}},{"type":"Feature","geometry":{"type":"MultiLineString","coordinates":[[[12.51462774183949,42.522300520279714],[12.578762147483303,42.5539116597422],[12.63557177899753,42.5583731491281],[12.72896562347637,42.61191102175928],[12.73402197811373,42.66128483763026],[12.71408,42.7106600000007],[12.767180000000678,42.820610000000784],[12.701970000000188,42.95969999999937]]]},"properties":{}},{"type":"Feature","geometry":{"type":"MultiLineString","coordinates":[[[13.757410000000164,42.21868],[13.64839000000029,42.29183000000012],[13.336359999999331,42.36708],[13.300629999999728,42.36912999999913],[13.229530000000523,42.34244000000035],[13.177009999999427,42.363289999999324]]]},"properties":{}},{"type":"Feature","geometry":{"type":"MultiLineString","coordinates":[[[13.282301348845465,42.35999966624462],[13.360466642886934,42.48706288395584],[13.52447099271393,42.56772661205355],[13.553738363085586,42.56272974394119],[13.58443341006074,42.58414489299366],[13.658851053018111,42.58021878233416],[13.719884227817545,42.611984586761935],[13.80349253890995,42.61924194282966],[13.962856939775577,42.584620785194886]]]},"properties":{}},{"type":"Feature","geometry":{"type":"MultiLineString","coordinates":[[[13.777949999999691,41.24229999999989],[13.922210000000632,41.23396999999932],[14.04682,41.25691999999981]]]},"properties":{}},{"type":"Feature","geometry":{"type":"MultiLineString","coordinates":[[[12.17167999999947,42.13275000000067],[12.018079999999827,42.28627000000051],[11.949420000000828,42.33416000000034],[11.921089999999822,42.38619],[11.724260000000868,42.4978200000005]]]},"properties":{}},{"type":"Feature","geometry":{"type":"MultiLineString","coordinates":[[[12.349265116355014,42.13348687579452],[12.332930000000545,42.2132500000007],[12.360210636981947,42.309091098024794],[12.353460000000268,42.45111],[12.38951000000094,42.48956],[12.387812384649521,42.50741917286064]]]},"properties":{}},{"type":"Feature","geometry":{"type":"MultiLineString","coordinates":[[[12.607449999999574,42.085450000000606],[12.659862110098686,42.14188815774111],[12.789245302290738,42.17341601606836],[12.814527075477656,42.196913193500734],[12.84783952955928,42.25967147752954],[12.860269999999275,42.40588000000025]]]},"properties":{}},{"type":"Feature","geometry":{"type":"MultiLineString","coordinates":[[[38.739949999999226,39.998240000000806],[38.766460000000734,39.956389999999374],[38.807520000000295,39.937159999999494],[39.02491999999984,39.945599999999104],[39.05030000000079,39.958300000000236]]]},"properties":{}},{"type":"Feature","geometry":{"type":"MultiLineString","coordinates":[[[38.85117999999966,39.826859999999215],[38.8712400000004,39.79968999999983],[39.00595000000067,39.77392999999938],[39.03463000000011,39.732560000000376]]]},"properties":{}},{"type":"Feature","geometry":{"type":"MultiLineString","coordinates":[[[38.908260000000155,39.944289999999455],[38.9446599999992,39.871870000000854],[38.92264000000068,39.81385000000046],[38.95441000000028,39.78052000000025]]]},"properties":{}},{"type":"Feature","geometry":{"type":"MultiLineString","coordinates":[[[39.03252000000066,39.73704],[39.02066999999988,39.69679999999971],[39.034669999999096,39.67739000000074]]]},"properties":{}},{"type":"Feature","geometry":{"type":"MultiLineString","coordinates":[[[35.69811999999911,36.98544000000038],[35.75863000000027,37.04153000000042],[35.825010000000475,37.16472000000067],[35.86975,37.18924999999945],[35.906489999999394,37.23688000000038],[35.92085000000043,37.23386000000028]]]},"properties":{}},{"type":"Feature","geometry":{"type":"MultiLineString","coordinates":[[[36.24695000000065,37.10131],[36.16592999999921,37.18205999999918],[36.12872000000061,37.242050000000745],[36.097719999999754,37.31637000000046],[36.09865,37.36534000000029]]]},"properties":{}},{"type":"Feature","geometry":{"type":"MultiLineString","coordinates":[[[35.95231000000058,37.248890000000756],[36.029560000000856,37.13668999999936],[36.12780000000021,37.07314000000042],[36.14113999999972,37.02117],[36.122660000000906,36.93221000000085],[36.14184000000023,36.87541000000056]]]},"properties":{}},{"type":"Feature","geometry":{"type":"MultiLineString","coordinates":[[[35.5355899999995,36.99039000000084],[35.64154000000053,36.95038000000022],[35.698089999999866,36.98351999999977],[35.78202000000056,37.002010000000155],[35.930099999999584,37.063899999999194],[36.19605000000047,37.07322000000022],[36.426509999999325,37.19268999999986],[36.50547,37.18373000000065],[36.58628999999928,37.199609999999666],[36.79218000000037,37.182300000000396],[36.94555000000037,37.19449],[37.03976999999941,37.177999999999884],[37.17099000000053,37.189329999999245],[37.366980000000694,37.169009999999616],[37.71923000000061,37.32231999999931],[37.815230000000156,37.34147],[37.95426000000043,37.446610000000874],[38.08640999999989,37.45948999999928],[38.171879999999874,37.4344]]]},"properties":{}},{"type":"Feature","geometry":{"type":"MultiLineString","coordinates":[[[35.71848999999929,36.98911000000044],[35.9743899999994,36.92245],[36.0307499999999,36.935240000000704],[36.14070999999967,36.87830000000031],[36.21055999999953,36.79494999999952],[36.20854999999938,36.69916000000012],[36.22415,36.649139999999534],[36.19903999999951,36.58436000000074],[36.16259999999966,36.54366999999911],[36.18205999999918,36.508959999999206],[36.23352999999952,36.47571000000062],[36.24448999999913,36.43440999999984],[36.17146,36.277570000000196],[36.16887999999926,36.20780999999988]]]},"properties":{}},{"type":"Feature","geometry":{"type":"MultiLineString","coordinates":[[[36.19420999999966,36.580589999999575],[36.04250999999931,36.52888999999959],[35.90198000000055,36.41558000000077],[35.96596999999929,36.41969000000063]]]},"properties":{}},{"type":"Feature","geometry":{"type":"MultiLineString","coordinates":[[[35.93988,36.124509999999646],[35.98280999999952,36.08582000000024],[36.02375000000029,36.00416000000041]]]},"properties":{}},{"type":"Feature","geometry":{"type":"MultiLineString","coordinates":[[[35.97131000000081,36.10218999999961],[36.05604999999923,36.10027000000082],[36.122559999999794,36.13003000000026],[36.185820000000604,36.22861000000012],[36.21450999999979,36.24639000000025],[36.33740000000034,36.25227000000086]]]},"properties":{}},{"type":"Feature","geometry":{"type":"MultiLineString","coordinates":[[[36.47693000000072,36.23862],[36.56574999999975,36.24951999999939],[36.70005999999921,36.24035999999978],[36.78035000000091,36.20245000000068],[36.79481999999916,36.17443],[36.83893999999964,36.152500000000146]]]},"properties":{}},{"type":"Feature","geometry":{"type":"MultiLineString","coordinates":[[[36.837760000000344,36.15252],[36.92040000000088,36.08482],[36.98371000000043,36.00793]]]},"properties":{}},{"type":"Feature","geometry":{"type":"MultiLineString","coordinates":[[[36.3427,36.25222000000031],[36.37241999999969,36.26132999999936],[36.449650000000474,36.233329999999114],[36.479339999999866,36.240490000000136]]]},"properties":{}},{"type":"Feature","geometry":{"type":"MultiLineString","coordinates":[[[36.58227000000079,36.24922999999944],[36.65762,36.36645999999928],[36.787420000000566,36.43283999999949],[36.86894000000029,36.5000799999998],[36.88427000000047,36.5342299999993],[36.86873999999989,36.60446000000047],[36.908149999999296,36.683139999999185],[36.92383999999947,36.76138],[36.86677000000054,36.83830999999918],[36.72351999999955,36.914059999999154],[36.64901,37.02288000000044],[36.55213,37.112890000000334],[36.425890000000436,37.192730000000665]]]},"properties":{}},{"type":"Feature","geometry":{"type":"MultiLineString","coordinates":[[[36.24455999999918,36.4372800000001],[36.37567999999919,36.5234],[36.39766000000054,36.59870000000046],[36.63677,37.03364],[36.64097000000038,37.09689000000071],[36.7562999999991,37.22525999999925],[36.76807,37.25670999999966]]]},"properties":{}},{"type":"Feature","geometry":{"type":"MultiLineString","coordinates":[[[36.87670000000071,37.60334999999941],[37.39875000000029,37.51310000000012],[37.69090999999935,37.53947999999946],[37.79353000000083,37.56329],[37.88276000000042,37.5595200000007],[38.068999999999505,37.48414000000048]]]},"properties":{}},{"type":"Feature","geometry":{"type":"MultiLineString","coordinates":[[[37.252660000000105,37.54283000000032],[37.318859999999404,37.38830000000053],[37.268340000000535,37.23780000000079],[37.29579999999987,37.203489999999874],[37.36989,37.16603000000032],[37.38500000000022,37.06770999999935],[37.272829999999885,36.89601000000039],[37.242340000000695,36.7567999999992],[37.17797000000064,36.7238899999993],[37.1195800000005,36.72242]]]},"properties":{}},{"type":"Feature","geometry":{"type":"MultiLineString","coordinates":[[[29.86335999999949,40.42580000000095],[29.938630000000558,40.42158000000029],[29.981449999999313,40.3758899999994]],[[29.65845000000087,40.54548000000079],[29.668719999999723,40.48973],[29.729699999999866,40.43409000000065],[29.86696999999924,40.42599999999953]],[[29.977510000000677,40.37937000000068],[30.110940000000483,40.31723000000068],[30.126109999999244,40.28204000000011],[30.1605,40.260770000000775],[30.49179,40.28651]],[[29.925255466074134,40.76662394018712],[29.949140000000625,40.766579999999635],[29.94873,40.71852000000041],[29.832860000000494,40.69838999999968],[29.692119999999818,40.63513000000057],[29.67252,40.59985000000063],[29.638660000000527,40.58684],[29.661469999999213,40.56411999999909],[29.657509999999093,40.5426599999991]]]},"properties":{}},{"type":"Feature","geometry":{"type":"MultiLineString","coordinates":[[[29.511599999999817,40.73013],[29.50562,40.6567799999994],[29.560079999999346,40.60484000000014],[29.529479999999353,40.563930000000255],[29.566059999999254,40.50048000000072],[29.66533,40.4997000000003]]]},"properties":{}},{"type":"Feature","geometry":{"type":"MultiLineString","coordinates":[[[29.278669999999693,40.6571299999996],[29.312579999999798,40.55291000000034],[29.31130999999914,40.48355000000083],[29.263950000000477,40.4390999999996],[29.224270000000615,40.42559000000074],[29.161079999999856,40.44015000000036]]]},"properties":{}},{"type":"Feature","geometry":{"type":"MultiLineString","coordinates":[[[28.90395,40.3617],[28.963159999999448,40.2513899999995],[29.032180000000267,40.21719999999914]]]},"properties":{}},{"type":"Feature","geometry":{"type":"MultiLineString","coordinates":[[[28.088239999999246,40.15339999999924],[28.060100000000602,40.13692000000083],[27.97415,40.13289000000083]],[[27.048960000000136,40.31687000000056],[27.12714000000051,40.31908],[27.22846000000027,40.283499999999606],[27.33789000000081,40.28613000000047],[27.514520000000573,40.20997999999963],[27.65667000000036,40.20845999999983]]]},"properties":{}},{"type":"Feature","geometry":{"type":"MultiLineString","coordinates":[[[28.0661,40.13897],[27.878779999999097,40.07288999999946],[27.846929999999702,40.029669999999896]]]},"properties":{}},{"type":"Feature","geometry":{"type":"MultiLineString","coordinates":[[[27.833010000000343,40.30456000000055],[27.7138300000006,40.24173999999954],[27.65717000000052,40.11888999999974],[27.553840000000548,40.0355],[27.53895999999986,40.00712000000027]]]},"properties":{}},{"type":"Feature","geometry":{"type":"MultiLineString","coordinates":[[[29.16108,40.440150000000415],[29.1429700000009,40.40240000000085],[29.147269999999423,40.3298],[29.101699999999312,40.26286000000067],[29.086740000000702,40.1996],[29.05964,40.18560000000076],[29.01493999999917,40.21785000000102],[28.90055000000035,40.18588000000102],[28.81978999999967,40.18145999999979],[28.60216000000048,40.22213],[28.451750000000118,40.224899999999195],[28.35662000000042,40.08294000000029],[28.28590000000088,40.062949999999546],[28.21278,39.9968599999994],[28.159279999999853,39.87421999999975],[28.14704999999958,39.90463000000091],[28.17238,39.98738000000054],[28.16799999999978,40.08173],[28.09253,40.1441300000007],[28.06333000000086,40.26831999999928],[27.98274999999927,40.3409400000001],[27.888450000000375,40.38481999999931],[27.833010000000343,40.30456000000055],[27.661640000000318,40.30408],[27.611510000000692,40.28813000000093],[27.483790000000283,40.297169999999824],[27.31668,40.36287000000095],[27.296840000000884,40.39969000000025],[27.322109999999157,40.41378000000077],[27.273789999999394,40.44426000000027],[27.18853,40.42437000000075],[27.13905999999963,40.440269999999146],[27.07746000000043,40.423860000000786]]]},"properties":{}},{"type":"Feature","geometry":{"type":"MultiLineString","coordinates":[[[28.6219600000004,39.587289999999484],[28.666339999999764,39.626280000000406],[28.72491000000082,39.64594000000034],[28.853769999999713,39.60203999999976],[28.96799,39.61414999999943],[29.005049999999756,39.64602999999988],[29.150299999999334,39.67005000000063],[29.279790000000503,39.65140000000065],[29.36695999999938,39.614369999999326],[29.4394599999996,39.58007],[29.484769999999116,39.519249999999374],[29.687959999999293,39.48234000000048],[29.798909999999523,39.48956],[29.886829999999463,39.45029000000068],[29.9414799999995,39.44961999999941],[29.98373999999967,39.41511999999966]]]},"properties":{}},{"type":"Feature","geometry":{"type":"MultiLineString","coordinates":[[[29.111919999999373,39.67223000000013],[28.99431,39.811250000000655],[28.989779999999882,39.92992000000049]]]},"properties":{}},{"type":"Feature","geometry":{"type":"MultiLineString","coordinates":[[[28.781259999999747,39.16531000000032],[28.879650000000765,39.16270000000077],[28.973589999999604,39.091630000000805],[29.063239999999496,39.08090000000084],[29.155500000000757,39.03348],[29.20039,38.975650000000314],[29.319400000000314,38.9398999999994],[29.387619999999515,38.9753299999993],[29.411200000000463,39.04570000000058],[29.575709999999162,39.17228000000068],[29.730639999999767,39.25757],[29.927589999999327,39.393669999999474],[30.05955,39.42931999999928],[30.200329999999667,39.52963000000091],[30.35863000000063,39.58277000000089],[30.382579999999507,39.62351999999919],[30.47193999999945,39.665650000000824],[30.528979999999137,39.81474999999955]]]},"properties":{}},{"type":"Feature","geometry":{"type":"MultiLineString","coordinates":[[[28.587639999999737,38.587509999999384],[28.667240000000675,38.5976499999997],[28.71436,38.63673000000017],[28.865089999999327,38.60748000000058],[28.93449999999939,38.61486999999943],[29.013810000000376,38.661410000000615],[29.14031000000068,38.67236000000048],[29.331249999999272,38.648590000000695],[29.418289999999615,38.67964000000029],[29.583329999999478,38.69231000000036]]]},"properties":{}},{"type":"Feature","geometry":{"type":"MultiLineString","coordinates":[[[29.575779999999213,38.693170000000464],[29.747709999999643,38.7206299999998],[29.839640000000145,38.81673000000046],[29.954289999999673,38.8726800000004],[29.970859999999448,38.89746000000014],[29.968080000000555,38.98087999999916],[29.99569,39.027389999999286],[29.98373,39.1608899999992],[29.936460000000807,39.200590000000375],[29.83216,39.2168700000002],[29.615320000000793,39.198019999999815]]]},"properties":{}},{"type":"Feature","geometry":{"type":"MultiLineString","coordinates":[[[28.593779999999185,38.328139999999564],[28.698640000000523,38.25473000000056],[28.837040000000343,38.19086000000061],[28.863559999999893,38.08943999999968]]]},"properties":{}},{"type":"Feature","geometry":{"type":"MultiLineString","coordinates":[[[28.596009999999296,38.33930999999939],[28.7166500000003,38.32294],[28.90034999999989,38.336349999999584],[29.121499999999287,38.28120999999919],[29.31760000000031,38.44772000000012],[29.417030000000523,38.6804800000009]]]},"properties":{}},{"type":"Feature","geometry":{"type":"MultiLineString","coordinates":[[[29.73019000000022,38.687120000000505],[29.77664,38.66592],[29.782419999999547,38.64148000000023],[29.76860999999917,38.60124999999971],[29.723079999999754,38.575699999999415],[29.688780000000406,38.5306]]]},"properties":{}},{"type":"Feature","geometry":{"type":"MultiLineString","coordinates":[[[29.12844000000041,38.28166000000056],[29.20017999999982,38.19460000000072],[29.303350000000137,38.16172]]]},"properties":{}},{"type":"Feature","geometry":{"type":"MultiLineString","coordinates":[[[29.856661120745002,38.322024780503284],[30.0753008695919,38.2064969914598],[30.08981558172735,38.147486358515266],[30.17266841395042,38.07491279783744]]]},"properties":{}},{"type":"Feature","geometry":{"type":"MultiLineString","coordinates":[[[30.189609999999448,38.10226999999941],[30.19586999999956,38.17135000000053],[30.167600000000675,38.29607000000033],[30.198130000000674,38.45706000000064],[30.177270000000135,38.5326299999997],[30.208259999999427,38.61182999999983],[30.289230000000316,38.67966999999953]]]},"properties":{}},{"type":"Feature","geometry":{"type":"MultiLineString","coordinates":[[[29.58641999999969,37.14731000000029],[29.66844999999921,37.19733000000093],[29.876689999999144,37.25717000000088],[29.99079,37.317380000000526]]]},"properties":{}},{"type":"Feature","geometry":{"type":"MultiLineString","coordinates":[[[30.109529990313888,37.48277038632801],[30.049870000000737,37.37531999999925],[29.99079,37.317380000000526],[30.001239999999655,37.297150000000386]]]},"properties":{}},{"type":"Feature","geometry":{"type":"MultiLineString","coordinates":[[[30.180640000000494,37.074609999999666],[30.23428000000058,37.145080000000235],[30.30638,37.296259999999165],[30.33885999999984,37.32396999999946]]]},"properties":{}},{"type":"Feature","geometry":{"type":"MultiLineString","coordinates":[[[30.486629999999423,37.1572699999997],[30.512109999999666,37.17761000000064],[30.527969999999186,37.238209999999526]]]},"properties":{}},{"type":"Feature","geometry":{"type":"MultiLineString","coordinates":[[[31.397000000000844,36.77521999999965],[31.366688107128653,36.83051348016818],[31.319380000000933,36.86867],[31.194999999999766,36.934450000000766],[31.023859999999445,36.96616],[30.88228,36.9624800000002],[30.72086999999931,36.99206000000055],[30.58009778512627,37.209442645346655],[30.532760000000167,37.232379999999466],[30.462788627670534,37.29980402978617],[30.338859999999784,37.323969999999576]]]},"properties":{}},{"type":"Feature","geometry":{"type":"MultiLineString","coordinates":[[[30.462788627670534,37.29980402978617],[30.516910000000394,37.338229999999385],[30.609210000000587,37.46594999999979],[30.710847017950357,37.502436101033766]]]},"properties":{}},{"type":"Feature","geometry":{"type":"MultiLineString","coordinates":[[[30.338859999999784,37.323969999999576],[30.288000000000523,37.34820000000042],[30.25524000000047,37.428900000000795],[30.113040000000183,37.4759599999997],[30.045550000000674,37.66417999999982],[30.111580000000686,37.76073999999966],[30.23348000000078,37.82112000000063],[30.34296,37.96938000000051],[30.4714107871838,38.07188250032425]]]},"properties":{}},{"type":"Feature","geometry":{"type":"MultiLineString","coordinates":[[[29.299560625683966,37.55369299061863],[29.394259999999235,37.5481400000009],[29.53275000000042,37.514950000000795],[29.63127,37.52261]]]},"properties":{}},{"type":"Feature","geometry":{"type":"MultiLineString","coordinates":[[[29.633429999999862,37.52274000000034],[29.69825999999921,37.505740000000515],[29.737999999999374,37.53586]]]},"properties":{}},{"type":"Feature","geometry":{"type":"MultiLineString","coordinates":[[[29.551880000000892,37.83220000000074],[29.729639999999563,37.830550000000585],[29.79774,37.8771]]]},"properties":{}},{"type":"Feature","geometry":{"type":"MultiLineString","coordinates":[[[30.17266841395042,38.07491279783744],[30.23404999999923,37.98482999999953],[30.375830000000917,37.91511999999972],[30.454400000000533,37.91330000000028],[30.5220300000002,37.957249999999476]]]},"properties":{}},{"type":"Feature","geometry":{"type":"MultiLineString","coordinates":[[[30.522950000000435,37.95896],[30.57381999999967,37.775960000000964],[30.546920000000796,37.746489999999596],[30.527959999999496,37.682650000000706]]]},"properties":{}},{"type":"Feature","geometry":{"type":"MultiLineString","coordinates":[[[30.527959999999496,37.682650000000706],[30.598889999999358,37.56053000000071],[30.710847017950357,37.502436101033766]]]},"properties":{}},{"type":"Feature","geometry":{"type":"MultiLineString","coordinates":[[[30.710847017950357,37.502436101033766],[30.836370000000954,37.44182999999987],[30.889199999999676,37.44501999999926],[30.91650999999922,37.46061],[30.93354,37.51426999999978],[30.986109999999883,37.56272],[30.99866,37.62752]]]},"properties":{}},{"type":"Feature","geometry":{"type":"MultiLineString","coordinates":[[[31.180270000000746,36.9380000000001],[31.230110000000423,37.02303000000029],[31.237479999999778,37.082909999999174],[31.205739999999423,37.19320999999945],[31.130049999999756,37.22467999999935]]]},"properties":{}},{"type":"Feature","geometry":{"type":"MultiLineString","coordinates":[[[31.397000000000844,36.77521999999965],[31.464350000000252,36.85247999999956],[31.43638459575493,36.92687843405673],[31.46044232339574,37.00007],[31.438806161698267,37.02564232339665],[31.493549999999345,37.15890000000036],[31.443810000000724,37.36896999999965],[31.493280000000652,37.395070000000544],[31.52615999999938,37.47712999999936],[31.54554425940023,37.58900236769165],[31.60230000000047,37.631110000000206],[31.69492,37.655699999999456],[31.732809999999574,37.68275999999969]]]},"properties":{}},{"type":"Feature","geometry":{"type":"MultiLineString","coordinates":[[[31.57987,36.8720200000007],[31.62110000000024,36.904469999999606],[31.654029999999807,36.96750000000077],[31.758060000000114,36.9879],[31.854929999999513,37.037329999999145]]]},"properties":{}},{"type":"Feature","geometry":{"type":"MultiLineString","coordinates":[[[31.458259999999427,36.79120999999947],[31.667040000000327,36.66148000000078],[31.752800000000263,36.64809000000059],[31.82343000000037,36.603230000000735],[32.06143999999949,36.52791000000076]]]},"properties":{}},{"type":"Feature","geometry":{"type":"MultiLineString","coordinates":[[[31.49921,37.956819999999425],[31.69760999999926,37.74874000000102],[31.857219999999813,37.51267999999982],[31.95245000000068,37.45102000000048],[32.07798,37.40309999999948]]]},"properties":{}},{"type":"Feature","geometry":{"type":"MultiLineString","coordinates":[[[31.402490000000398,38.08093999999983],[31.497160000000804,37.95901000000049],[31.716749999999593,37.862849999999526],[31.82228000000032,37.86888],[31.955079999999725,37.900659999999334],[32.01199000000088,37.87079000000085],[32.089889999999286,37.85821000000033]]]},"properties":{}},{"type":"Feature","geometry":{"type":"MultiLineString","coordinates":[[[32.09038999999939,37.858430000000226],[32.120160000000396,37.879759999999806],[32.21690999999919,37.89908],[32.36608999999953,37.8709400000007],[32.580079999999725,37.85550999999941],[32.78397000000041,37.86479999999938],[33.03986000000077,37.93283],[33.1309999999994,37.97753999999986],[33.12270999999964,37.99468999999954],[33.16165,38.025040000000445]]]},"properties":{}},{"type":"Feature","geometry":{"type":"MultiLineString","coordinates":[[[32.50064000000032,37.99702000000076],[32.51282,37.865910000000554],[32.57244,37.82373000000018],[32.88087000000087,37.67773999999929],[33.11563000000035,37.62594999999959]]]},"properties":{}},{"type":"Feature","geometry":{"type":"MultiLineString","coordinates":[[[30.28871000000072,38.67267],[30.317160000000513,38.77179000000069],[30.416380000000572,38.89367999999922]]]},"properties":{}},{"type":"Feature","geometry":{"type":"MultiLineString","coordinates":[[[29.915419999999358,38.93887],[30.058240000000296,38.865499999999884],[30.15574000000015,38.834930000000895]]]},"properties":{}},{"type":"Feature","geometry":{"type":"MultiLineString","coordinates":[[[29.885920000000624,38.833370000000286],[29.953009999999267,38.84406999999919],[30.09607,38.80297000000064]]]},"properties":{}},{"type":"Feature","geometry":{"type":"MultiLineString","coordinates":[[[29.53142999999909,39.272870000000694],[29.58525,39.25156000000061],[29.682039999999688,39.12083999999959]]]},"properties":{}},{"type":"Feature","geometry":{"type":"MultiLineString","coordinates":[[[29.890629999999874,39.210870000000796],[29.842539999999644,39.28161],[29.847869999999602,39.33347999999933]]]},"properties":{}},{"type":"Feature","geometry":{"type":"MultiLineString","coordinates":[[[29.924639999999272,40.007729999999356],[29.977629999999408,39.97642000000087],[29.98619999999937,39.93221000000085],[30.03564,39.91382999999951]]]},"properties":{}},{"type":"Feature","geometry":{"type":"MultiLineString","coordinates":[[[30.03201000000081,39.91626],[30.38538999999946,39.81099],[30.594960000000356,39.82288999999946],[30.904389999999694,39.79025999999976],[31.38645,39.57805],[31.617299999999886,39.51424000000043]]]},"properties":{}},{"type":"Feature","geometry":{"type":"MultiLineString","coordinates":[[[30.529140000000552,39.815490000000864],[30.64557000000059,39.68260999999984],[30.71969,39.54688999999962],[30.730209999999715,39.4940600000009],[30.704359999999724,39.45289000000048]]]},"properties":{}},{"type":"Feature","geometry":{"type":"MultiLineString","coordinates":[[[30.53149999999914,39.813099999999395],[30.681360000000495,39.7217899999996],[31.0266900000006,39.60219999999936],[31.199650000000474,39.513670000000275],[31.402029999999286,39.45930000000044],[31.56711,39.44642000000022]]]},"properties":{}},{"type":"Feature","geometry":{"type":"MultiLineString","coordinates":[[[30.70644,39.45382000000063],[30.781189999999697,39.45975],[30.87774999999965,39.43246],[31.033040000000256,39.24199000000044],[31.15524,39.17645000000084],[31.295270000000528,39.04707000000053],[31.32352,39.039049999999406]]]},"properties":{}},{"type":"Feature","geometry":{"type":"MultiLineString","coordinates":[[[30.62417,39.39374999999927],[30.57901999999922,39.300020000000586],[30.58690000000024,39.25461],[30.61616999999933,39.222719999999754],[30.712569999999687,39.20727000000079]]]},"properties":{}},{"type":"Feature","geometry":{"type":"MultiLineString","coordinates":[[[30.64046000000053,39.213050000000294],[30.596380000000863,39.175170000000435],[30.54621000000043,39.09372000000076],[30.489740000000893,39.05271],[30.466280000000552,38.98668]]]},"properties":{}},{"type":"Feature","geometry":{"type":"MultiLineString","coordinates":[[[29.98356000000058,39.41454999999951],[30.16993,39.37115000000085],[30.30452999999943,39.22570000000087],[30.357200000000375,39.21004999999968],[30.39090000000033,39.15140000000065],[30.41690000000017,39.04286999999931],[30.53987000000052,38.87845000000016],[30.548500000000786,38.8098800000007]]]},"properties":{}},{"type":"Feature","geometry":{"type":"MultiLineString","coordinates":[[[30.705229999999574,39.45585000000028],[30.568939999999202,39.35947999999917],[30.485249999999724,39.267180000000735],[30.43354,39.244660000000295],[30.400030000000697,39.2097],[30.363149999999223,39.20285999999942]]]},"properties":{}},{"type":"Feature","geometry":{"type":"MultiLineString","coordinates":[[[30.58045,38.7075600000008],[30.650320000000704,38.72254000000072],[30.704170000001,38.7533199999998],[30.748830000000453,38.86425000000065],[30.798479999999415,38.82582],[30.87816000000032,38.82093999999972],[30.935229999999137,38.87351999999919],[31.053169999999284,38.91314000000051],[31.13767999999976,38.97450000000032],[31.39459,39.07566000000048],[31.5337,39.17226999999917],[31.598490000000368,39.243350000000646],[31.56082000000066,39.424510000000794],[31.634340000000634,39.532960000000514],[31.741669999999544,39.55428000000029],[31.931399999999485,39.64316999999937],[32.02803999999924,39.668789999999774]]]},"properties":{}},{"type":"Feature","geometry":{"type":"MultiLineString","coordinates":[[[31.740830000000642,39.45227999999952],[31.828,39.32579000000078],[31.792530000000625,39.30232000000069]]]},"properties":{}},{"type":"Feature","geometry":{"type":"MultiLineString","coordinates":[[[30.551690000000235,38.81922999999915],[30.7450800000006,38.676869999999326],[30.862199999999575,38.6251400000001],[30.990100000000893,38.60308000000077]]]},"properties":{}},{"type":"Feature","geometry":{"type":"MultiLineString","coordinates":[[[30.727140000000873,38.77995],[30.744880000000194,38.70621000000028],[30.77088,38.67013000000043]]]},"properties":{}},{"type":"Feature","geometry":{"type":"MultiLineString","coordinates":[[[30.578419999999824,38.708989999999176],[30.612279999999373,38.67729999999938],[30.614190000000235,38.65279999999984],[30.552449999999226,38.5253100000009],[30.567810000000463,38.496719999999186],[30.647150000000693,38.44901000000027],[30.68384999999944,38.40400000000045],[30.669400000000678,38.36924],[30.60592,38.33134000000064]]]},"properties":{}},{"type":"Feature","geometry":{"type":"MultiLineString","coordinates":[[[30.19564,38.10466000000088],[30.31254000000081,38.205809999999474],[30.34379000000081,38.20423999999912],[30.521810000000187,38.313780000000406],[30.707759999999325,38.354419999999664],[30.91042000000016,38.549950000000536],[30.98961000000054,38.60023]]]},"properties":{}},{"type":"Feature","geometry":{"type":"MultiLineString","coordinates":[[[30.986590000000547,38.60009999999966],[31.180669999999793,38.61316000000073],[31.24196999999924,38.60302000000058],[31.29455000000047,38.510060000000635],[31.36371999999949,38.42252999999988],[31.420449999999676,38.38516999999956],[31.42511000000013,38.35922000000022],[31.70809,38.30020999999954],[31.912959999999657,38.28205],[32.0277200000001,38.29536],[32.2384542490816,38.25367605107084]]]},"properties":{}},{"type":"Feature","geometry":{"type":"MultiLineString","coordinates":[[[30.4714107871838,38.07188250032425],[30.663839999999368,38.166219999999214],[30.79825,38.2738800000007],[31.022290000000794,38.33065999999974],[31.182179999999846,38.30027999999942],[31.40532,38.07748]]]},"properties":{}},{"type":"Feature","geometry":{"type":"MultiLineString","coordinates":[[[31.18095514450073,38.30065219138487],[31.200259999999616,38.330330000000686],[31.357029999999327,38.37790999999925],[31.39638841470179,38.40322985984892]]]},"properties":{}},{"type":"Feature","geometry":{"type":"MultiLineString","coordinates":[[[30.906349999999293,38.54342999999972],[30.906370000000607,38.47367999999915],[30.939539999999397,38.418900000000576],[31.0877,38.35884000000078],[31.17807,38.301690000000235]]]},"properties":{}},{"type":"Feature","geometry":{"type":"MultiLineString","coordinates":[[[30.174069999999062,38.07824000000079],[30.24201,38.099959999999555],[30.297969999999623,38.06185],[30.353865360986617,38.08893278037215],[30.374566671737227,38.073704229934776],[30.4714107871838,38.07188250032425]]]},"properties":{}},{"type":"Feature","geometry":{"type":"MultiLineString","coordinates":[[[28.61924999999985,37.89158999999938],[28.749900000000764,37.94670000000053],[28.886440000000277,37.92535999999927],[29.209740000000295,37.80361000000096],[29.4231,37.84561000000025],[29.53406,37.843199999999456],[29.946656488155554,37.59700434674272]]]},"properties":{}},{"type":"Feature","geometry":{"type":"MultiLineString","coordinates":[[[20.77158000000054,38.95041999999921],[20.776340000000346,38.929299999999785],[20.800429999999324,38.91650999999911],[20.92446000000018,38.93138],[21.017799999999625,38.887660000000324]]]},"properties":{}},{"type":"Feature","geometry":{"type":"MultiLineString","coordinates":[[[30.33950615351256,41.18772544292068],[30.423049999999535,41.156689999999855],[30.653050000000803,41.125899999999206],[30.792960000000676,41.07717000000048],[31.00192000000061,41.07073999999926],[31.26276,41.100959999999816],[31.343249999999898,41.14017000000058],[31.393500000000245,41.18437000000091],[31.474679999999466,41.21628000000061]]]},"properties":{}},{"type":"Feature","geometry":{"type":"MultiLineString","coordinates":[[[30.76009999999951,40.25144],[30.75720999999976,40.3478899999991],[30.7753100000009,40.38945000000058],[30.81424,40.417960000000676],[30.927449999999226,40.452040000000125],[31.21731,40.468800000000556],[31.206669999999576,40.490490000000136],[31.449749999999767,40.62104],[31.592979999999443,40.725290000000314],[31.590969999999288,40.80674999999974],[31.536599999999453,40.93875999999909],[31.548039999999673,40.97646999999961],[31.517719999999827,41.041800000000876],[31.5257500000007,41.06075000000055],[31.495090000000346,41.13465],[31.49561,41.17431000000033],[31.414409999999407,41.305420000000595],[31.512029999999868,41.35103999999956],[31.61222000000089,41.35815],[31.672640000000683,41.40812],[32.0280700000003,41.56687000000056]]]},"properties":{}},{"type":"Feature","geometry":{"type":"MultiLineString","coordinates":[[[31.132869999999457,41.087939999999435],[31.170270000000528,41.06029999999919],[31.176680000000488,41.03491000000031],[31.140160000000833,40.92036],[31.15455,40.89064999999937],[31.149359999999433,40.85548000000017]]]},"properties":{}},{"type":"Feature","geometry":{"type":"MultiLineString","coordinates":[[[31.76228000000083,40.74927000000025],[31.776889999999185,40.78703999999925],[31.842609999999695,40.842829999999594],[31.918719999999666,40.8802799999994],[31.988729999999123,40.89069000000018],[32.05645999999979,40.9440799999993],[32.21020999999928,40.94174000000021],[32.38706,41.00152999999955],[32.42754000000059,40.99099000000024],[32.46836000000076,40.93966999999975],[32.53845,40.951999999999316],[32.565889999999854,40.99114],[32.60816999999952,41.008529999999155],[32.66161,41.08908],[32.66570999999931,41.13695],[32.62971,41.18500999999924],[32.6588699999993,41.224200000000565],[32.858980000000884,41.19976999999926],[32.96508999999969,41.20909000000029],[33.0198,41.232389999999214],[33.28534000000036,41.23171],[33.42056000000048,41.28168],[33.612779999999475,41.316140000000814],[33.69037000000026,41.36736000000019],[33.77201000000059,41.38358999999946],[33.821970000000874,41.43435],[33.93057000000044,41.50440999999955],[34.089,41.49090000000069],[34.20501999999942,41.50942000000032],[34.483039999999164,41.47052000000076],[34.631719999999405,41.486370000000534],[34.80074000000059,41.47871],[34.86895999999979,41.47183000000041],[34.98522000000048,41.42528999999922],[35.11528999999973,41.41822999999931]]]},"properties":{}},{"type":"Feature","geometry":{"type":"MultiLineString","coordinates":[[[32.02787999999964,41.57036],[32.0619800000004,41.54341000000022],[32.063420000000406,41.37428],[32.09136000000035,41.28651]]]},"properties":{}},{"type":"Feature","geometry":{"type":"MultiLineString","coordinates":[[[32.07889000000068,41.28845999999976],[31.96632999999929,41.22780000000057],[31.939870000000155,41.176830000000336],[31.89237999999932,41.143809999999576],[31.9025500000007,41.1278199999997],[31.882739999999103,41.0968699999994],[31.90687000000071,41.07900999999947],[31.904759999999442,41.00786],[31.97950999999921,40.963659999999436],[31.960450000000492,40.891999999999825]]]},"properties":{}},{"type":"Feature","geometry":{"type":"MultiLineString","coordinates":[[[32.060670000000755,40.94059000000016],[32.09444000000076,40.88339000000087],[32.062990000000354,40.84050000000025],[32.04776999999922,40.781810000000405]]]},"properties":{}},{"type":"Feature","geometry":{"type":"MultiLineString","coordinates":[[[32.05674,41.54989000000023],[32.13573,41.554620000000796],[32.29025,41.60230000000047],[32.349200000000565,41.636640000000625],[32.371940000000905,41.744660000000295],[32.41904000000068,41.73776999999973]]]},"properties":{}},{"type":"Feature","geometry":{"type":"MultiLineString","coordinates":[[[32.41437000000042,41.737639999999374],[32.51905000000079,41.79996000000028],[32.57505999999921,41.803719999999885],[32.61294000000089,41.82919000000038],[32.692479999999705,41.83114000000023],[32.775840000000244,41.85412],[32.87956999999915,41.83777999999984],[33.03879000000052,41.92406999999912],[33.354880000000776,42.01874999999927],[33.76937999999973,41.97472000000016],[34.10266000000047,41.97606000000087],[34.29718999999932,41.93798000000061],[34.45332000000053,41.96118000000024],[34.60362999999961,41.94206999999915],[34.770909999999276,41.95077999999921],[34.94297999999981,41.92185000000063],[34.99925000000076,41.92654000000039],[35.0258300000005,41.942880000000514],[35.0415,41.98490999999922],[35.146450000000186,42.02100000000064]]]},"properties":{}},{"type":"Feature","geometry":{"type":"MultiLineString","coordinates":[[[35.03842000000077,42.05497],[35.03527000000031,42.03512000000046],[35.09945999999945,42.01289],[35.082070000000385,41.90431999999964],[35.229810000000725,41.73953000000074],[35.30120999999963,41.692660000000615]]]},"properties":{}},{"type":"Feature","geometry":{"type":"MultiLineString","coordinates":[[[35.09006000000045,42.00938999999926],[35.038259999999354,41.829649999999674],[35.002370000000155,41.79580999999962],[34.9088699999993,41.756100000000515],[34.88092999999935,41.708230000000185],[34.87480999999934,41.6603899999991],[34.845330000000104,41.63467999999921],[34.84094,41.540209999999206],[34.76513999999952,41.484080000000176]]]},"properties":{}},{"type":"Feature","geometry":{"type":"MultiLineString","coordinates":[[[32.654850000000806,41.22704999999951],[32.8126400000001,41.29608],[32.92048000000068,41.38594000000012],[32.98979999999938,41.39559],[33.116330000000744,41.497300000000905],[33.19691000000057,41.500019999999495],[33.356439999999566,41.45741000000089],[33.47027,41.48846000000049],[33.58182999999917,41.49251],[33.73163000000022,41.45379999999932],[33.770510000000286,41.379689999999755],[33.73675,41.30271999999968],[33.74395999999979,41.258529999999155],[33.5944,41.13062],[33.599819999999454,41.03986000000077],[33.58309999999983,40.9732499999991],[33.63982000000033,40.914269999999306],[33.58252,40.757480000000214],[33.589239999999336,40.67497],[33.65709000000061,40.52477999999974],[33.73881000000074,40.482889999999315],[33.86859,40.464780000000246],[33.9623100000008,40.41820999999982],[34.11317000000054,40.49180999999953],[34.39833,40.59056000000055],[34.68265000000065,40.74546999999984],[34.812340000000404,40.84006000000045],[34.82901999999922,40.89595],[34.82108999999946,40.97508000000016]]]},"properties":{}},{"type":"Feature","geometry":{"type":"MultiLineString","coordinates":[[[34.80621000000065,40.840039999999135],[34.8476499999997,40.81452],[35.031409999999596,40.78205999999955]]]},"properties":{}},{"type":"Feature","geometry":{"type":"MultiLineString","coordinates":[[[30.49179,40.28651],[30.76303000000013,40.24789000000055],[30.8351100000001,40.202059999999676],[30.991579999999885,40.15546],[31.162459999999612,40.15999],[31.311789999999803,40.19664]]]},"properties":{}},{"type":"Feature","geometry":{"type":"MultiLineString","coordinates":[[[31.31378000000052,40.198599999999715],[31.433919999999546,40.169540000000836],[31.567250000000172,40.096649999999556],[31.64494999999988,40.08784999999989],[31.721869999999456,40.11730999999975],[31.862049999999783,39.99433],[32.3149300000004,40.027019999999595],[32.42073,40.09038999999939],[32.59660000000082,40.01031]]]},"properties":{}},{"type":"Feature","geometry":{"type":"MultiLineString","coordinates":[[[32.87290163874542,39.948965286024304],[33.03594250249074,40.00303397083155],[33.25616161858028,39.9841172558352],[33.32361933809551,39.99446791121045],[33.38135232339653,39.972134595753914],[33.456036343070025,39.97626503451596],[33.527063254094,39.887035246797325],[33.57167814795332,39.88310913613765],[33.71652,39.92333999999943],[33.86569029848624,39.99607404738936],[34.0368899999994,40.04557000000017],[34.11688999999939,40.04868],[34.41713038658742,39.97822808984563],[34.492440327422,39.92933016617587],[34.53527062552695,39.859374012604576]]]},"properties":{}},{"type":"Feature","geometry":{"type":"MultiLineString","coordinates":[[[34.53527062552695,39.859374012604576],[34.53262848509496,39.93340914046985],[34.55808000000076,40.02511000000055],[34.642040000000634,40.11369000000025],[34.8021700000009,40.15596],[35.05488999999943,40.18518000000046]]]},"properties":{}},{"type":"Feature","geometry":{"type":"MultiLineString","coordinates":[[[34.53527062552695,39.859374012604576],[34.58522459575482,39.86677080849074],[34.686911784403094,39.846915353206555],[35.05916119091097,39.821815068490594],[35.43678,39.6901199999993],[35.386943568803815,39.462789999999586],[35.23201999999958,39.29976]]]},"properties":{}},{"type":"Feature","geometry":{"type":"MultiLineString","coordinates":[[[34.11680999999953,40.053320000000895],[34.5351499999997,40.23863],[34.79659,40.435890000000654],[35.062809999999445,40.488390000000436]]]},"properties":{}},{"type":"Feature","geometry":{"type":"MultiLineString","coordinates":[[[32.99076000000059,40.11139],[33.11822000000029,40.27665999999954],[33.28960999999981,40.37522999999965],[33.32432999999946,40.432810000000245],[33.40745000000061,40.50401000000056],[33.59791000000041,40.560520000000906],[33.626000000000204,40.59582000000046]]]},"properties":{}},{"type":"Feature","geometry":{"type":"MultiLineString","coordinates":[[[32.61269,40.17916999999943],[32.49856,40.25754000000052],[32.45610999999917,40.32265],[32.44724,40.38286],[32.425170000000435,40.3997],[32.32948000000033,40.42842000000019],[32.28237000000081,40.42707],[32.24322000000029,40.44918999999936],[32.24181999999928,40.50731000000087],[32.21277,40.53903],[32.22401,40.58821999999964],[32.19966000000022,40.61658999999963],[32.21870999999919,40.66253999999935],[32.19753,40.80743000000075]]]},"properties":{}},{"type":"Feature","geometry":{"type":"MultiLineString","coordinates":[[[32.883379999999306,39.95342999999957],[32.95353000000068,40.01419999999962],[32.97494,40.08898000000045],[32.99973999999929,40.113900000000285],[33.10475000000042,40.13931000000048],[33.31471000000056,40.15145999999913],[33.39398000000074,40.13195000000087],[33.406950000000506,40.10197999999946]]]},"properties":{}},{"type":"Feature","geometry":{"type":"MultiLineString","coordinates":[[[33.59416000000056,40.67619999999988],[33.5309500000003,40.71632999999929],[33.42791000000034,40.71466999999939],[33.298570000000836,40.82201999999961],[33.24021,40.85209000000032]]]},"properties":{}},{"type":"Feature","geometry":{"type":"MultiLineString","coordinates":[[[30.4972,40.76516000000083],[30.66663,40.77699000000035],[30.80768,40.830850000000396],[31.03856000000087,40.86201000000074],[31.230879999999104,40.83619999999985],[31.27943000000056,40.79823000000039],[31.432559999999285,40.739320000000646],[31.49874000000102,40.72933],[31.86276,40.75085000000041],[32.599130000000514,40.87956999999915],[32.65949999999975,40.84993000000043],[32.749599999999305,40.85337000000084],[33.00699999999972,40.813050000000715],[33.15489999999954,40.850920000000826],[33.3714099999998,40.85116000000022],[33.625389999999356,40.92619000000025],[33.773160000000644,40.92821999999978],[34.01715999999942,40.96718999999939],[34.16231999999951,41.03959000000043],[34.433220000000915,41.098920000000476],[34.46963999999946,41.08043],[34.55530999999979,41.07589000000013],[34.67597000000035,41.000379999999495],[34.77462999999989,40.99817000000081],[34.850350000000674,40.96967000000046],[34.92431000000039,40.96477000000061],[35.08705,40.99964]]]},"properties":{}},{"type":"Feature","geometry":{"type":"MultiLineString","coordinates":[[[28.863559999999893,38.08943999999968],[28.87882,38.06797000000017],[28.975909999999203,38.042779999999766],[29.055270000000803,38.000990000000456],[29.11896,37.92237000000023],[29.150903799344803,37.908232680487345],[29.116282641709972,37.843511341128874]]]},"properties":{}},{"type":"Feature","geometry":{"type":"MultiLineString","coordinates":[[[28.581681648466542,37.87518400883306],[28.585170000000346,37.82784999999967],[28.646189999999535,37.75449999999904],[28.829270000000292,37.69161999999966],[28.90476999999919,37.63447000000093],[29.02457999999939,37.61799000000076]]]},"properties":{}},{"type":"Feature","geometry":{"type":"MultiLineString","coordinates":[[[29.02331000000055,37.61791000000085],[29.12311000000045,37.60814000000039],[29.228510000000767,37.63128],[29.280517197137158,37.6125719580038]]]},"properties":{}},{"type":"Feature","geometry":{"type":"MultiLineString","coordinates":[[[29.57206000000042,36.83056000000033],[29.523999999999432,36.78753999999935],[29.475150000000212,36.77723999999944],[29.443559999999707,36.74066]]]},"properties":{}},{"type":"Feature","geometry":{"type":"MultiLineString","coordinates":[[[28.639929999999367,36.83006000000023],[28.737730000000738,36.848840000000564],[28.80421000000024,36.82156000000032],[28.844849999999497,36.75964000000022],[28.958839999999327,36.76380000000063],[28.983609999999317,36.74359],[29.032530000000406,36.74142000000029],[29.044889999999214,36.72036999999909],[29.13203000000067,36.676040000000285],[29.141240000000835,36.6520500000006],[29.128280000000814,36.62386999999944]]]},"properties":{}},{"type":"Feature","geometry":{"type":"MultiLineString","coordinates":[[[29.12716,36.62379999999939],[29.194180000000415,36.64277000000038],[29.263349999999264,36.629039999999804],[29.317300000000614,36.64343],[29.38919999999962,36.63615000000027]]]},"properties":{}},{"type":"Feature","geometry":{"type":"MultiLineString","coordinates":[[[29.217860000000655,36.3384700000006],[29.318810000000667,36.352279999999155],[29.358329999999114,36.40847000000031],[29.372629999999845,36.49309],[29.40488,36.54428],[29.388419999999314,36.586020000000644],[29.383200000000215,36.70954999999958],[29.40461999999934,36.73367],[29.450489999999263,36.73927],[29.499550000000454,36.723180000000866],[29.51339,36.70854999999938],[29.50533,36.67436000000089],[29.672590000000127,36.61350999999922],[29.719059999999445,36.57440999999926],[29.720789999999397,36.55539999999928]]]},"properties":{}},{"type":"Feature","geometry":{"type":"MultiLineString","coordinates":[[[29.331249999999272,36.36307999999917],[29.394319999999425,36.3388900000009],[29.39034,36.29862999999932],[29.363129999999728,36.289629999999306]]]},"properties":{}},{"type":"Feature","geometry":{"type":"MultiLineString","coordinates":[[[29.321130000000267,36.25967],[29.346120000000155,36.29126999999971],[29.42007999999987,36.281409999999596],[29.463620000000446,36.24869000000035],[29.518040000000838,36.254800000000614],[29.658719999999448,36.20159000000058],[29.768169999999373,36.243570000000545],[29.82589,36.23787000000084],[29.931290000000445,36.263960000000225],[29.93095,36.24213000000054],[30.01010999999926,36.24753000000055],[30.0575800000006,36.282900000000154],[30.12795,36.28679999999986],[30.173790000000736,36.34292]]]},"properties":{}},{"type":"Feature","geometry":{"type":"MultiLineString","coordinates":[[[29.944949999999267,36.22293999999965],[29.97077,36.222589999999514],[29.994684466622175,36.24468010748137]]]},"properties":{}},{"type":"Feature","geometry":{"type":"MultiLineString","coordinates":[[[29.98171,36.27772999999979],[29.84379000000081,36.301620000000185],[29.67330000000038,36.385190000000875],[29.640489999999772,36.435960000000705],[29.66042000000016,36.47628000000077],[29.65538000000015,36.518739999999525],[29.803900000000795,36.6221800000003],[29.940950000000157,36.6947],[30.027760000000853,36.80246000000079],[30.03038000000015,36.85088],[30.06135,36.88630000000012],[30.06225000000086,36.915499999999156]]]},"properties":{}},{"type":"Feature","geometry":{"type":"MultiLineString","coordinates":[[[29.83100999999988,36.63467999999921],[29.87732,36.6218800000006],[29.92229000000043,36.572589999999764],[30.10556,36.4728099999993],[30.13623,36.44267000000036],[30.155280000000857,36.362810000000536],[30.175059999999576,36.34116999999969]]]},"properties":{}},{"type":"Feature","geometry":{"type":"MultiLineString","coordinates":[[[30.543789999999774,36.5267700000004],[30.56791,36.59434999999945],[30.54876999999948,36.63796],[30.57042,36.797360000000594],[30.60894999999988,36.87118000000015],[30.65366,36.8943],[30.70223000000084,36.89665000000059]]]},"properties":{}},{"type":"Feature","geometry":{"type":"MultiLineString","coordinates":[[[30.28989999999976,36.36550999999963],[30.35675000000083,36.31634],[30.347379999999248,36.29313]]]},"properties":{}},{"type":"Feature","geometry":{"type":"MultiLineString","coordinates":[[[29.116282641709972,37.843511341128874],[29.108319999999367,37.801139999999634],[29.125389999999356,37.76038999999952],[29.156860757453444,37.73775848509541],[29.204390000000842,37.73118000000079],[29.228269999999554,37.6873699999997],[29.26003156594402,37.66774838301836],[29.31536000000051,37.48364000000049],[29.38033,37.351860000000784],[29.5035607574535,37.23638383830178],[29.519480000000954,37.15742999999935],[29.60418000000027,37.141589999999326],[29.65166999999923,37.10886000000039],[29.701919999999575,37.10728000000017],[29.76499999999953,37.03986000000083],[29.90635,37.03616999999946],[29.924310000000332,36.961530000000494],[29.95074000000028,36.93204999999949],[30.00926000000078,36.91165],[30.070229999999412,36.915030000000115],[30.17268,36.95160000000044],[30.233249999999316,36.94665],[30.287780000000623,37.0014699999993],[30.413160000000175,37.03896],[30.45436999999947,37.006439999999316],[30.47509,37.00293000000056],[30.505219999999156,37.02449],[30.553879999999538,37.01235000000088],[30.647918215598565,36.95638232339638],[30.70223000000084,36.89665000000059]]]},"properties":{}},{"type":"Feature","geometry":{"type":"MultiLineString","coordinates":[[[30.48632603834153,37.00949297469742],[30.470560538993936,37.0437882155972],[30.48662999999948,37.15726999999981]]]},"properties":{}},{"type":"Feature","geometry":{"type":"MultiLineString","coordinates":[[[36.91679,36.781629999999495],[36.96191,36.776819999999134],[36.99888,36.74341],[37.05083000000013,36.73072999999931],[37.28187000000071,36.70212]]]},"properties":{}},{"type":"Feature","geometry":{"type":"MultiLineString","coordinates":[[[36.981620000000476,36.76103999999941],[36.9589,36.61781999999948],[36.97903000000042,36.580980000000636],[37.06977,36.52816999999959],[37.10592999999972,36.47849],[37.14329,36.36657000000014],[37.15087999999923,36.22002000000066]]]},"properties":{}},{"type":"Feature","geometry":{"type":"MultiLineString","coordinates":[[[37.12025,36.44846999999936],[37.24676,36.62540000000081],[37.29061,36.71243999999933],[37.37577000000056,36.785939999999755],[37.58583,36.872160000000804],[37.87459999999919,37.061030000000756]]]},"properties":{}},{"type":"Feature","geometry":{"type":"MultiLineString","coordinates":[[[37.00915999999961,36.0121],[37.1497,36.22005],[37.3740600000001,36.3386900000005],[37.61649000000034,36.4429199999995],[37.97791999999936,36.55797999999959],[38.11253000000033,36.65400000000045],[38.12786000000051,36.67359000000033],[38.12627000000066,36.710080000000744],[38.31626999999935,36.84613],[38.42211,36.98034999999982],[38.56211000000076,37.038259999999354],[38.685890000000654,37.13796],[38.753860000000714,37.14955]]]},"properties":{}},{"type":"Feature","geometry":{"type":"MultiLineString","coordinates":[[[38.098,36.00551000000087],[38.05191999999988,36.069250000000466],[38.050129999999626,36.14773000000059],[38.09742,36.26088999999956],[38.1695,36.30429],[38.17137999999977,36.4037900000003],[38.18529999999919,36.44159000000036],[38.24453999999969,36.48351],[38.244189999999435,36.56208999999944],[38.20975,36.62658999999985],[38.12616,36.66407000000072],[38.06233000000066,36.67204],[38.03146000000015,36.696099999999205],[37.990599999999176,36.9420599999994],[37.948560000000725,37.0317500000001],[37.873349999999846,37.06011000000035]]]},"properties":{}},{"type":"Feature","geometry":{"type":"MultiLineString","coordinates":[[[37.37127999999939,37.17079999999987],[37.64705999999933,37.114120000000185],[37.79579999999987,37.0663999999997],[37.8711000000003,37.063060000000405]]]},"properties":{}},{"type":"Feature","geometry":{"type":"MultiLineString","coordinates":[[[37.87483000000066,37.0658199999998],[38.0024599999997,37.07796000000053],[38.17557999999917,37.131540000000314],[38.45600000000013,37.16633],[38.70414999999957,37.14200999999957]]]},"properties":{}},{"type":"Feature","geometry":{"type":"MultiLineString","coordinates":[[[37.97942999999941,37.07296999999926],[38.12903,37.00355],[38.42801999999938,36.979160000000775]]]},"properties":{}},{"type":"Feature","geometry":{"type":"MultiLineString","coordinates":[[[37.86742000000049,37.0612600000004],[37.85052,37.08292000000074],[37.86909000000014,37.14281999999912],[37.83345,37.19870000000083],[37.830690000000686,37.24008999999933],[37.88774000000012,37.39492000000064]]]},"properties":{}},{"type":"Feature","geometry":{"type":"MultiLineString","coordinates":[[[37.8762200000001,37.069620000000214],[37.904749999999694,37.183929999999236],[38.145769999999175,37.31034],[38.39774000000034,37.35885000000053],[38.51253999999972,37.463120000000345],[38.523919999999634,37.51078000000052]]]},"properties":{}},{"type":"Feature","geometry":{"type":"MultiLineString","coordinates":[[[38.50382,37.45865000000049],[38.56949999999961,37.40893999999935],[38.631900000000314,37.38528000000042]]]},"properties":{}},{"type":"Feature","geometry":{"type":"MultiLineString","coordinates":[[[38.08034000000043,37.45873000000029],[37.98927,37.56279],[37.94319,37.6537900000003],[37.88625999999931,37.67678999999953],[37.77897,37.76101000000017],[37.73538,37.863429999999425],[37.68224,37.895839999999225],[37.69086000000061,37.94952000000012],[37.64270000000033,37.986580000000686],[37.66098000000056,38.013020000000324]]]},"properties":{}},{"type":"Feature","geometry":{"type":"MultiLineString","coordinates":[[[37.31463000000076,37.402830000000904],[37.352860000000874,37.453740000000835],[37.512220000000525,37.54077999999936],[37.58385000000089,37.62918],[37.71659,37.6224000000002],[37.78331000000071,37.67617000000064],[37.98814999999922,37.70332000000053],[38.09067999999934,37.69506],[38.27038,37.76576000000023]]]},"properties":{}},{"type":"Feature","geometry":{"type":"MultiLineString","coordinates":[[[38.01561000000038,38.00376999999935],[38.01709999999912,37.983329999999114],[37.97966000000088,37.957039999999324],[37.85304999999971,37.92238],[37.74769000000015,37.845139999999446]]]},"properties":{}},{"type":"Feature","geometry":{"type":"MultiLineString","coordinates":[[[38.171909999999116,37.43419999999969],[38.22725,37.51058000000012],[38.259470000000874,37.493140000000494]]]},"properties":{}},{"type":"Feature","geometry":{"type":"MultiLineString","coordinates":[[[38.307670000000144,37.48732000000018],[38.46448000000055,37.50382],[38.517149999999674,37.52926]]]},"properties":{}},{"type":"Feature","geometry":{"type":"MultiLineString","coordinates":[[[38.51356999999916,37.53347000000031],[38.38695999999982,37.61873999999989],[38.27254,37.766569999999774],[38.605610000000524,37.93942000000061]]]},"properties":{}},{"type":"Feature","geometry":{"type":"MultiLineString","coordinates":[[[38.51534,37.52393999999913],[38.638890000000174,37.627990000000864],[38.7490600000001,37.642439999999624],[38.8085800000008,37.71578000000045],[38.868210000000545,37.72984],[38.91943999999967,37.780580000000555],[38.89307,37.788039999999455],[38.88945000000058,37.807950000000346],[38.96320000000014,37.85139],[38.969530000000304,37.91357000000062],[39.00884000000042,37.93319]]]},"properties":{}},{"type":"Feature","geometry":{"type":"MultiLineString","coordinates":[[[38.42929,36.981700000000274],[38.705110000000786,36.88959000000068],[38.83639000000039,36.873820000000705],[39.0989699999991,36.8724000000002]]]},"properties":{}},{"type":"Feature","geometry":{"type":"MultiLineString","coordinates":[[[38.989910000000236,36.91120000000046],[39.02009999999973,36.8799199999994],[39.03021000000081,36.82827999999972]]]},"properties":{}},{"type":"Feature","geometry":{"type":"MultiLineString","coordinates":[[[39.03725,39.6124],[39.32503,39.6484400000009],[39.36015000000043,39.66703000000052],[39.50866999999931,39.76838999999933],[39.62774999999965,39.89272999999969],[39.65474,39.9232200000007],[39.66142000000036,40.002490000000876]]]},"properties":{}},{"type":"Feature","geometry":{"type":"MultiLineString","coordinates":[[[39.45874999999978,39.963190000000395],[39.657139999999345,40.018630000000485],[39.69267000000036,39.99368999999933],[39.855649999999514,39.963630000000194],[40.1219,39.9942800000008],[40.134869999999864,39.97184000000016],[40.12149999999929,39.94940999999926],[40.243469999999434,39.84707999999955],[40.322190000000774,39.8064200000008],[40.41121000000021,39.79549000000043],[40.4967400000005,39.806399999999485],[40.64633,39.87419000000045],[40.6910399999997,39.925059999999576],[40.71594,39.929330000000846],[40.88155999999981,39.91178000000036],[41.089060000000245,39.95061999999962],[41.29117000000042,39.92269],[41.40893999999935,39.963949999999386]]]},"properties":{}},{"type":"Feature","geometry":{"type":"MultiLineString","coordinates":[[[42.27687,39.982889999999315],[42.349560000000565,39.93362999999954],[42.37127,39.898520000000644],[42.55249999999978,39.8593],[42.58893999999964,39.82294],[42.69132,39.814510000000155],[42.83675000000039,39.76460000000043],[43.22743000000082,39.70896999999968],[43.39183000000048,39.65208999999959],[43.501179999999295,39.642110000000685],[43.64394999999968,39.60563],[43.71122,39.61529999999948],[43.76778999999988,39.6521100000009],[43.81094999999914,39.71052000000054],[43.84158000000025,39.819579999999405],[43.86314999999922,39.83643999999913],[44.10362999999961,39.864079999999376],[44.16719000000012,39.894210000000385],[44.25576,39.97133000000031],[44.4627,39.94174000000021],[44.526309999999285,39.948340000000826],[44.553099999999176,39.97182000000066]]]},"properties":{}},{"type":"Feature","geometry":{"type":"MultiLineString","coordinates":[[[44.50833000000057,39.9429],[44.49866,39.930780000000595],[44.51789,39.85598000000027]]]},"properties":{}},{"type":"Feature","geometry":{"type":"MultiLineString","coordinates":[[[39.00887999999941,38.48301],[39.07665000000088,38.50878999999986],[39.20689999999922,38.51152],[39.248139999999694,38.49954000000071],[39.32210999999916,38.4370600000002],[39.53018999999949,38.49893999999949],[39.612709999999424,38.47753999999986],[39.69088000000011,38.40445],[39.68937,38.364229999999225],[39.710650000000896,38.334349999999176],[39.91515000000072,38.248719999999594],[39.9682300000004,38.188280000000304],[40.08640999999989,38.14434000000074],[40.22143,37.988540000000285],[40.26340999999957,37.89265999999952],[40.28707000000031,37.874040000000605],[40.39067000000068,37.87655000000086],[40.5310300000001,37.846519999999146],[40.56189000000086,37.772759999999835],[40.52889999999934,37.563609999999244],[40.66468999999961,37.42308000000048],[40.702799999999115,37.33599999999933],[40.69018999999935,37.29948999999942],[40.65027,37.25898000000052],[40.62709,37.18728999999985]]]},"properties":{}},{"type":"Feature","geometry":{"type":"MultiLineString","coordinates":[[[39.015530000000695,38.306539999999586],[39.09670000000017,38.33093],[39.12652999999949,38.28931000000023],[39.10050000000052,38.20709],[39.11615999999964,38.17188],[39.15695000000062,38.157090000000665],[39.208169999999825,38.18492],[39.24457000000086,38.16022999999956],[39.21523,38.13285],[39.227279999999155,38.09923],[39.18381000000045,38.052379999999175],[39.08163000000059,38.02111999999943],[39.00065,37.92849000000035]]]},"properties":{}},{"type":"Feature","geometry":{"type":"MultiLineString","coordinates":[[[39.08958999999959,36.8738400000002],[39.20219,36.860679999999775],[39.87277,36.86894000000029],[40.0663999999997,36.8422900000005],[40.14769999999953,36.8125]]]},"properties":{}},{"type":"Feature","geometry":{"type":"MultiLineString","coordinates":[[[38.98632,37.16555999999946],[39.17648,37.164849999999205],[39.20188000000053,37.17294000000038],[39.26293000000078,37.23759000000064],[39.46002000000044,37.23727999999937],[39.57467999999972,37.22091999999975],[39.69692000000032,37.23711999999978],[40.016639999999825,37.23573000000033],[40.10722999999962,37.21074000000044],[40.620670000000246,37.190629999999146],[40.94779000000017,37.100570000000516],[41.08944999999949,37.10961],[41.256429999999455,37.07688000000053],[41.73601000000053,37.142900000000736],[41.87062999999944,37.18709999999919],[41.987600000000384,37.26173000000017],[42.098690000000715,37.27292999999918],[42.15910000000076,37.304],[42.191899999999805,37.33992000000035]]]},"properties":{}},{"type":"Feature","geometry":{"type":"MultiLineString","coordinates":[[[2.910579999999811,36.137720000000684],[2.887259999999628,36.114879999999175],[2.90582,36.04824999999977]],[[2.912630000000661,36.13910000000044],[2.880390000000318,36.20287],[2.71623,36.28262999999981],[2.669040000000678,36.342559999999196],[2.626920000000666,36.36476000000039],[2.658149999999353,36.390639999999735],[2.68937,36.46822000000077]]]},"properties":{}},{"type":"Feature","geometry":{"type":"MultiLineString","coordinates":[[[2.225930000000517,36.25891000000047],[2.231599999999162,36.30551999999989],[2.330649999999878,36.35044000000016],[2.37942,36.348949999999604],[2.394829999999274,36.37441000000035]]]},"properties":{}},{"type":"Feature","geometry":{"type":"MultiLineString","coordinates":[[[1.66072,36.22484000000071],[1.642330000000641,36.2433400000009],[1.686659999999449,36.27212999999949],[1.679420000000505,36.31863999999962],[1.693740000000673,36.329050000000336],[1.653190000000905,36.33432],[1.614289999999642,36.41264000000052],[1.64022,36.481019999999376],[1.703926161698462,36.55057540424559]]]},"properties":{}},{"type":"Feature","geometry":{"type":"MultiLineString","coordinates":[[[0.261501846928866,36.035447828115764],[0.280061642774285,36.05472146226293],[0.265338727800724,36.079170424097924],[0.291810231490615,36.10415476465914],[0.335830260098476,36.108318821419346],[0.47488001262667,36.187733332488904],[0.49451056592477,36.21360997092734],[0.531094778889383,36.218368892939],[0.522023083804697,36.23710714835988],[0.568125140792631,36.27012216981581],[0.675200886054995,36.326634368704276],[0.763389659583595,36.33407018434747],[0.885344967669084,36.37481647118807],[0.954653080848914,36.44269308084915],[1.086723080848628,36.49063308084948],[1.192506161697622,36.50954464679256],[1.266676161699252,36.49914464679341],[1.431243080849129,36.53505308084971],[1.521363080849994,36.523753080849644],[1.671806161698612,36.55117540424669],[1.915753080849356,36.57104308084996],[2.018963080848664,36.5647930808496],[2.198023080849168,36.60638308084856]]]},"properties":{}},{"type":"Feature","geometry":{"type":"MultiLineString","coordinates":[[[-6.811170000000857,34.00695000000093],[-6.483519999999771,34.34334999999925],[-6.42879,34.41592],[-6.416900000000169,34.45578000000023],[-6.352650000000722,34.49611],[-6.248550000000193,34.51812000000058],[-6.119469999999637,34.61151000000075],[-6.14564000000064,34.97943999999916]]]},"properties":{}},{"type":"Feature","geometry":{"type":"MultiLineString","coordinates":[[[-5.810419,35.787168],[-5.849689999999137,35.744140000000684],[-5.89847,35.72153000000069],[-5.915720000000711,35.64227000000029],[-5.97313000000011,35.61758000000013],[-5.990680000000698,35.56165999999939],[-5.984130000000738,35.53250999999911],[-5.915793999999737,35.522244]]]},"properties":{}},{"type":"Feature","geometry":{"type":"MultiLineString","coordinates":[[[-5.905280000000801,35.00611000000032],[-5.918799999999464,34.99012000000051],[-5.916320000000212,34.91806999999977],[-5.969429999999136,34.807950000000396],[-5.995699999999375,34.711540000000376],[-5.92108,34.48235000000024],[-5.916320000000212,34.29342],[-5.937830000000758,34.26190999999932],[-5.835800000000745,34.1392300000008]]]},"properties":{}},{"type":"Feature","geometry":{"type":"MultiLineString","coordinates":[[[-5.57935,34.044809999999416],[-5.396749999999884,33.972320000000764],[-5.290720000000874,33.98735999999917]]]},"properties":{}},{"type":"Feature","geometry":{"type":"MultiLineString","coordinates":[[[-5.555560000000696,34.08620999999954],[-5.679319999999279,34.11763000000076],[-5.766610000000583,34.05657000000059]]]},"properties":{}},{"type":"Feature","geometry":{"type":"MultiLineString","coordinates":[[[-5.403089999999769,35.5648],[-5.571180000000703,35.56385000000046],[-5.615719999999536,35.57965],[-5.689200000000742,35.67692],[-5.756209999999532,35.723079999999776],[-5.810419,35.787168]]]},"properties":{}},{"type":"Feature","geometry":{"type":"MultiLineString","coordinates":[[[2.368909999999289,35.88688000000013],[2.300380000000644,35.8633200000005],[2.186170000000914,35.76766999999933],[1.99129,35.704850000000135],[1.604450000000838,35.51423000000079],[1.578750000000696,35.47426000000087],[1.48834,35.45427000000029],[1.314630000000761,35.375980000000766],[1.08763,34.995030000000156],[0.972939999999767,35.04167000000052],[0.877769999999259,35.03643000000022],[0.777350000000411,35.08354999999949],[0.708350000000905,35.0968699999994],[0.45755,35.07689000000039],[0.292419999999879,35.11496000000079],[0.17059,35.10354],[0.104919999999879,35.11637999999948],[0.041999999999462,35.09591999999981],[-0.038420000000713,34.97362000000078],[-0.096009999999239,34.947920000000636],[-0.257519999999204,34.976950000000215],[-0.42171000000053,34.9622],[-0.453110000000379,34.937449999999444],[-0.519739999999672,34.92411999999979],[-0.569229999999095,34.95790999999923],[-0.63062,34.972669999999255],[-0.712949999999182,34.95958000000064],[-0.816220000000556,34.99004000000065],[-1.042009999999209,34.91324],[-1.143780000000334,34.911430000000166],[-1.218409999999437,34.88565000000017],[-1.435949999999139,34.88733999999931],[-1.637969999999711,34.83237000000014],[-1.736070000000836,34.83496000000025]]]},"properties":{}},{"type":"Feature","geometry":{"type":"MultiLineString","coordinates":[[[0.844669858757982,35.93980414880667],[0.738030000000492,35.89144999999917],[0.684250000000304,35.8100699999996],[0.541960000000472,35.7127500000006],[0.432979999999702,35.731309999999155],[0.370160000000453,35.722270000000265],[0.031800000000715,35.588540000000705],[-0.406020000000353,35.499550000000454],[-0.481690000000526,35.50573000000071],[-0.626829999999245,35.45886000000064],[-0.666810000000623,35.41079],[-0.78197,35.37033999999949],[-0.898090000000536,35.40366],[-0.94758,35.401750000001016],[-0.998499999999694,35.37033999999949],[-1.04086,35.304669999999646],[-1.187429999999893,35.29372],[-1.294990000000325,35.25732000000073],[-1.467259999999385,35.25875000000093]]]},"properties":{}},{"type":"Feature","geometry":{"type":"MultiLineString","coordinates":[[[-3.933499999999185,34.23533999999927],[-3.75504,34.25735],[-3.591449999999895,34.22225000000071],[-3.46118000000024,34.2133300000005],[-3.23394,34.26151000000027],[-3.090570000000298,34.321],[-2.949000000000524,34.41885999999977],[-2.902599999999438,34.430749999999534],[-2.85858,34.4926200000009],[-2.77232,34.54378],[-2.693799999999101,34.55746],[-2.33331,34.54615999999987],[-2.150089999999182,34.588990000000194],[-1.919879999999466,34.67346],[-1.736070000000836,34.83496000000014]]]},"properties":{}},{"type":"Feature","geometry":{"type":"MultiLineString","coordinates":[[[-1.736070000000836,34.83496000000014],[-1.688829999999143,34.85815999999977],[-1.596040000000357,34.940850000000864],[-1.541900000000169,35.01818],[-1.458029999999781,35.07498999999916],[-1.451479999999719,35.168980000000374],[-1.41639000000032,35.215980000000854],[-1.424909999999727,35.25792]]]},"properties":{}},{"type":"Feature","geometry":{"type":"MultiLineString","coordinates":[[[32.653329999999244,37.9797],[32.51392,37.87002000000041],[32.405049999999505,37.692820000000154]]]},"properties":{}},{"type":"Feature","geometry":{"type":"MultiLineString","coordinates":[[[32.51640000000043,37.87212],[32.66459000000032,37.92496000000028],[32.86155999999937,38.02254999999968]]]},"properties":{}},{"type":"Feature","geometry":{"type":"MultiLineString","coordinates":[[[32.12154,37.8777599999994],[32.18462999999974,37.823710000000574],[32.19066000000021,37.7536199999995]]]},"properties":{}},{"type":"Feature","geometry":{"type":"MultiLineString","coordinates":[[[32.24841000000015,37.6550100000004],[32.31145,37.627080000000205],[32.34697000000051,37.59158000000025]]]},"properties":{}},{"type":"Feature","geometry":{"type":"MultiLineString","coordinates":[[[32.19032999999945,37.7533199999998],[32.20111,37.706490000000485],[32.24971,37.6531300000006]]]},"properties":{}},{"type":"Feature","geometry":{"type":"MultiLineString","coordinates":[[[32.069910000000164,37.40701000000081],[32.1664,37.25922],[32.22199,37.20331000000078],[32.26869000000079,37.18073],[32.362090000000535,37.185450000000856]]]},"properties":{}},{"type":"Feature","geometry":{"type":"MultiLineString","coordinates":[[[32.40287999999964,37.69134],[32.34817,37.59160999999949],[32.49267999999938,37.35634000000027],[32.56581,37.19312],[32.74772999999914,37.267980000000534]]]},"properties":{}},{"type":"Feature","geometry":{"type":"MultiLineString","coordinates":[[[32.363289999999324,37.18548],[32.400219999999536,37.2182499999999],[32.43548,37.31629000000066],[32.479129999999714,37.33577999999943],[32.49010000000089,37.36012]]]},"properties":{}},{"type":"Feature","geometry":{"type":"MultiLineString","coordinates":[[[33.11082999999962,37.6281],[33.398839999999836,37.576929999999265],[33.648740000000544,37.481040000000576],[33.763269999999466,37.48269000000073]]]},"properties":{}},{"type":"Feature","geometry":{"type":"MultiLineString","coordinates":[[[32.98785999999927,37.24006],[33.05407000000014,37.20022000000063],[33.23344,37.182810000000245],[33.28967999999986,37.26838999999927],[33.48105000000032,37.43800999999985],[33.51912000000084,37.45691000000079],[33.60354,37.44326999999976],[33.66447999999946,37.4784]]]},"properties":{}},{"type":"Feature","geometry":{"type":"MultiLineString","coordinates":[[[33.101810000000114,37.57213000000047],[33.081850000000486,37.51883000000089],[33.0904300000002,37.47863999999936]]]},"properties":{}},{"type":"Feature","geometry":{"type":"MultiLineString","coordinates":[[[33.089200000000346,37.47956999999951],[33.10668000000078,37.388639999999214],[33.18247999999949,37.23843999999917],[33.331130000000485,37.08245999999963],[33.42697000000044,36.862629999999626],[33.50691,36.816070000000764],[33.518019999999524,36.7549199999994],[33.50252,36.70962999999938]]]},"properties":{}},{"type":"Feature","geometry":{"type":"MultiLineString","coordinates":[[[33.23228000000017,37.18135000000075],[33.123719999999594,37.12538999999924],[33.080910000000586,37.07936999999947],[33.098180000000866,37.0279300000002],[33.013269999999466,36.95701],[33.01734000000033,36.908190000000104],[32.98473000000013,36.88443999999981],[32.94014000000061,36.79570000000058],[32.99359,36.698200000000725],[32.98999999999978,36.66459000000032],[32.9682300000004,36.64110000000073],[32.9101699999992,36.63593000000037]]]},"properties":{}},{"type":"Feature","geometry":{"type":"MultiLineString","coordinates":[[[32.05962,36.5285700000004],[32.1187800000007,36.48452999999972],[32.224159999999756,36.33948000000055],[32.28667999999925,36.29261000000042],[32.29051000000072,36.26115000000027],[32.34530000000086,36.25132999999914],[32.36017999999967,36.20968],[32.39725,36.17252],[32.55563000000075,36.10819000000083],[32.7184699999998,36.07143],[32.800240000000485,36.02571999999964]]]},"properties":{}},{"type":"Feature","geometry":{"type":"MultiLineString","coordinates":[[[32.91495000000032,36.63508],[32.97975000000042,36.549409999999625],[32.929040000000896,36.50706999999966],[32.92769000000044,36.47832000000017],[32.76657999999952,36.44475000000057],[32.682919999999285,36.40336000000025],[32.6537900000003,36.3624],[32.701680000000124,36.25841000000037],[32.700520000000324,36.19811999999911],[32.71734,36.1603099999993],[32.8088800000005,36.077540000000226],[32.860640000000785,36.078810000000885]]]},"properties":{}},{"type":"Feature","geometry":{"type":"MultiLineString","coordinates":[[[32.93397,36.102530000000115],[32.98653000000013,36.11521],[33.01886999999988,36.09969]]]},"properties":{}},{"type":"Feature","geometry":{"type":"MultiLineString","coordinates":[[[33.02007000000049,36.09877000000051],[33.08114000000023,36.10392999999931],[33.157610000000204,36.14379],[33.289670000000115,36.14166],[33.32814999999937,36.15576999999939],[33.377370000000155,36.20831]]]},"properties":{}},{"type":"Feature","geometry":{"type":"MultiLineString","coordinates":[[[33.32229,36.154710000000705],[33.386679999999615,36.17023999999947],[33.55776999999944,36.16459000000032],[33.8035,36.252370000000155]]]},"properties":{}},{"type":"Feature","geometry":{"type":"MultiLineString","coordinates":[[[33.80526,36.25243000000046],[33.81530000000021,36.28125],[33.86527000000024,36.323019999999815],[33.94398999999976,36.34886],[33.95925999999963,36.420790000000125],[33.95101000000068,36.48385000000053],[33.9739699999991,36.52622999999949],[33.921329999999216,36.550499999999374],[33.912529999999606,36.57719999999972],[34.039450000000215,36.58249000000069],[34.05782,36.54822000000058],[34.1527100000003,36.468769999999495]]]},"properties":{}},{"type":"Feature","geometry":{"type":"MultiLineString","coordinates":[[[33.938749999999345,36.376539999999295],[33.89864999999918,36.370310000000245],[33.82258,36.38847],[33.7806,36.415650000000824],[33.63876999999957,36.405940000000555],[33.60618000000068,36.4322200000006],[33.61117999999988,36.470579999999245],[33.593989999999394,36.495199999999386],[33.526739999999336,36.529529999999795],[33.47918000000027,36.53352000000086],[33.44153,36.61043000000063],[33.45238000000063,36.64892999999938],[33.274750000000495,36.706019999999626],[33.20226999999977,36.70267000000058],[33.125340000000506,36.653190000000905],[33.016890000000785,36.62594],[32.84973,36.64696999999978]]]},"properties":{}},{"type":"Feature","geometry":{"type":"MultiLineString","coordinates":[[[33.54356,36.70984999999928],[33.83072,36.748569999999745],[33.91275999999925,36.69117],[33.919560000000274,36.582070000000385]]]},"properties":{}},{"type":"Feature","geometry":{"type":"MultiLineString","coordinates":[[[34.00720999999976,36.38594000000012],[34.08712000000014,36.420280000000275],[34.269679999999425,36.5885],[34.38637000000017,36.66790000000037],[34.61614,36.79851000000053]]]},"properties":{}},{"type":"Feature","geometry":{"type":"MultiLineString","coordinates":[[[34.53622,36.761640000000625],[34.29041999999936,37.010879999999815],[34.21456000000035,37.00297],[34.154930000000604,37.04881000000023],[34.09080999999969,37.01361999999972],[33.959609999999884,36.994010000000344],[33.904780000000756,36.95608],[33.83302,36.97516999999971],[33.80729000000065,37.01394000000073],[33.80572000000029,37.0894100000005],[33.75308000000041,37.20948999999928],[33.82761000000028,37.293330000000424]]]},"properties":{}},{"type":"Feature","geometry":{"type":"MultiLineString","coordinates":[[[33.616509999999835,37.44698000000062],[33.8368,37.289810000000216],[33.85484,37.24179]]]},"properties":{}},{"type":"Feature","geometry":{"type":"MultiLineString","coordinates":[[[33.75509000000051,37.484529999999666],[33.910840000000576,37.47105],[34.14635000000101,37.54375000000073],[34.38997000000012,37.66421000000088],[34.516610000000696,37.74156000000045],[34.61249999999933,37.825020000000336],[34.669540000000836,37.93230000000045],[34.754615289696915,38.03561034719161]]]},"properties":{}},{"type":"Feature","geometry":{"type":"MultiLineString","coordinates":[[[34.28777693765795,37.987511525842876],[34.61722999999989,37.829890000000944],[34.643889999999374,37.70418000000075]]]},"properties":{}},{"type":"Feature","geometry":{"type":"MultiLineString","coordinates":[[[34.17251000000033,37.563389999999345],[34.34867999999915,37.575769999999466],[34.57239999999911,37.51970000000074]]]},"properties":{}},{"type":"Feature","geometry":{"type":"MultiLineString","coordinates":[[[34.643889999999374,37.70418000000063],[34.67569,37.663220000000365],[34.75029,37.65070000000014]]]},"properties":{}},{"type":"Feature","geometry":{"type":"MultiLineString","coordinates":[[[34.85369,37.49755],[34.88003000000026,37.47846000000027],[34.891530000000785,37.43839999999909],[34.88474999999926,37.40468999999939],[34.84603000000061,37.37003],[34.81203,37.30076999999983],[34.82028,37.212499999999636]]]},"properties":{}},{"type":"Feature","geometry":{"type":"MultiLineString","coordinates":[[[34.864910000000236,37.101590000000215],[34.89790999999968,37.06343000000015],[34.9014700000007,36.97342000000026]]]},"properties":{}},{"type":"Feature","geometry":{"type":"MultiLineString","coordinates":[[[34.618389999999636,37.82807],[34.55185999999958,37.65905000000021],[34.54104,37.577869999999166],[34.55623000000014,37.539670000000115],[34.58726000000024,37.52067999999963]]]},"properties":{}},{"type":"Feature","geometry":{"type":"MultiLineString","coordinates":[[[34.65816000000086,37.5255300000008],[34.74054000000069,37.524890000000596],[34.85500999999931,37.497810000000754]]]},"properties":{}},{"type":"Feature","geometry":{"type":"MultiLineString","coordinates":[[[34.82028,37.214319999999134],[34.82157999999981,37.161550000000716],[34.86832999999933,37.098869999999806]]]},"properties":{}},{"type":"Feature","geometry":{"type":"MultiLineString","coordinates":[[[34.9343800000006,36.927999999999884],[34.976259999999456,36.948019999999815],[35.24148000000059,36.99678999999924],[35.537280000000464,36.99186]]]},"properties":{}},{"type":"Feature","geometry":{"type":"MultiLineString","coordinates":[[[35.35704000000078,36.987310000000434],[35.37475000000086,36.9236],[35.49098000000049,36.74676999999974],[35.41894999999931,36.6182000000008],[35.35099000000082,36.55222999999933]]]},"properties":{}},{"type":"Feature","geometry":{"type":"MultiLineString","coordinates":[[[34.61598000000049,36.79816000000028],[34.66558000000077,36.81653],[34.81019000000015,36.82423000000017]]]},"properties":{}},{"type":"Feature","geometry":{"type":"MultiLineString","coordinates":[[[34.80566,36.825119999999515],[34.961600000000544,36.848040000000765],[35.4933,36.75403]]]},"properties":{}},{"type":"Feature","geometry":{"type":"MultiLineString","coordinates":[[[32.02803999999924,39.668789999999774],[32.26218639828852,39.70252787463693],[32.521746085139796,39.79450107798817]]]},"properties":{}},{"type":"Feature","geometry":{"type":"MultiLineString","coordinates":[[[32.87623199604042,39.627581114494774],[32.89413000000053,39.52875999999924],[32.888870000000736,39.4366399999999],[32.95173000000079,39.25511],[32.94989999999967,38.93206],[32.92843,38.7427399999998],[32.867500000000405,38.560789999999656],[32.863779999999736,38.46420000000046],[32.89096000000063,38.32784999999973],[32.79518,38.14667]]]},"properties":{}},{"type":"Feature","geometry":{"type":"MultiLineString","coordinates":[[[32.39619999999928,38.19686],[32.753230000000315,38.12732999999946],[32.92348999999922,38.14197000000058],[33.07694000000083,38.186789999999746]]]},"properties":{}},{"type":"Feature","geometry":{"type":"MultiLineString","coordinates":[[[32.2384542490816,38.25367605107084],[32.43902999999955,38.16890383830207],[32.5016713186148,38.09356853515931],[32.50064000000032,37.99702000000076]]]},"properties":{}},{"type":"Feature","geometry":{"type":"MultiLineString","coordinates":[[[33.156789999999035,38.021749999999884],[33.41110999999921,38.15757999999914],[34.107009999999775,38.40804000000037],[34.19383000000022,38.42137999999977],[34.41223,38.4028],[34.603719999999214,38.35562000000027],[34.73301,38.20187000000084],[34.754615289696915,38.03561034719161]]]},"properties":{}},{"type":"Feature","geometry":{"type":"MultiLineString","coordinates":[[[32.5593599999994,38.63558000000023],[32.73403999999937,38.51649],[32.917690000000164,38.29994000000079],[33.0855800000009,38.18408000000096],[33.562480000000505,38.13213999999971],[34.055422570438736,38.1192146925157]]]},"properties":{}},{"type":"Feature","geometry":{"type":"MultiLineString","coordinates":[[[34.053540000000794,38.3804999999993],[34.121580000000904,38.25873999999931],[34.211810000000696,38.18728999999985],[34.28040999999939,38.16858999999931],[34.3080800000007,38.101370000000315],[34.37308999999914,38.06427000000076]]]},"properties":{}},{"type":"Feature","geometry":{"type":"MultiLineString","coordinates":[[[33.55395116346,39.13500659590454],[33.877660000000105,38.99200000000019],[34.169799999999725,38.83278000000058],[34.38779000000079,38.772199999999486],[34.85541999999987,38.71812999999929],[35.14504999999912,38.73744000000073],[35.3116499999997,38.770819999999844]]]},"properties":{}},{"type":"Feature","geometry":{"type":"MultiLineString","coordinates":[[[34.59134198683654,38.36111547307951],[34.717520000000206,38.37002000000035],[35.00042000000042,38.33188999999953]]]},"properties":{}},{"type":"Feature","geometry":{"type":"MultiLineString","coordinates":[[[32.96227,39.597610000000714],[33.13843000000088,39.57224999999926],[33.284019999999146,39.47820999999931],[33.390369999999166,39.429770000000644],[34.1860400000005,39.13398000000052],[34.30537,39.1223800000007],[35.01032999999916,38.98098000000027]]]},"properties":{}},{"type":"Feature","geometry":{"type":"MultiLineString","coordinates":[[[34.48367999999937,39.638380000000325],[34.17658999999912,39.48026000000027],[34.069760000000315,39.369880000000194],[34.07467,39.29929000000084],[34.15034000000014,39.15397]]]},"properties":{}},{"type":"Feature","geometry":{"type":"MultiLineString","coordinates":[[[34.487989999999684,39.64809000000071],[34.461100000000556,39.5782],[34.46279999999928,39.53173000000072]],[[34.56519999999921,39.38755999999921],[34.63328,39.27562000000046],[34.70830000000029,39.20915000000065],[34.91980999999953,39.08000999999979],[35.02146999999968,38.97468999999916]],[[35.13492000000048,38.905810000000315],[35.18060999999955,38.87710999999939],[35.22351999999955,38.81877],[35.30686000000071,38.77256]]]},"properties":{}},{"type":"Feature","geometry":{"type":"MultiLineString","coordinates":[[[35.43678,39.6901199999993],[35.508089999999356,39.67231999999967],[35.64489999999944,39.68793999999974]],[[35.644239999999684,39.68845999999945],[35.89385000000044,39.71832],[35.948360000000434,39.777260000000865],[36.0764,39.8103100000007],[36.19467000000077,39.79696999999953],[36.604859999999576,39.865110000000755],[36.70052000000027,39.83558000000096],[36.73807999999923,39.78226],[36.83093000000014,39.7212099999997],[36.95552999999927,39.72350999999975],[37.03161,39.747890000000666],[37.15580000000057,39.81830000000082],[37.30139000000054,39.82872999999927],[37.3763500000004,39.8565],[37.44372,39.85295000000036],[37.55357,39.88059000000061],[37.63686000000064,39.86434999999983],[37.77283,39.90186]]]},"properties":{}},{"type":"Feature","geometry":{"type":"MultiLineString","coordinates":[[[34.51421999999906,39.74295],[34.61813000000086,39.69321],[34.9975500000001,39.58025000000089],[35.05047000000019,39.54541000000074],[35.22027,39.322959999999625],[35.32006,39.06232000000091],[35.501238598338034,38.7215891263308]]]},"properties":{}},{"type":"Feature","geometry":{"type":"MultiLineString","coordinates":[[[35.501238598338034,38.7215891263308],[35.40951037656316,38.74371811368496],[35.332650000000285,38.72037],[35.11824999999965,38.44220999999931],[34.98466,38.31681000000026],[34.754615289696915,38.03561034719161]]]},"properties":{}},{"type":"Feature","geometry":{"type":"MultiLineString","coordinates":[[[35.501238598338034,38.7215891263308],[35.55240459575441,38.74445232339701],[35.724560000000565,38.89155000000028],[35.89437999999984,38.97307999999987],[35.890680000000486,39.04243],[36.0016099999994,39.154979999999455],[36.08698000000015,39.19377],[36.19339000000036,39.273339999999735],[36.42380000000054,39.35400999999922],[36.503115404245534,39.41738540424495],[36.75007,39.488569999999584],[36.790730000000565,39.5162],[36.861909999999625,39.63811],[36.923428173163416,39.66398725645291],[36.97832275325777,39.729538269914656]]]},"properties":{}},{"type":"Feature","geometry":{"type":"MultiLineString","coordinates":[[[35.30272999999943,41.69320999999945],[35.41035000000011,41.67521999999917],[35.48041000000012,41.63811],[35.62393999999949,41.60690000000068],[35.89811,41.567150000000765],[35.985500000000684,41.51473000000078],[36.06189000000086,41.505119999999806],[36.24537000000055,41.34627],[36.32608000000073,41.308429999999134],[36.353619999999864,41.2657],[36.43834000000061,41.226919999999154],[36.81823000000077,41.197260000000824],[36.976259999999456,41.210080000000744],[37.088299999999435,41.152570000000196],[37.26922000000013,41.13244999999915],[37.3197,41.10247999999956],[37.39241000000038,41.09908],[37.59502000000066,40.98594000000048],[37.85610000000088,41.01117999999951],[37.886029999999664,40.979129999999714],[38.05066000000079,40.964389999999185],[38.187840000000506,40.9319200000009],[38.27654000000075,40.93607999999949],[38.35790000000088,40.90607000000091],[38.52859999999964,40.9086499999994],[38.578380000000834,40.92915],[38.663979999999356,40.90990000000056],[38.79493999999977,40.99102999999923],[38.876109999999244,41.00533],[38.91038,41.027099999999336],[39.07184000000052,41.026700000000346],[39.162819999999556,41.07071],[39.285900000000765,41.0372499999994],[39.41943999999967,41.09509000000071],[39.487230000000636,41.08390999999938],[39.55940999999984,41.02448999999979],[39.645220000000336,40.99073],[39.788759999999456,40.99078],[39.848330000000715,40.948560000000725],[39.98746000000028,40.95893000000069],[40.0936700000002,40.91007999999965],[40.18927000000076,40.90647999999965],[40.26447999999982,40.93193000000065],[40.398629999999685,41.01879],[40.54602999999952,41.023880000000645],[40.72139000000061,41.08310999999958],[40.787609999999404,41.138349999999264],[40.85454000000027,41.16949000000022],[41.05129999999917,41.19400999999925],[41.15629000000081,41.27302000000054],[41.4339600000003,41.39176000000043],[41.47099999999955,41.44301000000087],[41.543900000000576,41.49019000000044],[41.58499,41.56441000000086]]]},"properties":{}},{"type":"Feature","geometry":{"type":"MultiLineString","coordinates":[[[40.53303000000051,37.8465099999994],[40.5666199999996,37.86439000000064],[40.86732999999913,37.85335999999916],[41.178970000000845,37.865859999999884],[41.31869,37.94535],[41.37307999999939,37.950849999999264],[41.506750000000466,38.03187000000071],[41.69018,38.10243000000082],[41.8371700000007,38.21674999999959],[41.94865000000027,38.257620000000315],[42.02496000000065,38.35446000000047],[42.095729999999094,38.3783199999998],[42.1517700000004,38.48604999999952],[42.20391000000018,38.50864999999976],[42.27270999999928,38.50185000000056],[42.36608999999953,38.46229999999923],[42.543110000000524,38.465179999999236],[42.63883999999962,38.39442000000054],[42.645870000000286,38.37112999999954],[42.68318,38.35864000000038],[42.79893000000084,38.38617999999951],[42.88934,38.340980000000854],[43.01476,38.30463000000054],[43.18911999999909,38.3144599999996],[43.20539,38.33303999999953],[43.210689999999886,38.39077],[43.343370000000505,38.449539999999615],[43.354559999999765,38.50200000000041],[43.34294000000045,38.549880000000485],[43.29801000000043,38.6262200000001],[43.369440000000395,38.77360000000044],[43.424520000000484,38.82943999999952],[43.49525999999969,38.84432000000015],[43.56934999999976,38.90306000000055],[43.65287999999964,38.92201000000023],[43.67557999999917,38.94665999999961],[43.643270000000484,38.98188999999911],[43.41087999999945,39.02360000000044],[42.96508999999969,39.22682999999961],[42.82904000000053,39.263960000000225],[42.77440000000024,39.304770000000644],[42.75142000000051,39.3750600000003],[42.78736000000026,39.532929999999396],[42.91284000000087,39.55045000000064],[42.97068000000036,39.60318],[43.170459999999366,39.61663000000044],[43.34871000000021,39.670539999999164]]]},"properties":{}},{"type":"Feature","geometry":{"type":"MultiLineString","coordinates":[[[40.24975000000086,37.93268999999964],[40.53180000000066,37.976479999999356],[40.91719000000012,38.001609999999346],[41.18188999999984,37.99136],[41.325479999999516,37.94679999999971]]]},"properties":{}},{"type":"Feature","geometry":{"type":"MultiLineString","coordinates":[[[40.28231000000051,37.88012999999955],[40.40294,37.90266999999949],[40.61479999999938,37.8996700000007],[40.80188000000089,37.88292],[40.89294999999947,37.85849000000053]]]},"properties":{}},{"type":"Feature","geometry":{"type":"MultiLineString","coordinates":[[[36.15063999999984,36.00757],[36.13037000000077,35.97114],[36.02944000000025,35.87823000000026],[35.773839999999836,35.51687999999922],[35.843880000000354,35.50891000000047],[35.879360000000815,35.48660000000018],[35.926079999999274,35.42144999999982],[35.93261999999959,35.28642000000036],[35.9699899999996,35.198959999999715],[35.90971999999965,35.09991000000082],[35.881820000000516,34.89604999999938],[35.958080000000336,34.72007999999914],[36.03112999999939,34.6605299999992],[36.04186999999911,34.54139000000032]]]},"properties":{}},{"type":"Feature","geometry":{"type":"MultiLineString","coordinates":[[[36.04085999999916,34.53976999999941],[35.956669999999576,34.50977000000057],[35.92164000000048,34.4726699999992],[35.833660000000236,34.441790000000765],[35.83345,34.42632000000049]]]},"properties":{}},{"type":"Feature","geometry":{"type":"MultiLineString","coordinates":[[[35.83430000000044,34.42765999999938],[35.74611999999979,34.35769000000073],[35.73344,34.317370000000665],[35.67760000000089,34.268850000000384]]]},"properties":{}},{"type":"Feature","geometry":{"type":"MultiLineString","coordinates":[[[35.67667000000074,34.26886000000013],[35.638919999999416,34.15336000000025],[35.6605299999992,34.07589],[35.638639999999214,34.04019999999946],[35.6541500000003,34.00803000000087]]]},"properties":{}},{"type":"Feature","geometry":{"type":"MultiLineString","coordinates":[[[36.327579999999216,34.17273000000023],[36.36067,34.18931],[36.361580000000686,34.22892999999931],[36.406090000000404,34.25152999999955]]]},"properties":{}},{"type":"Feature","geometry":{"type":"MultiLineString","coordinates":[[[36.54767999999967,34.51358000000073],[36.543799999999464,34.58136999999988],[36.58412,34.61101000000053]]]},"properties":{}},{"type":"Feature","geometry":{"type":"MultiLineString","coordinates":[[[36.20111,34.020010000000184],[36.2248,34.08412999999928],[36.33128000000033,34.17110999999932]]]},"properties":{}},{"type":"Feature","geometry":{"type":"MultiLineString","coordinates":[[[36.40328000000045,34.251580000000104],[36.532279999999446,34.39013999999952],[36.557880000000296,34.4721499999996],[36.54584000000068,34.51517000000058]]]},"properties":{}},{"type":"Feature","geometry":{"type":"MultiLineString","coordinates":[[[36.04373999999916,34.56702000000041],[36.12140999999974,34.64391000000069],[36.2787900000003,34.68924999999945],[36.3088000000007,34.724630000000616],[36.38536000000022,34.89178999999967],[36.373709999999846,35.124040000000605],[36.42121000000043,35.321610000000874],[36.41993,35.387259999999515],[36.38364,35.467169999999896],[36.39589999999953,35.6210200000005],[36.3683400000009,35.795169999999416],[36.33640000000014,35.82697999999982],[36.21119,35.81547],[36.18447000000015,35.77748000000065],[36.038370000000214,35.663510000000315],[35.97674999999981,35.64701000000059],[35.92506999999932,35.590469999999186],[35.7824899999996,35.52383]]]},"properties":{}},{"type":"Feature","geometry":{"type":"MultiLineString","coordinates":[[[36.4092299999993,35.41829999999936],[36.60100000000057,35.51898000000074],[36.687449999999444,35.59870000000046],[37.010159999999814,36.01670000000013]]]},"properties":{}},{"type":"Feature","geometry":{"type":"MultiLineString","coordinates":[[[36.72803000000022,35.64329],[36.75174999999945,35.50672999999915],[36.74963000000025,35.14698999999928]]]},"properties":{}},{"type":"Feature","geometry":{"type":"MultiLineString","coordinates":[[[36.411009999999806,35.413189999999304],[36.46959000000061,35.38879000000088],[36.55145000000084,35.30847],[36.57865999999922,35.25720999999976],[36.66301000000021,35.20958000000064],[36.7538999999997,35.13051000000087],[36.71304000000055,34.73787000000084],[36.66500000000087,34.67414],[36.582179999999425,34.60871000000043]]]},"properties":{}},{"type":"Feature","geometry":{"type":"MultiLineString","coordinates":[[[36.473400000000765,35.38832999999977],[36.70764000000054,35.305169999999634],[36.98358,35.150980000000345],[37.07452999999987,35.11529999999948],[37.420930000000226,35.05955999999969]]]},"properties":{}},{"type":"Feature","geometry":{"type":"MultiLineString","coordinates":[[[36.733720000000176,34.02571],[36.77262999999948,34.11112999999932],[36.751609999999346,34.15896000000066],[36.94836000000032,34.230139999999665],[37.07246,34.24591],[37.24785999999949,34.22987],[37.604670000000624,34.38361000000077],[37.95624999999927,34.507400000000416],[38.19319,34.52237000000059],[38.29875,34.558929999999236],[38.66345,34.562229999999545]]]},"properties":{}},{"type":"Feature","geometry":{"type":"MultiLineString","coordinates":[[[37.015369999999166,34.0250300000007],[37.06259999999929,34.0961499999994],[37.07568999999967,34.17742999999973],[37.06473,34.23910000000069],[37.09244000000035,34.28197999999975]]]},"properties":{}},{"type":"Feature","geometry":{"type":"MultiLineString","coordinates":[[[37.605250000000524,34.160760000000664],[37.7468200000003,34.18902999999955],[37.86526000000049,34.25907]]]},"properties":{}},{"type":"Feature","geometry":{"type":"MultiLineString","coordinates":[[[37.86486999999943,34.260630000000674],[37.991,34.3100400000003],[38.1901199999993,34.42123999999967],[38.24134000000049,34.53383000000031],[38.28226,34.55877999999939]]]},"properties":{}},{"type":"Feature","geometry":{"type":"MultiLineString","coordinates":[[[36.7135300000009,34.73863999999958],[36.7738700000009,34.70471],[37.11483000000044,34.60983999999917],[37.62278999999944,34.55004]]]},"properties":{}},{"type":"Feature","geometry":{"type":"MultiLineString","coordinates":[[[36.71498000000065,34.73977999999988],[36.83538000000044,34.81760000000031],[36.98681000000033,34.964780000000246],[37.04387999999926,35.02587999999923],[37.055019999999786,35.07322000000022],[37.09660000000076,35.12140999999974],[37.604960000000574,35.31514000000061],[38.482889999999315,35.52556999999979],[38.668729999999414,35.58846000000085],[38.7464400000008,35.63451999999961]]]},"properties":{}},{"type":"Feature","geometry":{"type":"MultiLineString","coordinates":[[[36.993459999999686,35.99395999999979],[37.04394999999931,36.0037799999991],[37.07517,35.98660000000018],[37.10906000000068,35.910579999999754],[37.30207,35.65206000000035],[37.35427999999956,35.54349],[37.49076000000059,35.46589999999924]]]},"properties":{}},{"type":"Feature","geometry":{"type":"MultiLineString","coordinates":[[[37.51586,35.44954999999936],[37.69308,35.375490000000354],[37.772469999999885,35.35894]]]},"properties":{}},{"type":"Feature","geometry":{"type":"MultiLineString","coordinates":[[[37.4897,35.779710000000705],[37.5583000000006,35.70024000000012],[37.63347000000067,35.643229999999676],[37.70187000000078,35.48389999999927],[37.77917999999954,35.35951000000023]]]},"properties":{}},{"type":"Feature","geometry":{"type":"MultiLineString","coordinates":[[[37.24426999999923,35.74013999999988],[37.426729999999225,35.73005999999987],[37.58560000000034,35.831959999999526],[37.638600000000224,35.8438900000001],[37.71457,35.83409000000029],[37.85003999999935,35.89355000000069],[38.013709999999264,35.92186000000038],[38.11218999999983,35.98747],[38.09303,36.00914999999986]]]},"properties":{}},{"type":"Feature","geometry":{"type":"MultiLineString","coordinates":[[[37.42195,35.05989000000045],[37.60174999999981,34.9755499999992],[37.664199999999255,34.91169000000082]]]},"properties":{}},{"type":"Feature","geometry":{"type":"MultiLineString","coordinates":[[[37.66301000000021,34.91244],[37.684509999999136,34.88525999999911],[37.717759999999544,34.76412999999957],[37.785470000000714,34.69729],[38.00967,34.59631000000081],[38.28033999999934,34.5586000000003]]]},"properties":{}},{"type":"Feature","geometry":{"type":"MultiLineString","coordinates":[[[38.32186,34.55961000000025],[38.42677,34.43556999999964],[38.76699,34.18247999999949],[38.86880000000019,34.149970000000394],[38.959240000000136,34.14509]]]},"properties":{}},{"type":"Feature","geometry":{"type":"MultiLineString","coordinates":[[[38.2823499999995,34.56006999999954],[38.3386100000007,34.59893999999986],[38.51212999999916,34.63536000000022]]]},"properties":{}},{"type":"Feature","geometry":{"type":"MultiLineString","coordinates":[[[38.63694000000032,34.67010999999911],[38.871359999999186,34.891929999999775],[38.914349999999104,34.976699999999255],[38.931580000000395,35.10494]]]},"properties":{}},{"type":"Feature","geometry":{"type":"MultiLineString","coordinates":[[[38.932810000000245,35.10659999999916],[38.91957,35.26354],[38.852569999999105,35.41099000000031],[38.7878299999993,35.49919000000045],[38.7473200000004,35.63954999999987],[38.79435000000012,35.82724000000053],[38.80193999999938,35.94397000000026],[39.047959999999875,35.95104999999967],[39.07244999999966,35.98445999999967]]]},"properties":{}},{"type":"Feature","geometry":{"type":"MultiLineString","coordinates":[[[38.11054999999942,35.99128000000019],[38.19627000000037,35.937949999999546],[38.29384000000027,35.917859999999564],[38.384400000000824,35.8731800000005],[38.59114000000045,35.847750000000815],[38.74419999999918,35.84964000000036],[38.828849999999875,35.918040000000474],[38.9975400000003,35.91582000000017]]]},"properties":{}},{"type":"Feature","geometry":{"type":"MultiLineString","coordinates":[[[19.978320000000167,44.95684000000074],[20.08480000000054,44.86583000000064],[20.271350000000893,44.801579999999376],[20.355219999999463,44.79919999999947],[20.42939,44.81917000000067]]]},"properties":{}},{"type":"Feature","geometry":{"type":"MultiLineString","coordinates":[[[18.625229999999647,43.91328000000067],[18.63285,43.9641900000006],[18.66259,43.99631000000045]]]},"properties":{}},{"type":"Feature","geometry":{"type":"MultiLineString","coordinates":[[[18.814759999999296,43.588949999999386],[18.756460000000516,43.59430000000066],[18.74040000000059,43.615130000000136],[18.72672000000057,43.71624999999949],[18.73624000000018,43.76087]]]},"properties":{}},{"type":"Feature","geometry":{"type":"MultiLineString","coordinates":[[[18.46998,43.85634000000033],[18.547269999999116,43.81636000000083],[18.660219999999754,43.80071999999939],[18.71673000000021,43.757890000000884],[18.761459999999772,43.77335999999923],[18.809649999999294,43.76145999999977],[18.882219999999506,43.785850000000266],[19.033910000000105,43.79299],[19.133850000000223,43.82094999999936],[19.226049999999418,43.86973000000046],[19.2718600000008,43.85485999999952],[19.308139999999128,43.79595999999958]]]},"properties":{}},{"type":"Feature","geometry":{"type":"MultiLineString","coordinates":[[[19.308139999999128,43.79595999999958],[19.264119999999878,43.75611000000032],[19.177869999999473,43.73171999999988],[19.148719999999173,43.69484000000023],[18.991079999999783,43.6829400000006],[18.95896,43.64129999999943],[18.829869999999516,43.60441999999978],[18.803700000000504,43.58151999999984],[18.77930999999984,43.51013000000063],[18.74361999999934,43.48871999999949],[18.774550000000204,43.39473],[18.6537900000003,43.29390000000063],[18.631779999999765,43.25345000000027]]]},"properties":{}},{"type":"Feature","geometry":{"type":"MultiLineString","coordinates":[[[19.373670000000914,43.35909],[19.17118999999923,43.39761],[19.125149999999792,43.42794999999933],[19.017719999999883,43.429379999999696],[18.914210000000878,43.454009999999585],[18.870310000000302,43.48327000000063],[18.81285000000031,43.484700000001],[18.77930999999984,43.51013000000063],[18.814759999999353,43.58894999999944]]]},"properties":{}},{"type":"Feature","geometry":{"type":"MultiLineString","coordinates":[[[19.308499999999185,43.79595999999947],[19.470439999999144,43.769350000000486],[19.63998,43.85858],[19.834860000000845,43.86464999999953],[19.986549999999625,43.82539],[20.046510000000126,43.84288000000015]]]},"properties":{}},{"type":"Feature","geometry":{"type":"MultiLineString","coordinates":[[[22.255030000000318,43.59818000000092],[22.072280000000433,43.60751],[22.049440000000686,43.64106],[21.873840000000314,43.66069000000061],[21.731069999999875,43.64891],[21.61989,43.602510000000734],[21.51405999999963,43.60571999999968],[21.452310000000637,43.57824000000079],[21.27650999999969,43.60745999999921],[21.128989999999362,43.612789999999336],[20.954809999999384,43.6474400000007],[20.845160000000874,43.72291000000047],[20.766670000000943,43.73905],[20.55847,43.85765],[20.443789999999296,43.8973299999999],[20.22119000000015,43.9268900000007],[20.130530000000476,43.901620000000605],[20.04651000000024,43.84288000000021]]]},"properties":{}},{"type":"Feature","geometry":{"type":"MultiLineString","coordinates":[[[21.38915000000094,43.9320599999993],[21.31257,43.95954999999958],[21.13351999999952,44.14797],[21.101689999999508,44.23795000000064],[20.986590000000376,44.406440000000714],[20.966360000000407,44.546379999999886],[20.872670000000653,44.614649999999585],[20.79048999999935,44.64571000000069]]]},"properties":{}},{"type":"Feature","geometry":{"type":"MultiLineString","coordinates":[[[21.006429999999455,44.36503000000084],[21.283229999999094,44.37975],[21.338799999999537,44.412389999999505]]]},"properties":{}},{"type":"Feature","geometry":{"type":"MultiLineString","coordinates":[[[21.38603999999941,44.27376999999984],[21.163070000000573,44.226210000000776],[21.095129999999756,44.15186],[21.01721,44.13697999999931],[20.99518999999964,44.10723999999942],[20.9946,44.05757000000091],[20.8750299999993,44.0052199999991],[20.786319999999307,43.90344999999979],[20.821930000000123,43.79245000000083],[20.815979999999513,43.75616000000093],[20.699339291148362,43.72921227192154]]]},"properties":{}},{"type":"Feature","geometry":{"type":"MultiLineString","coordinates":[[[21.35498,44.003839999999514],[21.202330000000188,44.27095],[21.23005000000012,44.38968000000028],[21.218150000000662,44.54256],[21.19436,44.57825000000054],[21.08074,44.66986],[21.064889999999707,44.70615]]]},"properties":{}},{"type":"Feature","geometry":{"type":"MultiLineString","coordinates":[[[21.318939999999202,44.50268999999935],[21.44670000000042,44.355719999999565],[21.44967,44.32300000000032],[21.422899999999572,44.27183999999943],[21.356410000000324,44.219489999999496]]]},"properties":{}},{"type":"Feature","geometry":{"type":"MultiLineString","coordinates":[[[21.342130000000907,44.401920000000246],[21.435349999999744,44.37231000000065],[21.69217000000026,44.47190000000046]]]},"properties":{}},{"type":"Feature","geometry":{"type":"MultiLineString","coordinates":[[[21.73790999999983,44.44477],[21.780769999999393,44.29125000000022],[21.738330000000133,44.22544000000016]]]},"properties":{}},{"type":"Feature","geometry":{"type":"MultiLineString","coordinates":[[[21.356390000000943,44.14860000000044],[21.436359999999695,44.11163999999911],[21.513929999999164,44.04216000000093],[21.838959999999133,43.97552999999982],[21.972690000000455,43.899390000000494],[22.061130000000162,43.93455],[22.150429999999744,43.948109999999474],[22.279850000000863,43.912420000000566],[22.335129999999538,43.80834999999939]]]},"properties":{}},{"type":"Feature","geometry":{"type":"MultiLineString","coordinates":[[[21.334430000000793,44.836719999999445],[21.38478000000032,44.82766000000083],[21.41570999999942,44.79375000000073],[21.58810000000085,44.78125999999986],[21.711830000000248,44.67168999999927],[21.79702,44.67406999999923],[22.001770000000818,44.64372999999978],[22.042820000000575,44.61339000000049],[22.05947,44.55390000000091],[22.142750000000945,44.48609000000033],[22.16714,44.487870000000896],[22.25636999999915,44.63183000000032],[22.304560000000606,44.67525000000023],[22.379279999999255,44.69008000000031],[22.444949999999153,44.7272],[22.521329999999637,44.703649999999584],[22.61199,44.63583],[22.72192,44.61441999999988],[22.77474000000069,44.56301999999965],[22.774030000000607,44.52018999999933],[22.72335000000021,44.50376999999929],[22.60771000000028,44.52233],[22.51562000000024,44.43809999999945],[22.70471999999978,44.28995000000026],[22.710960000000398,44.22554999999926],[22.844810000000507,44.20205],[22.928680000000952,44.13320000000027],[23.037840000000983,44.11654000000095],[23.084829999999783,44.05765000000076],[23.085429999999178,44.030880000000366],[23.032779999999605,44.00590000000017],[22.919760000000792,43.99310999999955],[22.893729999999834,44.004300000000626]]]},"properties":{}},{"type":"Feature","geometry":{"type":"MultiLineString","coordinates":[[[22.655240000000106,44.63226000000037],[22.7069900000007,44.69644999999946],[22.88069,44.74582000000015],[22.91698,44.76901999999984],[22.933629999999653,44.84039999999908],[23.11209000000059,44.9689],[23.22035999999946,45.00429000000082],[23.31435000000056,45.06913],[23.382159999999146,45.16907],[23.422609999999736,45.200600000000236],[23.347069999999803,45.23092999999977],[23.300069999999437,45.30737000000045],[23.297689999999534,45.363289999999324],[23.382159999999146,45.372209999999654],[23.38692000000077,45.40077000000019],[23.368839999999295,45.42800999999963],[23.16122999999982,45.47203000000087],[23.11662000000075,45.50534999999945],[23.00359000000026,45.540440000000785],[22.97115999999926,45.587960000000805]]]},"properties":{}},{"type":"Feature","geometry":{"type":"MultiLineString","coordinates":[[[18.655660000000466,47.73847000000035],[18.71039000000019,47.73965999999933],[18.77462999999989,47.79022000000077],[18.85197,47.78903],[18.913239999999803,47.750959999999395],[18.953690000000393,47.74619999999953],[19.011990000000992,47.78427000000016],[19.051840000000198,47.783079999999245],[19.073259999999323,47.72955],[19.056469999999592,47.564329999999245]]]},"properties":{}},{"type":"Feature","geometry":{"type":"MultiLineString","coordinates":[[[19.056469999999592,47.564329999999245],[18.88973000000078,47.66058999999956],[18.790530000000217,47.67324999999988],[18.7525399999995,47.70400999999947],[18.664709999999104,47.7155299999996],[18.654109999999605,47.73728]]]},"properties":{}},{"type":"Feature","geometry":{"type":"MultiLineString","coordinates":[[[18.178389999999183,47.72869999999966],[18.3164,47.657320000000254],[18.38541000000083,47.57165999999967],[18.529560000000856,47.48487000000023],[18.62925,47.460600000000284],[19.032760000000167,47.43063000000075]]]},"properties":{}},{"type":"Feature","geometry":{"type":"MultiLineString","coordinates":[[[18.4957500000001,47.366270000000554],[18.57381,47.307010000000446],[18.58,47.269060000000536],[18.56358,47.21837000000056]]]},"properties":{}},{"type":"Feature","geometry":{"type":"MultiLineString","coordinates":[[[18.447039999999106,47.35476000000017],[18.556790000000547,47.39193999999952],[18.63449000000037,47.46032000000014]]]},"properties":{}},{"type":"Feature","geometry":{"type":"MultiLineString","coordinates":[[[18.496472155442746,45.91138242720518],[18.35102,46.04880000000048],[18.28642000000042,46.08448999999922],[18.216580000000363,46.20940999999942],[18.19041,46.23321000000044],[18.140439999999273,46.228450000000635],[18.11189000000013,46.278420000000665],[18.11189000000013,46.318869999999265],[18.15590999999955,46.389059999999574],[18.38314999999966,46.51042000000058],[18.406940000000702,46.66151],[18.509169999999358,46.736709999999334],[18.518690000000845,46.78429999999946],[18.491089999999645,46.86330000000095],[18.51108000000022,46.95848],[18.45492,47.028910000000906]]]},"properties":{}},{"type":"Feature","geometry":{"type":"MultiLineString","coordinates":[[[18.28642000000042,46.08448999999922],[18.452269999999885,46.141600000000835],[18.47487,46.22964],[18.528210000000342,46.29556000000059],[18.742360000000247,46.40691999999956]]]},"properties":{}},{"type":"Feature","geometry":{"type":"MultiLineString","coordinates":[[[18.71636000000035,46.37462000000062],[18.8489699999991,46.5271699999995],[18.859819999999786,46.61331000000075],[18.915220000000772,46.771989999999334],[18.93639000000087,46.78556000000037],[18.918550000000437,46.84706000000017],[18.937110000000757,46.97686000000073],[18.87666999999965,47.089770000000556],[18.864100000000747,47.16374999999982],[18.93815,47.361999999999114],[19.032760000000167,47.43063000000075],[19.032209999999395,47.51599],[19.056469999999592,47.564329999999245]]]},"properties":{}},{"type":"Feature","geometry":{"type":"MultiLineString","coordinates":[[[18.457609999999477,47.13769999999931],[18.56358,47.218370000000505],[18.6836600000006,47.24597],[18.737789999999222,47.28105999999934],[18.90922,47.30347000000074]]]},"properties":{}},{"type":"Feature","geometry":{"type":"MultiLineString","coordinates":[[[18.396230000000287,47.07553999999982],[18.714,47.0904100000007],[18.863369999999122,47.13445999999931]]]},"properties":{}},{"type":"Feature","geometry":{"type":"MultiLineString","coordinates":[[[18.509439999999813,46.81420000000071],[18.648559999999634,46.885480000000825],[18.848439999999755,46.948529999999664],[18.932349999999133,46.9980400000004]]]},"properties":{}},{"type":"Feature","geometry":{"type":"MultiLineString","coordinates":[[[35.10707,41.42120000000068],[35.13594000000012,41.40374999999949],[35.16461999999956,41.329719999999725],[35.27010999999948,41.25986000000012],[35.27758,41.216340000000855],[35.29667999999947,41.19888],[35.503350000000864,41.126969999999346],[35.66835,40.981009999999515]]]},"properties":{}},{"type":"Feature","geometry":{"type":"MultiLineString","coordinates":[[[35.07755,40.9963800000005],[35.44166000000041,41.08524000000034],[35.462869999999384,41.101080000000366],[35.470900000000256,41.14307999999983]]]},"properties":{}},{"type":"Feature","geometry":{"type":"MultiLineString","coordinates":[[[36.33575000000019,41.29440000000068],[36.31955000000016,41.26125999999931],[36.2209299999995,41.23502],[36.1565300000002,41.09807],[35.916370000000825,41.06155000000035],[35.72790999999961,41.00230999999985],[35.66049000000021,40.96368000000075],[35.62487999999939,40.85815999999977],[35.71911,40.77059],[35.81369000000086,40.72639],[35.84137,40.66968000000088]]]},"properties":{}},{"type":"Feature","geometry":{"type":"MultiLineString","coordinates":[[[35.10433000000012,40.99779999999919],[35.267980000000534,40.829429999999775],[35.43680999999924,40.72019]]]},"properties":{}},{"type":"Feature","geometry":{"type":"MultiLineString","coordinates":[[[35.063490000000456,40.48911000000044],[35.36186000000089,40.570050000000265],[35.831239999999525,40.62997]]]},"properties":{}},{"type":"Feature","geometry":{"type":"MultiLineString","coordinates":[[[35.43851,40.72095000000081],[35.54025999999976,40.69096999999965],[35.81745000000046,40.64749]]]},"properties":{}},{"type":"Feature","geometry":{"type":"MultiLineString","coordinates":[[[35.34370999999919,40.19436999999925],[35.84152999999969,40.271419999999125],[35.99112000000059,40.34081999999944],[36.07263000000057,40.39876],[36.089239999999336,40.442699999999604],[36.04736000000048,40.449870000000374],[36.00984000000062,40.50379000000066],[35.829429999999775,40.5109],[35.79469000000063,40.53260000000046],[35.830990000000384,40.61391],[35.82273999999961,40.64877999999953],[35.8459299999995,40.671329999999216],[35.92367000000013,40.694690000000264],[36.18447000000015,40.71855999999934],[36.45868999999948,40.70802999999978],[36.58980999999949,40.618899999999485],[36.68687999999929,40.57705999999962],[36.746649999999136,40.57998000000043],[36.85381000000052,40.63414999999986]]]},"properties":{}},{"type":"Feature","geometry":{"type":"MultiLineString","coordinates":[[[35.90469999999914,40.29221999999936],[35.959860000000845,40.251570000000356],[35.97632999999951,40.19659999999931],[36.012259999999515,40.16013000000021],[36.170169999999416,40.132910000000265],[36.154959999999846,40.07163000000037],[36.126899999999296,40.059950000000754],[36.11910999999964,40.01864000000023],[36.09911,39.9989000000005]]]},"properties":{}},{"type":"Feature","geometry":{"type":"MultiLineString","coordinates":[[[35.9064699999999,40.293540000000576],[36.167750000000524,40.26525000000038],[36.304009999999835,40.27147999999943],[36.4026300000005,40.30615000000034],[36.38982000000033,40.351810000000114]]]},"properties":{}},{"type":"Feature","geometry":{"type":"MultiLineString","coordinates":[[[36.081270000000586,40.393309999999474],[36.293620000000374,40.3491699999995],[36.484379999999874,40.35838999999942],[36.562550000000556,40.3410700000004]]]},"properties":{}},{"type":"Feature","geometry":{"type":"MultiLineString","coordinates":[[[36.485679999999775,40.08300000000054],[36.479810000000725,40.18866],[36.498279999999795,40.227129999999306],[36.54798999999912,40.25841000000037],[36.56787000000077,40.343660000000455],[36.684839999999895,40.39646999999968],[36.75307000000066,40.4514],[36.779270000000906,40.50309000000016],[36.93728999999985,40.60972000000038]]]},"properties":{}},{"type":"Feature","geometry":{"type":"MultiLineString","coordinates":[[[36.64041,40.3731800000005],[36.69775,40.36146],[36.99044999999933,40.38112999999976],[37.20155,40.367050000000745],[37.356729999999516,40.396740000000136]]]},"properties":{}},{"type":"Feature","geometry":{"type":"MultiLineString","coordinates":[[[35.777029999999286,41.018770000000586],[35.96436,41.00767000000087],[36.10697000000073,40.88822000000073],[36.188969999999244,40.84437000000071],[36.371649999999136,40.81510999999955],[36.45174000000043,40.77776000000085],[36.53603,40.76838999999927],[36.80702000000019,40.6538],[36.937480000000505,40.61506999999983],[36.957870000000185,40.59591],[36.97939000000042,40.51114000000052],[37.02036000000044,40.480830000000424],[37.43198999999913,40.378749999999854],[37.49669,40.339599999999336],[37.7734,40.27966000000015],[37.8109800000002,40.297269999999116],[37.86624,40.284890000000814],[38.03115000000071,40.23422000000028],[38.0870900000009,40.173539999999775],[38.252730000000156,40.11443999999938],[38.34404,40.09785000000011],[38.48867000000064,40.0992499999993],[38.58986999999979,40.07536000000073],[38.69330000000082,40.03388000000086],[38.74127000000044,39.99719999999979]]]},"properties":{}},{"type":"Feature","geometry":{"type":"MultiLineString","coordinates":[[[38.10570999999982,40.16357000000062],[38.014649999999165,40.1879399999998],[37.9688900000001,40.18003999999928],[37.937229999999545,40.14226000000053],[37.93747000000076,40.04866000000038],[37.91957999999977,40.00645000000077],[37.873569999999745,39.990499999999884]]]},"properties":{}},{"type":"Feature","geometry":{"type":"MultiLineString","coordinates":[[[37.49973999999929,41.02251000000069],[37.49855000000025,40.958199999999124],[37.4427799999994,40.8578],[37.45702999999958,40.78241],[37.35400999999911,40.68189999999959],[37.27218,40.6598],[37.20937000000049,40.67200000000048],[37.16997000000083,40.69836000000032],[37.10483000000022,40.69715999999971],[36.953670000000784,40.60268]]]},"properties":{}},{"type":"Feature","geometry":{"type":"MultiLineString","coordinates":[[[37.50476999999955,40.97813999999926],[37.543649999999616,40.93957000000046],[37.564080000000104,40.8478899999991],[37.624910000000455,40.755119999999806],[37.61218,40.63627000000088],[37.638849999999366,40.60606999999982],[37.67699,40.59562],[37.69181000000026,40.50416000000041],[37.7454400000006,40.45442],[37.783729999999196,40.449280000000726],[37.805309999999736,40.425890000000436],[37.802990000000136,40.38046000000031],[37.850609999999506,40.28671000000031]]]},"properties":{}},{"type":"Feature","geometry":{"type":"MultiLineString","coordinates":[[[38.19953999999973,40.12831],[38.21641000000096,40.08894999999944],[38.17950000000019,40.052770000000294],[38.177424409783896,39.990231727071205],[38.2202150502053,39.942027812861454],[38.25144547590679,39.929833075206545],[38.23954817087764,39.87391574156953]]]},"properties":{}},{"type":"Feature","geometry":{"type":"MultiLineString","coordinates":[[[38.76401000000078,40.036410000000615],[38.76673999999912,40.076429999999164],[38.833699999999226,40.13791999999921],[38.954789999999775,40.1248599999999],[39.01415000000088,40.10226],[39.13271999999961,40.12652999999955],[39.23512,40.097859999999855],[39.34150000000045,40.12109000000055],[39.426980000000185,40.07826000000023],[39.657750000000306,40.025550000000294]]]},"properties":{}},{"type":"Feature","geometry":{"type":"MultiLineString","coordinates":[[[38.98819999999978,40.032460000000356],[39.06501000000026,40.03584000000046],[39.20256999999947,39.99095]]]},"properties":{}},{"type":"Feature","geometry":{"type":"MultiLineString","coordinates":[[[39.649030000000494,40.37685000000056],[39.67892000000029,40.3780399999996],[39.694540000000416,40.355820000000676]]]},"properties":{}},{"type":"Feature","geometry":{"type":"MultiLineString","coordinates":[[[39.63254000000052,40.409820000000764],[39.53947,40.42910999999913],[39.48510999999962,40.47192]]]},"properties":{}},{"type":"Feature","geometry":{"type":"MultiLineString","coordinates":[[[39.412280000000464,40.52629],[39.36196000000018,40.53399999999965],[39.324759999999515,40.57459000000017],[39.34944,40.59757999999965],[39.41906000000017,40.610420000000886],[39.41936,40.635879999999815],[39.47052000000076,40.68039999999928],[39.56424,40.726880000000165],[39.5888300000006,40.78874],[39.617120000000796,40.81017000000065]]]},"properties":{}},{"type":"Feature","geometry":{"type":"MultiLineString","coordinates":[[[39.67758999999933,40.876969999999346],[39.732089999999516,40.95479999999952],[39.735930000000735,40.99891000000025]]]},"properties":{}},{"type":"Feature","geometry":{"type":"MultiLineString","coordinates":[[[39.67396,40.87580999999955],[39.621030000000246,40.83547],[39.62488999999914,40.797710000000734],[39.55260000000089,40.62954],[39.658110000000306,40.52515999999923],[39.62809000000016,40.46097],[39.6353,40.38020999999935],[39.6508900000008,40.37809000000016]]]},"properties":{}},{"type":"Feature","geometry":{"type":"MultiLineString","coordinates":[[[39.41403,40.52621],[39.454830000000584,40.509539999999106],[39.47801000000072,40.47091999999975]]]},"properties":{}},{"type":"Feature","geometry":{"type":"MultiLineString","coordinates":[[[39.670609999999215,40.17753000000084],[39.67424000000028,40.15860000000066],[39.64631,40.11715],[39.65121999999974,40.05131000000074]]]},"properties":{}},{"type":"Feature","geometry":{"type":"MultiLineString","coordinates":[[[38.74985000000015,40.032970000000205],[38.842060000000856,40.00782000000072],[38.98819999999978,40.032460000000356]]]},"properties":{}},{"type":"Feature","geometry":{"type":"MultiLineString","coordinates":[[[41.4068900000002,39.96332000000075],[41.54046000000017,40.01706000000013],[41.8104600000006,39.98565000000053],[42.03348,40.052270000000135],[42.17547000000013,40.056220000000394],[42.28219,39.97813999999926]]]},"properties":{}},{"type":"Feature","geometry":{"type":"MultiLineString","coordinates":[[[35.401786214005426,39.81161028055135],[35.53264,39.81752000000057],[35.64462087360113,39.911304485000585],[35.75864999999982,39.949699999999325],[35.79759000000013,39.99256000000065],[35.839669999999444,39.97465],[36.09910999999926,39.9989000000005]]]},"properties":{}},{"type":"Feature","geometry":{"type":"MultiLineString","coordinates":[[[35.80093999999929,38.22093999999936],[35.83057999999983,38.21526000000085],[35.87116000000066,38.17760000000089],[36.0531100000008,38.21235999999965],[36.08031999999923,38.20061999999973],[36.07027000000028,38.15263000000061],[36.130160000000615,38.139279999999474],[36.175230000000795,38.1838000000007],[36.19564,38.24849],[36.23182000000094,38.263650000000894],[36.285939999999755,38.328480000000184]]]},"properties":{}},{"type":"Feature","geometry":{"type":"MultiLineString","coordinates":[[[35.58957057908765,38.65168463825751],[35.645720000000495,38.52521999999965],[35.69711151490577,38.47934794610097],[35.80638,38.45231000000064],[35.74321616169891,38.359673838301376],[35.73776973050366,38.322930000000326],[35.75310697019029,38.268488485095816],[35.80093999999929,38.22093999999936],[35.81790328718256,38.172203157547244],[35.72818,38.13557000000037]]]},"properties":{}},{"type":"Feature","geometry":{"type":"MultiLineString","coordinates":[[[35.55240459575441,38.74445232339701],[35.675740000000644,38.800520000000745],[35.713490000000206,38.80143999999939],[35.725300000000175,38.82122999999956],[35.81443000000047,38.85845999999941],[35.85686,38.85988],[35.9386099999993,38.815689999999506],[36.03854999999942,38.72120999999976],[36.168330000000424,38.67446000000018]]]},"properties":{}},{"type":"Feature","geometry":{"type":"MultiLineString","coordinates":[[[36.232527936640224,38.67493567885913],[36.28980000000047,38.677050000000236],[36.35345000000052,38.70324000000079],[36.64348000000075,38.86666999999943],[36.86118,38.89628000000084],[36.919900000000894,38.85347],[37.01025999999922,38.835859999999286],[37.02875999999918,38.75045],[37.1299199999994,38.753350000000864],[37.263479999999674,38.7251899999992],[37.4080699999995,38.71588999999955],[37.44996,38.67173],[37.45285999999942,38.61050000000074],[37.495740000000296,38.57317],[37.53544999999946,38.50747000000058],[37.621440000000916,38.51315000000068],[37.67275,38.47362000000078],[37.870650000000865,38.49631000000056],[37.88253000000077,38.48034999999982],[37.84642,38.44094000000041],[37.90687000000082,38.429060000000504],[37.900509999999485,38.38249]]]},"properties":{}},{"type":"Feature","geometry":{"type":"MultiLineString","coordinates":[[[36.3798599999991,38.65164],[36.368179999999484,38.67652000000089],[36.404130000000805,38.731400000000576]]]},"properties":{}},{"type":"Feature","geometry":{"type":"MultiLineString","coordinates":[[[36.65745000000055,38.86943000000059],[36.68087000000014,38.93051000000014],[36.66195283687159,39.097920000000215],[36.69549000000012,39.133550000000525],[36.69903999999951,39.25059],[36.900009999999384,39.38315999999952],[37.07409999999987,39.60605000000044]]]},"properties":{}},{"type":"Feature","geometry":{"type":"MultiLineString","coordinates":[[[37.03227633527479,39.74856943277433],[37.00042000000036,39.77397000000025],[36.934670000000665,39.91149000000041],[36.88168000000047,39.94767999999931],[36.87082000000021,39.99874000000091]]]},"properties":{}},{"type":"Feature","geometry":{"type":"MultiLineString","coordinates":[[[37.03161,39.747890000000666],[37.07784999999967,39.64345999999938],[37.09062459575472,39.41595000000058],[37.14294459575365,39.399040000000355],[37.17393691915163,39.35105616169761],[37.22631999999987,39.328170000000796],[37.24095999999918,39.305459999999584],[37.33016999999933,39.28212],[37.42092000000042,39.22423],[37.50684999999976,39.14948],[37.67708999999934,39.08470999999929],[37.81898080849203,38.993238485095276],[37.90336080849045,38.968118485094976],[37.8897131318883,38.93288848509542],[37.92272388933992,38.82515232339739],[37.9606131318871,38.799903940379124],[38.006573131888445,38.704433940378806],[38.354590000000826,38.505100000000425]]]},"properties":{}},{"type":"Feature","geometry":{"type":"MultiLineString","coordinates":[[[37.39109021719639,39.2385580359221],[37.232183080850234,39.087536919151376],[37.309123080849076,39.00878691915091],[37.29377308084946,38.986056919150315],[37.30102151490564,38.92526308084922],[37.23045308084829,38.842726919151346],[37.29900075745343,38.767594595755384],[37.283943080848644,38.7281569191515]]]},"properties":{}},{"type":"Feature","geometry":{"type":"MultiLineString","coordinates":[[[35.501238598338034,38.7215891263308],[35.57291383830227,38.68788691915023],[35.58957057908765,38.65168463825751],[35.66805000000028,38.67164000000042],[35.74670999999955,38.63550000000032],[35.997980000000155,38.60179000000056],[36.027249999999185,38.52318000000014],[36.10175999999967,38.49282],[36.23586000000074,38.49532],[36.30827999999934,38.47985999999946],[36.33275999999944,38.41389999999956],[36.27436999999924,38.334699999999486],[36.443540000000326,38.34842000000032],[36.44621848509519,38.23753616169864],[36.47456000000062,38.190319999999815],[36.47729000000072,38.0846600000005],[36.50703000000061,38.03007000000082],[36.7432000000008,38.17375999999973],[36.876410000000874,38.216220000000305],[36.92143540424621,38.24630232339564],[37.050489999999684,38.22270000000037],[37.19613000000021,38.24488000000025],[37.50273000000027,38.23503999999963],[37.54780000000028,38.27117],[37.68074999999965,38.324699999999154],[37.804949999999735,38.340280000000405],[37.88673924254749,38.3776500000003],[37.92893000000015,38.37634000000082],[37.97185999999965,38.3493899999994],[38.2149499999997,38.336160000000746],[38.32428000000084,38.36467000000084],[38.372859999999605,38.42550999999918]]]},"properties":{}},{"type":"Feature","geometry":{"type":"MultiLineString","coordinates":[[[38.194289999999455,38.3383900000008],[38.11577000000034,38.30681999999979],[38.06375999999909,38.266820000000735],[38.02396000000044,38.17280000000028],[37.89401999999973,38.10103],[37.934950000000754,38.02375000000029],[38.02036000000044,38.00164000000041]]]},"properties":{}},{"type":"Feature","geometry":{"type":"MultiLineString","coordinates":[[[37.87840999999935,39.99144999999959],[37.82177000000058,39.98377000000079],[37.77283,39.90186]]]},"properties":{}},{"type":"Feature","geometry":{"type":"MultiLineString","coordinates":[[[37.77283,39.90186],[37.840980000000854,39.86595999999929],[37.97755999999947,39.89492000000075],[38.10800000000023,39.86997999999954],[38.23954817087764,39.87391574156953],[38.26301000000069,39.80825999999985],[38.32186,39.75979999999987],[38.374470000000656,39.74349000000075],[38.46616,39.66491999999931],[38.55462000000091,39.514370000000895]]]},"properties":{}},{"type":"Feature","geometry":{"type":"MultiLineString","coordinates":[[[38.61968999999959,37.9959099999997],[38.669900000000894,38.05431999999928],[38.66418999999951,38.07574000000017],[38.69899000000083,38.10174000000012],[38.70783999999912,38.140639999999564],[38.63369000000068,38.19038],[38.5936700000002,38.2567999999992],[38.530259999999544,38.292330000000334]]]},"properties":{}},{"type":"Feature","geometry":{"type":"MultiLineString","coordinates":[[[38.70917,38.13685000000078],[38.77267000000029,38.08314000000064],[38.78900000000067,38.044449999999415],[38.75473000000056,38.026560000000245],[38.721159999999145,38.031049999999595],[38.69533000000047,37.99721999999929]]]},"properties":{}},{"type":"Feature","geometry":{"type":"MultiLineString","coordinates":[[[38.5936700000002,38.2567999999992],[38.83198000000084,38.23774000000043],[39.015530000000695,38.306539999999586]]]},"properties":{}},{"type":"Feature","geometry":{"type":"MultiLineString","coordinates":[[[38.48393000000033,38.33651],[38.531629999999495,38.33966999999939],[38.64882000000034,38.38869999999952],[38.71299999999974,38.4366399999999],[38.782279999999446,38.44066000000021],[38.93359000000055,38.48294999999962],[39.018519999999626,38.48236999999972]]]},"properties":{}},{"type":"Feature","geometry":{"type":"MultiLineString","coordinates":[[[38.69482000000062,38.83823999999919],[38.75917471661518,38.94717662870073],[38.753810000000215,38.967730000000415],[38.679369999999835,38.99262000000101],[38.58839000000086,39.085619999999835],[38.540909999999656,39.10872000000029],[38.46850000000097,39.1189799999994],[38.36659999999944,39.1065],[38.330679999999234,39.15033000000034],[38.33425999999969,39.18333999999959],[38.362717676604404,39.218639999999255],[38.35088,39.32663999999943],[38.3301,39.36995000000036],[38.402640000000304,39.435540000000344]],[[38.372859999999605,38.42550999999918],[38.3459899999998,38.62181000000061],[38.4213,38.72205000000031],[38.47645000000011,38.76305999999943]],[[38.39927,39.43316000000061],[38.53248,39.50958],[38.6204,39.53124000000031],[38.766820000000735,39.61499999999984],[38.92699999999979,39.60021000000057],[39.03725,39.6124]]]},"properties":{}},{"type":"Feature","geometry":{"type":"MultiLineString","coordinates":[[[13.343419999999298,41.64912999999984],[13.325160000000267,41.785320000000866],[13.276840000000504,41.82601000000062],[13.177320000000634,41.83986000000016]]]},"properties":{}},{"type":"Feature","geometry":{"type":"MultiLineString","coordinates":[[[12.621732944397309,41.450266696522476],[12.526045299508723,41.57555483632348],[12.2849155346305,41.75178680739862]]]},"properties":{}},{"type":"Feature","geometry":{"type":"MultiLineString","coordinates":[[[12.630979529865783,41.45006206287593],[12.679948837365771,41.458057051855576],[12.762199999999325,41.414140000000884],[12.833199999999124,41.42704000000049],[12.87577000000067,41.416279999999404],[12.972540000000663,41.35388000000063],[13.041699999999764,41.251819999999555],[13.10797,41.253679999999804],[13.233009999999865,41.29795000000024]]]},"properties":{}},{"type":"Feature","geometry":{"type":"MultiLineString","coordinates":[[[6.305969999999434,36.43643999999949],[6.328810000000885,36.401700000000346],[6.364030000000639,36.388849999999366],[6.514890000000378,36.38837000000058],[6.591500000000451,36.36600999999973]]]},"properties":{}},{"type":"Feature","geometry":{"type":"MultiLineString","coordinates":[[[6.591500000000451,36.35981999999967],[6.538679999999658,36.30365999999958],[6.4639700000007,36.2675],[6.380209999999352,36.24798],[6.26814000000013,36.25560000000041],[6.231019999999262,36.214200000000346],[6.019959999999628,36.19231000000036],[5.906460000000152,36.16208999999981],[5.713250000000698,36.152570000000196],[5.593080000000555,36.17922],[5.39487,36.193020000000615]]]},"properties":{}},{"type":"Feature","geometry":{"type":"MultiLineString","coordinates":[[[20.735360000000583,39.013709999999264],[20.700259999999616,39.06666000000041],[20.501570000000356,39.22772000000077],[20.43837,39.355170000000726],[20.32282,39.42402000000038],[20.286229999999705,39.46299],[20.209639999999126,39.611259999999675],[20.027609999999186,39.7464400000008],[20.064790000000357,39.78004999999939],[20.075800000000527,39.85722999999962],[20.06866000000082,39.89679000000069],[20.036239999999452,39.929949999999735]]]},"properties":{}},{"type":"Feature","geometry":{"type":"MultiLineString","coordinates":[[[20.733640000000435,39.01563],[20.757449999999267,39.038920000000815],[20.74936,39.13600000000042],[20.79433000000074,39.18608999999918],[20.797660000000178,39.2129800000003]],[[20.218689999999754,40.03565],[20.26116,39.98271000000028],[20.36395000000084,39.9302399999998],[20.424339999999575,39.87599000000051]]]},"properties":{}},{"type":"Feature","geometry":{"type":"MultiLineString","coordinates":[[[20.776270000000352,39.173849999999334],[20.990700000000288,39.1584899999998],[20.999369999999658,39.13280999999921]]]},"properties":{}},{"type":"Feature","geometry":{"type":"MultiLineString","coordinates":[[[21.17070000000058,38.85917999999947],[21.17516000000063,38.797909999999376],[21.204910000000496,38.768770000000586],[21.211750000000507,38.71939000000032],[21.23197000000073,38.69857000000053]]]},"properties":{}},{"type":"Feature","geometry":{"type":"MultiLineString","coordinates":[[[19.48139000000083,40.74921],[19.57809000000094,40.73398000000094],[19.584759999999847,40.76158000000038],[19.54383000000064,40.94337000000098],[19.54192999999941,41.01856000000055],[19.555249999999432,41.07186],[19.62378,41.16893999999968],[19.559080000001018,41.217249999999694],[19.498410000000263,41.32432],[19.444869999999355,41.32789000000054]]]},"properties":{}},{"type":"Feature","geometry":{"type":"MultiLineString","coordinates":[[[19.83451000000059,40.903399999999294],[19.95729000000034,40.94622999999956],[20.02343,41.045210000000225],[20.08149000000043,41.08804000000049],[20.078639999999837,41.11564]]]},"properties":{}},{"type":"Feature","geometry":{"type":"MultiLineString","coordinates":[[[19.57809000000094,40.73398000000094],[19.647000000000844,40.72351],[19.772639999999342,40.78442],[19.796430000000385,40.85484999999983],[19.83451000000059,40.903399999999294],[19.799769999999626,40.96717],[19.82642,41.02808],[19.82070000000016,41.05472999999989]]]},"properties":{}},{"type":"Feature","geometry":{"type":"MultiLineString","coordinates":[[[19.633448342472946,41.14382681024523],[19.62378,41.16893999999968],[19.699710000000778,40.986860000001],[19.642599999999334,40.92475],[19.56293,40.87349999999981]]]},"properties":{}},{"type":"Feature","geometry":{"type":"MultiLineString","coordinates":[[[19.67259000000024,43.39419000000095],[19.817139999999256,43.19015000000036],[19.774310000000753,43.0226899999999],[19.86800000000045,42.96083],[19.89299000000028,42.8698100000002],[19.882279999999867,42.81895000000088],[19.81387,42.74518999999975],[19.845400000000154,42.73508000000044],[19.875480000000664,42.69673999999952],[19.939249999999447,42.67627999999968],[19.993500000000495,42.711020000000644],[20.039950000000317,42.69484000000023],[20.119420000000844,42.716249999999604],[20.154640000000654,42.71006999999912],[20.22702075949212,42.67475994487296],[20.272970361406465,42.67290788484689],[20.30806741124246,42.611041898695305]]]},"properties":{}},{"type":"Feature","geometry":{"type":"MultiLineString","coordinates":[[[19.511640000000682,42.06579000000056],[19.44811,42.02475000000055],[19.402599999999552,42.02439000000061],[19.351199999999096,41.97014],[19.228240000000312,41.93088],[19.11153000000013,42.1218300000001],[18.94931,42.21423999999928],[18.906300000000613,42.27402000000086],[18.822780000000535,42.296150000000125],[18.773349999999482,42.38430999999957],[18.77085000000079,42.48691999999943],[18.70750000000055,42.492630000000645],[18.69643999999971,42.524040000000355]]]},"properties":{}},{"type":"Feature","geometry":{"type":"MultiLineString","coordinates":[[[18.52632000000085,42.4615900000008],[18.631970000000365,42.446599999999364],[18.67337000000049,42.4723],[18.6512500000008,42.50157000000047],[18.69643999999971,42.524040000000355]]]},"properties":{}},{"type":"Feature","geometry":{"type":"MultiLineString","coordinates":[[[19.21914,42.51612000000034],[19.282729595691535,42.480394014817705],[19.2909999999992,42.43462],[19.329669999999226,42.3959500000002],[19.363579999999388,42.32457000000079],[19.459650000000806,42.337760000000344],[19.447749999999417,42.259229999999775],[19.511640000000682,42.06579000000056],[19.544110000000728,42.064909999999145],[19.589089999999487,42.01851],[19.631919999999752,42.01066],[19.631919999999752,41.94926999999922],[19.67046,41.89502],[19.662609999999404,41.78794000000022],[19.689019999999857,41.77117],[19.73042999999973,41.69978000000094],[19.71829000000065,41.577719999999374],[19.741130000000396,41.50347999999934],[19.70259000000084,41.40997000000067],[19.498410000000263,41.32432]]]},"properties":{}},{"type":"Feature","geometry":{"type":"MultiLineString","coordinates":[[[19.662609999999404,41.78794000000022],[19.67046,41.89502],[19.631919999999752,41.94926999999922],[19.631919999999752,42.01066],[19.793100000000777,41.9994499999994],[19.858060000000478,42.03800000000052],[19.95671000000044,42.049419999999486],[20.122320000000457,42.11153000000019],[20.226899999999773,42.113670000000695],[20.292569999999614,42.09582000000046],[20.473529999999414,42.12295000000097],[20.72873000000078,42.227880000000425],[20.810460000000546,42.335310000000504],[20.872569999999484,42.45024000000012],[20.91468,42.473799999999756],[21.018550000000687,42.48379000000034],[21.09778,42.53019],[21.152749999999344,42.5409]]]},"properties":{}},{"type":"Feature","geometry":{"type":"MultiLineString","coordinates":[[[21.190940000000467,42.60315000000094],[21.152749999999344,42.5409],[21.15025000000071,42.39612999999929],[21.202359999999317,42.31546999999961],[21.260179999999252,42.2690700000004],[21.275170000000912,42.19304999999986],[21.343699999999558,42.10310000000027],[21.440430000000504,42.01815999999974],[21.533939999999404,42.01743999999968]]]},"properties":{}},{"type":"Feature","geometry":{"type":"MultiLineString","coordinates":[[[21.533939999999404,42.01743999999968],[21.55891999999949,42.022440000000756],[21.63587,42.11167000000023],[21.67498999999964,42.34224],[21.850239999999815,42.512769999999364],[21.99871999999965,42.61485],[22.039409999999464,42.69765999999976]]]},"properties":{}},{"type":"Feature","geometry":{"type":"MultiLineString","coordinates":[[[21.83,43.215060000000506],[21.985559999999168,43.03901000000036],[22.049450000000434,42.89815000000095],[22.12975,42.83151999999984],[22.08929999999964,42.747649999999396],[22.039409999999464,42.69765999999976]]]},"properties":{}},{"type":"Feature","geometry":{"type":"MultiLineString","coordinates":[[[22.1503100000009,42.17569],[22.159680000000662,42.15579000000071],[22.21107999999913,42.14079999999922],[22.175390000000334,42.065850000000864],[22.226780000000872,41.993749999999636]]]},"properties":{}},{"type":"Feature","geometry":{"type":"MultiLineString","coordinates":[[[21.76925999999912,40.30718999999954],[21.9501,40.248890000000756],[21.98639,40.198920000000726],[22.05967000000055,40.17095999999947],[22.062050000000454,40.10284999999931],[22.101909999999407,40.071319999999105],[22.109049999999115,40.04573999999957]]]},"properties":{}},{"type":"Feature","geometry":{"type":"MultiLineString","coordinates":[[[22.563019999999597,40.04728000000068],[22.563019999999597,40.09368],[22.49164000000019,40.17696000000069],[22.50828999999976,40.254290000000765],[22.611800000000585,40.42441999999937],[22.561830000000555,40.49937999999929],[22.560639999999694,40.52435999999943],[22.646300000000338,40.58385000000089],[22.849739999999656,40.66237],[22.93279000000075,40.65641999999934]]]},"properties":{}},{"type":"Feature","geometry":{"type":"MultiLineString","coordinates":[[[22.961100000000442,40.64643000000069],[22.97062,40.69045],[23.00869000000057,40.739229999999225],[23.10268,40.67617000000064],[23.23116999999911,40.64048],[23.358469999999215,40.66902999999911],[23.578450000000885,40.64286],[23.6890999999996,40.68687999999929],[23.70932,40.747559999999794],[23.835440000000744,40.805850000000646],[23.857089999999516,40.8427300000003]]]},"properties":{}},{"type":"Feature","geometry":{"type":"MultiLineString","coordinates":[[[23.857089999999573,40.8427300000003],[23.846380000000863,40.94648000000058],[23.593210000001022,41.046420000000694],[23.556329999999548,41.09995],[23.440919999999096,41.13445999999942],[23.38976,41.18323000000055],[23.386189999999374,41.25581000000051],[23.34336000000087,41.29983],[23.358829999999216,41.33432999999974],[23.360020000000134,41.423800000000426],[23.183349999999336,41.7140899999996],[23.16669,41.75692],[23.163119999999367,41.86067000000014],[23.14289,41.86900000000065],[23.076269999999624,42.014139999999315],[23.079840000000274,42.05221]]]},"properties":{}},{"type":"Feature","geometry":{"type":"MultiLineString","coordinates":[[[23.799740000000384,41.60724999999911],[23.74859,41.644140000000334],[23.671249999999418,41.78571000000011],[23.618909999999232,41.82734999999957],[23.60938999999962,41.866620000000694],[23.580830000000788,41.88921999999911],[23.524919999999838,41.90468999999939],[23.361919999999373,41.88803],[23.231050000000323,41.9380000000001],[23.123859999999695,41.91302]]]},"properties":{}},{"type":"Feature","geometry":{"type":"MultiLineString","coordinates":[[[23.79974000000044,41.60724999999911],[23.830350000000237,41.47947000000033],[23.82388,41.439969999999505],[23.86091999999917,41.39714],[23.87101000000075,41.32941000000034],[23.971135229177435,41.28355353890339],[23.973514690183265,41.194621183810455],[24.06095988214753,41.12591424726713],[24.120255728752568,41.04585412251379]]]},"properties":{}},{"type":"Feature","geometry":{"type":"MultiLineString","coordinates":[[[24.19572999999957,41.841169999999806],[24.15918204958399,41.78982154269306],[24.148117555906765,41.71629619761285],[24.167034270903173,41.661330648378225],[24.14597604100163,41.64705388234324],[24.064598474602235,41.65954605262385],[24.00481451683072,41.62421105668733],[23.96178460766157,41.626985206706024],[23.883030000000872,41.59939],[23.796060000000637,41.610930000000735],[23.750249999999255,41.595100000000514],[23.67951,41.5986699999994],[23.634899999999163,41.553340000000446],[23.54245000000094,41.540139999999155],[23.41718000000037,41.456260000000896],[23.335080000000744,41.43109999999979],[23.199099999999873,41.4050399999997],[23.02241999999933,41.4050399999997],[22.650100249545176,41.461345665349995]]]},"properties":{}},{"type":"Feature","geometry":{"type":"MultiLineString","coordinates":[[[19.65795000000071,41.07733],[19.81319000000076,41.05446999999913],[19.915870000000723,41.082430000000386],[19.990820000000895,41.065780000000814],[20.243280000000595,41.18743],[20.27182999999968,41.17166],[20.32971,41.17225999999937],[20.46212999999989,41.0946299999996],[20.586820000000444,41.09045999999944],[20.61090999999942,41.095219999999244],[20.620129999999335,41.13716000000022],[20.66968000000088,41.18743],[20.73243999999977,41.18087999999989],[20.805249999999432,41.12615],[20.89311000000089,41.207650000000285],[20.925230000000738,41.2141900000006],[21.05050999999912,41.08273],[21.20887000000039,41.09016999999949],[21.28113999999914,41.07738000000063],[21.33325,41.04823000000033],[21.345830000000205,41.023409999999785],[21.401659999999538,41.00360999999975],[21.444550000000163,40.95140999999967],[21.4856,40.85838],[21.65745000000061,40.74416000000019],[21.694040000000314,40.66957],[21.8100400000003,40.719530000000304],[21.87702,40.79038000000037],[22.03900000000067,40.82697],[22.07201999999961,40.79960000000028],[22.13465,40.78175999999985],[22.202470000000176,40.774020000000746],[22.273440000000846,40.79663000000073],[22.472180000000662,40.78146000000015],[22.844719999999143,40.7118],[22.961100000000442,40.64643000000069]]]},"properties":{}},{"type":"Feature","geometry":{"type":"MultiLineString","coordinates":[[[21.533939999999404,42.01743999999968],[21.661200000000463,41.93464999999924],[21.713550000000453,41.80235],[21.763989999999467,41.77285],[21.783420025487544,41.724205456257096]]]},"properties":{}},{"type":"Feature","geometry":{"type":"MultiLineString","coordinates":[[[21.19094000000041,42.603150000000824],[21.22277000000031,42.613470000000234],[21.278089999999793,42.68484999999964],[21.35959,42.72351999999955]]]},"properties":{}},{"type":"Feature","geometry":{"type":"MultiLineString","coordinates":[[[19.431749999999738,40.51159999999982],[19.50884000000042,40.461629999999786],[19.49813,40.380960000000414],[19.50956000000042,40.3402700000006],[19.59022,40.214640000000145],[19.69872000000032,40.17609000000084],[19.77368000000024,40.117560000000594],[19.851479999999356,40.10470999999961]]]},"properties":{}},{"type":"Feature","geometry":{"type":"MultiLineString","coordinates":[[[19.48139000000083,40.74921],[19.54515,40.61327999999958],[19.728370000000723,40.547850000000835],[19.749789999999848,40.53238000000056],[19.779529999999795,40.45267000000058],[19.910400000000664,40.40032000000065],[20.023419999999533,40.32655999999952],[20.08648,40.25041000000056],[20.093619999999646,40.202830000000176],[20.14716000000044,40.114550000000236],[20.203380000000834,40.07461999999941],[20.21973000000071,40.032460000000356]]]},"properties":{}},{"type":"Feature","geometry":{"type":"MultiLineString","coordinates":[[[22.56337999999971,40.52823],[22.491040000000737,40.56773000000078],[22.27462000000014,40.4954799999997],[22.201499999999157,40.531559999999445]]]},"properties":{}},{"type":"Feature","geometry":{"type":"MultiLineString","coordinates":[[[22.650869999999486,41.45929000000075],[22.650900000000547,41.42688000000089],[22.612230000000693,41.40309],[22.599140000000318,41.34301000000062],[22.621750000000247,41.31445],[22.614020000000835,41.26923999999974],[22.68302000000034,41.23949999999962],[22.73239,41.177040000000545],[22.7199,41.080369999999675],[22.746080000000802,40.960209999999336],[22.739530000000855,40.88883],[22.79307,40.857889999999315],[22.86714000000029,40.70320999999967]],[[22.650100249545176,41.461345665349995],[22.596980000000315,41.54174000000063],[22.45099999999917,41.6258],[22.28075,41.63758000000058],[22.226140000000782,41.6607800000001],[22.163679999999715,41.715379999999755]]]},"properties":{}},{"type":"Feature","geometry":{"type":"MultiLineString","coordinates":[[[22.602310000000273,40.750690000000816],[22.555000000000348,40.88551999999976],[22.560949999999195,40.98069000000032],[22.599019999999655,41.03959000000043],[22.599019999999655,41.06826000000012],[22.494329999999593,41.28312000000011],[22.406290000000865,41.36818999999929],[22.199870000000374,41.42351000000059],[22.13622000000032,41.49340999999907],[22.103499999999315,41.50590000000011],[22.095170000000564,41.53743000000031],[21.970390000000407,41.555940000000305],[21.796350000000473,41.69575000000077],[21.783420025487544,41.724205456257096]]]},"properties":{}},{"type":"Feature","geometry":{"type":"MultiLineString","coordinates":[[[23.07064999999966,42.14019],[22.913609999999608,42.250239999999394],[22.70896999999968,42.30734999999913]]]},"properties":{}},{"type":"Feature","geometry":{"type":"MultiLineString","coordinates":[[[22.717300000000193,42.30854],[23.00938,42.30652000000015],[23.20068999999961,42.32496],[23.478129999999624,42.29700000000048],[23.643500000000188,42.30116000000095]],[[22.70896999999968,42.30735],[22.576069999999163,42.281530000000316],[22.397489999999436,42.21906999999925],[22.13597999999911,42.17364000000089],[21.653319999999496,42.17174999999963]]]},"properties":{}},{"type":"Feature","geometry":{"type":"MultiLineString","coordinates":[[[23.31609000000026,42.70888999999988],[23.14358,42.61311000000023],[23.120380000000296,42.58039],[23.137039999999615,42.52150000000074],[23.118000000000393,42.467969999999696],[23.130489999999554,42.30152000000089],[23.07064999999966,42.14019]]]},"properties":{}},{"type":"Feature","geometry":{"type":"MultiLineString","coordinates":[[[23.135340000000724,42.6014899999991],[23.010229999999865,42.60383],[22.940269999999146,42.58526999999958],[22.906960000000254,42.47867000000042],[22.868510000000242,42.42584999999963],[22.71730000000025,42.30854]]]},"properties":{}},{"type":"Feature","geometry":{"type":"MultiLineString","coordinates":[[[21.891030000000796,43.32856],[21.842490000000907,43.23041000000012],[21.78467,43.17973],[21.599790000000326,43.24325999999928],[21.469150000000752,43.242190000000846],[21.37206999999944,43.21613000000076],[21.254290000000765,43.132970000000626],[21.25821,43.065160000000105],[21.20468000000085,42.94980000000038],[21.17397999999963,42.82399000000083],[21.190940000000467,42.60315000000094]]]},"properties":{}},{"type":"Feature","geometry":{"type":"MultiLineString","coordinates":[[[18.71636000000035,46.374620000000505],[18.70304000000033,46.34483],[18.70161,46.2125300000007],[18.72969000000012,46.09546000000046],[18.67685999999958,46.04025999999976],[18.67258000000038,46.00132999999914],[18.693999999999505,45.962789999999586],[18.82057999999961,45.86808000000019],[18.827719999999317,45.77966000000015],[18.771090000000186,45.64974000000075],[18.68304999999964,45.546480000000884]]]},"properties":{}},{"type":"Feature","geometry":{"type":"MultiLineString","coordinates":[[[18.80393,45.27484],[18.821060000000216,45.38666999999987],[18.790129999999408,45.443779999999606],[18.68304999999964,45.546480000000884]]]},"properties":{}},{"type":"Feature","geometry":{"type":"MultiLineString","coordinates":[[[18.568579598930057,45.606583117020875],[18.683049999999753,45.54648000000083],[18.92604000000034,45.52611000000081],[18.97982000000053,45.5008899999994],[19.008850000000166,45.41618000000011],[18.965539999999237,45.3942900000003],[18.965539999999237,45.380010000000766],[19.102500000000873,45.27664000000016],[19.21814000000097,45.239050000000134],[19.29324000000088,45.2243],[19.530619999999544,45.229530000000636],[19.59296,45.20430999999917],[19.807969999999898,45.21049999999923],[19.856509999999616,45.225720000000365],[19.881729999999266,45.25237000000021],[19.95558999999963,45.186700000000144],[20.007460000000776,45.163860000000625],[20.234650000000443,45.154819999999745],[20.34753,45.04545999999931],[20.35039,45.023569999999495],[20.294710000000123,44.99453999999969],[20.29138000000063,44.9350500000001],[20.429389999999444,44.81917000000078],[20.468360000000814,44.81751000000071]]]},"properties":{}},{"type":"Feature","geometry":{"type":"MultiLineString","coordinates":[[[22.899729999999238,44.010029730503334],[22.83786,43.935309730502865],[22.82263000000063,43.86534973050203],[22.846900000000574,43.84155973050292],[22.964449999999545,43.80300973050362],[23.04887000000059,43.783029730502676],[23.10693,43.78730973050364],[23.35210999999987,43.84964973050228],[23.47098999999986,43.84155973050292],[23.530950000000303,43.804439730503816],[23.58377,43.793969730502795],[23.702180000000226,43.80491973050266],[23.84970000000078,43.75303973050359]]]},"properties":{}},{"type":"Feature","geometry":{"type":"MultiLineString","coordinates":[[[22.77715,44.53732999999926],[22.91634999999951,44.54660999999953],[23.151200000000188,44.526620000000605],[23.394619999999122,44.57872999999938],[23.54666999999978,44.53874999999971],[23.5895000000001,44.513769999999624],[23.77723999999955,44.37385999999975],[23.855610000000524,44.24785999999955],[23.932000000000812,44.07869000000028],[23.931280000000754,44.010870000000125],[23.959119999999587,43.931629999999245],[23.931280000000754,43.800999999999476]]]},"properties":{}},{"type":"Feature","geometry":{"type":"MultiLineString","coordinates":[[[18.396230000000287,47.07553999999982],[18.55219000000028,47.006830000000264],[18.605729999999255,46.950909999999624],[18.67414,46.79208],[18.7479000000003,46.503280000000814],[18.77986000000061,46.439179999999396]]]},"properties":{}},{"type":"Feature","geometry":{"type":"MultiLineString","coordinates":[[[19.610090000000127,45.20621000000028],[19.570009999999456,45.106040000000576],[19.61569000000054,45.022290000000794],[19.615089999999327,44.97606000000087]]]},"properties":{}},{"type":"Feature","geometry":{"type":"MultiLineString","coordinates":[[[18.545889999999417,45.12221999999929],[18.724819999999454,45.21550000000025],[18.80393,45.27484]]]},"properties":{}},{"type":"Feature","geometry":{"type":"MultiLineString","coordinates":[[[18.557119999999486,44.91093],[18.643729999999778,44.86333999999982],[18.744619999999486,44.90806999999961],[18.851220000000524,44.92425]]]},"properties":{}},{"type":"Feature","geometry":{"type":"MultiLineString","coordinates":[[[18.552359999999794,45.10224000000028],[18.697980000000825,45.093670000000316],[18.756040000000212,45.041320000000326],[18.7627,45.017529999999226],[18.810289999999497,44.98611999999952],[18.851220000000524,44.92425]],[[18.850268215598305,44.92425],[18.869308215597528,44.88808000000063],[18.894048215598332,44.87857000000088],[19.02824821559841,44.83477999999934],[19.09582821559769,44.83858999999944],[19.387078215597967,44.88808000000063],[19.55648821559828,44.94233999999972],[19.614138215597166,44.976060000000984]]]},"properties":{}},{"type":"Feature","geometry":{"type":"MultiLineString","coordinates":[[[19.615089999999384,44.976060000000984],[19.29190000000017,44.64394999999968],[19.242066897746383,44.56208491619424],[19.156929999999193,44.54448000000059],[19.107550000000742,44.516519999999275],[19.104579999999203,44.36692000000039],[19.141460000000677,44.29791],[19.109930000000645,44.22027999999966],[19.048070000000735,44.134620000000666],[18.9285,44.08882000000085],[18.880909999999858,43.98085],[18.82797000000022,43.94039999999961],[18.604300000000876,43.91244]]]},"properties":{}},{"type":"Feature","geometry":{"type":"MultiLineString","coordinates":[[[19.302390000000685,44.82986999999969],[19.01884000000075,44.644449999999836],[18.936980000000517,44.66253999999947],[18.915090000000475,44.6168500000004]]]},"properties":{}},{"type":"Feature","geometry":{"type":"MultiLineString","coordinates":[[[19.249169999999253,44.090039999999135],[19.33483,44.086230000000796],[19.568020000000672,44.012940000000526]],[[19.141460000000677,44.29791],[19.161165223548153,44.279404948701654],[19.315790000000618,44.2442300000003],[19.356719999999825,44.18140999999929],[19.411920000000464,44.13762999999926],[19.458559999999068,44.12145000000061],[19.48044999999911,44.0890899999996],[19.59847000000093,44.043400000000474],[19.568020000000672,44.012940000000526],[19.567069999999205,43.992000000000246]]]},"properties":{}},{"type":"Feature","geometry":{"type":"MultiLineString","coordinates":[[[19.07603000000023,44.18874999999946],[19.18254,44.10621999999972],[19.33483,44.086230000000796],[19.568020000000672,44.012940000000526]]]},"properties":{}},{"type":"Feature","geometry":{"type":"MultiLineString","coordinates":[[[19.567069999999205,43.992000000000246],[19.568970000000263,43.97315999999961],[19.626080000000115,43.92747000000054],[19.63326000000052,43.856120000000374],[19.860909999999535,43.856079999999565]]]},"properties":{}},{"type":"Feature","geometry":{"type":"MultiLineString","coordinates":[[[19.615089999999384,44.976060000000984],[19.652690000000916,44.81424999999956],[19.68648000000036,44.75476999999955],[19.74725000000035,44.725210000000516],[19.773779999999533,44.69121000000092],[19.890620000000126,44.4573],[19.91806,44.338350000000105],[19.91038611045377,44.27959530558212],[19.862119999999777,44.23013999999978],[19.84879,44.18541],[19.864970000000596,44.05787000000066],[19.904469999999435,44.00504],[19.929930000000354,43.89154000000059],[20.025219999999592,43.83279000000044]]]},"properties":{}},{"type":"Feature","geometry":{"type":"MultiLineString","coordinates":[[[22.688019999999653,45.69453000000078],[22.728940000000875,45.67787],[22.866,45.67168999999927],[22.892649999999833,45.714990000000455],[22.896930000000793,45.77020000000084],[22.96402999999924,45.85966000000013],[22.94643,45.93224000000015],[22.96451,45.97221]]]},"properties":{}},{"type":"Feature","geometry":{"type":"MultiLineString","coordinates":[[[22.97502,46.379769999999496],[22.840580000000102,46.364900000000546],[22.73468999999932,46.40058999999928]],[[23.756460000000573,46.56262000000061],[23.680930000000444,46.504629999999565],[23.542499999999563,46.49124],[23.470820000000515,46.44636],[23.45030000000054,46.40620999999925],[23.3658300000007,46.406510000000765],[23.205809999999417,46.37620000000061],[22.97096515659655,46.382669099406826]]]},"properties":{}},{"type":"Feature","geometry":{"type":"MultiLineString","coordinates":[[[23.419980000000578,46.607309999999416],[23.585950000000594,46.5287900000003],[23.600220000000263,46.49957]]]},"properties":{}},{"type":"Feature","geometry":{"type":"MultiLineString","coordinates":[[[23.112090000000535,44.96889999999985],[23.127189999999246,44.945449999999255],[23.284229999999297,44.86765000000014],[23.327769999999873,44.82266999999956],[23.507659999999305,44.57532999999967],[23.51148,44.54954]]]},"properties":{}},{"type":"Feature","geometry":{"type":"MultiLineString","coordinates":[[[23.632190000000264,43.59072000000015],[23.49305,43.526379999999335],[23.40187,43.53931999999986],[23.39083000000028,43.517620000000534]]]},"properties":{}},{"type":"Feature","geometry":{"type":"MultiLineString","coordinates":[[[23.40187,43.53931999999986],[23.27281000000039,43.478220000000874],[23.175160000000687,43.37533000000076],[23.080550000000585,43.31927],[22.761319999999614,43.205910000000586],[22.57068000000072,43.15788000000066]]]},"properties":{}},{"type":"Feature","geometry":{"type":"MultiLineString","coordinates":[[[22.57068000000072,43.15788000000066],[22.35852999999952,43.087509999999384],[22.297420000000784,43.04183000000012],[22.258589999999458,42.98672000000079],[22.09031,42.96321],[22.03168,42.9344600000004]]]},"properties":{}},{"type":"Feature","geometry":{"type":"MultiLineString","coordinates":[[[22.008099999999104,43.30214999999953],[22.00145,43.23159999999916],[22.024059999999736,43.20394],[22.099609999999302,43.18044],[22.28521,43.016279999999824]]]},"properties":{}},{"type":"Feature","geometry":{"type":"MultiLineString","coordinates":[[[21.82093999999961,43.20774999999958],[21.805309999999736,43.157390000000305],[21.701209999999264,43.066969999999856],[21.65719,42.937879999999495],[21.60305999999946,42.88375000000087],[21.550709999999526,42.79213999999956],[21.426980000000185,42.76923999999963],[21.35959,42.72351999999955]]]},"properties":{}},{"type":"Feature","geometry":{"type":"MultiLineString","coordinates":[[[21.638160000000425,42.91494000000057],[21.755349999999453,42.93996999999945],[21.801149999999325,42.887619999999515]]]},"properties":{}},{"type":"Feature","geometry":{"type":"MultiLineString","coordinates":[[[21.755349999999453,42.93996999999945],[21.8071,42.957220000000234],[21.967710000000807,43.06459]]]},"properties":{}},{"type":"Feature","geometry":{"type":"MultiLineString","coordinates":[[[22.7143300000007,44.1905399999996],[22.84853,44.07918000000063],[22.89972999999918,44.00884000000042]]]},"properties":{}},{"type":"Feature","geometry":{"type":"MultiLineString","coordinates":[[[22.91537000000062,43.82183000000077],[22.74402999999984,43.738540000000285],[22.65907999999945,43.721410000000105],[22.624809999999343,43.661449999999604],[22.528449999999793,43.61576000000059],[22.342130000000907,43.60006000000067],[22.22758000000067,43.564689999999246]]]},"properties":{}},{"type":"Feature","geometry":{"type":"MultiLineString","coordinates":[[[22.29102000000057,44.01087],[22.35099000000082,44.04585000000043],[22.32172,44.14293],[22.343849999999293,44.18290999999954],[22.399530000000595,44.21573999999964],[22.50518000000011,44.24287]]]},"properties":{}},{"type":"Feature","geometry":{"type":"MultiLineString","coordinates":[[[22.29102000000057,44.01087],[22.5896900000007,44.14792999999918],[22.634110000000874,44.19859]]]},"properties":{}},{"type":"Feature","geometry":{"type":"MultiLineString","coordinates":[[[22.13926,44.29711999999927],[22.171809999999823,44.371719999999186],[22.171809999999823,44.45809]]]},"properties":{}},{"type":"Feature","geometry":{"type":"MultiLineString","coordinates":[[[21.985860000000685,44.030979999999545],[22.012029999999868,44.07083000000057],[22.126249999999345,44.10712000000058]]]},"properties":{}},{"type":"Feature","geometry":{"type":"MultiLineString","coordinates":[[[21.431380000000104,44.305389999999534],[21.631260000000168,44.26255999999921],[21.702639999999633,44.229719999999304],[21.84541,44.206879999999785],[22.04757000000069,43.94419000000022],[22.061130000000162,43.93455],[22.150429999999744,43.948109999999474],[22.279850000000863,43.912420000000566],[22.31482999999946,43.852890000000116]]]},"properties":{}},{"type":"Feature","geometry":{"type":"MultiLineString","coordinates":[[[22.33512999999948,43.808349999999336],[22.313050000000658,43.867519999999786],[22.330180000000837,43.97816000000057],[22.239879999999175,44.0618599999998],[22.22846000000027,44.12432000000081],[22.17362999999932,44.19935000000078],[22.13651000000027,44.30707000000075],[21.956630000000587,44.405580000000555],[21.874680000000808,44.4747499999994],[21.80465,44.48831000000064],[21.73790999999983,44.44477],[21.6636,44.48688000000038],[21.634690000000774,44.539349999999104],[21.53132,44.57467999999972],[21.507770000000164,44.61109000000033],[21.50562,44.764139999999315]]]},"properties":{}},{"type":"Feature","geometry":{"type":"MultiLineString","coordinates":[[[21.334430000000793,44.836719999999445],[21.6510099999997,44.916670000000636],[21.701339999999732,44.87847999999951],[21.784569999999803,44.876340000000766],[21.84703000000087,44.827799999999115],[21.87594,44.824950000000285],[21.95275000000032,44.86635000000018],[21.955970000001003,44.894190000001004],[22.00094,44.92453000000029],[22.066539999999804,44.94237000000078],[22.09438000000057,44.92916999999943],[22.122929999999542,44.959860000000845],[22.156129999999393,44.96843000000081],[22.37313,44.924880000000485]]]},"properties":{}},{"type":"Feature","geometry":{"type":"MultiLineString","coordinates":[[[21.651009999999587,44.91667000000052],[21.70219999999972,44.967749999999796],[21.70933999999943,45.00462999999945],[21.602849999999307,44.97429000000011],[21.54277,44.9856],[21.476150000000416,45.03377999999975]]]},"properties":{}},{"type":"Feature","geometry":{"type":"MultiLineString","coordinates":[[[21.76466000000073,45.37219999999979],[21.762870000000476,45.30913999999939],[21.736699999999473,45.23478000000068],[21.643309999999474,45.15625999999975],[21.555860000000393,45.114620000000286]]]},"properties":{}},{"type":"Feature","geometry":{"type":"MultiLineString","coordinates":[[[21.76466000000073,45.37219999999979],[21.739079999999376,45.33948000000055],[21.59929000000011,45.292489999999816],[21.58263000000079,45.274639999999636]]]},"properties":{}},{"type":"Feature","geometry":{"type":"MultiLineString","coordinates":[[[21.334430000000793,44.836719999999445],[21.32731000000058,44.8627],[21.282100000000355,44.8966],[21.279130000000805,44.92040000000088],[21.47615000000053,45.03377999999981],[21.555860000000507,45.11462000000034],[21.576559999999574,45.2774399999999],[21.632480000000214,45.4442999999992],[21.73480000000029,45.457979999999225],[21.763349999999264,45.487719999999115],[21.828190000000234,45.5139],[21.95145000000059,45.41277000000076],[22.125400000000866,45.36988000000031],[22.15146,45.38059000000078],[22.182510000000548,45.45767999999964]]]},"properties":{}},{"type":"Feature","geometry":{"type":"MultiLineString","coordinates":[[[23.718929999999148,46.748760000000516],[23.563690000000804,46.76709999999923],[23.52027000000089,46.79386999999957],[23.42116,46.812009999999646],[23.37655000000092,46.85068],[23.410459999999148,46.901690000000656],[23.39617999999973,46.92845999999929],[23.309030000000405,46.97039000000041],[23.22278,46.98496999999958]]]},"properties":{}},{"type":"Feature","geometry":{"type":"MultiLineString","coordinates":[[[22.69836000000032,46.179439999999886],[22.744759999999587,46.16755000000012],[22.81970999999976,46.116980000000694],[22.828639999999723,46.0801],[22.88872000000083,45.9992000000002],[22.889310000000478,45.90223999999944]]]},"properties":{}},{"type":"Feature","geometry":{"type":"MultiLineString","coordinates":[[[22.952610000000277,46.173489999999276],[22.922860000000583,46.179439999999886],[22.88717,46.16159999999957],[22.877650000000358,46.1253099999995],[22.978300000000615,46.115200000000186]]]},"properties":{}},{"type":"Feature","geometry":{"type":"MultiLineString","coordinates":[[[23.337600000000748,45.64456000000064],[23.29048999999941,45.61744],[23.24836999999934,45.61744],[23.165569999999207,45.67098000000078],[23.1541500000003,45.70881],[23.18341,45.74663999999939],[23.216959999999744,45.85158000000047],[23.21054,45.88441000000057],[23.18586999999934,45.902830000000904]]]},"properties":{}},{"type":"Feature","geometry":{"type":"MultiLineString","coordinates":[[[23.427120000000286,46.11148999999932],[23.271810000000187,46.10899000000063],[23.221960000000763,46.1244200000001]]]},"properties":{}},{"type":"Feature","geometry":{"type":"MultiLineString","coordinates":[[[24.77836000000036,42.393449999999575],[24.710786868112336,42.43342383830094],[24.68937686811296,42.49790313188731],[24.72602000000012,42.53739999999925],[24.800970000000234,42.554060000000504]]]},"properties":{}},{"type":"Feature","geometry":{"type":"MultiLineString","coordinates":[[[23.980149999999526,42.042240000000675],[24.05057999999923,42.06508000000042],[24.124350000000106,42.14693000000091],[24.14099999999962,42.18880999999965],[24.19334999999961,42.22831000000048],[24.119020000000205,42.25828999999982],[23.955613579467695,42.254773133829076],[23.85004,42.30890000000011],[23.731183838302172,42.32162848509569],[23.643500000000188,42.30116000000095]],[[24.19572999999957,41.841169999999806],[24.18288000000041,41.88781000000023],[24.204770000000394,41.97823000000068],[24.16956000000033,42.01629999999932],[24.10103,42.042949999999166],[24.069369999999253,42.088579999999695]]]},"properties":{}},{"type":"Feature","geometry":{"type":"MultiLineString","coordinates":[[[24.735269999999332,42.145909999999276],[24.732889999999372,42.278560000000596],[24.822360000000117,42.51675000000074],[24.774299999999073,42.60097999999937],[24.645800000000236,42.73850999999934],[24.63509999999951,42.76778000000013],[24.7150500000007,42.91997000000089],[24.67436000000089,42.99634999999938],[24.714330000000814,43.0698799999991],[24.71861999999959,43.11663000000044],[24.690780000000757,43.3507699999991],[24.634379999999624,43.41502000000048],[24.611539999999877,43.55121999999943],[24.62867,43.57406000000094],[24.60297,43.64616000000029]]]},"properties":{}},{"type":"Feature","geometry":{"type":"MultiLineString","coordinates":[[[13.383739999999307,45.96169],[13.415859999999157,46.073050000000876],[13.475819999999658,46.14657000000079],[13.468689999999697,46.21296000000075],[13.52364999999918,46.25508000000082],[13.579330000000482,46.257219999999506]]]},"properties":{}},{"type":"Feature","geometry":{"type":"MultiLineString","coordinates":[[[13.600029999999606,46.50278000000071],[13.582189999999173,46.46422999999959],[13.58504,46.423539999999775],[13.627870000000257,46.411410000000615],[13.60646000000088,46.36287000000084],[13.58504,46.33787999999913],[13.484389999999621,46.306469999999536],[13.538640000000669,46.28506000000016],[13.607169999999314,46.22153000000071],[13.682119999999486,46.20082],[13.745660000000498,46.16299000000072]]]},"properties":{}},{"type":"Feature","geometry":{"type":"MultiLineString","coordinates":[[[14.389540000000125,46.68051999999989],[14.366690000000744,46.608430000000226],[14.328149999999368,46.557740000000194],[14.31815,46.49207000000024],[14.290310000000318,46.47207999999955],[14.280319999999847,46.408550000000105],[14.316730000000462,46.36287000000084],[14.316730000000462,46.30861],[14.366690000000744,46.24008],[14.434509999999136,46.15300000000025],[14.516600000000835,46.09303],[14.434209999999439,46.15287999999964],[14.295430000000124,46.17548],[14.19192,46.23258999999962],[14.027029999999286,46.20545999999922],[13.966350000000602,46.22045000000071],[13.877829999999449,46.16906000000017],[13.74649,46.16263000000072],[13.63227,46.09411],[13.58944,46.042709999999715],[13.622989999999845,45.98416999999972],[13.55731999999989,45.909929999999804]]]},"properties":{}},{"type":"Feature","geometry":{"type":"MultiLineString","coordinates":[[[14.25474000000031,45.880670000000464],[14.24475,45.83426999999938],[14.126959999999599,45.82213000000047],[14.076279999999315,45.76644999999917],[13.976339999999254,45.73718999999983],[13.88926,45.65223999999944],[13.785900000000765,45.63947999999982],[13.99165,45.663039999999455],[14.07517,45.658040000000256],[14.187239999999292,45.627339999999094],[14.324300000000221,45.64732999999978],[14.368560000000798,45.68658999999934],[14.501329999999143,45.697299999999814],[14.55487,45.74941000000035],[14.537019999999757,45.81723000000056],[14.55415,45.86648000000059],[14.54273,45.93428999999924],[14.569859999999608,45.991400000000795]]]},"properties":{}},{"type":"Feature","geometry":{"type":"MultiLineString","coordinates":[[[13.756799999999203,45.53455000000031],[13.703260000000228,45.54454000000078],[13.57834,45.528120000000854],[13.60903,45.50742],[13.57905000000028,45.4753],[13.526229999999487,45.48529000000053],[13.509099999999307,45.50314000000071],[13.54693000000043,45.38464000000022],[13.528959999999643,45.42259000000013],[13.61700000000019,45.394930000000386],[13.68898000000081,45.39314999999988],[13.639610000000175,45.39343999999983],[13.56402,45.317880000000514]]]},"properties":{}},{"type":"Feature","geometry":{"type":"MultiLineString","coordinates":[[[11.64127,46.785760000000664],[11.68196,46.81717000000026],[11.741210000000137,46.82431],[11.867560000000594,46.8093200000003],[11.91896000000088,46.783620000000155],[12.02104,46.790759999999864],[12.17166,46.7450800000006],[12.388660000000527,46.73008999999911],[12.82625,46.837869999999384],[12.99186,46.76505999999972],[13.008990000000267,46.68368999999984],[12.955449999999473,46.61159000000043],[13.002560000000813,46.56305000000066],[12.984000000000378,46.51165000000037],[13.013269999999466,46.47953000000052],[13.008270000000266,46.40885999999955],[13.114639999999781,46.375309999999445],[13.195299999999406,46.39885999999933],[13.254549999999654,46.39458000000013],[13.32093999999961,46.42099000000053],[13.30595,46.469530000000304],[13.320219999999608,46.51165000000037],[13.598620000000665,46.50166],[13.6821400000008,46.54092],[13.81848,46.5666199999996],[13.874869999999646,46.63443]]]},"properties":{}},{"type":"Feature","geometry":{"type":"MultiLineString","coordinates":[[[14.445229999999356,46.90497999999934],[14.378129999999146,46.90926000000036],[14.169690000000628,46.85715],[14.054050000000643,46.935670000000755],[13.99836999999934,47.03418000000056],[13.985520000000179,47.09627999999975],[13.855600000000777,47.08628999999928],[13.80134999999973,47.14197000000058],[13.704980000000432,47.10913000000073],[13.71639999999934,47.07843999999932],[13.69427,47.04346000000078],[13.62075,47.0042],[13.593619999999646,46.94138000000021],[13.52081,46.905689999999595],[13.465840000000753,46.83073999999942],[13.340920000000551,46.83431000000019],[13.316650000000664,46.77434],[13.230279999999766,46.75935000000027],[13.118920000000799,46.75007],[12.99186,46.76434999999947]]]},"properties":{}},{"type":"Feature","geometry":{"type":"MultiLineString","coordinates":[[[15.881069999999454,46.41806],[15.64962,46.42832000000095],[15.49853000000087,46.39382],[15.405339999999342,46.35532000000069],[15.26542999999947,46.233969999999374],[15.213320000000863,46.21041],[15.022730000000593,46.22396999999904],[14.884239999999409,46.17614999999944],[14.718629999999393,46.16473000000042],[14.622980000000211,46.10190999999941],[14.533030000000451,46.105480000000284],[14.51376,46.090490000000614],[14.507330000000366,46.056940000000395],[14.348860000000116,46.00911000000082],[14.289609999999811,45.95342999999957],[14.248929999999746,45.943439999999214],[14.11330000000089,45.86062999999922],[13.737820000000397,45.89918000000034],[13.550080000000946,45.91130999999962],[13.502249999999606,45.90061000000071],[13.378039999999714,45.813519999999755],[13.375899999999035,45.76640000000049]]]},"properties":{}},{"type":"Feature","geometry":{"type":"MultiLineString","coordinates":[[[14.256209999999555,47.56456000000071],[14.12272,47.54529],[13.92356,47.448920000000726],[13.665859999999157,47.40180999999939],[13.563780000000406,47.40965999999935],[13.465990000000602,47.39110000000073]]]},"properties":{}},{"type":"Feature","geometry":{"type":"MultiLineString","coordinates":[[[12.849949999999808,47.70590000000084],[12.995569999999134,47.79155999999966],[13.062669999999343,47.804410000000644]]]},"properties":{}},{"type":"Feature","geometry":{"type":"MultiLineString","coordinates":[[[10.879039999999804,47.82797000000028],[10.981830000000627,47.730170000000726],[11.002529999999751,47.665209999999206],[11.063920000000508,47.60454000000027],[11.058209999999235,47.58027000000038],[11.146010000000388,47.548860000000786]]]},"properties":{}},{"type":"Feature","geometry":{"type":"MultiLineString","coordinates":[[[11.892429999999877,46.02548000000024],[11.563350000000355,46.087579999999434],[11.469129999999495,46.072589999999764],[11.39774000000034,46.02975999999944],[11.286379999999554,46.00835],[11.261399999999412,46.02834000000075],[11.23855999999978,46.085440000000744],[11.157890000000407,46.087579999999434],[11.130049999999756,46.070449999999255]]]},"properties":{}},{"type":"Feature","geometry":{"type":"MultiLineString","coordinates":[[[12.444229999999152,46.50875000000087],[12.427100000000792,46.46805999999924],[12.35786,46.42166],[12.300750000000335,46.28318000000036],[12.286469999999099,46.18822999999975],[12.16225999999915,46.11542],[11.893860000000132,46.02548000000024]]]},"properties":{}},{"type":"Feature","geometry":{"type":"MultiLineString","coordinates":[[[13.98588000000018,47.09719000000041],[14.03585000000021,47.117889999999534],[14.187900000000809,47.11645999999928],[14.268560000000434,47.14644000000044],[14.362080000000788,47.148590000000695],[14.420609999999215,47.16928999999982]]]},"properties":{}},{"type":"Feature","geometry":{"type":"MultiLineString","coordinates":[[[9.636290000000372,47.44507],[9.602020000000266,47.4093699999994],[9.524929999999586,47.38011],[9.547769999999218,47.31658000000061],[9.4771,47.217350000000806],[9.486380000000281,47.174520000000484],[9.50851,47.157390000000305]]]},"properties":{}},{"type":"Feature","geometry":{"type":"MultiLineString","coordinates":[[[9.310059999999794,47.132410000000164],[9.413570000000618,47.05246000000079],[9.552770000000237,46.97892999999931]]]},"properties":{}},{"type":"Feature","geometry":{"type":"MultiLineString","coordinates":[[[9.661270000000513,46.4742499999993],[9.6577,46.43426999999974],[9.626290000000154,46.397870000000694],[9.65913,46.36716999999953]]]},"properties":{}},{"type":"Feature","geometry":{"type":"MultiLineString","coordinates":[[[10.506460000000516,46.933240000000296],[10.4750499999991,46.923249999999825],[10.452919999999722,46.88256],[10.394379999999728,46.83545000000049],[10.285169999999198,46.79476000000068],[10.089579999999842,46.76763000000028],[10.06101999999919,46.74336000000039],[10.096709999999803,46.70267000000058],[10.087429999999586,46.679120000000694],[10.04032,46.66483999999946],[9.880419999999503,46.56276000000071],[9.77976999999919,46.46140000000014]]]},"properties":{}},{"type":"Feature","geometry":{"type":"MultiLineString","coordinates":[[[10.994189999999548,45.44170999999915],[10.690929499503454,45.44247303377273],[10.236846970189902,45.53792481421294]]]},"properties":{}},{"type":"Feature","geometry":{"type":"MultiLineString","coordinates":[[[9.700150000000633,45.06149000000016],[9.64304000000078,45.070060000000126],[9.597830000000556,45.10146999999961],[9.57118000000088,45.16713999999968],[9.446280000000229,45.2663900000008],[9.437710000000266,45.299940000000845],[9.17836859894851,45.47688896289583]]]},"properties":{}},{"type":"Feature","geometry":{"type":"MultiLineString","coordinates":[[[9.42447,46.16660000000047],[9.451600000000326,46.20872000000054],[9.415909999999712,46.26010999999926],[9.395920000000842,46.32579000000078],[9.354520000000775,46.356480000000374],[9.330250000000888,46.538510000000315],[9.410200000000259,46.55920999999944],[9.449459999999817,46.60347],[9.46017000000029,46.71054],[9.429469999999128,46.81262000000061],[9.513699999999517,46.84831999999915],[9.551540000000386,46.804770000000644],[9.57224,46.61702999999943],[9.610070000000633,46.58134000000064],[9.633630000000267,46.488540000000285],[9.677170000000842,46.46783999999934],[9.780679999999847,46.46069999999963],[9.767120000000432,46.441430000000764],[9.697159999999712,46.41430000000037],[9.681459999999788,46.38218000000052],[9.627200000000812,46.35006000000067],[9.396629999999277,46.32507000000078]]]},"properties":{}},{"type":"Feature","geometry":{"type":"MultiLineString","coordinates":[[[9.420910000000731,46.16517000000027],[9.354520000000832,46.178019999999435],[9.288850000000764,46.14304000000084],[9.270453739874199,46.07936848957212],[9.234047986484995,46.04260581703198],[9.228337280070946,46.00084627637972],[9.123949999999297,45.953159999999116],[9.134302272358866,45.889626161698345],[9.090923406984246,45.86700159480176],[9.063990000000615,45.82966999999928],[9.08128658991069,45.81274988386889],[9.079145075005329,45.727089287659],[9.13998934462495,45.631234595754734],[9.17836859894851,45.47688896289583],[9.198712990548302,45.62286889560363],[9.190503850078187,45.684972827855745],[9.080929670759701,45.80489766254965]]]},"properties":{}},{"type":"Feature","geometry":{"type":"MultiLineString","coordinates":[[[10.025910000000408,45.14221999999978],[10.078020000000777,45.26179000000053],[10.236846970189902,45.53792481421294]]]},"properties":{}},{"type":"Feature","geometry":{"type":"MultiLineString","coordinates":[[[14.339029999999184,45.36836000000039],[14.24836999999934,45.481149999999616],[13.877179999999498,45.61606000000029],[13.78723,45.729559999999765],[13.72085,45.75812000000042],[13.628049999999348,45.77239]]]},"properties":{}},{"type":"Feature","geometry":{"type":"MultiLineString","coordinates":[[[14.055399999999281,46.93261999999959],[14.211010000000897,46.97831000000042],[14.401610000000801,46.96616999999969]]]},"properties":{}},{"type":"Feature","geometry":{"type":"MultiLineString","coordinates":[[[11.161700000000565,46.21688],[11.063899999999194,46.23472000000038],[11.034639999999854,46.368210000000545],[11.002510000000257,46.38177],[10.968249999999898,46.368930000000546]]]},"properties":{}},{"type":"Feature","geometry":{"type":"MultiLineString","coordinates":[[[12.547179999999571,46.99336000000039],[12.575730000000476,46.948379999999815],[12.704929999999877,46.85772999999972],[12.784879999999248,46.83560000000034],[12.855550000000221,46.84559000000081],[12.90766000000076,46.904130000000805],[12.91765999999916,46.95766],[12.861259999999675,47.02975999999944],[12.801299999999173,47.150400000000445]]]},"properties":{}},{"type":"Feature","geometry":{"type":"MultiLineString","coordinates":[[[4.885720000000219,44.92892000000023],[4.886539999999513,44.95162999999957],[4.979820000000473,45.010159999999814],[5.03930000000048,45.024439999999345],[5.060240000000761,45.05347000000074],[5.24489,45.104390000000535],[5.433820000000196,45.223840000000564],[5.486639999999284,45.29046000000017],[5.556467010674567,45.32087229622323]]]},"properties":{}},{"type":"Feature","geometry":{"type":"MultiLineString","coordinates":[[[4.791830000000118,44.83059999999932],[4.668470000000525,44.83110999999917],[4.709020000000237,44.82659000000058],[4.706070000000182,44.76987],[4.722630000000208,44.73428000000058]]]},"properties":{}},{"type":"Feature","geometry":{"type":"MultiLineString","coordinates":[[[4.592109999999536,44.281730000000664],[4.550470000000189,44.337639999999794],[4.507939999999508,44.4414500000002],[4.581700000000637,44.560719999999606]]]},"properties":{}},{"type":"Feature","geometry":{"type":"MultiLineString","coordinates":[[[4.581700000000637,44.560719999999606],[4.507939999999508,44.4414500000002],[4.58497,44.41855000000032],[4.6156100000008,44.365009999999586]]]},"properties":{}},{"type":"Feature","geometry":{"type":"MultiLineString","coordinates":[[[4.35623351176001,43.83777295290005],[4.38775,43.91044],[4.378699999999343,43.95541000000048],[4.411780000000395,43.99395999999978],[4.415590000000552,44.02679999999967],[4.337540000000469,44.19312],[4.283820000000561,44.23964],[4.278169999999597,44.26195],[4.35907000000047,44.32262000000085],[4.370080000000594,44.39459999999965],[4.337659999999239,44.45022000000063],[4.42778,44.52844999999979],[4.45871000000081,44.584070000000814]]]},"properties":{}},{"type":"Feature","geometry":{"type":"MultiLineString","coordinates":[[[3.271300000000473,44.03423],[3.303659999999565,44.012580000000604],[3.351969999999765,44.02328999999929],[3.370999999999229,43.98783],[3.4105,43.973319999999234],[3.477129999999358,43.9861700000002],[3.551480000000154,43.9773600000008],[3.670099999999412,44.00972],[3.684849999999628,43.99378000000078],[3.681950000000133,43.9571400000006],[3.698609999999479,43.94762000000082],[3.902410000000597,43.957609999999455],[3.963200000000253,43.942859999999214],[4.05089000000045,43.88195000000101],[4.111800000000582,43.86648000000063],[4.233990000000682,43.870530000000215],[4.35623351176001,43.83777295290005]]]},"properties":{}},{"type":"Feature","geometry":{"type":"MultiLineString","coordinates":[[[4.003059999999095,44.27169999999944],[3.921829999999261,44.41648999999967],[3.927719999999738,44.50617000000051],[3.886080000000163,44.62156999999945],[3.88578000000058,44.703960000000734],[3.759969999999214,44.805089999999836],[3.742720000000133,44.84167]]]},"properties":{}},{"type":"Feature","geometry":{"type":"MultiLineString","coordinates":[[[3.402599999999438,44.38065],[3.351150000000416,44.42735],[3.346390000000611,44.48089000000073],[3.429070000000138,44.60550999999941],[3.3449,44.703960000000734]]]},"properties":{}},{"type":"Feature","geometry":{"type":"MultiLineString","coordinates":[[[4.458829999999523,44.58416000000028],[4.181689999999492,44.706220000000144],[4.084779999999284,44.85898000000094],[3.912930000000415,45.002819999999815],[3.824769999999205,45.14095000000094]]]},"properties":{}},{"type":"Feature","geometry":{"type":"MultiLineString","coordinates":[[[15.81538,40.96219000000019],[15.71515,41.00562],[15.636029999999664,41.01959999999963],[15.53341,41.07179999999971],[15.464110000000801,41.07179999999971],[15.420690000000832,41.05394999999953]]]},"properties":{}},{"type":"Feature","geometry":{"type":"MultiLineString","coordinates":[[[15.420690000000832,41.05394999999953],[15.178760000000693,41.1556700000001],[15.080009999999675,41.25456999999915]]]},"properties":{}},{"type":"Feature","geometry":{"type":"MultiLineString","coordinates":[[[15.152280000000246,41.18973],[15.17935000000034,41.23077000000012],[15.28939999999966,41.24148000000059],[15.424730000000636,41.29413000000022]]]},"properties":{}},{"type":"Feature","geometry":{"type":"MultiLineString","coordinates":[[[14.865390000000843,41.17569],[14.89826,41.199109999999564],[15.103839999999764,41.26716999999917],[15.246139999999286,41.348299999999654],[15.35552,41.3687800000007],[15.48624000000018,41.35569000000032],[15.859370000000126,41.26148],[16.325150000000576,41.193489999999656],[16.4108099999994,41.16755999999987],[16.500280000000203,41.10986000000048],[16.763929999999164,41.10748000000058],[16.85958000000028,41.12651]]]},"properties":{}},{"type":"Feature","geometry":{"type":"MultiLineString","coordinates":[[[15.861759999999776,41.008669999999256],[15.874620000000505,41.048070000000735],[15.923880000000281,41.10724999999911],[16.028650000000198,41.17294000000038]]]},"properties":{}},{"type":"Feature","geometry":{"type":"MultiLineString","coordinates":[[[15.81538,40.96219000000019],[15.827279999999519,40.92130999999972],[15.81431,40.89280999999937]]]},"properties":{}},{"type":"Feature","geometry":{"type":"MultiLineString","coordinates":[[[15.81431,40.89280999999937],[15.823060000000623,40.75532000000021],[15.732900000000882,40.42266000000018],[15.737269999999626,40.39770999999928],[15.784460000000763,40.36605000000054]]]},"properties":{}},{"type":"Feature","geometry":{"type":"MultiLineString","coordinates":[[[5.979789999999412,47.31654],[6.089009999999803,47.360790000000634],[6.079729999999529,47.40791],[6.09258000000051,47.4286100000009],[6.318869999999208,47.60349999999926],[6.400661692781796,47.83590999999984]]]},"properties":{}},{"type":"Feature","geometry":{"type":"MultiLineString","coordinates":[[[6.838540000000648,46.4720699999998],[6.803560000000289,46.67194000000018],[7.025569999999789,46.881100000000515]]]},"properties":{}},{"type":"Feature","geometry":{"type":"MultiLineString","coordinates":[[[6.632460000000663,46.78972000000067],[6.629600000000266,46.810429999999656],[6.649590000001012,46.829700000000344],[6.837330000000293,46.95319000000012],[6.867309999999634,46.99030999999928],[7.014359999999272,47.04099999999937],[7.212450000000956,47.14022],[7.277410000000714,47.135220000000174],[7.416610000000276,46.99745000000081],[7.446229999999673,46.9289200000004],[7.515470000000391,46.88966000000079],[7.603989999999612,46.76331000000039],[7.6254100000005,46.701209999999264],[7.676799999999218,46.642669999999214],[7.673230000000331,46.619119999999384],[7.60613,46.56415000000021],[7.548310000000129,46.46921],[7.43981,46.37641000000076],[7.409830000000625,46.27505000000019],[7.361290000000736,46.23078999999973]]]},"properties":{}},{"type":"Feature","geometry":{"type":"MultiLineString","coordinates":[[[4.807580000000598,47.32338999999956],[4.83256000000074,47.31339999999909],[4.977469999999812,47.34765999999945],[5.036009999999806,47.31839000000036]]]},"properties":{}},{"type":"Feature","geometry":{"type":"MultiLineString","coordinates":[[[5.272430000000895,45.90071],[5.368800000000192,45.966379999999845],[5.373079999999391,46.19124000000011],[5.47016000000076,46.43109],[5.495150000000649,46.59028000000035],[5.662179999999353,46.79015000000072],[5.700020000000222,46.92935000000034],[5.787109999999302,47.129940000000715],[5.789249999999811,47.19132999999965]]]},"properties":{}},{"type":"Feature","geometry":{"type":"MultiLineString","coordinates":[[[4.301250000000437,46.96362000000045],[4.50684,46.79157999999916],[4.63033,46.745890000000145],[4.70850000000064,46.73661],[4.836269999999786,46.77873]]]},"properties":{}},{"type":"Feature","geometry":{"type":"MultiLineString","coordinates":[[[3.953260000000284,46.47034999999971],[4.033919999999796,46.52460000000076],[4.077460000000428,46.62311000000051],[4.130289999999263,46.68592999999976],[4.127430000000459,46.79942999999918],[4.19096,46.853680000000224],[4.218090000000359,46.92150000000038],[4.288049999999203,46.9671799999997]],[[3.402009999999734,46.32631000000043],[3.705389999999284,46.42339],[3.953810000000828,46.470499999999504]]]},"properties":{}},{"type":"Feature","geometry":{"type":"MultiLineString","coordinates":[[[3.932909999999595,47.503280000000814],[4.193820000000414,47.30412000000081],[4.270060000000854,47.13422],[4.28719,46.9671799999997]]]},"properties":{}},{"type":"Feature","geometry":{"type":"MultiLineString","coordinates":[[[4.835419999999488,46.77945],[4.897520000000441,46.65024000000085],[4.892519999999365,46.518889999999374],[4.832560000000683,46.32616000000064],[4.768319999999278,46.221939999999506],[4.756890000000681,46.15625999999986],[4.726909999999407,46.099870000000124],[4.714060000000245,45.95924000000019],[4.808290000000966,45.87500999999975],[4.81757,45.85859],[4.801149999999382,45.78650000000016],[4.822274293552709,45.76863131349654]],[[4.836370000001011,46.77959000000021],[4.760529999999505,46.82838000000089],[4.552449999999169,46.90546999999975],[4.286899999999264,46.967570000000705]]]},"properties":{}},{"type":"Feature","geometry":{"type":"MultiLineString","coordinates":[[[6.628759999999716,46.51986000000045],[6.433170000000189,46.509869999999864],[6.308960000000297,46.45348000000024],[6.26541,46.40494000000041],[6.229009999999107,46.39494000000025],[6.191170000000113,46.35925],[6.154769999999303,46.3064300000006],[6.131929999999556,46.22789999999986],[6.152980000000753,46.207920000000854]]]},"properties":{}},{"type":"Feature","geometry":{"type":"MultiLineString","coordinates":[[[6.699500000000739,45.919620000000634],[6.659519999999304,45.92890000000091],[6.644529999999634,45.94816999999978],[6.608840000000896,46.05524999999949],[6.48892,46.0973699999995],[6.408970000000352,46.08736999999934],[6.366850000000397,46.10094000000032],[6.32580000000064,46.145189999999275],[6.22587000000027,46.19729999999987],[6.153060000000607,46.208010000000286]]]},"properties":{}},{"type":"Feature","geometry":{"type":"MultiLineString","coordinates":[[[4.35623351176001,43.83777295290005],[4.498530000000773,43.88337999999943],[4.560390000000668,43.92669000000035],[4.57943,44.00377999999917],[4.576569999999343,44.07563999999904],[4.622729999999124,44.18653000000087],[4.614089999999185,44.25193000000044],[4.588390000000873,44.27477],[4.615159999999457,44.31582],[4.629080000000692,44.42145999999968],[4.660490000000221,44.44252000000048],[4.658709999999806,44.54389000000079],[4.75043000000016,44.664880000000416],[4.750079999999808,44.695579999999616],[4.721879999999253,44.72020999999956],[4.72616000000024,44.761609999999564],[4.825919999999318,44.86404000000036],[4.848410000000494,44.92685999999962],[4.81236,45.01466000000072],[4.812,45.07034000000015],[4.77952,45.12995000000048],[4.792729999999203,45.15814999999946],[4.77952,45.18954999999922],[4.790230000000573,45.285920000000274],[4.749900000000715,45.3251799999998],[4.732410000000578,45.42227],[4.778809999999842,45.4865100000006],[4.86197,45.5247],[4.772619999999826,45.59037],[4.823249999999597,45.68532000000049],[4.803970000000908,45.734570000000666],[4.818250000000262,45.76812000000074],[4.523080000000983,45.765269999999894],[4.413150000000472,45.75526999999976],[4.346040000000447,45.73171],[4.223638415225366,45.74927040511093],[4.16842,45.73123999999926],[4.086090000000723,45.62607000000029],[4.100370000000143,45.563130000000626],[4.09073,45.54386],[4.037549999999041,45.50281],[3.998470000000522,45.42179000000032],[3.915660000000519,45.3771799999995],[3.893529999999502,45.31720999999928],[3.82964,45.275449999999196],[3.82179,45.14553]]]},"properties":{}},{"type":"Feature","geometry":{"type":"MultiLineString","coordinates":[[[4.223638415225366,45.749270405110906],[4.21861,45.78443999999956],[4.16864,45.830840000000535],[4.129380000000367,45.912220000000275],[4.058709999999451,45.95718999999929],[4.091549999999131,46.00573000000077]]]},"properties":{}},{"type":"Feature","geometry":{"type":"MultiLineString","coordinates":[[[7.618969999999536,46.73149999999987],[7.705340000000433,46.67010999999911],[7.763880000000427,46.655829999999696],[7.930200000000696,46.69224000000031],[8.039059999999154,46.74006],[8.151130000000194,46.74006],[8.29497000000083,46.6515500000005],[8.34994,46.57230999999956],[8.4020500000006,46.57731000000058],[8.634400000000824,46.66725000000042],[8.855690000000322,46.70865000000049],[8.793589999999313,46.57659000000058],[8.92993000000024,46.53519000000051],[8.939210000000458,46.45239000000038],[8.97062,46.41027000000031],[8.956340000000637,46.36600999999973],[8.965620000000854,46.32532],[8.99561,46.25965],[9.048430000000735,46.219670000000406],[8.987750000000233,46.17756],[8.83784999999989,46.19040999999925],[8.72149,46.157569999999396]]]},"properties":{}},{"type":"Feature","geometry":{"type":"MultiLineString","coordinates":[[[8.214669999999387,47.50387000000046],[8.3503,47.35896],[8.385990000000675,47.29686000000038],[8.420969999999215,47.16408000000047],[8.39698,47.11696999999913],[8.29704,47.0577200000007],[8.268490000000384,46.95778000000064],[8.186400000000503,46.874260000000504],[8.171410000000833,46.792890000000625],[8.135000000000218,46.742920000000595]]]},"properties":{}},{"type":"Feature","geometry":{"type":"MultiLineString","coordinates":[[[8.644969999999375,48.154889999999796],[8.599280000000476,48.106350000000134],[8.505769999999814,48.060659999999245],[8.475790000000472,48.00927000000053],[8.49649,47.929319999999336],[8.55788000000041,47.847229999999456],[8.55717,47.81438999999955],[8.481499999999869,47.7558499999995],[8.385850000000687,47.64806999999928],[8.274489999999787,47.60381000000052],[8.214519999999595,47.503870000000575]]]},"properties":{}},{"type":"Feature","geometry":{"type":"MultiLineString","coordinates":[[[8.497349999999642,47.95002000000022],[8.58158,47.915750000000116],[8.759330000000887,47.93073999999979],[8.792880000000878,47.963579999999695],[8.847840000000474,47.98214],[8.967049999999347,47.97999999999956],[8.982760000000837,48.01426],[9.01988,48.0363899999993],[9.192629999999554,48.06922999999921],[9.370370000000605,48.06566000000032],[9.40892,48.08065],[9.580239999999321,48.21485000000024],[9.665189999999768,48.21913999999924],[9.90432,48.29623],[10.068499999999517,48.39545],[10.228170000000432,48.44233],[10.274569999999642,48.45066000000048],[10.885669999999664,48.38689],[10.887099999999862,48.36189999999988],[10.847840000000417,48.28981000000033],[10.750760000000867,48.18059],[10.664380000000222,48.18059],[10.612269999999683,47.96073000000064],[10.533750000000623,47.93646000000092],[10.47664000000077,47.87364],[10.35029000000037,47.77870000000081],[10.333870000000331,47.74085999999983]]]},"properties":{}},{"type":"Feature","geometry":{"type":"MultiLineString","coordinates":[[[6.83325,36.65818000000036],[6.852880000000368,36.58117999999922],[6.81956,36.53864000000067]]]},"properties":{}},{"type":"Feature","geometry":{"type":"MultiLineString","coordinates":[[[7.10418000000027,36.4092299999993],[6.990019999999276,36.46667999999954],[6.937850000000253,36.53490000000056],[6.767789999999877,36.532639999999446],[6.723770000000513,36.49917],[6.685160000000906,36.49543000000085]]]},"properties":{}},{"type":"Feature","geometry":{"type":"MultiLineString","coordinates":[[[6.730089999999109,36.55870999999934],[6.560729999999239,36.54472999999962],[6.442380000000412,36.48442000000068]]]},"properties":{}},{"type":"Feature","geometry":{"type":"MultiLineString","coordinates":[[[6.69076,36.5062999999991],[6.646899999999732,36.623610000000554],[6.65121,36.65387]]]},"properties":{}},{"type":"Feature","geometry":{"type":"MultiLineString","coordinates":[[[6.65121,36.65387],[6.667859999999564,36.798870000000534],[6.654179999999542,36.81449000000066]]]},"properties":{}},{"type":"Feature","geometry":{"type":"MultiLineString","coordinates":[[[6.274059999999736,36.48524],[6.268110000000888,36.6264599999995],[6.165310000000318,36.618609999999535],[5.977810000000318,36.67726000000039],[5.89905,36.72199],[5.86602,36.81366]]]},"properties":{}},{"type":"Feature","geometry":{"type":"MultiLineString","coordinates":[[[5.781979999999749,36.63586000000032],[5.804109999999127,36.63704999999936],[5.837659999999232,36.60420999999951],[5.831239999999525,36.54116000000067],[5.852409999999509,36.5031999999992]]]},"properties":{}},{"type":"Feature","geometry":{"type":"MultiLineString","coordinates":[[[5.923319999999876,36.41457000000082],[5.876920000000609,36.40220000000045],[5.766519999999218,36.3156999999992]]]},"properties":{}},{"type":"Feature","geometry":{"type":"MultiLineString","coordinates":[[[5.67443,36.31285000000025],[5.639209999999366,36.28643000000011],[5.584489999999278,36.28357999999935],[5.514769999999771,36.23183000000063],[5.39487,36.193020000000615]]]},"properties":{}},{"type":"Feature","geometry":{"type":"MultiLineString","coordinates":[[[5.39487,36.193020000000615],[5.31632,36.21255000000019],[5.323700000000827,36.2803700000004],[5.2397,36.33093]]]},"properties":{}},{"type":"Feature","geometry":{"type":"MultiLineString","coordinates":[[[5.2397,36.33093],[5.148090000000593,36.3499699999993],[5.152379999999539,36.409929999999804],[5.125407253768669,36.45750112300924]]]},"properties":{}},{"type":"Feature","geometry":{"type":"MultiLineString","coordinates":[[[4.987719999999172,36.4696100000001],[4.98344,36.39132000000063],[5.039590000000317,36.3413500000006],[5.076950000000579,36.267110000000685],[5.048870000000534,36.08900999999969]]]},"properties":{}},{"type":"Feature","geometry":{"type":"MultiLineString","coordinates":[[[5.161700000000565,36.16324999999961],[5.207529999999679,36.0892500000009],[5.251790000000256,36.059509999999136],[5.232990000000427,36.04951000000074]]]},"properties":{}},{"type":"Feature","geometry":{"type":"MultiLineString","coordinates":[[[5.31632,36.21255000000019],[5.220300000000861,36.22653],[5.147339999999531,36.260519999999815]]]},"properties":{}},{"type":"Feature","geometry":{"type":"MultiLineString","coordinates":[[[5.042209999999614,36.33445000000029],[5.004810000000361,36.335259999999835],[4.95284,36.28872000000047],[4.964120000000548,36.21011999999973],[4.920140000000174,36.19870000000083],[4.855330000000322,36.15394000000015],[4.704569999999876,36.127660000000105]]]},"properties":{}},{"type":"Feature","geometry":{"type":"MultiLineString","coordinates":[[[4.661280000000261,36.1293399999995],[4.631999999999607,36.14578000000074],[4.609039999999368,36.20213999999942],[4.572410000000673,36.214280000000144],[4.573920000000726,36.229960000000574],[4.729499999999462,36.385700000000725]]]},"properties":{}},{"type":"Feature","geometry":{"type":"MultiLineString","coordinates":[[[5.071679999999105,36.763709999999264],[5.056339999999238,36.73775000000035],[5.09323000000046,36.69944848509539],[5.266610000000696,36.63398000000058],[5.360989999999219,36.63955],[5.471050000000218,36.6724200000009]]]},"properties":{}},{"type":"Feature","geometry":{"type":"MultiLineString","coordinates":[[[5.764059002874149,36.82423501637345],[5.755380000000628,36.77968999999945],[5.78369000000032,36.63093],[5.726590000000272,36.57025000000061],[5.739670000000899,36.523370000000796],[5.70327,36.5085],[5.68923,36.48375999999922]]]},"properties":{}},{"type":"Feature","geometry":{"type":"MultiLineString","coordinates":[[[5.68923,36.48375999999922],[5.682090000000358,36.44806000000074],[5.724829999999201,36.429480000000694],[5.784069999999815,36.459220000000755],[5.825240000000235,36.50396000000012],[5.859029999999677,36.499669999999355],[5.873803985582697,36.45985999330816],[5.990550000000439,36.54493999999971],[6.178809999999373,36.58385000000095],[6.266429999999787,36.58216]]]},"properties":{}},{"type":"Feature","geometry":{"type":"MultiLineString","coordinates":[[[5.873803985582697,36.45985999330816],[5.937500000000114,36.38665000000037],[5.916800000000819,36.33655999999979],[5.735249999999837,36.286829999999156]]]},"properties":{}},{"type":"Feature","geometry":{"type":"MultiLineString","coordinates":[[[5.713739999999234,36.42641],[5.734060000000682,36.413660000000164],[5.727399999999761,36.375819999999294],[5.696939999999813,36.35013000000072],[5.722729999999501,36.32236000000012]]]},"properties":{}},{"type":"Feature","geometry":{"type":"MultiLineString","coordinates":[[[-0.712949999999182,34.95958000000064],[-0.73675,35.025490000000104],[-0.72628000000077,35.13447000000093],[-0.676779999999781,35.20205],[-0.596740000000864,35.24847000000051]]]},"properties":{}},{"type":"Feature","geometry":{"type":"MultiLineString","coordinates":[[[0.063210000000254,35.59663],[0.005150000000867,35.47033000000022],[-0.07575,35.41798000000023],[-0.043929999999818,35.38333000000068],[-0.041957290889286,35.310020149152706],[-0.15416,35.27981999999986],[-0.37961,35.096009999999296],[-0.531300000000556,35.0320599999996],[-0.615889999999126,34.9675399999997]]]},"properties":{}},{"type":"Feature","geometry":{"type":"MultiLineString","coordinates":[[[-0.041957290889343,35.310020149152706],[0.024900000000343,35.33812000000046],[0.082000000000448,35.32919000000038],[0.231620000000419,35.10832999999917]]]},"properties":{}},{"type":"Feature","geometry":{"type":"MultiLineString","coordinates":[[[-0.59224,35.25055000000066],[-0.677219999999579,35.22902000000073],[-0.856809999999257,35.22926000000018],[-0.885959999999557,35.205610000000945],[-1.024980000000141,35.16784],[-1.097550000000354,35.11965000000055],[-1.151089999999328,35.05779000000081],[-1.250490000000354,34.996769999999856],[-1.284040000000459,34.929669999999646],[-1.341430000000344,34.89594000000034]],[[-0.6545100000003,35.70515],[-0.594499999999243,35.62686000000036],[-0.579369999999471,35.58261],[-0.626829999999245,35.45886000000064],[-0.666810000000623,35.41079],[-0.60923,35.384690000000774],[-0.564019999999744,35.334129999999334],[-0.57532,35.26571999999942],[-0.596740000000864,35.24847000000051]],[[2.368909999999289,35.88688000000013],[2.366869999999835,35.91100999999986],[2.396380000000249,35.930990000000804],[2.582930000000488,35.95764000000054],[2.739020000001005,35.88436],[3.210349999999437,35.81297000000097],[3.31885,35.81297000000097],[3.387000000000739,35.852950000000476],[3.50216,35.852950000000476],[3.624939999999697,35.89387],[3.706029999999487,35.87960000000032],[3.805019999999899,35.88625999999931],[4.226280000000827,35.84057000000041],[4.268159999999625,35.82914999999963],[4.425579999999286,35.71399000000014],[4.52362,35.684479999999894],[4.594999999999402,35.68734000000046]],[[23.7433,46.800579999999286],[23.754720000000873,46.82770999999963],[23.63646026949766,46.872200269497796],[23.530470670115733,46.958207386386675],[23.317191302856315,47.06845050900216],[23.31362211134757,47.13091136040521],[23.338736691531096,47.244445153681454]]]},"properties":{}},{"type":"Feature","geometry":{"type":"MultiLineString","coordinates":[[[-1.250490000000354,34.99676999999974],[-1.254730000000563,35.05184999999983],[-1.219989999999598,35.123709999999846],[-1.223319999999148,35.19129000000066],[-1.112250000000131,35.37275000000045],[-1.0994,35.425100000000384],[-1.047529999999824,35.478870000000825],[-1.0342,35.528840000000855],[-0.923790000000736,35.58618000000024],[-0.719989999999598,35.61580999999933],[-0.56366,35.66185000000041],[-0.496919999999591,35.70075999999972],[-0.450160000000324,35.76554000000033]]]},"properties":{}},{"type":"Feature","geometry":{"type":"MultiLineString","coordinates":[[[-0.20003,35.53527000000042],[-0.224560000000565,35.70926999999938],[-0.249429999999791,35.74043999999964],[-0.249429999999791,35.808870000000866]]]},"properties":{}},{"type":"Feature","geometry":{"type":"MultiLineString","coordinates":[[[-2.939669999999694,35.284439999999506],[-2.926820000000589,35.17047],[-2.831640000000334,35.10908000000012],[-2.724570000000256,35.11289000000045],[-2.53802,35.070530000000815],[-2.499470000000599,35.07767000000058],[-2.414280000000872,35.134299999999826],[-2.349089999999705,35.096229999999196],[-2.215840000000753,35.06292000000036],[-2.13494,35.08386000000064],[-2.058789999999078,35.051970000000495],[-1.900799999999435,35.070530000000815],[-1.862730000000738,35.10003999999947],[-1.776110000000699,35.10765],[-1.62954,35.19355],[-1.467259999999385,35.25875000000093],[-1.468530000000101,35.300160000000744],[-1.379059999999299,35.30705999999918],[-1.329569999999876,35.34418],[-1.25914,35.36310000000054],[-1.235580000000425,35.37998999999951],[-1.235819999999876,35.44471999999956],[-1.185610000000452,35.539779999999155],[-1.136360000000366,35.55572000000035],[-1.100899999999456,35.612230000000636],[-1.057119999999486,35.64388],[-0.970269999999744,35.66422000000068],[-0.889839999999822,35.70586],[-0.809419999999591,35.70348],[-0.748499999999638,35.72442000000052],[-0.6545100000003,35.70515],[-0.599790000000155,35.71038000000044],[-0.3647,35.80567999999943],[-0.249429999999791,35.808870000000866],[-0.098280000000102,35.78816999999981],[0.03694,35.856579999999724],[0.100889999999652,35.947739999999555],[0.183870000000752,36.015859999999634],[0.261858766079627,36.035804747266525]]]},"properties":{}},{"type":"Feature","geometry":{"type":"MultiLineString","coordinates":[[[-0.72628000000077,35.134470000000874],[-0.849200000000565,35.06042999999954],[-1.000889999999345,35.08023999999932]]]},"properties":{}},{"type":"Feature","geometry":{"type":"MultiLineString","coordinates":[[[1.08763,34.99503],[1.162780000000566,34.98884],[1.228450000000521,35.01692],[1.310589999999138,35.07735999999932],[1.47172,35.135410000000775],[1.507890000000771,35.198710000000574]]]},"properties":{}},{"type":"Feature","geometry":{"type":"MultiLineString","coordinates":[[[4.730330000000265,35.98726999999968],[4.761860000000524,35.9483],[4.857930000000181,35.935810000000856],[4.98583,35.81178],[4.989100000000747,35.7111000000005],[5.014380000000585,35.674810000000434]]]},"properties":{}},{"type":"Feature","geometry":{"type":"MultiLineString","coordinates":[[[4.673520000000394,36.11917999999969],[4.730330000000265,35.98726999999968],[4.630989999999713,35.91338],[4.620880000000398,35.88007],[4.561690000000397,35.811069999999745],[4.565500000000725,35.75301000000036],[4.594999999999402,35.68734000000046],[5.03654,35.51585],[5.165030000000229,35.522279999999284],[5.256400000000212,35.47802000000058],[5.336779999999635,35.39949999999959],[5.435289999999441,35.17],[5.626459999999497,35.14501000000024]]]},"properties":{}},{"type":"Feature","geometry":{"type":"MultiLineString","coordinates":[[[7.072260000000881,34.56209999999925],[6.703579999999363,34.73157],[6.67778,34.75731000000087],[6.618529999999737,34.72804],[6.546440000000132,34.716619999999295],[6.288029999999765,34.74016999999918],[6.08101,34.737320000000125],[5.948239999999828,34.75944999999962],[5.90143,34.7804500000002],[5.753520000000208,34.922650000000544],[5.591479999999081,35.046150000000125]]]},"properties":{}},{"type":"Feature","geometry":{"type":"MultiLineString","coordinates":[[[5.616811199944038,35.55170934944448],[5.407299658380509,35.41358163805609],[5.301090000000897,35.27743000000015],[5.243270000000962,35.23888000000085],[5.192590000000564,35.14965],[5.186159999999347,34.976759999999615],[5.169739999999479,34.961059999999634],[5.061240000000907,34.949629999999104],[5.03982,34.908949999999095],[4.985570000000735,34.89110000000079],[4.929889999999489,34.836129999999685]]]},"properties":{}},{"type":"Feature","geometry":{"type":"MultiLineString","coordinates":[[[5.353199999999504,35.357019999999466],[5.185450000000969,35.31812],[4.90776,35.288140000000624],[4.839949999999646,35.29955999999942],[4.768420000000447,35.3419099999993],[4.47813,35.26863000000054],[4.233519999999828,35.2391200000003],[4.029948655155749,35.155314940483265],[3.853489999999454,35.1860300000007],[3.76973,35.18555000000026],[3.69719000000083,35.16464000000087]]]},"properties":{}},{"type":"Feature","geometry":{"type":"MultiLineString","coordinates":[[[4.932269461005319,34.833750538993854],[4.75009946100522,34.872440538995136],[4.573539999999468,34.86340000000024]],[[5.539510000000519,34.63340000000056],[5.504530000000159,34.66553000000016],[5.401739999999393,34.71192999999954],[5.167600000000732,34.7461899999999],[4.929889999999489,34.836129999999685]]]},"properties":{}},{"type":"Feature","geometry":{"type":"MultiLineString","coordinates":[[[23.644570000000442,43.27758],[23.710240000000283,43.31089000000077],[23.70738999999969,43.35371999999927],[23.800660000000903,43.49554],[23.801610000000437,43.599280000000476],[23.869343697704267,43.74500504511792]]]},"properties":{}},{"type":"Feature","geometry":{"type":"MultiLineString","coordinates":[[[23.632190000000264,43.59072000000015],[23.80826999999954,43.69636999999966],[23.849700000000666,43.75185000000056]]]},"properties":{}},{"type":"Feature","geometry":{"type":"MultiLineString","coordinates":[[[25.384369999999706,43.02845],[25.412309999999763,43.06431],[25.63993999999923,43.216860000000395],[25.639890000000435,43.27606000000014],[25.381760000000327,43.61679999999984]]]},"properties":{}},{"type":"Feature","geometry":{"type":"MultiLineString","coordinates":[[[25.586989999999844,45.69449],[25.572410735151493,45.64580646553134],[25.595253560807407,45.56300122252833],[25.553907137609656,45.3906335688053],[25.57985,45.33044]]]},"properties":{}},{"type":"Feature","geometry":{"type":"MultiLineString","coordinates":[[[23.738110000000177,46.789919999999256],[23.813159999999698,46.97966000000093],[23.917380000000833,47.06318],[23.91500000000093,47.112670000000435],[23.885019999999827,47.17739000000074],[24.039010000000417,47.1889100000007],[24.09183999999908,47.22032000000041],[24.094769999999755,47.23741999999953],[24.16234000000088,47.209339999999486],[24.300730000000897,47.19316000000083],[24.32262000000094,47.174119999999675],[24.330239999999378,47.12606000000062],[24.511930000000575,47.054669999999646],[24.569519999999102,47.07085],[24.60806000000042,47.002319999999656],[24.699909999999477,46.96663000000086],[24.783190000000104,46.954739999999276],[24.826020000000426,46.91072],[24.57561,46.54517999999911],[24.526110000000756,46.52091],[24.299020000000496,46.47665000000046],[24.137790000000678,46.49568999999968],[23.895818715833343,46.41111449172058]]]},"properties":{}},{"type":"Feature","geometry":{"type":"MultiLineString","coordinates":[[[24.326226686943812,47.157484957638474],[24.300730000000897,47.19316000000083],[24.16234000000088,47.209339999999486],[24.094769999999755,47.23741999999953],[24.09183999999908,47.22032000000041],[24.039010000000417,47.1889100000007],[23.885019999999827,47.17739000000074],[23.6960899999994,47.27267000000023],[23.652299999999798,47.26410000000027],[23.598050000000512,47.27743],[23.58187,47.28694],[23.592339999999353,47.324539999999615],[23.582350000000588,47.33882000000091],[23.509729999999763,47.34310000000016],[23.196931360737608,47.169032308602766]]]},"properties":{}},{"type":"Feature","geometry":{"type":"MultiLineString","coordinates":[[[24.47065738879138,43.70442452928529],[24.4890976599537,43.740367801093214],[24.487119999999834,43.81250999999986],[24.467130000000907,43.874610000000814],[24.421449999999822,43.92601],[24.405740000000264,44.17906000000045],[24.360769999999263,44.25686999999937],[24.31866000000082,44.27258000000086],[24.265830000000392,44.4678100000001],[24.279389999999694,44.61772000000025],[24.275110000000495,44.6844600000004],[24.240850000000137,44.785830000000715],[24.244420000001014,44.94287000000071],[24.367200000000707,45.089060000000245],[24.385759999999266,45.13688999999982],[24.361489999999378,45.208989999999176],[24.37219,45.23610999999988],[24.360769999999263,45.256820000000516],[24.30152000000089,45.28679999999986],[24.292960000000733,45.31249000000025],[24.31366,45.358539999999266],[24.323650000000328,45.48631000000023],[24.285110000000827,45.56625999999966],[24.29182000000037,45.68175999999954],[24.21472,45.81240000000065],[24.15262000000081,45.817390000000216],[24.070530000000872,45.79241000000013],[23.909200000000112,45.89733999999959],[23.60068,45.94517000000093],[23.56284000000045,46.01405999999952],[23.502589730502166,46.02608973050337],[23.592179730503574,46.0691997305039],[23.5260300000009,46.15724000000051],[23.61590000000075,46.16758999999922],[23.66158,46.19400999999925],[23.681210000000704,46.257820000000834],[23.73011000000048,46.31493000000046],[23.71369000000044,46.36168999999978],[23.895818715833343,46.41111449172058],[23.75238,46.570770000000266],[23.766299999999433,46.666240000000585],[23.702769999999873,46.705330000000686],[23.738110000000177,46.789919999999256]]]},"properties":{}},{"type":"Feature","geometry":{"type":"MultiLineString","coordinates":[[[23.863369999999122,45.90234000000055],[23.85009,45.96766000000025],[23.779420000000755,46.01120000000083],[23.677340000000186,46.018340000000535],[23.638080000000627,45.983360000000175],[23.585650000000896,45.97104000000036]]]},"properties":{}},{"type":"Feature","geometry":{"type":"MultiLineString","coordinates":[[[23.590990000000602,46.06801000000087],[23.655790000000707,46.09186000000045],[23.784279999999853,46.17324],[23.877080000000205,46.1611099999991],[23.91005000000041,46.17109999999957],[23.99928,46.12826999999925]]]},"properties":{}},{"type":"Feature","geometry":{"type":"MultiLineString","coordinates":[[[18.411260000000766,40.29433000000063],[18.293480000000272,40.2175900000002],[18.20246000000043,40.179519999999684],[18.030549999999494,40.18010999999933]]]},"properties":{}},{"type":"Feature","geometry":{"type":"MultiLineString","coordinates":[[[18.04898999999932,40.061139999999796],[18.21734,40.07839000000058],[18.352960000000166,40.13430999999946],[18.39579000000049,40.13728000000083]]]},"properties":{}},{"type":"Feature","geometry":{"type":"MultiLineString","coordinates":[[[18.993080000000248,42.75784000000033],[19.04679000000033,42.79635000000059],[19.105089999999166,42.876650000000154],[19.09735,42.95993000000101],[19.15982000000082,42.96825999999976],[19.177659999999378,42.989079999999376],[19.140779999999836,43.072360000000174],[19.32876000000033,43.18865999999986],[19.304959999999483,43.23565000000059],[19.331729999999823,43.34243000000055],[19.373670000000914,43.35909],[19.486689999999726,43.36563000000024],[19.571169999999313,43.3971600000005],[19.778179999999395,43.380499999999415],[20.098809999999446,43.263320000000135],[20.262989999999263,43.26034000000084],[20.35758,43.18657999999971],[20.54853,43.14077],[20.72758000000067,43.04291999999987],[20.79659,42.994730000000345],[20.82037999999926,42.935840000000155],[20.87822000000051,42.88141]]]},"properties":{}},{"type":"Feature","geometry":{"type":"MultiLineString","coordinates":[[[21.190230000000213,42.611709999999164],[21.108140000000276,42.67305999999917],[21.03973000000036,42.75455999999946],[20.884770000000685,42.85494],[20.836129999999798,42.92383999999953],[20.850130000000718,42.94715],[20.825740000000224,43.004849999999465],[20.840009999999836,43.01853],[20.813840000000823,43.105380000000935],[20.72460999999936,43.19223000000051],[20.70616999999953,43.23149000000012],[20.63419000000067,43.290979999999706],[20.693680000000256,43.461999999999534],[20.654409999999302,43.47984999999977],[20.649659999999244,43.55509999999964],[20.603849999999625,43.589],[20.5628099999995,43.66692999999947],[20.638950000000534,43.72225000000077],[20.78802,43.74188999999939],[20.82550000000083,43.77401],[20.774929999999586,43.992029999999545],[20.49654,44.12795],[20.633690000000513,44.28816000000012],[20.6517800000002,44.398470000000145],[20.649869999999396,44.430350000000544],[20.56421000000057,44.58906000000036],[20.44762000000088,44.72230999999931],[20.4281100000008,44.76951999999983],[20.468360000000814,44.81751000000071]]]},"properties":{}},{"type":"Feature","geometry":{"type":"MultiLineString","coordinates":[[[19.91038611045377,44.27959530558212],[19.778560000000653,44.29987000000074],[19.643529999999373,44.35222000000073],[19.4038,44.54257999999936],[19.242066897746383,44.56208491619424]],[[19.905740000000264,44.279930000000604],[20.053809999999373,44.26771999999983],[20.368140000000608,44.20775999999938],[20.468790000000865,44.168379999999274],[20.49654,44.12795],[20.47163000000012,43.99655],[20.483050000000674,43.96764000000087],[20.451999999999316,43.94301000000098],[20.443789999999296,43.8973299999999]]]},"properties":{}},{"type":"Feature","geometry":{"type":"MultiLineString","coordinates":[[[20.428110000000743,44.76951999999983],[20.39127,44.760480000000825],[20.318460000000414,44.66482],[20.278959999999643,44.65245],[20.19568000000072,44.65578],[20.10574000000088,44.686719999999696],[19.99866,44.626280000000406],[19.912050000000818,44.61771000000044],[19.81734999999935,44.70336999999927],[19.6864800000003,44.75476999999955],[19.630800000000818,44.8647],[19.63126999999986,44.938459999999395],[19.615089999999327,44.97606000000087]]]},"properties":{}},{"type":"Feature","geometry":{"type":"MultiLineString","coordinates":[[[18.80393000000015,45.27484],[18.87521000000021,45.24215000000015],[19.282569999999453,45.13364],[19.47388,45.003249999999866],[19.7111000000005,44.9616000000006],[20.10442999999941,44.94494999999927],[20.38465,44.85867],[20.429389999999444,44.81917000000078],[20.468360000000814,44.81751000000071]]]},"properties":{}},{"type":"Feature","geometry":{"type":"MultiLineString","coordinates":[[[23.39083000000028,43.517620000000534],[23.38544,43.46913999999924],[23.46515,43.42393000000084],[23.483589999999822,43.394790000000285],[23.422319999999672,43.29128],[23.549619999999777,43.205620000000636]]]},"properties":{}},{"type":"Feature","geometry":{"type":"MultiLineString","coordinates":[[[23.644570000000385,43.27758],[23.610099999999875,43.26524000000063],[23.53062999999929,43.1918399999995],[23.472089999999298,43.10450999999921],[23.430449999999837,43.10439000000042],[23.37953000000016,43.067989999999554],[23.36692000000039,43.00921000000017],[23.403329999999187,42.91142000000036],[23.36120999999912,42.84432000000015],[23.334600000000137,42.728580000000875]]]},"properties":{}},{"type":"Feature","geometry":{"type":"MultiLineString","coordinates":[[[23.655039999999644,43.11787],[23.545469999999113,43.08741999999984],[23.48906999999963,43.08455999999933],[23.462569999999687,43.10153999999966]]]},"properties":{}},{"type":"Feature","geometry":{"type":"MultiLineString","coordinates":[[[12.554140000000302,44.07590999999957],[12.447060000000363,44.068180000000154],[12.40899,44.093759999999804],[12.363779999999736,44.096729999999354],[10.921809999999766,44.65816000000086],[10.752870000000314,44.66530000000063],[10.381890000000567,44.78981000000033],[10.03247000000016,44.87850000000077],[9.917779999999766,44.92894999999953],[9.71313999999984,45.05268000000075]]]},"properties":{}},{"type":"Feature","geometry":{"type":"MultiLineString","coordinates":[[[11.312710000000152,44.50800999999967],[11.273489999999583,44.47781000000043],[11.258320000000822,44.41772999999927],[11.20241,44.363900000000285],[11.205559839910052,44.33970421882589],[11.177363226990849,44.32364285703653]]]},"properties":{}},{"type":"Feature","geometry":{"type":"MultiLineString","coordinates":[[[11.347910000000468,44.496320000000196],[11.356780000000185,44.46342],[11.31751459575463,44.35575000000057],[11.286879999999769,44.336709999999584],[11.25476,44.26577],[11.287179999999353,44.09742999999986],[11.25476,44.06976000000037],[11.237209999999266,44.00552000000067]]]},"properties":{}},{"type":"Feature","geometry":{"type":"MultiLineString","coordinates":[[[11.385865716225737,43.984492832718445],[11.36896999999965,44.02842000000061],[11.398419999999533,44.06292000000036],[11.373729999999341,44.10189],[11.388600000000224,44.21238000000096]]]},"properties":{}},{"type":"Feature","geometry":{"type":"MultiLineString","coordinates":[[[11.388600000000224,44.21238000000085],[11.42667000000074,44.25343000000066],[11.420130000000427,44.33209999999963]]]},"properties":{}},{"type":"Feature","geometry":{"type":"MultiLineString","coordinates":[[[11.509749999999258,44.435810000000856],[11.459979999999632,44.35661000000073],[11.420130000000427,44.33209999999963]]]},"properties":{}},{"type":"Feature","geometry":{"type":"MultiLineString","coordinates":[[[11.420130000000427,44.33209999999963],[11.4002,44.35453000000052],[11.417750000000524,44.391709999999875],[11.387409999999363,44.40955000000031],[11.37313,44.44167000000016],[11.378109999999651,44.48648999999932]]]},"properties":{}},{"type":"Feature","geometry":{"type":"MultiLineString","coordinates":[[[11.532069999999237,44.04351999999926],[11.471349999999859,44.04371],[11.41043,44.006869999999196]],[[11.883970000000772,44.28924000000018],[11.694347676603002,44.18904643119549],[11.667460269496758,44.110759730503446],[11.613450000000796,44.08958],[11.604789999999468,44.07187999999957],[11.54711,44.0633099999996],[11.537210000000528,44.045040000000995]]]},"properties":{}},{"type":"Feature","geometry":{"type":"MultiLineString","coordinates":[[[12.228750000000218,44.14819],[12.215060000000449,44.36768999999924],[12.225769999999159,44.3974400000007]]]},"properties":{}},{"type":"Feature","geometry":{"type":"MultiLineString","coordinates":[[[12.226370000000315,44.406240000000366],[12.099019999999769,44.609819999999786],[12.11596,44.66321000000073],[12.102440000000684,44.699189999999305],[12.179729999999893,44.94693999999981],[12.154599999999846,44.966829999999334],[12.153650000000312,44.987390000000346],[12.078310000000783,45.02144000000055],[12.052970000000755,45.058909999999855],[12.068310000000622,45.15796000000057],[12.095649999999296,45.21275000000065]]]},"properties":{}},{"type":"Feature","geometry":{"type":"MultiLineString","coordinates":[[[12.225769999999159,44.3974400000007],[12.398880000000645,44.203390000000525],[12.53238199723387,44.09336060377666]]]},"properties":{}},{"type":"Feature","geometry":{"type":"MultiLineString","coordinates":[[[13.34771,45.778459999999654],[13.248359999999707,45.81236999999959],[13.144860000000392,45.81712999999945],[12.858109999999272,45.7487500000006],[12.705830000000844,45.77671000000015]],[[9.69931,45.06088000000102],[9.751539999999352,45.046959999999785],[9.851119999999355,45.05160000000075],[9.97782999999987,45.10477999999978],[9.999250000000757,45.13476000000088],[10.026009999999644,45.142610000000786],[10.42648,45.12904999999955],[10.56675,45.19578999999982],[10.998260000000357,45.44849000000079],[11.070060000000126,45.42352000000028],[11.256129999999757,45.41162000000082],[11.326559999999631,45.42161999999922],[11.661089999999604,45.63001000000088],[11.751749999999447,45.668439999999464],[12.707060000000695,45.77521999999959]]]},"properties":{}},{"type":"Feature","geometry":{"type":"MultiLineString","coordinates":[[[12.24028,45.83270000000084],[12.167999999999665,45.86392999999953],[12.052299999999377,45.85946999999942],[11.963669999999183,45.8749399999997],[11.916370000000825,45.94304000000011],[11.929009999999835,45.98134000000027],[11.959339999999429,46.003350000000864],[11.892719999999827,46.0265500000005]]]},"properties":{}},{"type":"Feature","geometry":{"type":"MultiLineString","coordinates":[[[11.918159999999261,45.797459999999774],[11.953550000000178,45.6129],[11.90121,45.47726999999941]]]},"properties":{}},{"type":"Feature","geometry":{"type":"MultiLineString","coordinates":[[[11.88187,45.40797000000026],[11.743270000000905,45.233379999999784],[11.567489999999452,45.23694000000074]],[[11.6636926621714,45.232906603169965],[11.492829999999344,45.24170000000055],[11.41698,45.308919999999546],[11.266190000000279,45.35949000000073]]]},"properties":{}},{"type":"Feature","geometry":{"type":"MultiLineString","coordinates":[[[11.492829999999344,45.24170000000055],[11.44601,45.21853000000016],[11.31502,45.10057000000046],[11.08374,44.79718999999932],[11.039129999999261,44.75864]]]},"properties":{}},{"type":"Feature","geometry":{"type":"MultiLineString","coordinates":[[[15.790349999999307,40.35822],[15.67167999999947,40.34958999999981],[15.623569999999745,40.36547000000064]]]},"properties":{}},{"type":"Feature","geometry":{"type":"MultiLineString","coordinates":[[[15.784460000000763,40.36605000000054],[15.919620000000577,40.28055999999924],[15.986839999999575,40.26539000000048]]]},"properties":{}},{"type":"Feature","geometry":{"type":"MultiLineString","coordinates":[[[15.782649999999194,40.61164],[15.906859999999142,40.549810000000434],[15.970820000000458,40.48365999999987],[15.934080000000904,40.34879]]]},"properties":{}},{"type":"Feature","geometry":{"type":"MultiLineString","coordinates":[[[15.934080000000904,40.34879],[15.919239999999263,40.31252999999924],[15.932559999999285,40.29291999999987],[15.876790000000256,40.22658000000047]]]},"properties":{}},{"type":"Feature","geometry":{"type":"MultiLineString","coordinates":[[[15.876790000000256,40.22658000000047],[15.875490000000354,40.198710000000574],[15.926509999999325,40.14199],[15.924220000000787,40.07755],[15.964200000000346,40.04623999999967],[15.970859999999448,40.01274000000012]]]},"properties":{}},{"type":"Feature","geometry":{"type":"MultiLineString","coordinates":[[[15.811789999999746,40.07934000000023],[16.109510000000228,40.067440000000715],[16.32485000000088,40.125019999999495],[16.36269,40.18176999999923],[16.43145,40.16345],[16.486179999999877,40.197000000000116],[16.49165,40.22722000000067],[16.55019,40.23269000000073],[16.612530000000334,40.20795],[16.686540000000605,40.21816000000035]]]},"properties":{}},{"type":"Feature","geometry":{"type":"MultiLineString","coordinates":[[[16.67725000000064,40.21983999999975],[16.379590000000462,40.269539999999324],[16.148479999999836,40.23711999999978],[15.986839999999575,40.26539000000048]]]},"properties":{}},{"type":"Feature","geometry":{"type":"MultiLineString","coordinates":[[[16.020479999999225,40.7851499999997],[15.93548,40.7782700000007],[15.82028,40.8158199999998]]]},"properties":{}},{"type":"Feature","geometry":{"type":"MultiLineString","coordinates":[[[16.786920000000464,40.38235999999961],[16.571389999999155,40.43667],[16.46193999999923,40.494370000000345],[16.236189999999624,40.54805999999917],[16.150229999999283,40.53557],[16.06873000000087,40.544190000000526],[15.950349999999162,40.609920000000784],[15.916740000000573,40.6526900000008],[15.78871000000072,40.6249200000002]]]},"properties":{}},{"type":"Feature","geometry":{"type":"MultiLineString","coordinates":[[[17.064580000000205,40.574720000000525],[16.869039999999586,41.006680000000415],[16.878179999999702,41.042460000000574]]]},"properties":{}},{"type":"Feature","geometry":{"type":"MultiLineString","coordinates":[[[17.29827,40.953519999999116],[17.125159999999596,40.96422999999959],[16.87247000000025,41.07165999999961],[16.686830000000555,41.10986000000048]]]},"properties":{}},{"type":"Feature","geometry":{"type":"MultiLineString","coordinates":[[[16.85958000000028,41.12651],[17.083049999999275,41.06227000000035],[17.29827,40.953519999999116],[17.469230000000607,40.826170000000275],[17.94844000000012,40.64005]]]},"properties":{}},{"type":"Feature","geometry":{"type":"MultiLineString","coordinates":[[[15.813070000000153,41.574000000000524],[15.75454,41.569719999999506],[15.701349999999366,41.6129],[15.555019999999786,41.67465000000084],[15.51611000000048,41.7115900000008]]]},"properties":{}},{"type":"Feature","geometry":{"type":"MultiLineString","coordinates":[[[15.303620000000592,41.36461000000054],[15.344440000000759,41.37859000000026],[15.420099999999366,41.442119999999704]]]},"properties":{}},{"type":"Feature","geometry":{"type":"MultiLineString","coordinates":[[[15.454009999999471,41.45781999999963],[15.50326,41.470320000000356],[15.55645,41.52992000000086]]]},"properties":{}},{"type":"Feature","geometry":{"type":"MultiLineString","coordinates":[[[15.524320000000444,41.53599000000031],[15.616760000000795,41.52814000000035],[15.749270000000251,41.57445]]]},"properties":{}},{"type":"Feature","geometry":{"type":"MultiLineString","coordinates":[[[15.831770000000688,41.84125999999924],[15.874009999999544,41.844530000000304],[15.928439999999682,41.88260000000082]]]},"properties":{}},{"type":"Feature","geometry":{"type":"MultiLineString","coordinates":[[[15.496010000000751,41.718479999999545],[15.56510999999955,41.72818999999981],[15.724819999999454,41.70838999999978],[15.916320000000269,41.7190499999997]]]},"properties":{}},{"type":"Feature","geometry":{"type":"MultiLineString","coordinates":[[[15.236179999999877,41.78339000000051],[15.38608000000022,41.81956],[15.483169999999518,41.86858000000029],[15.541219999999157,41.87952000000041],[15.67447,41.86953],[15.775359999999637,41.82480000000032],[15.807559999999285,41.835769999999684]]]},"properties":{}},{"type":"Feature","geometry":{"type":"MultiLineString","coordinates":[[[15.468600000000151,41.73123999999916],[15.324689999999464,41.7512200000001],[15.15071,41.800139999999374],[14.981289999999717,41.81850999999915],[14.916380000000572,41.80746999999974]]]},"properties":{}},{"type":"Feature","geometry":{"type":"MultiLineString","coordinates":[[[14.840280000000348,41.6822800000009],[14.844199999999546,41.74575999999979],[14.916380000000572,41.80746999999974]]]},"properties":{}},{"type":"Feature","geometry":{"type":"MultiLineString","coordinates":[[[14.911589999999705,41.806829999999536],[14.939839999999094,41.85922000000028],[14.939389999999548,41.94930000000022]]]},"properties":{}},{"type":"Feature","geometry":{"type":"MultiLineString","coordinates":[[[14.9327200000007,41.83716],[14.872929999999542,41.86404000000039],[14.83614999999918,41.86269]]]},"properties":{}},{"type":"Feature","geometry":{"type":"MultiLineString","coordinates":[[[14.943390000000363,41.893449999999575],[15.109459999999672,41.8467299999993],[15.21752000000015,41.78681999999935]]]},"properties":{}},{"type":"Feature","geometry":{"type":"MultiLineString","coordinates":[[[15.23049,41.782279999999446],[15.302669999999125,41.67671999999948],[15.329089999999269,41.51100000000042],[15.056399999999485,41.70027999999911],[14.86636,41.760379999999714]]]},"properties":{}},{"type":"Feature","geometry":{"type":"MultiLineString","coordinates":[[[15.329089999999269,41.51100000000042],[15.164280000000872,41.50079],[15.114910000000236,41.51358000000073],[15.01854,41.482350000000224],[14.978680000000168,41.525180000000546],[14.90135,41.52874999999949],[14.841270000000804,41.5620600000002]]]},"properties":{}},{"type":"Feature","geometry":{"type":"MultiLineString","coordinates":[[[15.403000000000247,40.57796000000053],[15.329309999999168,40.57025000000067],[15.261490000000776,40.588809999999285]]]},"properties":{}},{"type":"Feature","geometry":{"type":"MultiLineString","coordinates":[[[15.27909,40.58088999999927],[15.298259999999573,40.618430000000444],[15.379629999999452,40.65697999999975],[15.48457000000053,40.64520000000084],[15.511339999999109,40.68696000000091],[15.542390000000523,40.69623999999931],[15.67159,40.61058000000048],[15.73013,40.60487],[15.78871000000072,40.6249200000002]]]},"properties":{}},{"type":"Feature","geometry":{"type":"MultiLineString","coordinates":[[[15.261490000000776,40.588809999999285],[15.009509999999864,40.61700000000019],[14.872090000000753,40.65234000000055]]]},"properties":{}},{"type":"Feature","geometry":{"type":"MultiLineString","coordinates":[[[3.245230000000447,49.94382000000053],[3.123879999999133,50.01519999999982],[2.914010000000474,50.061600000000965],[2.854760000000113,50.09872],[2.766760000000431,50.299000000000945]],[[3.245692142716337,49.94303239274876],[3.287480000000869,49.85339000000033],[3.556590000000142,49.717049999999404],[3.899590000000842,49.412239999999656],[4.031599835281838,49.26335786573634]]]},"properties":{}},{"type":"Feature","geometry":{"type":"MultiLineString","coordinates":[[[1.610720000000583,50.72632999999951],[1.866990000000442,50.755590000000666],[2.226409999999305,50.82697999999982],[2.482319999999163,50.800569999999425]]]},"properties":{}},{"type":"Feature","geometry":{"type":"MultiLineString","coordinates":[[[5.46788000000015,50.78066000000035],[5.37539,50.69504000000063],[5.318279999999447,50.53322999999921],[5.375980000000709,50.38748999999922],[5.764129999999682,49.77915000000036]]]},"properties":{}},{"type":"Feature","geometry":{"type":"MultiLineString","coordinates":[[[6.607099999999264,50.36521],[6.654210000000603,50.51654000000053],[6.654930000000604,50.61434],[6.63351,50.67573000000084],[6.687050000000454,50.9048700000003],[6.698469999999361,51.1861200000003]]]},"properties":{}},{"type":"Feature","geometry":{"type":"MultiLineString","coordinates":[[[6.698469999999361,51.186840000000416],[6.341839999999252,50.9034400000001],[6.106980000000533,50.79350999999957],[6.068439999999043,50.76138999999972]]]},"properties":{}},{"type":"Feature","geometry":{"type":"MultiLineString","coordinates":[[[6.185149999999396,49.12169999999969],[6.150530000000913,49.31016000000096],[6.169089999999471,49.37512000000072],[6.320420000000126,49.51217],[6.32970000000023,49.559289999999294],[6.537070000000426,49.684919999999806],[6.635580000000175,49.71348000000046],[6.673489999999276,49.75559000000072],[6.644930000000386,49.78485999999975],[6.529290000000458,49.84411],[6.505020000000513,49.8740899999994],[6.465039999999249,49.9676],[6.452199999999834,50.12822000000057],[6.49431,50.25100000000026],[6.65635,50.403759999999295],[6.79198,50.640040000000226],[6.84481000000045,50.67786999999964],[6.97865,50.82563999999917],[6.947309999999618,50.94341999999955],[6.955019999999479,50.98911000000044],[6.846519999999146,51.08332999999942],[6.855089999999109,51.1175999999997],[6.878640000000928,51.13472999999988],[6.867930000000456,51.16541999999936],[6.698469999999361,51.186840000000416],[6.674479999999676,51.32746000000043],[6.643079999999884,51.360300000000336],[6.68376,51.46238000000096],[6.61595,51.553040000000806],[6.477109999999811,51.633700000000374],[6.447840000000724,51.67296],[6.261529999999709,51.7857499999991],[6.240110000000755,51.81573000000037],[6.083430000000703,51.84714],[6.026320000000851,51.873550000000364],[5.927809999999283,51.95493],[5.636920000000941,51.937079999999696],[5.370300000000555,51.955640000000244],[5.263230000000419,51.98063],[5.172570000000746,52.03702],[5.03831,52.0835000000007],[4.748009999999397,52.079690000000596],[4.644270000000688,52.13680000000022],[4.576689999999815,52.12442000000016],[4.451049999999782,52.15202999999934],[4.401320000000908,52.2029500000009]],[[5.317979214854915,47.8709743636349],[5.41734,47.9672699999993],[5.569390000000681,48.07221000000027],[5.697599999999511,48.36931999999973],[5.867490000000487,48.50994],[5.893550000000744,48.69268999999986],[6.006330000000105,48.822609999999315],[6.185659999999132,49.12169999999969]]]},"properties":{}},{"type":"Feature","geometry":{"type":"MultiLineString","coordinates":[[[6.57854000000043,50.33666000000085],[6.677050000000236,50.37020999999913],[6.809830000000147,50.45586999999978],[7.003640000000814,50.6600299999991],[7.032900000000154,50.70999],[7.085730000000694,50.743539999999484]]]},"properties":{}},{"type":"Feature","geometry":{"type":"MultiLineString","coordinates":[[[6.184859999999389,49.12242],[6.317639999999415,49.19522999999941],[6.573549999999159,49.2766100000008],[6.76486,49.382260000000315],[7.129979999999648,49.41794999999922],[7.18995,49.4465],[7.362339999999676,49.654940000000465],[7.465850000000501,49.69706000000042],[7.611829999999884,49.79128],[7.830260000000578,49.87266000000102],[7.91021,49.924769999999626]]]},"properties":{}},{"type":"Feature","geometry":{"type":"MultiLineString","coordinates":[[[7.845540000000256,49.48362000000088],[8.02614,49.56856999999957],[8.101800000000367,49.734179999999526]]]},"properties":{}},{"type":"Feature","geometry":{"type":"MultiLineString","coordinates":[[[8.160468844815568,49.594014387240804],[8.101800000000367,49.734179999999526],[8.148919999999634,49.87123000000065],[8.254569999999148,50.006859999999506]]]},"properties":{}},{"type":"Feature","geometry":{"type":"MultiLineString","coordinates":[[[7.402939505823781,48.74628109333122],[7.541080000000875,48.8169],[7.718829999999741,48.9361100000005],[7.989729999999327,49.05817000000036],[8.08324,49.13527000000073],[8.121789999999294,49.20023000000043],[8.13964,49.31086999999934],[8.1839,49.397960000000296],[8.182469999999853,49.53930000000037],[8.160468844815568,49.594014387240804]]]},"properties":{}},{"type":"Feature","geometry":{"type":"MultiLineString","coordinates":[[[7.768480000000693,48.593109999999854],[7.608190000000889,48.637720000000684],[7.37298,48.75764999999956],[7.08244,48.75979],[6.85866,48.81547],[6.504230000000518,48.83760000000075],[6.401439999999582,48.888279999999156],[6.303649999999891,48.97323],[6.222980000000405,49.05388999999934],[6.185149999999396,49.12169999999969]]]},"properties":{}},{"type":"Feature","geometry":{"type":"MultiLineString","coordinates":[[[5.637280000000828,48.22084],[5.573029999999562,48.331490000000485],[5.486660000000484,48.39644000000044],[5.388859999999113,48.63271999999961],[5.400279999999839,48.647720000000845]]]},"properties":{}},{"type":"Feature","geometry":{"type":"MultiLineString","coordinates":[[[4.066629999999464,48.307210000000794],[3.291610000000276,48.20084999999938],[3.217370000000301,48.28865000000047],[2.953960000000848,48.37146000000041],[2.948959999999772,48.40287],[2.874009999999657,48.459259999999745],[2.750519999999653,48.52779000000015],[2.63666000000012,48.55991],[2.466050000001019,48.702680000000385],[2.42965,48.8169],[2.34613,48.863289999999324]],[[0.198189999999158,49.52074],[0.721789999999714,49.53715999999986],[0.98733,49.49576],[1.757209999999873,49.17095999999947],[2.367353637310998,48.97086457750942],[2.34613,48.862580000001]]]},"properties":{}},{"type":"Feature","geometry":{"type":"MultiLineString","coordinates":[[[2.340060000000562,48.845450000000824],[2.258680000000766,48.620590000000504],[2.132330000000422,48.39215999999948],[2.11449,48.29508],[2.058090000000391,48.16302],[1.913870000000429,47.90960000000092]]]},"properties":{}},{"type":"Feature","geometry":{"type":"MultiLineString","coordinates":[[[1.335150000000738,47.60153999999977],[1.051260000000184,47.822829999999215],[0.920840000000737,47.887070000000676],[0.588190000000395,47.967020000000105],[0.265289999999368,47.98598999999922],[0.20615,48.006820000000516]]]},"properties":{}},{"type":"Feature","geometry":{"type":"MultiLineString","coordinates":[[[1.91316,47.910320000000866],[1.958130000000892,47.9303],[2.196579999999813,48.16302],[2.290800000000672,48.21797999999944],[2.667349999999715,48.55206],[2.8426,48.67199000000073],[2.980369999999311,48.73265999999967],[3.07388,48.80333000000064]]]},"properties":{}},{"type":"Feature","geometry":{"type":"MultiLineString","coordinates":[[[6.673489999999276,49.75559000000072],[6.870790000000852,49.79270999999983],[6.87436,49.81769999999966],[6.912189999999157,49.814839999999094],[6.927180000000646,49.85196],[7.062809999999502,49.84482000000037],[7.323720000000264,49.90264000000036],[7.493259999999339,49.976880000000165],[7.582490000000746,49.95046999999971],[7.782359999999301,49.944760000000315],[8.258169999999154,50.00722]]]},"properties":{}},{"type":"Feature","geometry":{"type":"MultiLineString","coordinates":[[[5.67047,50.84919000000082],[5.66547,50.91914999999983],[5.771119999999428,51.11117000000024],[5.862849999999582,51.19398],[6.056300000000192,51.30747999999949],[6.12483000000077,51.37101000000081],[6.119829999999752,51.42098000000084],[6.038450000000125,51.54947],[5.863559999999893,51.725790000000416],[5.842150000000515,51.76361999999983],[5.846990701803634,51.83884218444558]]]},"properties":{}},{"type":"Feature","geometry":{"type":"MultiLineString","coordinates":[[[6.369389999999839,50.92272000000048],[6.342549999999392,51.0205100000004],[6.272590000000548,51.14472000000029],[6.182701852402943,51.3792278090001]]]},"properties":{}},{"type":"Feature","geometry":{"type":"MultiLineString","coordinates":[[[6.127469999999448,51.26108000000022],[6.203849999999875,51.41669],[6.38731,51.57517],[6.458689999999478,51.65726]]]},"properties":{}},{"type":"Feature","geometry":{"type":"MultiLineString","coordinates":[[[5.881729999999209,49.54277999999982],[5.764129999999682,49.77915000000036],[5.500009999999747,49.940479999999354],[5.27729,50.15748],[4.749760000000663,50.54224000000073],[4.60699000000028,50.69072000000057],[4.51491,50.97055],[4.457259999999337,51.0895299999994],[4.417279999999664,51.23728999999918]]]},"properties":{}},{"type":"Feature","geometry":{"type":"MultiLineString","coordinates":[[[2.258149999999773,50.63879000000088],[2.475870000000327,50.473889999999415],[2.766760000000431,50.299000000000945],[3.394899999999438,50.612199999999575]]]},"properties":{}},{"type":"Feature","geometry":{"type":"MultiLineString","coordinates":[[[3.237530000000334,50.18193000000065],[2.846310000000869,50.10679999999962],[2.65286000000026,50.01115000000027],[2.116060000000346,49.8391100000008],[1.680259999999294,49.64351999999968],[1.312990000000411,49.584989999999436],[1.23518,49.55429],[1.107760000000894,49.464350000000195],[1.037089999999807,49.29444999999947],[0.710510000000909,49.161679999999365],[0.238300000000891,49.145259999999325],[0.27542,49.05318000000079],[0.29256,48.83617000000055],[0.1726,48.61001000000033]]]},"properties":{}},{"type":"Feature","geometry":{"type":"MultiLineString","coordinates":[[[3.3264,49.38029],[3.129740000000311,49.39813999999939],[3.04551,49.38171999999952],[2.877759999999455,49.321760000000836],[2.696799999999826,49.228960000000484],[2.584730000000604,49.213250000000755],[2.501210000000299,49.23039000000068],[2.212460000000647,49.39457000000044],[2.092539999999758,49.4345400000002]]]},"properties":{}},{"type":"Feature","geometry":{"type":"MultiLineString","coordinates":[[[-0.393560000000434,53.01745999999912],[-0.376910000000862,52.85922000000028],[-0.387619999999515,52.76879999999983]]]},"properties":{}},{"type":"Feature","geometry":{"type":"MultiLineString","coordinates":[[[1.462180000000444,52.773559999999634],[1.311079999999492,52.763450000000375],[1.145109999999477,52.77416000000085],[0.971120000000155,52.755119999999806],[0.781349999999293,52.720030000000406],[0.332819999999629,52.589749999999185],[0.05294,52.59034000000065],[-0.089830000000802,52.57071],[-0.14336,52.548109999999724],[-0.243899999999485,52.58380000000034],[-0.3712,52.57546999999977]]]},"properties":{}},{"type":"Feature","geometry":{"type":"MultiLineString","coordinates":[[[-0.369409999999334,52.561789999999746],[-0.38904,52.774750000000495],[-0.507719999999608,52.91157000000021],[-0.549360000000888,52.98236]]]},"properties":{}},{"type":"Feature","geometry":{"type":"MultiLineString","coordinates":[[[-1.07611,52.762259999999515],[-0.549360000000888,52.9050299999999],[-0.441689999999653,52.92049000000043],[-0.281080000000657,52.912169999999605]]]},"properties":{}},{"type":"Feature","geometry":{"type":"MultiLineString","coordinates":[[[-1.13427000000047,52.645420000000854],[-1.103769999999656,52.67482000000018],[-1.090690000000905,52.71466999999939],[-1.05559,52.886590000000126],[-0.986590000000376,52.96450999999979],[-0.715029999999388,53.129290000000765],[-0.540139999999155,53.21494999999953],[-0.53895,53.234580000000335],[-0.305469999999275,53.29526000000084],[0.07733,53.23875000000055],[0.207899999999483,53.189969999999505]]]},"properties":{}},{"type":"Feature","geometry":{"type":"MultiLineString","coordinates":[[[-2.69117,51.00324],[-2.74471000000085,51.0948499999995],[-2.927929999999833,51.151959999999235]]]},"properties":{}},{"type":"Feature","geometry":{"type":"MultiLineString","coordinates":[[[-1.814039999999295,51.09485],[-2.460660000000644,51.17992000000055],[-2.556140000000539,51.21145000000081],[-2.70902000000018,51.29651000000024]]]},"properties":{}},{"type":"Feature","geometry":{"type":"MultiLineString","coordinates":[[[-1.584720000000743,50.937809999999445],[-1.525240000000849,50.93304999999964],[-1.357480000000578,50.98183000000063]]]},"properties":{}},{"type":"Feature","geometry":{"type":"MultiLineString","coordinates":[[[-1.814039999999295,51.09485],[-1.670679999999265,51.16445000000027],[-1.275390000000698,51.29116000000079],[-1.074029999999766,51.37622000000022],[-1.151959999999178,51.222149999999715],[-1.195379999999204,51.19954999999942],[-1.326849999999467,51.06452],[-1.3738400000002,50.95209000000068]]]},"properties":{}},{"type":"Feature","geometry":{"type":"MultiLineString","coordinates":[[[-1.322690000000875,51.06927],[-1.217389999999796,51.06630000000041],[-1.162669999999707,51.08890000000065]]]},"properties":{}},{"type":"Feature","geometry":{"type":"MultiLineString","coordinates":[[[-0.786410000000615,50.83489999999989],[-0.807230000000288,50.89855],[-0.78701,50.968150000000605],[-0.794739999999365,51.03119999999956],[-0.812589999999545,51.0579699999999],[-0.899439999999174,51.10794],[-0.908960000000661,51.143630000000485],[-0.936910000000353,51.15672000000086],[-1.078789999999515,51.35124],[-1.073524650742741,51.376255679777046],[-0.742959001493318,51.3721371829584],[-0.24033000000054,51.50590999999986],[-0.079925589062043,51.521885054982704],[-0.089229999999588,51.50233999999915],[-0.06127000000015,51.471999999999866],[0.333420000000842,51.43332999999984],[0.430089999999836,51.400019999999074],[1.05440000000101,51.26915]]]},"properties":{}},{"type":"Feature","geometry":{"type":"MultiLineString","coordinates":[[[0.99669,51.09008999999969],[0.891400000000431,51.108539999999266],[0.818240000000515,51.14957999999933],[0.712349999999788,51.18169999999918],[0.567800000000716,51.20430999999917]]]},"properties":{}},{"type":"Feature","geometry":{"type":"MultiLineString","coordinates":[[[0.519910000000891,51.3815799999993],[0.514559999999619,51.32388],[0.568090000000666,51.20728000000054],[0.556790000000547,51.131139999999505],[0.572850000000471,51.08533999999963],[0.53002000000015,51.01395000000048]]]},"properties":{}},{"type":"Feature","geometry":{"type":"MultiLineString","coordinates":[[[-0.529130000000805,50.950300000000425],[-0.367329999999129,50.91401000000042],[0.025579999999536,50.91877000000022]]]},"properties":{}},{"type":"Feature","geometry":{"type":"MultiLineString","coordinates":[[[-0.030940000000555,50.82597],[0.106480000000374,51.07582],[0.051160000000891,51.27390999999989],[0.008920000000217,51.29413000000022],[-0.024390000000494,51.4059699999998],[-0.062459999999191,51.47140000000036]]]},"properties":{}},{"type":"Feature","geometry":{"type":"MultiLineString","coordinates":[[[-0.144550000000891,51.456529999999475],[-0.087450000000899,51.22989000000052],[-0.034499999999753,51.15849999999955],[-0.10232,51.06094999999914],[-0.09994,51.029420000000755],[-0.20999,50.84560000000056]]]},"properties":{}},{"type":"Feature","geometry":{"type":"MultiLineString","coordinates":[[[0.494880000000251,52.94798000000094],[0.806109999999535,52.51181999999977],[0.873209999999744,52.33050999999983],[0.761850000000834,52.20701],[0.696889999999314,52.04926],[0.459899999999891,51.795840000000624],[0.471320000000617,51.72588999999982]],[[-0.079925589062043,51.521885054982704],[0.243000000000393,51.58086000000014],[0.416699999999878,51.670679999999265],[0.501469999999301,51.75158000000016],[0.62699000000066,51.79559999999947],[0.748929999999746,51.878290000000675],[0.920490000000541,51.898520000000644],[0.97581,51.99964],[1.073080000000118,52.04247000000032],[1.084380000000351,52.06447999999921],[1.062959999999237,52.30718999999959],[1.244399999999644,52.5052799999994],[1.27117,52.56713999999931],[1.293180000000575,52.57369]]]},"properties":{}},{"type":"Feature","geometry":{"type":"MultiLineString","coordinates":[[[0.066220000000612,51.54600000000028],[0.3075000000008,51.787280000000464],[0.352469999999812,51.87364999999954]]]},"properties":{}},{"type":"Feature","geometry":{"type":"MultiLineString","coordinates":[[[-2.018190000000686,50.721519999999146],[-2.031750000000102,50.798609999999826],[-2.111699999999473,50.94923000000017],[-2.112419999999474,50.97777999999926],[-2.189510000000155,51.07558000000063]]]},"properties":{}},{"type":"Feature","geometry":{"type":"MultiLineString","coordinates":[[[-2.435429999999542,50.7179500000002],[-2.460409999999683,50.67797000000064],[-2.4597,50.629430000000866]]]},"properties":{}},{"type":"Feature","geometry":{"type":"MultiLineString","coordinates":[[[-3.62557,51.492920000000595],[-3.43569000000025,51.45795],[-3.227960000000166,51.48007999999942]],[[-2.903309999999692,53.19068999999956],[-2.837550000000192,53.08653000000055],[-2.66191000000066,52.94621000000018],[-2.659770000000208,52.921940000000234],[-2.647880000000328,52.659379999999146],[-2.67968,52.647520000000554],[-2.832679999999527,52.50523000000072],[-2.87646,52.412909999999044],[-2.877889999999752,52.36103000000014],[-2.847910000000411,52.30631],[-2.84886,52.26014000000043],[-2.779860000000497,52.136409999999216],[-2.810369999999125,52.08684],[-2.652739552693902,52.07987566264478],[-2.65048578206023,52.05131582224851],[-2.551250000000437,51.97690999999941],[-2.495569999999077,51.84842000000032],[-2.517700000000218,51.73776999999973]],[[-2.96456000000029,51.6178500000006],[-2.749690000000555,51.612139999999386],[-2.484860000000481,51.74777]]]},"properties":{}},{"type":"Feature","geometry":{"type":"MultiLineString","coordinates":[[[-3.182280000000901,51.492920000000595],[-3.282929999999396,51.60356999999931],[-3.28364,51.630699999999706],[-3.265079999999216,51.65068000000065],[-3.322190000000774,51.72349000000031]]]},"properties":{}},{"type":"Feature","geometry":{"type":"MultiLineString","coordinates":[[[-3.82359,51.67137999999977],[-3.751490000000558,51.71493],[-3.740069999999832,51.7527599999994],[-3.692240000000311,51.762759999999616],[-3.555189999999129,51.86269],[-3.546619999999166,51.90624000000025],[-3.32697,52.014030000000275],[-3.179920000000493,52.051149999999325],[-3.114960000000792,52.12824],[-3.023950000000696,52.130380000000514],[-2.881180000000313,52.0904100000007],[-2.80837000000065,52.08684]]]},"properties":{}},{"type":"Feature","geometry":{"type":"MultiLineString","coordinates":[[[-3.886409999999159,51.94835000000069],[-3.785040000000606,51.97690999999941],[-3.594450000000506,52.10611000000057],[-3.556619999999384,52.15251],[-3.403140000000349,52.204620000000546],[-3.40171,52.255300000000716]]]},"properties":{}},{"type":"Feature","geometry":{"type":"MultiLineString","coordinates":[[[-3.974210000000312,52.026159999999436],[-3.9892,52.0989699999991],[-4.02275,52.130380000000514]]]},"properties":{}},{"type":"Feature","geometry":{"type":"MultiLineString","coordinates":[[[-3.992770000000746,52.20248],[-3.990630000000237,52.286],[-3.949230000000171,52.332399999999325]]]},"properties":{}},{"type":"Feature","geometry":{"type":"MultiLineString","coordinates":[[[10.939189999999144,44.64906999999948],[11.039129999999261,44.75864],[11.06804000000011,44.917289999999525],[11.120150000000706,45.07559000000043]]]},"properties":{}},{"type":"Feature","geometry":{"type":"MultiLineString","coordinates":[[[11.099089999999705,45.11341999999968],[11.010379999999714,45.21925999999985],[10.98956,45.45809999999983],[10.857560000000376,45.4972400000006],[10.834720000000743,45.510809999999765],[10.82829,45.54436],[10.941790000000765,45.72139000000061],[11.024600000000646,45.774929999999586],[11.011749999999665,45.83846000000085],[11.033880000000863,45.891279999999824],[11.123110000000452,45.961240000000544],[11.138810000000376,46.03262],[11.110969999999725,46.15683],[11.17236000000048,46.225360000000364],[11.217329999999492,46.23606],[11.298119999999471,46.33509000000049],[11.323700000000827,46.41381],[11.307989999999336,46.45593],[11.31941,46.48163000000022],[11.25445000000036,46.52303000000029],[11.158799999999246,46.68435999999929],[11.12025,46.67222000000038],[11.051719999999477,46.67864],[10.857560000000376,46.628679999999804],[10.716930000000502,46.618679999999586],[10.621279999999388,46.636529999999766],[10.539899999999761,46.68435999999929],[10.543470000000525,46.79786000000058],[10.513489999999365,46.83712000000014],[10.503500000000713,46.92920000000049],[10.668110000000524,47.07267999999931],[10.66525,47.119080000000395],[10.588159999999334,47.141209999999774],[10.596009999999296,47.16762000000017],[10.70665,47.21973000000071],[10.834430000000793,47.33037999999942],[10.819439999999304,47.353220000000874],[10.88369000000057,47.388199999999415],[10.872269999999844,47.41675000000032],[10.737349999999424,47.45458999999937],[10.710940000000846,47.5324],[10.675250000000233,47.565230000000156],[10.7216499999995,47.61019999999917],[10.738779999999679,47.66302999999971],[10.803019999999378,47.717280000000756],[10.81659000000036,47.75725000000057],[10.869409999999334,47.8072200000006],[10.910809999999401,47.90073999999913],[10.842280000000756,47.95427000000018],[10.82847000000038,47.98852000000079],[10.807310000000143,48.16200000000026],[10.89868000000024,48.31905],[10.874410000000353,48.431829999999536],[10.844429999999193,48.486800000000585],[10.832290000000285,48.5967299999993],[10.793739999999161,48.640989999999874]]]},"properties":{}},{"type":"Feature","geometry":{"type":"MultiLineString","coordinates":[[[12.519959999999628,45.75602000000083],[12.375050000000499,45.779140000000666],[12.181090000000154,45.861849999999265],[12.025830000000497,45.86453000000074]]]},"properties":{}},{"type":"Feature","geometry":{"type":"MultiLineString","coordinates":[[[12.160060000000215,45.42033000000083],[12.102080000000512,45.32999000000029],[12.095649999999296,45.21275000000065]]]},"properties":{}},{"type":"Feature","geometry":{"type":"MultiLineString","coordinates":[[[12.052970000000755,45.058909999999855],[12.037619999999208,45.11262999999968],[11.955879999999638,45.1898999999994],[11.88187,45.40797000000026],[12.160060000000215,45.42033000000083],[12.206387907898431,45.45896500116925],[12.634350000000268,45.64522000000045],[12.691039999999816,45.709450000000345],[12.831340000000694,45.749939999999754]]]},"properties":{}},{"type":"Feature","geometry":{"type":"MultiLineString","coordinates":[[[12.08302,45.177589999999384],[12.232920000000433,45.10513999999972],[12.179729999999893,44.94693999999981]]]},"properties":{}},{"type":"Feature","geometry":{"type":"MultiLineString","coordinates":[[[11.237209999999322,44.005520000000615],[11.219279999999344,43.92710000000079],[11.177970000000641,43.8599],[11.248970000000554,43.772430000000895]]]},"properties":{}},{"type":"Feature","geometry":{"type":"MultiLineString","coordinates":[[[11.250210000000152,43.77212999999938],[11.334020000000237,43.77570000000014],[11.38256,43.79411000000073],[11.452079999999114,43.7766900000006],[11.470639999999548,43.76369999999952],[11.490920000000187,43.678540000000794],[11.58599999999933,43.59195],[11.662519999999859,43.54747999999927],[11.744759999999587,43.523849999999584]]]},"properties":{}},{"type":"Feature","geometry":{"type":"MultiLineString","coordinates":[[[11.87822000000051,43.46860000000015],[11.887640000000829,43.52513999999974],[11.928470000000743,43.54697999999917]]]},"properties":{}},{"type":"Feature","geometry":{"type":"MultiLineString","coordinates":[[[11.87822000000051,43.46860000000015],[11.846519999999146,43.43498],[11.8588,43.20954999999958],[11.931039999999484,43.09333999999944],[11.959600000000137,42.93329000000085],[12.035550000000512,42.85063000000082],[12.059100000000399,42.77803],[12.096079999999347,42.75290999999925]]]},"properties":{}},{"type":"Feature","geometry":{"type":"MultiLineString","coordinates":[[[12.077240000000529,42.71071999999913],[12.09879,42.73070999999982],[12.096079999999347,42.75290999999925]]]},"properties":{}},{"type":"Feature","geometry":{"type":"MultiLineString","coordinates":[[[11.724260000000868,42.4978200000005],[11.640880000000834,42.536879999999655],[11.499830000000657,42.66945999999916]]]},"properties":{}},{"type":"Feature","geometry":{"type":"MultiLineString","coordinates":[[[12.037280000000464,42.124509999999646],[11.970890000000509,42.20303000000058],[11.766379999999117,42.26942000000054]]]},"properties":{}},{"type":"Feature","geometry":{"type":"MultiLineString","coordinates":[[[12.387812384649521,42.50741917286064],[12.395689999999433,42.54785000000095],[12.444320000000516,42.57343000000037],[12.3989600000005,42.73425999999938],[12.412500000000477,42.8181399999994],[12.396430000000805,42.89338999999933],[12.425579999999115,43.00670999999966],[12.479419999999664,43.01682000000079]]]},"properties":{}},{"type":"Feature","geometry":{"type":"MultiLineString","coordinates":[[[12.479419999999664,43.016820000000735],[12.451129999999466,43.07807],[12.387039999999615,43.10878000000048]]]},"properties":{}},{"type":"Feature","geometry":{"type":"MultiLineString","coordinates":[[[12.46506805048,41.94009448655328],[12.4907466774456,41.97418909000277],[12.481166474886493,42.044949686810696],[12.504349999999306,42.11971000000091],[12.4887,42.166579999999215],[12.493829999999491,42.22869999999972],[12.460779999999431,42.26274000000012],[12.471830000000466,42.284040000000516],[12.43640296127279,42.379830292555596],[12.515520039716648,42.498208477595654],[12.550319656926945,42.622832747776044],[12.555673444190063,42.70700618085726],[12.525930181617184,42.76441067762295],[12.523253287985597,42.81884084813129],[12.602072933803754,42.9291883522767],[12.701970000000188,42.95969999999937],[12.734133019627336,42.99283893418266],[12.762091686445842,43.093966026930445],[12.791537516392964,43.11508374335716],[12.790942651141506,43.17219080749709],[12.744543161527815,43.30663035432633],[12.657400000000166,43.41808999999921],[12.631349999999657,43.43058000000025],[12.619439033377944,43.48830220212159],[12.669883606701546,43.581339127449496],[12.682447160812387,43.63701851498598],[12.935555134748142,43.764300000000844],[13.012486482233498,43.84811824111682],[12.902916482234673,43.91764824111755],[12.71089026949636,43.974398241117285],[12.65550000000087,44.00749999999982]]]},"properties":{}},{"type":"Feature","geometry":{"type":"MultiLineString","coordinates":[[[12.97113,43.608790000000226],[13.014680000000226,43.65733],[13.085699999999633,43.6890999999996]]]},"properties":{}},{"type":"Feature","geometry":{"type":"MultiLineString","coordinates":[[[13.195876482233587,43.7288382411179],[13.425902567374237,43.61610310636922],[13.489442567375136,43.605043106368385],[13.51542999999947,43.62163999999939]]]},"properties":{}},{"type":"Feature","geometry":{"type":"MultiLineString","coordinates":[[[13.51542999999947,43.62163999999939],[13.525069999999687,43.53651],[13.562190000000555,43.51009999999951],[13.620370000000548,43.508669999999256],[13.666769999999815,43.42729999999938]]]},"properties":{}},{"type":"Feature","geometry":{"type":"MultiLineString","coordinates":[[[13.666769999999815,43.42729999999938],[13.82987999999932,43.11232000000018],[13.86736000000019,42.98240000000078],[13.97372,42.72826999999961]]]},"properties":{}},{"type":"Feature","geometry":{"type":"MultiLineString","coordinates":[[[13.97372,42.728269999999725],[14.038319999999658,42.63653999999963],[14.135580000000118,42.53723999999971]]]},"properties":{}},{"type":"Feature","geometry":{"type":"MultiLineString","coordinates":[[[14.135580000000118,42.537239999999656],[14.25274,42.44067],[14.38940999999977,42.36463],[14.504769999999553,42.2495600000002],[14.68866,42.161229999999705],[14.716259999999238,42.10203],[14.760420000000522,42.070340000000215]]]},"properties":{}},{"type":"Feature","geometry":{"type":"MultiLineString","coordinates":[[[14.57834,42.21330999999918],[14.526309999999285,42.20781999999963],[14.488830000000235,42.17123],[14.388300000000527,42.233689999999115],[14.38771000000088,42.25927000000047],[14.43225,42.31466]]]},"properties":{}},{"type":"Feature","geometry":{"type":"MultiLineString","coordinates":[[[14.217899999999702,42.46656000000081],[14.167835134748316,42.34916973050332],[14.0485000000009,42.308479999999804],[14.015016893630843,42.27011256737342],[13.94619000000057,42.26088999999968],[13.896632297877261,42.20907824111674],[13.850038761952419,42.19585254875733]]]},"properties":{}},{"type":"Feature","geometry":{"type":"MultiLineString","coordinates":[[[13.850038761952419,42.19585254875733],[13.830705641280076,42.175032264956315],[13.83724915904611,42.11762776819069],[13.747709999999643,42.08499999999924]]]},"properties":{}},{"type":"Feature","geometry":{"type":"MultiLineString","coordinates":[[[15.88098,41.59144000000015],[15.82423000000017,41.5375499999991],[15.894179999999324,41.51541999999972],[15.92881,41.44206999999915]]]},"properties":{}},{"type":"Feature","geometry":{"type":"MultiLineString","coordinates":[[[13.867899999999281,42.080840000000535],[13.918600000000879,42.051470000000336],[13.952859999999419,41.98913]]]},"properties":{}},{"type":"Feature","geometry":{"type":"MultiLineString","coordinates":[[[13.952859999999419,41.98913],[13.990939999999682,41.89657000000079],[14.064700000000812,41.84873999999945],[14.094390000000203,41.78888]]]},"properties":{}},{"type":"Feature","geometry":{"type":"MultiLineString","coordinates":[[[4.098369999999818,34.651390000001015],[4.224949999999865,34.68185000000085],[4.329649999999674,34.73039000000068],[4.433390000000145,34.812239999999406],[4.453380000000891,34.85982999999953],[4.573539999999468,34.86340000000024],[4.596149999999511,34.90933000000052],[4.697990000000516,34.9869],[4.765569999999627,35.08683000000019]]]},"properties":{}},{"type":"Feature","geometry":{"type":"MultiLineString","coordinates":[[[3.466379999999845,34.169309999999314],[3.623429999999644,34.19595999999922],[3.775709999999833,34.2526],[3.928949999999531,34.34872999999976],[4.043159999999261,34.45436999999953],[4.07172,34.4972],[4.14596,34.83366000000029],[4.154520000000161,34.88506000000058],[4.127870000000314,34.966909999999245],[4.123110000000452,35.05827999999923],[4.1983,35.26149000000078],[4.165940000000717,35.416629999999714],[4.136200000000827,35.4367899999998],[4.05768,35.45106999999916],[3.99165,35.49247],[3.904920000000971,35.56546],[3.879220000000828,35.657189999999844],[3.774999999999693,35.72696999999977]]]},"properties":{}},{"type":"Feature","geometry":{"type":"MultiLineString","coordinates":[[[3.69939,35.87995000000052],[3.774999999999693,35.72696999999977],[3.776780000000258,35.39896000000056],[3.715389999999445,35.25173],[3.682199999999341,35.111279999999226],[3.654360000000509,35.05989000000051],[3.592249999999808,34.99957],[3.512660000000324,34.96887000000066],[3.332060000000695,34.771140000000855],[3.223560000000361,34.70404000000059]]]},"properties":{}},{"type":"Feature","geometry":{"type":"MultiLineString","coordinates":[[[14.115610000000743,41.48228000000017],[14.168240000000878,41.450160000000324],[14.16501000000062,41.39306000000033],[14.192800000000716,41.37249999999949],[14.46595999999954,41.28455000000031]]]},"properties":{}},{"type":"Feature","geometry":{"type":"MultiLineString","coordinates":[[[14.343650000000707,41.05285],[14.458529999999882,41.03541000000041],[14.554190000000744,41.04302],[14.62795,41.067769999999655],[14.688389999999345,41.061579999999594],[14.757190000000264,41.13876999999957]]]},"properties":{}},{"type":"Feature","geometry":{"type":"MultiLineString","coordinates":[[[14.774530000000595,41.14248000000043],[14.847340000000258,41.15913999999975],[14.89826,41.199109999999564],[15.103839999999764,41.26716999999917],[15.246139999999286,41.348299999999654]]]},"properties":{}},{"type":"Feature","geometry":{"type":"MultiLineString","coordinates":[[[15.405590000000302,38.229670000000624],[15.306010000000242,38.20147],[15.241589999999633,38.21932000000015],[15.176980000000185,38.144720000000234],[15.103279999999359,38.11866],[15.047959999999875,38.12437999999929],[15.04903000000013,38.14293]]]},"properties":{}},{"type":"Feature","geometry":{"type":"MultiLineString","coordinates":[[[15.04903000000013,38.14293],[15.042559999999867,38.12535000000025],[15.019340000000739,38.130779999999504],[14.919239999999263,38.190629999999146],[14.800890000000436,38.151739999999336],[14.741640000000189,38.158369999999195],[14.695200000000114,38.101080000000366],[14.616509999999835,38.062410000000455],[14.48414000000048,38.0342899999996],[14.44268000000011,38.03987000000052],[14.3786,38.014390000000276],[14.265530000000581,38.00972],[14.25965,37.995240000000194]]]},"properties":{}},{"type":"Feature","geometry":{"type":"MultiLineString","coordinates":[[[14.265530000000581,38.00972],[14.147189999999682,38.02629999999954],[14.113279999999577,38.01484999999957],[14.02926,38.040720000000874],[13.94717,38.026889999999185],[13.833850000000893,37.97855999999956],[13.754880000000412,37.968220000000656],[13.654049999999188,37.994839999999385],[13.558569999999236,38.04310000000078],[13.525410000000193,38.10460000000057]]]},"properties":{}},{"type":"Feature","geometry":{"type":"MultiLineString","coordinates":[[[13.52690000000075,38.09597000000031],[13.417170000000624,38.097610000000714],[13.351290000000517,38.13181000000077]]]},"properties":{}},{"type":"Feature","geometry":{"type":"MultiLineString","coordinates":[[[13.351290000000517,38.13181000000077],[13.180700000000797,38.13786000000073],[13.151850000000195,38.037210000000414],[13.091770000000906,37.9432199999992]]]},"properties":{}},{"type":"Feature","geometry":{"type":"MultiLineString","coordinates":[[[13.091770000000906,37.9432199999992],[13.080470000000787,37.922850000000835],[13.035260000000562,37.907970000000205],[13.012650000000576,37.870199999999386],[12.962390000000596,37.86871000000065],[12.921039999999266,37.84268999999949],[12.791359999999258,37.834059999999226],[12.800289999999222,37.82811000000038]]]},"properties":{}},{"type":"Feature","geometry":{"type":"MultiLineString","coordinates":[[[12.791359999999258,37.834059999999226],[12.6875,37.80313000000024],[12.437659999999596,37.80431999999928]]]},"properties":{}},{"type":"Feature","geometry":{"type":"MultiLineString","coordinates":[[[12.437659999999596,37.80431999999928],[12.46918,37.82900999999947],[12.505769999999757,37.91614999999911],[12.52748000000065,38.00216999999975],[12.497439999999187,38.020909999999276]]]},"properties":{}},{"type":"Feature","geometry":{"type":"MultiLineString","coordinates":[[[12.50959999999941,38.01768000000084],[12.609270000000834,38.00484999999935],[12.738660000000891,37.93018999999913],[12.894220000000132,37.979269999999815],[12.908489999999802,38.001280000000406],[12.897189999999682,38.02774999999929]]]},"properties":{}},{"type":"Feature","geometry":{"type":"MultiLineString","coordinates":[[[12.894220000000132,37.979269999999815],[12.936750000000757,37.97629000000052],[13.070589999999356,38.015260000000126],[13.158100000000559,38.07360999999946]]]},"properties":{}},{"type":"Feature","geometry":{"type":"MultiLineString","coordinates":[[[13.351290000000517,38.13181000000077],[13.313089999999647,38.05365999999958],[13.32333,38.02916],[13.29787000000033,37.99941000000035],[13.322609999999258,37.982640000000174],[13.31333000000086,37.89912],[13.356879999999364,37.82404999999926]]]},"properties":{}},{"type":"Feature","geometry":{"type":"MultiLineString","coordinates":[[[13.356879999999364,37.82404999999926],[13.38638,37.76253999999972],[13.438490000000456,37.71780000000035],[13.462999999999738,37.71923000000061]]]},"properties":{}},{"type":"Feature","geometry":{"type":"MultiLineString","coordinates":[[[13.462999999999738,37.71923000000061],[13.499739999999292,37.65200999999979],[13.472850000000108,37.58194],[13.481659999999465,37.56290000000081],[13.524960000000647,37.54053000000022],[13.559699999999793,37.44746999999916],[13.63561,37.407859999999346],[13.64227000000028,37.39025000000038],[13.644169999999576,37.369549999999435],[13.602290000000721,37.34384999999929],[13.57755,37.279819999999745],[13.395759999999427,37.34977000000072],[13.3377,37.420319999999265],[13.227290000000721,37.50050999999985],[13.039549999999508,37.511099999999715],[12.972449999999299,37.57796000000053],[12.814930000000459,37.62543],[12.827069999999367,37.59640000000036],[12.905829999999696,37.59498]]]},"properties":{}},{"type":"Feature","geometry":{"type":"MultiLineString","coordinates":[[[13.838610000000699,37.98049],[13.872279999999591,37.92228000000068],[13.883130000000165,37.83309999999983],[13.98668,37.7560799999992],[14.018089999999575,37.67946999999913],[14.045889999999417,37.68365000000085],[14.116700000000492,37.643299999999726],[14.16067,37.59370999999919],[14.223679999999149,37.56782000000021],[14.290489999999409,37.572009999999864],[14.35769000000073,37.606079999999565]]]},"properties":{}},{"type":"Feature","geometry":{"type":"MultiLineString","coordinates":[[[14.35769000000073,37.606079999999565],[14.394200000000637,37.6088],[14.407719999999244,37.64183000000048],[14.46673,37.660110000000714],[14.66698,37.64983000000029],[14.746929999999338,37.629839999999604]]]},"properties":{}},{"type":"Feature","geometry":{"type":"MultiLineString","coordinates":[[[14.768019999999524,37.628129999999146],[14.815609999999651,37.62889],[14.838069999999789,37.57748999999967],[14.928299999999581,37.56055000000015],[15.018149999999878,37.514579999999114],[15.101150000000416,37.50696000000062]]]},"properties":{}},{"type":"Feature","geometry":{"type":"MultiLineString","coordinates":[[[14.768019999999524,37.635550000000876],[14.823150000000169,37.66582000000017],[14.866570000000138,37.64738000000034]]]},"properties":{}},{"type":"Feature","geometry":{"type":"MultiLineString","coordinates":[[[14.866570000000138,37.64738000000034],[14.908810000000813,37.60693],[14.906600000000253,37.56588000000011]]]},"properties":{}},{"type":"Feature","geometry":{"type":"MultiLineString","coordinates":[[[13.651369999999588,37.30526],[13.731340000000273,37.34531000000061],[13.897310000000289,37.35887]]]},"properties":{}},{"type":"Feature","geometry":{"type":"MultiLineString","coordinates":[[[13.67566000000079,37.29747999999927],[13.732410000000527,37.28499000000011],[13.790950000000521,37.29783999999927],[13.956200000000536,37.267149999999674],[14.046860000000379,37.287130000000616],[14.135019999999713,37.26857000000018],[14.245300000000498,37.31926000000021]]]},"properties":{}},{"type":"Feature","geometry":{"type":"MultiLineString","coordinates":[[[13.897310000000289,37.35887],[14.00688000000082,37.38564000000042],[14.07934000000023,37.374219999999696],[14.102179999999862,37.356729999999516],[14.145370000000185,37.361370000000534],[14.199259999999413,37.33460000000014]]]},"properties":{}},{"type":"Feature","geometry":{"type":"MultiLineString","coordinates":[[[14.376860000000306,37.30890999999974],[14.40328000000045,37.29141999999956],[14.460030000000188,37.287130000000616],[14.556749999999738,37.324609999999666],[14.611000000000786,37.36636999999973],[14.698449999999866,37.3435300000001],[14.729499999999462,37.374579999999696],[14.887259999999515,37.39492000000064],[14.993259999999282,37.459349999999176],[15.07143,37.48219000000063]]]},"properties":{}},{"type":"Feature","geometry":{"type":"MultiLineString","coordinates":[[[15.07143,37.48219000000063],[15.17886,37.58230999999978],[15.177789999999732,37.63477000000057],[15.211339999999836,37.72400000000016]]]},"properties":{}},{"type":"Feature","geometry":{"type":"MultiLineString","coordinates":[[[15.211339999999836,37.72400000000016],[15.209049999999479,37.74678999999924],[15.24446,37.81225000000086],[15.303420000000187,37.85429],[15.305570000000444,37.87814000000071],[15.497869999999239,38.085150000000795],[15.584249999999884,38.24575999999979],[15.648779999999533,38.26768000000084],[15.532709999999497,38.29479999999967],[15.405590000000302,38.229670000000624]]]},"properties":{}},{"type":"Feature","geometry":{"type":"MultiLineString","coordinates":[[[15.06653,37.39739],[15.019829999999274,37.34653000000071],[15.011210000000574,37.27455],[15.155520000000251,37.226810000000114]]]},"properties":{}},{"type":"Feature","geometry":{"type":"MultiLineString","coordinates":[[[15.07836,37.48746000000028],[15.06653,37.39739],[15.09574000000066,37.3143199999995],[15.12637,37.30182000000059],[15.209360000000743,37.141209999999774],[15.271520000000237,37.10433000000012],[15.288769999999204,37.07696000000033]]]},"properties":{}},{"type":"Feature","geometry":{"type":"MultiLineString","coordinates":[[[14.368889999999737,36.98884],[14.501179999999295,37.03047999999944],[14.80503999999928,37.05261000000064],[14.794809999999416,36.9955000000009],[14.746979999999894,36.92186000000038],[14.604209999999512,36.91496],[14.469059999999445,36.85391999999956]]]},"properties":{}},{"type":"Feature","geometry":{"type":"MultiLineString","coordinates":[[[14.80503999999928,37.05261000000064],[14.862530000000334,37.03871000000072],[14.91964,37.06274999999914]]]},"properties":{}},{"type":"Feature","geometry":{"type":"MultiLineString","coordinates":[[[10.10044000000022,33.880139999999415],[9.792059999999822,33.88109000000071],[9.497960000000717,33.80113999999958],[9.354240000000573,33.73451000000017],[9.049670000000447,33.741180000000895],[8.923699999999371,33.721079999999404],[8.90228000000019,33.70252000000079],[8.939829999999347,33.70387999999912],[8.98876000000024,33.65741999999955],[9.00874,33.587939999999435],[9.130569999999409,33.60601999999932],[9.22861,33.59841000000063],[9.348529999999414,33.570809999999256],[9.440850000000864,33.52321999999913],[9.472260000000404,33.487049999999726],[9.515090000000896,33.51655000000039],[9.623600000000806,33.55177],[9.964340000000504,33.56795000000062],[10.086160000000689,33.627909999999304],[10.275823583554995,33.66110899237606],[10.481149999999673,33.36427],[10.545879999999727,33.29764000000068],[10.54968,33.27195000000029],[10.550629999999842,33.112049999999726],[10.531600000000367,33.00545000000062],[10.448790000000372,32.9017000000004],[10.494479999999498,32.8407900000002],[10.506849999999815,32.69802],[10.497330000000261,32.57618999999977],[10.382170000000826,32.30588],[10.54302,32.2621],[10.569670000000826,32.21261000000055],[10.64581,32.146940000000484],[10.697210000000382,32.00606999999957],[10.74861000000061,31.98228000000023],[10.77621,31.927069999999674],[10.844740000000456,31.88423999999941],[10.949430000000689,31.910889999999256],[10.97703,31.897569999999234],[11.038899999999614,31.785260000000562],[11.12075,31.746230000000764],[11.29112,31.80143999999939],[11.375830000000917,31.80524999999949],[11.43865,31.79097000000013],[11.570949999999414,31.792869999999425],[11.761300000000233,31.740519999999435],[11.80223,31.74527999999924],[11.824119999999255,31.757659999999362],[11.87457,31.842370000000358],[11.973550000000614,31.90042],[12.2124500000009,31.922319999999786],[12.618860000000609,32.01668000000063],[12.67692,32.01573],[12.747349999999699,31.976710000000878],[12.828250000000423,31.968140000000915],[12.928190000000598,32.061410000000365],[13.148999999999376,32.15279],[13.239419999999825,32.15088],[13.292719999999576,32.17944],[13.696749999999156,32.45639999999918],[13.931689999999548,32.44355999999976],[14.11253000000039,32.5625299999993],[14.232449999999517,32.58822999999944],[14.296029999999519,32.64057999999943]]]},"properties":{}},{"type":"Feature","geometry":{"type":"MultiLineString","coordinates":[[[13.182119999999543,32.90392000000077],[13.321369999999717,32.84490999999986],[13.43866,32.75669000000022],[13.603320000000167,32.47876999999983],[13.632830000000581,32.45878000000084],[13.931689999999548,32.44355999999976],[14.11253000000039,32.5625299999993],[14.232449999999517,32.58822999999944],[14.296029999999519,32.64057999999943]]]},"properties":{}},{"type":"Feature","geometry":{"type":"MultiLineString","coordinates":[[[12.26894999999979,31.93586999999934],[12.42001,31.73892999999947],[12.597050000000252,31.67895999999928],[12.688420000000463,31.670400000000825],[12.714120000000548,31.603769999999713],[12.7855,31.569509999999354],[12.839749999999299,31.51145],[12.86830999999978,31.445780000000127],[12.89876,31.436260000000402],[13.010130000000686,31.463869999999588]]]},"properties":{}},{"type":"Feature","geometry":{"type":"MultiLineString","coordinates":[[[13.33546000000024,31.000630000000456],[13.52563999999984,30.78053],[13.53515999999945,30.73472000000038],[13.57977000000028,30.684160000000702],[13.58453,30.54257999999936],[13.559730000000854,30.403379999999743]]]},"properties":{}},{"type":"Feature","geometry":{"type":"MultiLineString","coordinates":[[[15.096530000000712,30.527350000000297],[15.009439999999813,30.527350000000297],[14.850249999999505,30.562330000000657],[14.52117,30.34389999999985],[14.4969,30.32105000000047],[14.47306000000026,30.243249999999534],[14.407390000000305,30.220400000000154],[14.36598000000049,30.181860000000597],[14.312770000000455,30.017320000000836],[14.26462,29.94058000000041]]]},"properties":{}},{"type":"Feature","geometry":{"type":"MultiLineString","coordinates":[[[15.40096000000085,30.587110000000393],[15.309590000000753,30.594719999999143],[15.205959999999322,30.577590000000782],[15.075090000000273,30.51394000000073],[15.038210000000618,30.471110000000408],[15.035239999999249,30.36521999999968],[15.00192000000061,30.32834],[14.97813,30.2539799999995]]]},"properties":{}},{"type":"Feature","geometry":{"type":"MultiLineString","coordinates":[[[14.572089999999662,32.46415],[15.222110000000612,32.367780000000494],[15.132879999999204,32.27354999999989],[14.967979999999443,32.14506000000074],[15.055070000000342,32.01942000000054],[15.040789999999106,31.90877999999975],[15.11189000000013,31.656800000000658],[15.126879999999801,31.551149999999325],[15.24395,31.399100000000544],[15.417419999999765,31.401949999999488],[15.507359999999608,31.386249999999563],[15.820309999999154,31.279749999999694],[15.962359999999535,31.28903]]]},"properties":{}},{"type":"Feature","geometry":{"type":"MultiLineString","coordinates":[[[15.24395,31.399100000000544],[15.295420000000377,31.234769999999116],[15.288280000000668,31.083440000000337],[15.31113,31.01419999999962],[15.287430000000313,30.915689999999813],[15.36024,30.801470000000336]]]},"properties":{}},{"type":"Feature","geometry":{"type":"MultiLineString","coordinates":[[[14.752399999999398,32.43772999999965],[14.804589999999735,32.345509999999194],[14.832430000000386,32.253419999999096]]]},"properties":{}},{"type":"Feature","geometry":{"type":"MultiLineString","coordinates":[[[14.572089999999662,32.46415],[14.644689999999173,32.39333000000079],[14.757470000000467,32.32836999999927],[14.885959999999614,32.204170000000886],[14.969409999999698,32.15148000000045],[14.960919999999533,32.13564000000042],[14.993749999999636,32.01499999999942],[15.033729999999196,31.94076],[15.15294,31.797280000000683],[15.26463,31.49913000000015],[15.60311,31.39799999999923],[15.719409999999698,31.393840000000637]]]},"properties":{}},{"type":"Feature","geometry":{"type":"MultiLineString","coordinates":[[[15.190769999999247,31.7144700000008],[15.262849999999162,31.60541000000012],[15.314000000000306,31.56615000000056],[15.535289999999804,31.540569999999207],[15.719409999999698,31.393840000000637],[15.962359999999535,31.28903]]]},"properties":{}},{"type":"Feature","geometry":{"type":"MultiLineString","coordinates":[[[14.26462,29.94058000000041],[14.261759999999413,29.88278],[14.306969999999637,29.776299999999594],[14.282579999999143,29.627580000000364],[14.304,29.18499999999949],[14.324819999999875,29.08625000000029],[14.296860000000493,28.9898900000008],[14.282579999999143,28.85604000000069],[14.33791000000025,28.766809999999225],[14.2814,28.547899999999686],[14.29032,28.40632],[14.26295000000033,28.299839999999676],[14.194540000000416,28.14934],[14.191570000000922,28.002409999999145],[14.211199999999735,27.909610000000725],[14.217150000000515,27.699619999999356],[14.24035,27.655010000000516],[14.25344000000041,27.54673999999983],[14.308160000000555,27.483089999999777],[14.416429999999252,27.4123],[14.424160000000597,27.393270000000484],[14.431300000000192,27.238009999999235],[14.418809999999212,27.125579999999843],[14.455099999999277,26.98042999999967],[14.431300000000192,26.86979000000065],[14.43844,26.742490000000544],[14.386689999999362,26.541419999999675],[14.324819999999875,26.490260000000433],[14.252839999999253,26.39746000000025],[14.131250000000307,26.188669999999604],[14.1021,26.098249999999155],[13.982529999999258,25.95131000000049],[13.924773255535229,25.916817981918427]]]},"properties":{}},{"type":"Feature","geometry":{"type":"MultiLineString","coordinates":[[[13.239840000000186,27.530679999999847],[13.109370000000126,27.546469999999317],[12.951129999999466,27.53636],[12.870829999999842,27.592870000000403],[12.842870000000403,27.626780000000508],[12.841080000000147,27.755859999999302],[12.816930000000866,27.81594000000041],[12.740789999999834,27.903979999999137],[12.63134,27.96287999999913],[12.631929999999556,27.9950000000008],[12.654529999999795,28.008089999999356],[12.724130000000514,28.000350000000253],[12.74554999999964,28.01879],[12.73603,28.111590000000433],[12.828240000000733,28.181189999999333],[12.847270000000208,28.224019999999655],[12.926390000000538,28.3079],[12.91806,28.335259999999835],[12.831210000000283,28.40248000000065],[12.811579999999594,28.45245000000068],[12.816930000000866,28.547029999999722],[12.774100000000544,28.638639999999214],[12.637880000000223,28.84209],[12.599809999999707,28.878969999999754],[12.444310000000769,28.93964000000051],[11.874789999999848,29.09788]]]},"properties":{}},{"type":"Feature","geometry":{"type":"MultiLineString","coordinates":[[[15.106449999999313,27.72077],[14.899439999999231,27.714819999999236],[14.817349999999351,27.68506999999954],[14.76083,27.69043000000056],[14.657090000000608,27.60239],[14.58868000000075,27.57382999999936],[14.34538000000066,27.52743],[14.084059999999226,27.52743],[13.994829999999638,27.49055000000044],[13.931179999999586,27.484010000000126],[13.239840000000186,27.530679999999847]]]},"properties":{}},{"type":"Feature","geometry":{"type":"MultiLineString","coordinates":[[[14.333150000000387,28.788230000000112],[14.57944999999927,28.645870000000286],[14.67819000000054,28.50072],[14.737680000000182,28.465029999999388],[14.816199999999299,28.451940000000832],[14.955400000000736,28.387699999999313],[15.058909999999742,28.27230000000054],[15.108879999999772,28.250879999999597],[15.343249999999898,28.25326]]]},"properties":{}},{"type":"Feature","geometry":{"type":"MultiLineString","coordinates":[[[15.77542,29.067250000000115],[15.707421041509292,28.999635794777305],[15.610613029811134,28.843916161697962],[15.564653381159474,28.811182483115658],[15.490414197777511,28.678408558990384],[15.407608954774673,28.502090498458244],[15.36744,28.369689999999537],[15.364064818368036,28.28936668453713],[15.296527676602864,28.16839232339578],[15.14384570227827,27.775403107277782],[15.106449999999313,27.72077],[15.113690000000247,27.665370000000564],[15.090307829647088,27.581952927503664],[15.049619046447447,27.517707480346246],[14.903996032890632,27.3685152752808],[14.895730000000299,27.26657999999952]]]},"properties":{}},{"type":"Feature","geometry":{"type":"MultiLineString","coordinates":[[[15.77542,29.067250000000115],[15.751000000000204,29.163479999999367],[15.753946688882763,29.392569971541604],[15.677565990595497,29.576026415091064],[15.662013029811362,29.836153838302664],[15.631552323396932,29.923242221319413],[15.525429999999744,30.06387],[15.532090000000665,30.146679999999833],[15.400960000000907,30.58711000000045]]]},"properties":{}},{"type":"Feature","geometry":{"type":"MultiLineString","coordinates":[[[14.429459999999494,27.0594],[14.03881,26.755929999999466],[13.98884,26.731659999999522],[13.82680000000073,26.70310000000063],[13.741850000000397,26.65099],[13.536690000000817,26.57246999999927],[13.31041,26.529640000000768],[13.14523,26.6195900000003],[12.75232999999946,26.673839999999586],[12.548880000000281,26.635290000000282],[12.306889999999783,26.528930000000457],[12.136140000000466,26.475389999999663],[11.935550000000262,26.324060000000827]]]},"properties":{}},{"type":"Feature","geometry":{"type":"MultiLineString","coordinates":[[[12.741898824448015,26.671601393540982],[12.841734809795298,26.833401232995527],[13.021978980986944,27.038272825597574],[13.07055000000048,27.13568999999916],[13.127650000000358,27.395529999999894],[13.16762302980976,27.484042323396068],[13.21594,27.535439999999767]]]},"properties":{}},{"type":"Feature","geometry":{"type":"MultiLineString","coordinates":[[[15.124839757494271,26.16547466236409],[15.156724534972454,26.05459177949251],[15.15720042717345,25.97606956630011],[15.14197187673625,25.945612465425484],[14.995872970978382,25.828542983938632],[14.913305674076014,25.713852963457555],[14.831452215475394,25.533489819215674],[14.761496061904097,25.151348381679384],[14.649319131810557,24.999535764170844],[14.622550195494966,24.93885950852217]]]},"properties":{}},{"type":"Feature","geometry":{"type":"MultiLineString","coordinates":[[[16.193999999999562,26.529459999999688],[15.99984000000046,26.369559999999296],[15.967000000000553,26.35886000000039],[15.602660000000583,26.337439999999447],[15.352820000000179,26.26606],[15.146950000000288,26.16755],[14.83,26.1839700000001],[14.727209999999161,26.156129999999507],[14.50007,26.001220000000217],[14.397989999999595,25.958389999999895],[14.255219999999156,25.951970000000188],[14.131009999999094,25.924129999999366],[13.97552,25.94605000000047]]]},"properties":{}},{"type":"Feature","geometry":{"type":"MultiLineString","coordinates":[[[13.924773255535229,25.916817981918427],[14.04954,25.853129999999567],[14.068730646387962,25.828777924702706],[14.202969461006262,25.58532486525189],[14.365270000000237,25.378430000000662],[14.485909999999421,25.11931],[14.622550195494966,24.93885950852217]]]},"properties":{}},{"type":"Feature","geometry":{"type":"MultiLineString","coordinates":[[[13.924773255535229,25.916817981918427],[13.805800205243713,25.95548422326317],[13.66752000000099,25.934869999999137],[13.500480000000607,25.973410000000626],[13.069890000000726,25.927729999999542],[12.75936999999982,25.85205999999937],[12.301439999999332,25.649330000000248],[12.19894000000022,25.525120000000356],[12.190370000000257,25.44089],[12.14254000000085,25.37164999999925],[11.945519999999362,25.23245]]]},"properties":{}},{"type":"Feature","geometry":{"type":"MultiLineString","coordinates":[[[13.31041,26.529640000000654],[13.40795000000071,26.310520000000906],[13.472200000000157,26.235570000000735],[13.54644,26.183460000000196],[13.532160000000658,26.065679999999702],[13.500480000000607,25.973410000000513]]]},"properties":{}},{"type":"Feature","geometry":{"type":"MultiLineString","coordinates":[[[13.742990000000646,26.253140000000712],[13.715620000000854,26.16704000000027],[13.649939999999333,26.04997],[13.57615000000078,25.960559999999532]]]},"properties":{}},{"type":"Feature","geometry":{"type":"MultiLineString","coordinates":[[[16.02923049841553,29.690835408622377],[15.94338000000073,29.785009999999602],[15.924349999999322,29.833790000000704],[15.76195,30.0062999999991],[15.72626,30.063410000000715],[15.669149999999718,30.257330000000422],[15.55969,30.375120000000607],[15.400960000000907,30.58711000000045]]]},"properties":{}},{"type":"Feature","geometry":{"type":"MultiLineString","coordinates":[[[16.144850000000588,29.16158],[16.244150000000502,29.165880000000584],[16.37025999999969,29.104009999999107],[16.50924709865842,29.0637284605358],[16.557074264875553,29.105844920339052],[16.605820000000733,29.123050000000262],[16.8787445447162,29.155884646793766],[16.908020000000874,29.171819999999627],[17.033918250444003,29.154385924858047],[17.383996450926816,29.232757438853355],[17.51433142752103,29.175087235608657],[17.923210000000893,29.127800000000207],[18.0525655070399,29.138681482219454],[18.34128000000061,29.214659999999697],[18.508563838301825,29.20847151490625],[18.71724,29.15636000000086],[18.897365353207192,29.194667676603956],[19.197562143045502,29.21648985711016]]]},"properties":{}},{"type":"Feature","geometry":{"type":"MultiLineString","coordinates":[[[19.197562143045502,29.21648985711016],[19.180399999999395,29.368130000000804],[19.223228922011515,29.53992643119551],[19.22906224099438,29.64701366843167],[19.289024658341134,29.872586571784495],[19.243339007029363,30.070557727469463],[19.119720000000655,30.259239999999465]]]},"properties":{}},{"type":"Feature","geometry":{"type":"MultiLineString","coordinates":[[[2.258149999999773,50.63879000000088],[2.475870000000327,50.473889999999415],[2.766760000000431,50.299000000000945],[2.448029999999676,50.1262499999994],[2.287410000000818,49.894969999999375]]]},"properties":{}},{"type":"Feature","geometry":{"type":"MultiLineString","coordinates":[[[3.395150000000399,50.61095000000023],[2.738919999999837,50.64307],[2.66396,50.66877000000022],[2.60614,50.755859999999416],[2.48408000000012,50.80083000000019]]]},"properties":{}},{"type":"Feature","geometry":{"type":"MultiLineString","coordinates":[[[4.940880000000163,50.80399000000034],[4.115910000000497,50.764419999999575],[3.27473188509174,50.82575691795125]]]},"properties":{}},{"type":"Feature","geometry":{"type":"MultiLineString","coordinates":[[[6.948039999999423,50.94198999999941],[6.675349999999526,50.705],[6.069159999999101,50.26813000000044],[5.97779000000088,50.15106000000014],[5.797549999999433,50.06040000000024],[5.381020000000774,49.89622000000065],[4.925950000000853,49.79342999999972],[4.773189999999886,49.767009999999686],[4.686809999999184,49.76916],[4.430189999999186,49.6013999999995],[4.350239999999758,49.494329999999536],[4.122880000000748,49.29874000000024],[4.031599835281838,49.26335786573634]]]},"properties":{}},{"type":"Feature","geometry":{"type":"MultiLineString","coordinates":[[[4.033100000000559,49.263940000000844],[3.99813,49.25036999999986],[3.866420000000289,49.26893000000018],[3.760060000000635,49.30463000000066],[3.67297,49.3081899999998],[3.5212800000009,49.372439999999244],[3.3949300000005,49.36245000000065],[3.3264,49.38029],[3.300680000000227,49.41151999999977],[3.279270000000849,49.60354000000018],[3.287480000000869,49.85339000000033]],[[3.237849999999639,50.181039999999484],[3.297459650860731,49.97444525241548],[3.245692142716337,49.94303239274876],[3.278910000000906,49.877660000000105]]]},"properties":{}},{"type":"Feature","geometry":{"type":"MultiLineString","coordinates":[[[6.185659999999132,49.12169999999969],[5.650639999999783,49.1202799999993],[5.389370000000838,49.16097000000087],[5.006040000000326,49.13883999999962],[4.159069999999701,49.21736000000061],[4.031599835281838,49.26335786573634]]]},"properties":{}},{"type":"Feature","geometry":{"type":"MultiLineString","coordinates":[[[4.031599835281838,49.26335786573634],[4.159069999999701,49.21736000000061],[4.35966,48.99107],[4.36823,48.97179999999946],[4.348644323521171,48.94748348379244]],[[6.628759999999716,46.51986000000045],[6.557269999999335,46.64910000000066],[6.538969999999722,46.75165000000021],[6.39192,46.84426],[6.34516000000076,46.921360000000334],[6.310180000000344,47.031290000000865],[6.212390000000653,47.07697000000019],[6.021290000000704,47.20189000000033],[5.93563,47.41533],[5.531240000000366,47.7387],[5.317979214854915,47.8709743636349]]]},"properties":{}},{"type":"Feature","geometry":{"type":"MultiLineString","coordinates":[[[4.065919999999153,48.30793000000085],[3.92029,48.12018999999964],[3.85319,48.07165],[3.742350000000442,48.03142999999909],[3.678809999999544,47.8751],[3.56567,47.81442000000061]]]},"properties":{}},{"type":"Feature","geometry":{"type":"MultiLineString","coordinates":[[[4.270409999999288,47.13366999999931],[4.3575,47.39494000000019],[4.436739999999133,47.55055],[4.44316000000083,47.64905999999979],[4.383910000000469,47.73258],[4.34822,47.86964000000091],[4.340369999999893,47.92816999999923],[4.358940000000189,48.09448999999955],[4.161210000000153,48.20657000000034],[4.098389999999142,48.25654000000037],[4.065919999999153,48.30793000000085]]]},"properties":{}},{"type":"Feature","geometry":{"type":"MultiLineString","coordinates":[[[1.124190000000453,48.397870000000694],[0.405000000000655,48.365750000000844],[0.13278,48.326020000000426],[-0.500400000000809,48.2767700000004],[-0.440440000000308,48.151850000000195]]]},"properties":{}},{"type":"Feature","geometry":{"type":"MultiLineString","coordinates":[[[-1.684240000000443,48.12817],[-1.273779999999476,48.14816000000076],[-0.925999999999419,48.0882],[-0.568730000000812,48.07035],[-0.272479999999575,48.03394999999921],[0.036969999999314,48.02966000000026],[0.264680000000226,48.00324999999981],[0.504929999999263,48.04952000000054],[0.672689999999477,48.06308],[0.862569999999437,48.04024000000027],[1.054949999999792,48.07522000000063],[1.330850000000225,48.073080000000175],[1.704359999999724,47.98526999999933],[1.91173,47.90960000000092]]]},"properties":{}},{"type":"Feature","geometry":{"type":"MultiLineString","coordinates":[[[2.287410000000818,49.894969999999375],[2.387679999999818,49.863380000000745],[3.144710000000487,49.878370000000416],[3.287829999999303,49.85410000000047]]]},"properties":{}},{"type":"Feature","geometry":{"type":"MultiLineString","coordinates":[[[9.513699999999574,46.84896999999921],[9.570089999999368,46.91108],[9.550810000000695,46.99602000000061],[9.4944200000009,47.05812999999955],[9.530829999999753,47.099529999999504],[9.509410000000571,47.15735],[9.63148,47.26871000000034],[9.658600000000718,47.33367],[9.729269999999872,47.39434000000085],[9.742120000000796,47.44573999999932],[9.724280000000363,47.49357000000066],[9.676450000000955,47.455910000000586],[9.600780000000782,47.44806000000068],[9.567230000000563,47.46804999999961],[9.475870000000327,47.47031000000061],[9.418750000000728,47.50801999999936],[9.296549999999115,47.538720000000524],[9.07097000000067,47.55514000000039],[9.0674,47.58083000000079],[8.960329999999828,47.600109999999404],[8.822560000000635,47.520870000000286],[8.635000000000275,47.446459999999206],[8.375879999999654,47.467160000000206],[8.214770000000556,47.504580000000715]]]},"properties":{}},{"type":"Feature","geometry":{"type":"MultiLineString","coordinates":[[[6.629360000000872,46.51988999999969],[6.557269999999335,46.64910000000066],[6.538710000000776,46.751889999999605],[6.63293,46.78972000000067],[6.709100000000149,46.78687],[6.90755,46.83254999999917],[7.152749999999287,46.940339999999196],[7.277669999999489,47.09667000000087],[7.516449999999224,47.213030000000856],[7.724889999999505,47.47143999999946],[7.72989000000058,47.544970000000944]]]},"properties":{}},{"type":"Feature","geometry":{"type":"MultiLineString","coordinates":[[[4.033100000000559,49.263940000000844],[4.799409999999682,49.50735999999961],[5.29637,49.688089999999704],[5.480540000000474,49.65811000000036],[5.806769999999347,49.688089999999704],[6.038189999999418,49.64525999999944],[6.309450000000709,49.69166000000041],[6.425090000000637,49.68095],[6.581070000000182,49.70521999999988],[6.675289999999166,49.755900000000224]]]},"properties":{}},{"type":"Feature","geometry":{"type":"MultiLineString","coordinates":[[[0.1726,48.61001000000033],[0.075380000000337,48.714350000000195],[-0.149830000000236,48.85426],[-0.20551,48.98632],[-0.255479999999807,49.03629],[-0.42752,49.11909999999989]]]},"properties":{}},{"type":"Feature","geometry":{"type":"MultiLineString","coordinates":[[[-0.428869999999733,49.214749999999185],[-0.427439999999478,49.11981000000014],[-0.594479999999749,48.99131999999918]]]},"properties":{}},{"type":"Feature","geometry":{"type":"MultiLineString","coordinates":[[[-1.241579999999885,49.32825000000048],[-1.13986,49.3153999999995],[-0.860029999999767,49.32467999999977],[-0.699769999999262,49.29542000000049],[-0.755450000000565,49.21688999999975]]]},"properties":{}},{"type":"Feature","geometry":{"type":"MultiLineString","coordinates":[[[-1.579939999999624,49.65305000000092],[-1.56566000000015,49.61736000000025],[-1.241579999999885,49.32825000000048],[-1.2223,49.224029999999516],[-1.23158,49.13980000000089],[-1.263709999999207,49.050569999999425],[-1.26728,48.92565],[-1.311530000000801,48.79145000000074],[-1.35865,48.70507]]]},"properties":{}},{"type":"Feature","geometry":{"type":"MultiLineString","coordinates":[[[-0.55487,48.5922900000005],[-0.561999999999898,48.49235000000044],[-0.503469999999652,48.27748000000065],[-1.00173,48.555169999999634],[-1.363999999999578,48.71006999999918],[-1.431819999999789,48.76289]]]},"properties":{}},{"type":"Feature","geometry":{"type":"MultiLineString","coordinates":[[[-2.137090000000171,48.13970999999947],[-2.133519999999407,48.323169999999664],[-2.055710000000545,48.43952],[-2.006460000000516,48.47806999999921],[-1.850119999999151,48.5273300000008],[-1.367930000000342,48.59871000000021]]]},"properties":{}},{"type":"Feature","geometry":{"type":"MultiLineString","coordinates":[[[-4.47919,48.39455000000095],[-4.450639999999055,48.43880999999965],[-4.41209,48.45522999999969],[-3.581179999999222,48.67366000000038],[-3.524789999999484,48.727919999999415],[-3.266379999999117,48.7514699999993],[-3.039740000000108,48.661529999999516],[-2.892690000000471,48.54232000000047],[-2.826300000000629,48.50734000000011],[-2.606789999999762,48.491630000000555],[-2.432969999999841,48.45166000000063],[-2.19384,48.488069999999425]]]},"properties":{}},{"type":"Feature","geometry":{"type":"MultiLineString","coordinates":[[[-0.502749999999651,48.27748000000065],[-1.251930000000357,48.30818],[-1.63847,48.348869999999806],[-1.850119999999151,48.3795599999994],[-2.027869999999893,48.42525000000023],[-2.244520000000193,48.513049999999566],[-2.416559999999663,48.5358899999992],[-2.728859999999258,48.40240000000085],[-3.194639999999708,48.30818],[-3.664699999999357,48.151130000000194]]]},"properties":{}},{"type":"Feature","geometry":{"type":"MultiLineString","coordinates":[[[-2.937659999999482,48.57871999999952],[-3.660060000000158,48.568020000000615],[-3.837090000000842,48.59942000000058]]]},"properties":{}},{"type":"Feature","geometry":{"type":"MultiLineString","coordinates":[[[-2.50757,48.076890000000276],[-2.706019999999626,48.31603],[-2.820589999999356,48.39955],[-3.06401,48.53661],[-3.271730000000389,48.752189999999246]]]},"properties":{}},{"type":"Feature","geometry":{"type":"MultiLineString","coordinates":[[[-3.19621,48.054770000000644],[-3.094839999999749,48.15970000000016],[-2.991340000000491,48.23251],[-2.686170000000857,48.3146],[-2.485580000000482,48.42952999999943],[-2.434900000000198,48.49662999999964],[-2.427050000000236,48.53946],[-2.431329999999434,48.58585999999923],[-2.470590000000811,48.632260000000315]]]},"properties":{}},{"type":"Feature","geometry":{"type":"MultiLineString","coordinates":[[[-4.352629999999408,48.07761000000028],[-3.97751000000062,48.10901999999987],[-3.771919999999227,48.17826000000059],[-3.514579999999114,48.33459000000039],[-3.459619999999632,48.3752800000002],[-3.354320000000371,48.530179999999746],[-3.24582,48.81786],[-3.225119999999151,48.8399900000004]]]},"properties":{}},{"type":"Feature","geometry":{"type":"MultiLineString","coordinates":[[[-3.57597,48.29533000000083],[-4.032470000000103,48.51447999999982],[-4.2758900000008,48.5965699999997],[-4.471840000000157,48.62868999999955]]]},"properties":{}},{"type":"Feature","geometry":{"type":"MultiLineString","coordinates":[[[-3.573270000000775,48.2945],[-2.876560000000609,48.20169999999962],[-2.4861,48.18671],[-2.339400000000751,48.195270000000164],[-1.684810000000653,48.12817],[-1.504209999999148,48.21668999999929],[-1.389639999999417,48.24166999999943],[-0.503049999999348,48.27665],[0.173310000000129,48.61073000000033]]]},"properties":{}},{"type":"Feature","geometry":{"type":"MultiLineString","coordinates":[[[0.171169999999563,48.61073000000039],[0.21328,48.093189999999595],[0.20615,48.006820000000516],[1.263230000000533,48.457829999999376],[1.482270029210554,48.45123924236049]],[[1.48315328830256,48.449611455780314],[1.366910000000644,48.750990000000456],[0.96683435874229,48.84018385634545],[1.119210000000749,49.01153999999951],[1.152760000000967,49.02724999999924]]]},"properties":{}},{"type":"Feature","geometry":{"type":"MultiLineString","coordinates":[[[-3.525299999999334,52.49255000000085],[-3.409180000000561,52.53491000000031],[-3.422029999999722,52.57250000000022],[-3.410610000000815,52.58868000000075]]]},"properties":{}},{"type":"Feature","geometry":{"type":"MultiLineString","coordinates":[[[-3.430720000000292,52.523150000000896],[-3.395029999999679,52.51007000000027],[-3.309960000000501,52.5279100000007],[-3.236790000000838,52.57193],[-3.054760000000897,52.61952000000019],[-2.958689999999478,52.6825800000006],[-2.765960000000632,52.69686],[-2.702010000000882,52.66592],[-2.647880000000441,52.659379999999146]]]},"properties":{}},{"type":"Feature","geometry":{"type":"MultiLineString","coordinates":[[[-0.558820000000196,53.67740000000049],[-0.575469999999711,53.65836999999925],[-0.54752,53.29728000000068],[-0.51301000000052,53.12001000000066],[-0.5499,52.98438],[-0.584989999999323,52.91538000000048],[-0.599860000000263,52.77737],[-0.577849999999671,52.724430000000325],[-0.517770000000382,52.65899],[-0.369409999999277,52.56179]],[[-0.369769999999221,52.56120000000021],[-0.286669999999503,52.469230000000664],[-0.240680000000737,52.38036],[-0.198029999999505,52.357990000000484],[-0.075909999999567,52.21701000000036],[-0.001550000000805,52.0236800000003],[-0.004520000000412,51.95586000000014],[0.012129999999274,51.91065],[0.012430000000677,51.88602],[-0.061040000000503,51.78216000000066],[-0.079925589062043,51.521885054982704],[-0.165779999999245,51.52251000000075],[-0.302840000000174,51.6210200000005],[-0.321869999999706,51.63815000000068],[-0.338050000000237,51.73332999999917],[-0.353520000000458,51.74872999999934]]]},"properties":{}},{"type":"Feature","geometry":{"type":"MultiLineString","coordinates":[[[-0.038430000000517,52.12635000000046],[0.016299999999319,52.176910000000134],[0.127539999999499,52.2233099999994]]]},"properties":{}},{"type":"Feature","geometry":{"type":"MultiLineString","coordinates":[[[0.012430000000677,51.88602],[-0.185059999999794,51.971089999999094],[-0.274289999999382,52.10671999999977],[-0.263590000000477,52.16323000000011],[-0.217189999999391,52.25187],[-0.162459999999555,52.3179]]]},"properties":{}},{"type":"Feature","geometry":{"type":"MultiLineString","coordinates":[[[-0.353520000000515,51.74872999999934],[-0.21124000000043,51.82892],[0.007079999999405,51.877699999999095],[0.01303,51.90090000000055],[0.162039999999308,52.009159999999724],[0.23461,52.14420000000075]]]},"properties":{}},{"type":"Feature","geometry":{"type":"MultiLineString","coordinates":[[[0.45917,51.79620000000068],[0.32771,51.89791999999943],[0.332469999999375,52.025219999999536],[0.183750000000146,52.061509999999544]]]},"properties":{}},{"type":"Feature","geometry":{"type":"MultiLineString","coordinates":[[[1.08259,51.93420999999944],[0.919599999999264,51.89791999999943],[0.862489999999525,51.86579999999958]]]},"properties":{}},{"type":"Feature","geometry":{"type":"MultiLineString","coordinates":[[[1.071889999999257,52.13467999999921],[1.141480000000229,52.18880999999965],[1.42375,52.28161],[1.278599999999642,52.38451999999961]]]},"properties":{}},{"type":"Feature","geometry":{"type":"MultiLineString","coordinates":[[[1.403459999999541,52.49457000000075],[1.461170000000493,52.43270999999913],[1.496259999999893,52.36667999999918]]]},"properties":{}},{"type":"Feature","geometry":{"type":"MultiLineString","coordinates":[[[0.601049999999304,52.09124999999949],[0.716449999999895,52.09065999999984],[1.072780000000421,52.133490000000165]]]},"properties":{}},{"type":"Feature","geometry":{"type":"MultiLineString","coordinates":[[[0.45144000000073,52.0859],[0.146280000000843,52.16740000000027],[0.128430000000662,52.22450000000026],[0.267630000000281,52.41486000000077]]]},"properties":{}},{"type":"Feature","geometry":{"type":"MultiLineString","coordinates":[[[-1.134169999999301,52.64507000000049],[-0.630919999999605,52.47315999999955],[-0.529790000000503,52.40713],[-0.240680000000737,52.38036]],[[-0.369409999999277,52.56179],[-0.286669999999503,52.469230000000664],[-0.240859999999827,52.37999999999926],[-0.198029999999505,52.357990000000484],[-0.075909999999567,52.21701000000036],[-0.001550000000805,52.0236800000003],[-0.004520000000412,51.95586000000014],[0.01332,51.89162000000033],[-0.061040000000503,51.78216000000066],[-0.079925589062043,51.521885054982704]],[[-2.26498,51.86766999999969],[-2.16647,51.9519],[-2.153979999999137,52.00116],[-2.192520000000457,52.07825000000042],[-2.223930000000109,52.20459999999923],[-2.087589999999125,52.360930000000735],[-1.914839999999458,52.4644399999998],[-1.825969999999813,52.642900000000736],[-1.49471000000085,52.5618599999998],[-1.296210000000372,52.48683999999952],[-1.134110000000817,52.64507000000049]],[[-2.264595390623015,51.868150761720926],[-2.226290000000404,51.87651000000011],[-2.166199999999662,51.8539],[-1.974938072716839,51.71632770115389]],[[-1.972579999999653,51.714700000000505],[-1.673059999999111,51.775379999999245],[-1.337849999999833,51.877699999999095],[-1.165049999999553,51.88899999999916]],[[-1.166119999999808,51.88711999999941],[-1.005510000000868,52.04131000000058],[-0.985510000000374,52.12594],[-0.615499999999884,51.9584300000007],[-0.455359999999871,51.85088],[-0.373509999999385,51.78329999999926],[-0.353520000000458,51.74872999999934]]]},"properties":{}},{"type":"Feature","geometry":{"type":"MultiLineString","coordinates":[[[4.424810000000434,36.89465005103807],[3.966149242547885,36.89380853613284],[3.884980000000837,36.91855464679389],[3.85405,36.895804646793806],[3.81955000000022,36.90442464679256],[3.731060000000127,36.88182464679227],[3.669939999999769,36.83092000000039],[3.474260757453237,36.75634080849193],[3.378899999999703,36.77254999999968],[3.33533,36.76168999999942],[3.295793176269854,36.79286977510685],[3.247729999999081,36.79738]],[[2.394829999999331,36.57165],[2.43067,36.592759999999544],[2.55650000000054,36.59163000000092],[2.64171,36.6129],[2.811990000000151,36.695439999999564],[2.890369999999166,36.757085404245345],[2.920109999999113,36.80273540424537],[3.025550000000237,36.81195540424528],[3.060799999999347,36.784595404245295],[3.062280000000158,36.756785404245534],[3.138430000000994,36.73106000000013],[3.217689999999607,36.739530000000684],[3.250260000000765,36.779979999999284],[3.238359999999375,36.79961]]]},"properties":{}},{"type":"Feature","geometry":{"type":"MultiLineString","coordinates":[[[4.424021410697435,36.89446422412544],[4.457640000000538,36.870020000000295],[4.330683880196602,36.81801487623329]]]},"properties":{}},{"type":"Feature","geometry":{"type":"MultiLineString","coordinates":[[[0.844669858757982,35.93980414880667],[0.99604,36.000400000000866],[1.09598,36.079630000000236],[1.223040000000879,36.10747000000083],[1.336540000000298,36.16208]]]},"properties":{}},{"type":"Feature","geometry":{"type":"MultiLineString","coordinates":[[[1.09598,36.079630000000236],[1.112750000000233,36.105690000000266],[1.102759999999819,36.12853],[1.056000000000495,36.14351999999968],[1.029230000000155,36.17100000000039],[0.952139999999531,36.17100000000039],[0.852431073305809,36.362169635941996]]]},"properties":{}},{"type":"Feature","geometry":{"type":"MultiLineString","coordinates":[[[0.594777411165524,36.07153337684838],[0.649505014299621,36.1138877827521],[0.774426717105712,36.14267926092259],[0.797150569711391,36.186461343429926],[0.918027188807514,36.24618581467621],[0.939561310910278,36.28687459787602],[1.105449999999109,36.32277000000067],[1.18635,36.41496999999987],[1.276949999999545,36.43073999999979]]]},"properties":{}},{"type":"Feature","geometry":{"type":"MultiLineString","coordinates":[[[1.315000000000452,36.51013000000063],[1.306989999999246,36.46375000000074],[1.236800000000585,36.37392999999986],[1.250780000000304,36.30448000000081],[1.243039999999382,36.22521000000063],[1.256429999999568,36.18534999999986],[1.332870000000241,36.170179999999164],[1.381649999999354,36.13062999999971],[1.397109999999884,36.09315000000066]]]},"properties":{}},{"type":"Feature","geometry":{"type":"MultiLineString","coordinates":[[[4.321560000000318,36.379240000000266],[4.24451000000056,36.35139999999967],[4.125529999999401,36.366630000000555],[3.986569999999119,36.32046000000082],[3.871409999999798,36.270969999999636],[3.812389999999141,36.21910000000025],[3.685810000000856,36.147720000000845]]]},"properties":{}},{"type":"Feature","geometry":{"type":"MultiLineString","coordinates":[[[3.847139999999854,36.36139],[3.7743200000005,36.266209999999774],[3.807640000001015,36.181979999999385]]]},"properties":{}},{"type":"Feature","geometry":{"type":"MultiLineString","coordinates":[[[3.686939999999709,36.155399999999645],[3.68003,36.20720000000085],[3.626920000000666,36.29600000000028],[3.671459999999627,36.32721999999916],[3.785099999999261,36.33749],[3.907569999999453,36.384229999999604],[3.924067688752871,36.44164918507681],[3.960116522991086,36.47876877676788],[3.968682582612189,36.55229412184792]]]},"properties":{}},{"type":"Feature","geometry":{"type":"MultiLineString","coordinates":[[[3.685810000000856,36.147720000000845],[3.657180000000153,36.15697999999975],[3.567530000000261,36.12328999999954],[3.323679999999513,36.137370000000374],[3.262759999999616,36.12824],[3.18167,36.08806999999979],[3.128370000000359,36.11015000000043],[3.025009999999384,36.09967999999935],[2.906419999999343,36.14061000000038],[2.82456,36.124620000000505],[2.75565,36.14803000000029],[2.652860000000146,36.12272],[2.590039999999135,36.16230999999971],[2.524750000000495,36.16897000000063],[2.491439999999784,36.20305],[2.346579999999449,36.218080000000555],[2.197720000000118,36.26691000000028],[2.02887,36.270909999999276]]]},"properties":{}},{"type":"Feature","geometry":{"type":"MultiLineString","coordinates":[[[1.945499999999811,36.2572],[1.651770000000397,36.225979999999254],[1.541559999999663,36.184110000000146],[1.413070000000516,36.19875999999931],[1.336540000000241,36.16208]]]},"properties":{}},{"type":"Feature","geometry":{"type":"MultiLineString","coordinates":[[[2.452390000000378,36.59216000000015],[2.468609999999899,36.49192000000039],[2.443180000000211,36.44381000000067],[2.449870000000374,36.42729999999938],[2.425629999999728,36.42424000000028]]]},"properties":{}},{"type":"Feature","geometry":{"type":"MultiLineString","coordinates":[[[3.911159999999654,36.91454464679322],[3.908480000000111,36.88825],[3.944170000000611,36.846009999999296],[3.954139999999882,36.80385000000024],[4.032209999999395,36.720499999999504],[4.069090000000813,36.717520000000206],[4.091249999999548,36.69008000000031],[4.233949999999879,36.67987],[4.297759999999471,36.69168999999977]]]},"properties":{}},{"type":"Feature","geometry":{"type":"MultiLineString","coordinates":[[[4.032209999999395,36.720499999999504],[3.893309999999587,36.69247],[3.818880000000718,36.71702],[3.731309999999326,36.709600000000194],[3.514880000000687,36.73644000000064],[3.411700000000565,36.73243999999977],[3.354030000000364,36.67115],[3.225940000000264,36.627580000000364],[3.14516,36.56517999999966],[3.063070000000153,36.5397799999991],[2.931479999999283,36.53097999999966],[2.77765,36.46572000000015],[2.617159999999785,36.4697699999997],[2.562550000000556,36.41307000000057],[2.453090000000884,36.371489999999596]]]},"properties":{}},{"type":"Feature","geometry":{"type":"MultiLineString","coordinates":[[[4.279679999999587,36.689249999999504],[4.198619999999323,36.716790000000515],[4.16799,36.801849999999774],[4.171109999999317,36.84973999999971],[4.13191,36.89192999999983]]]},"properties":{}},{"type":"Feature","geometry":{"type":"MultiLineString","coordinates":[[[2.19838,36.60674],[2.231100000000879,36.612090000000535],[2.306350000000805,36.56450000000041],[2.394829999999331,36.57165],[2.396319999999889,36.46148],[2.426059999999779,36.420739999999626],[2.394829999999331,36.37441000000035],[2.480929999999773,36.36768999999924],[2.50684,36.300810000000695],[2.495419999999285,36.2536],[2.519399999999166,36.228289999999106],[2.508,36.19428999999951]]]},"properties":{}},{"type":"Feature","geometry":{"type":"MultiLineString","coordinates":[[[2.519039999999222,36.22632],[2.577269999999714,36.23389999999932],[2.631709999999657,36.27196999999978],[2.71623,36.28262999999981]]]},"properties":{}},{"type":"Feature","geometry":{"type":"MultiLineString","coordinates":[[[15.020140000000538,40.445630000000165],[15.01919000000089,40.47826999999961],[14.985399999999572,40.53799000000072],[14.872090000000753,40.65234000000055]]]},"properties":{}},{"type":"Feature","geometry":{"type":"MultiLineString","coordinates":[[[15.51528,40.075549999999566],[15.43095,40.19846999999936],[15.34147,40.399460000000545]]]},"properties":{}},{"type":"Feature","geometry":{"type":"MultiLineString","coordinates":[[[15.630880000000616,40.07969000000048],[15.636829999999463,40.05959000000075],[15.68109,40.037930000000415],[15.690839999999298,40.01057000000037]]]},"properties":{}},{"type":"Feature","geometry":{"type":"MultiLineString","coordinates":[[[11.805700000000797,43.35673999999926],[11.746209999999337,43.420389999999315],[11.615939999999682,43.44894000000022],[11.566570000000866,43.52806000000055],[11.50648,43.5869500000008]]]},"properties":{}},{"type":"Feature","geometry":{"type":"MultiLineString","coordinates":[[[11.364999999999782,43.7914],[11.281660000000556,43.8112],[11.250210000000152,43.77212999999938]]]},"properties":{}},{"type":"Feature","geometry":{"type":"MultiLineString","coordinates":[[[12.69036000000051,42.186470000000554],[12.643959999999424,42.15672000000086],[12.641429999999673,42.119370000000345]]]},"properties":{}},{"type":"Feature","geometry":{"type":"MultiLineString","coordinates":[[[12.860269999999218,42.40588000000025],[12.999990000000253,42.37519000000066],[13.081190000000788,42.41771999999946],[13.11837000000014,42.41117999999915],[13.177009999999427,42.363289999999324]]]},"properties":{}},{"type":"Feature","geometry":{"type":"MultiLineString","coordinates":[[[13.085650000000896,42.41623000000072],[13.07078,42.44821000000047],[13.075539999999819,42.500850000000355],[13.097250000000713,42.53654],[13.237639999999374,42.63663000000088],[13.26440999999977,42.679910000000746],[13.269759999999224,42.74057999999968],[13.303959999999279,42.770619999999326],[13.40063,42.76557],[13.427990000000136,42.79025],[13.496699999999691,42.80364],[13.531199999999444,42.84809999999925],[13.704900000000634,42.85642999999982],[13.816440000000512,42.88646999999946],[13.909830000000511,42.89084999999977]]]},"properties":{}},{"type":"Feature","geometry":{"type":"MultiLineString","coordinates":[[[14.02670000000029,42.65121],[13.948920000000669,42.59494000000092],[14.135580000000118,42.53723999999971]]]},"properties":{}},{"type":"Feature","geometry":{"type":"MultiLineString","coordinates":[[[14.760420000000522,42.070340000000215],[14.916769999999815,41.98573000000033],[14.939389999999548,41.94930000000022]]]},"properties":{}},{"type":"Feature","geometry":{"type":"MultiLineString","coordinates":[[[14.094390000000203,41.78888],[14.072980000000825,41.7608],[14.016589999999269,41.745090000000346],[13.927589999999327,41.779599999999846],[13.784589999999298,41.794589999999516],[13.77245000000039,41.84824],[13.717730000000302,41.887979999999516],[13.700360000000728,41.92843],[13.567580000000817,42.06072999999924]]]},"properties":{}},{"type":"Feature","geometry":{"type":"MultiLineString","coordinates":[[[13.377699999999152,42.090000000000146],[13.454320000000848,42.060020000000804],[13.691549999999495,42.06477000000086],[13.747709999999643,42.08499999999924]]]},"properties":{}},{"type":"Feature","geometry":{"type":"MultiLineString","coordinates":[[[14.094390000000203,41.78888],[14.183909999999742,41.69951000000037],[14.21752000000015,41.60395000000062]]]},"properties":{}},{"type":"Feature","geometry":{"type":"MultiLineString","coordinates":[[[14.157569999999396,41.53888],[14.211100000000442,41.60027000000082],[14.25286000000051,41.603839999999764]]]},"properties":{}},{"type":"Feature","geometry":{"type":"MultiLineString","coordinates":[[[14.25286000000051,41.603839999999764],[14.51984000000084,41.45750000000044],[14.594789999999193,41.439650000000256],[14.774680000000444,41.32865],[14.824290000000474,41.27832999999919],[14.889960000000428,41.26726000000053],[14.91779999999926,41.23442000000068]]]},"properties":{}},{"type":"Feature","geometry":{"type":"MultiLineString","coordinates":[[[14.757190000000264,41.13876999999957],[14.72221,41.1619699999992],[14.695439999999508,41.22157999999945],[14.583370000000286,41.23121],[14.380639999999403,41.20586999999978],[14.247869999999239,41.143770000000586],[14.24108999999953,41.125739999999496]]]},"properties":{}},{"type":"Feature","geometry":{"type":"MultiLineString","coordinates":[[[14.369210000000749,41.03390000000036],[14.404070000000502,40.99102],[14.45821000000069,40.97853000000032]]]},"properties":{}},{"type":"Feature","geometry":{"type":"MultiLineString","coordinates":[[[14.24172,41.07430000000022],[14.115320000000793,40.89108],[14.099860000000263,40.83784000000014]]]},"properties":{}},{"type":"Feature","geometry":{"type":"MultiLineString","coordinates":[[[14.045990000000529,40.85381000000052],[14.15697,40.82353999999941],[14.25332999999955,40.85449999999946],[14.287739999999758,40.846190000000206]]]},"properties":{}},{"type":"Feature","geometry":{"type":"MultiLineString","coordinates":[[[14.157569999999396,41.53888],[14.011619999999311,41.48713999999927],[13.996150000000853,41.450259999999616],[13.942839999999705,41.4445199999991]]]},"properties":{}},{"type":"Feature","geometry":{"type":"MultiLineString","coordinates":[[[14.11895,41.56699],[14.115139999999883,41.59459000000061],[14.085629999999583,41.60981999999967],[13.96666,41.611730000000534]]]},"properties":{}},{"type":"Feature","geometry":{"type":"MultiLineString","coordinates":[[[14.11895,41.56699],[14.10419,41.50227000000086],[14.115610000000743,41.48228000000017]]]},"properties":{}},{"type":"Feature","geometry":{"type":"MultiLineString","coordinates":[[[5.732700000000477,36.2855299999992],[5.67058,36.263520000000426],[5.644350000000486,36.26592999999957],[5.632310000000871,36.28643000000011]]]},"properties":{}},{"type":"Feature","geometry":{"type":"MultiLineString","coordinates":[[[5.685900000000402,36.46520000000055],[5.581120000000737,36.42540999999983],[5.519309999999678,36.37189000000035],[5.495489999999336,36.374149999999645],[5.518550000000687,36.48444000000018],[5.576300000000629,36.56276000000071],[5.577649999999267,36.60421999999926],[5.569659999999203,36.6226800000004],[5.446019999999407,36.66338]]]},"properties":{}},{"type":"Feature","geometry":{"type":"MultiLineString","coordinates":[[[5.492169999999533,36.37716999999975],[5.45363,36.26816999999937],[5.39487,36.193020000000615]]]},"properties":{}},{"type":"Feature","geometry":{"type":"MultiLineString","coordinates":[[[5.506939999999361,36.17893000000015],[5.530793684583216,36.029124405654386],[5.546498127221582,36.00985077150705]]]},"properties":{}},{"type":"Feature","geometry":{"type":"MultiLineString","coordinates":[[[5.674090000000433,36.15929999999935],[5.687840000000506,36.19470999999976],[5.790269999999509,36.22968000000037],[5.90841,36.24789000000055],[6.002640000000611,36.23396999999932],[6.209650000000693,36.01143000000047]]]},"properties":{}},{"type":"Feature","geometry":{"type":"MultiLineString","coordinates":[[[5.899222162934393,36.32219077437139],[5.94089,36.25787999999926],[5.878080000000466,36.197560000000635],[5.918050000000164,36.127959999999746]]]},"properties":{}},{"type":"Feature","geometry":{"type":"MultiLineString","coordinates":[[[6.002640000000611,36.23396999999932],[6.123620000000301,36.41021],[6.259599999999409,36.46490000000085]]]},"properties":{}},{"type":"Feature","geometry":{"type":"MultiLineString","coordinates":[[[5.764059002874149,36.82423501637345],[5.679130000000555,36.79009000000036],[5.642729999999574,36.73120000000017],[5.471050000000218,36.6724200000009]]]},"properties":{}},{"type":"Feature","geometry":{"type":"MultiLineString","coordinates":[[[5.255300000000716,36.63668999999936],[5.259490000000369,36.585440000000744],[5.18037,36.535470000000714],[5.113149999999223,36.51584],[5.1240600000001,36.45984999999928]]]},"properties":{}},{"type":"Feature","geometry":{"type":"MultiLineString","coordinates":[[[5.071679999999105,36.763709999999264],[4.941269999999349,36.78149999999914],[4.838480000000345,36.762940000000526],[4.783869999999297,36.7247499999994],[4.668579999999565,36.698340000000826]]]},"properties":{}},{"type":"Feature","geometry":{"type":"MultiLineString","coordinates":[[[4.668579999999679,36.69834000000094],[4.45657000000034,36.69262999999955],[4.462999999999795,36.71976],[4.443370000000982,36.783999999999764],[4.484049999999229,36.83005000000054],[4.49976000000072,36.87787000000037],[4.632180000000631,36.870736970189114],[4.646099999999876,36.885726970188784],[4.706420000000492,36.866806970190055],[4.760309999999606,36.890369999999166],[4.921920247213563,36.843773926020845],[4.984035235022475,36.809512870461674],[4.97732,36.77972000000051]]]},"properties":{}},{"type":"Feature","geometry":{"type":"MultiLineString","coordinates":[[[4.333220000000438,36.6851000000006],[4.39604,36.67296999999962],[4.456570000000283,36.69262999999955]]]},"properties":{}},{"type":"Feature","geometry":{"type":"MultiLineString","coordinates":[[[4.666970000000219,36.69843000000037],[4.67706,36.68533000000025],[4.76541,36.688200000000506],[4.835409999999683,36.67037999999957]]]},"properties":{}},{"type":"Feature","geometry":{"type":"MultiLineString","coordinates":[[[4.83381,36.651050000000396],[4.685810000000856,36.61138000000028],[4.672389999999723,36.584249999999884],[4.600019999999859,36.53667999999925]]]},"properties":{}},{"type":"Feature","geometry":{"type":"MultiLineString","coordinates":[[[4.704569999999876,36.127660000000105],[4.823210000000472,36.106840000000375],[4.932849999999235,36.10855000000083],[5.001949999999852,36.13520000000062],[5.06572000000051,36.1285399999997]]]},"properties":{}},{"type":"Feature","geometry":{"type":"MultiLineString","coordinates":[[[6.272100000000137,36.60828000000038],[6.502080000000205,36.61991999999918],[6.64749,36.64867000000049]]]},"properties":{}},{"type":"Feature","geometry":{"type":"MultiLineString","coordinates":[[[6.268110000000945,36.626459999999554],[6.278179999999452,36.65719],[6.26271000000088,36.71861],[6.243679999999699,36.733260000000996],[6.251410000000817,36.753930000000764],[6.17735,36.80962999999974],[6.139279999999474,36.8115600000001],[6.113849999999843,36.86055999999917],[6.089547157843697,36.872010296375095]]]},"properties":{}},{"type":"Feature","geometry":{"type":"MultiLineString","coordinates":[[[15.92881,41.44206999999915],[15.927019999999175,41.41779999999926],[16.074790000000576,41.36355],[16.306070000000545,41.314650000000256],[16.509509999999864,41.23416999999972]]]},"properties":{}},{"type":"Feature","geometry":{"type":"MultiLineString","coordinates":[[[7.739649999999529,36.8251],[7.547500000000582,36.72588],[7.441979999999603,36.71493],[7.377130000000761,36.72777999999926],[7.31420000000071,36.70518000000084],[7.153469999999288,36.76228000000083],[7.11135,36.7484800000002],[6.97929,36.78346000000056],[6.938599999999497,36.86793000000034],[6.910519999999451,36.88494999999966]]]},"properties":{}},{"type":"Feature","geometry":{"type":"MultiLineString","coordinates":[[[6.912280787199848,36.88422753960265],[6.87913,36.83159999999964],[6.83325,36.658180000000414],[6.685160000001019,36.495430000000965],[6.584650000000806,36.41100999999975],[6.577030000000377,36.37874000000011],[6.621960000000342,36.35057000000063]]]},"properties":{}},{"type":"Feature","geometry":{"type":"MultiLineString","coordinates":[[[6.591500000000565,36.35981999999967],[6.590679999999338,36.230050000000176],[6.563609999999358,36.15978],[6.546360000000277,36.04333000000037],[6.593131423308989,35.955329007295404]]]},"properties":{}},{"type":"Feature","geometry":{"type":"MultiLineString","coordinates":[[[6.621960000000399,36.350570000000516],[6.658170000000609,36.36044000000038],[6.823780000000625,36.34788],[6.886220000000321,36.36463],[7.022890000000189,36.36767999999938]]]},"properties":{}},{"type":"Feature","geometry":{"type":"MultiLineString","coordinates":[[[7.084800000000541,36.39118000000053],[7.136000000000422,36.385159999999814],[7.235220000000481,36.41371000000072]]]},"properties":{}},{"type":"Feature","geometry":{"type":"MultiLineString","coordinates":[[[7.248069999999643,36.35351000000088],[7.248310000000799,36.38896000000017],[7.229989999999873,36.403000000000304],[7.276149999999689,36.49437000000046]]]},"properties":{}},{"type":"Feature","geometry":{"type":"MultiLineString","coordinates":[[[7.276149999999689,36.494370000000345],[7.35153,36.538660000000164],[7.453610000000481,36.56459],[7.491439999999784,36.60729999999967],[7.585429999999178,36.65918000000056]]]},"properties":{}},{"type":"Feature","geometry":{"type":"MultiLineString","coordinates":[[[7.416629999999714,36.47429000000011],[7.339630000000398,36.439549999999144],[7.320120000000315,36.40672000000086],[7.331539999999222,36.35305999999946],[7.30370000000039,36.30523],[7.300370000000839,36.24539],[7.230890000000727,36.2220699999998],[7.171879999999874,36.14581],[7.21828,36.09987999999976],[7.239219999999477,36.09773999999925],[7.185450000000856,36.05146000000059]]]},"properties":{}},{"type":"Feature","geometry":{"type":"MultiLineString","coordinates":[[[7.21828,36.09987999999976],[7.070519999999306,36.07502000000022],[6.920609999999215,36.10499999999956]]]},"properties":{}},{"type":"Feature","geometry":{"type":"MultiLineString","coordinates":[[[6.810369999999239,36.11181000000033],[6.696159999999509,36.174849999999424],[6.67845,36.207469999999375],[6.68916,36.25251000000026],[6.62903,36.35347999999976]]]},"properties":{}},{"type":"Feature","geometry":{"type":"MultiLineString","coordinates":[[[6.94168,36.222390000000814],[6.822879999999714,36.20097999999962],[6.68916,36.25251000000026]]]},"properties":{}},{"type":"Feature","geometry":{"type":"MultiLineString","coordinates":[[[7.05287,36.21421],[7.131400000000212,36.23118000000068],[7.233840000000782,36.223659999999654]]]},"properties":{}},{"type":"Feature","geometry":{"type":"MultiLineString","coordinates":[[[7.278360000000248,36.15242000000035],[7.344999999999345,36.12649000000056],[7.367159999999785,36.091739999999845]]]},"properties":{}},{"type":"Feature","geometry":{"type":"MultiLineString","coordinates":[[[7.385809999999765,36.09008],[7.45325000000048,36.08964999999989],[7.548189999999522,36.11863000000085]]]},"properties":{}},{"type":"Feature","geometry":{"type":"MultiLineString","coordinates":[[[7.548189999999522,36.11863000000085],[7.643299999999726,36.130559999999605],[7.661860000000161,36.14912]]]},"properties":{}},{"type":"Feature","geometry":{"type":"MultiLineString","coordinates":[[[7.686148703244726,36.10422732935825],[7.661350000000425,36.13204000000036],[7.669939999999883,36.164080000000524],[7.850780000000782,36.21786000000071],[7.926450000000955,36.272590000000605],[7.984510000000341,36.29162]],[[7.685900000000402,36.10493999999932],[7.690899999999715,36.01643],[7.663769999999204,35.962890000000755]]]},"properties":{}},{"type":"Feature","geometry":{"type":"MultiLineString","coordinates":[[[7.63026,36.28729000000021],[7.60736,36.33202999999958],[7.671759999999267,36.374040000000605],[7.69585,36.48735999999917]]]},"properties":{}},{"type":"Feature","geometry":{"type":"MultiLineString","coordinates":[[[7.695850000000178,36.48735999999923],[7.709380000000351,36.559709999999484],[7.751019999999698,36.618529999999794],[7.744940000000611,36.66043999999965]]]},"properties":{}},{"type":"Feature","geometry":{"type":"MultiLineString","coordinates":[[[7.985269999999275,36.29210000000069],[7.854869999999153,36.59000999999989],[7.832979999999338,36.61046999999974],[7.790150000000835,36.6166599999998],[7.77492,36.6466400000009],[7.744940000000611,36.66043999999965],[7.733749999999532,36.797819999999774],[7.753360000000612,36.88872000000083]],[[9.808789999999249,36.66529000000088],[9.670309999999574,36.67814],[9.621289999999192,36.66006000000016],[9.58417,36.599140000000375],[9.353359999999157,36.51872],[9.276739999999393,36.457800000000134],[9.234870000000228,36.39307999999983],[8.985780000000943,36.26925999999918],[8.72404,36.17979000000025],[8.671220000000233,36.17503000000039],[7.984510000000341,36.29162]]]},"properties":{}},{"type":"Feature","geometry":{"type":"MultiLineString","coordinates":[[[7.753360000000612,36.88872000000083],[7.759079999999813,36.945299999999406],[7.786780000000363,36.97107]]]},"properties":{}},{"type":"Feature","geometry":{"type":"MultiLineString","coordinates":[[[7.753360000000612,36.88872000000083],[7.673080000000539,36.90790000000027],[7.627246970190185,36.95865464679213],[7.555436970188907,36.99005464679385],[7.395176919150401,37.0162016169823],[7.374476919151334,37.067381616982686],[7.295386919150246,37.074231616982445],[7.274686919151179,37.04739161698194],[7.230426919150545,37.07181161698168],[7.189446919150896,37.07366161698235]]]},"properties":{}},{"type":"Feature","geometry":{"type":"MultiLineString","coordinates":[[[7.260739999999714,37.00425],[7.20363,36.932689999999695],[7.10131,36.886590000000126],[7.038370000000214,36.90128310636817],[6.915759999999864,36.8828]]]},"properties":{}},{"type":"Feature","geometry":{"type":"MultiLineString","coordinates":[[[6.911182163837111,36.88427511519234],[6.879492163837313,36.896145115192496],[6.873548325536831,36.92064900453323],[6.835708325535848,36.94902900453286],[6.586938325535755,36.95140900453282],[6.555058325535299,37.00765900453234],[6.438218325536468,36.98136900453261],[6.344118325536215,36.91491900453235],[6.257148325535923,36.93335900453218],[5.91771832553593,36.813559004533545],[5.783398325536723,36.80117900453348],[5.764059002874149,36.82423501637345]]]},"properties":{}},{"type":"Feature","geometry":{"type":"MultiLineString","coordinates":[[[5.539230000000259,34.63396],[5.51851,34.75159],[5.565619999999399,35.01714],[5.591479999999081,35.046150000000125],[5.573630000000833,35.06256000000042],[5.575059999999269,35.08648],[5.6286,35.10861],[5.626459999999497,35.14501000000024],[5.710160000000656,35.204130000000134],[5.700339999999358,35.2720900000005],[5.832700000000898,35.30808000000076],[5.837760000000344,35.34497000000022],[5.857679999999164,35.360280000000785],[6.16345,35.55257],[6.256240000000616,35.50796000000088]]]},"properties":{}},{"type":"Feature","geometry":{"type":"MultiLineString","coordinates":[[[9.2915,36.05472],[9.289119999999457,36.17322000000058],[9.32194999999956,36.306000000000495],[9.439979999999196,36.41069000000061],[9.488040000000183,36.48588000000018],[9.48852000000079,36.510630000000674],[9.450919999999314,36.5558400000009]]]},"properties":{}},{"type":"Feature","geometry":{"type":"MultiLineString","coordinates":[[[8.878849999999261,36.103549999999814],[8.911690000000931,36.12020999999925],[8.930720000000406,36.166370000000825],[8.948329999999203,36.17113000000069]],[[10.12241,36.786169999999515],[10.216630000000919,36.83804000000066],[10.310825785079032,36.854152188918476]],[[10.122880000000805,36.78665],[10.00058,36.718119999999544],[9.808789999999249,36.66529000000088],[9.608920000000694,36.533470000000364],[9.536109999999098,36.50682000000046],[9.483280000000434,36.505870000000925],[9.3067300000003,36.41402000000011],[9.260560000000567,36.411169999999515],[9.177089999999282,36.36872000000045],[9.074780000000771,36.29686000000038],[8.94676000000078,36.170270000000585]]]},"properties":{}},{"type":"Feature","geometry":{"type":"MultiLineString","coordinates":[[[4.85149,45.533779999999865],[4.7694,45.53305999999981],[4.598969999999099,45.60266000000047],[4.36643000000015,45.645850000000905],[4.338589999999499,45.66155000000066],[4.326820000000339,45.68974999999966],[4.223638415225366,45.749270405110906]]]},"properties":{}},{"type":"Feature","geometry":{"type":"MultiLineString","coordinates":[[[3.004203,43.1836165],[3.016470000000555,43.226819999999854],[3.069289999999428,43.27822000000014],[3.14567,43.32033000000055],[3.420181000000218,43.3945615],[3.461110000000107,43.42419999999945],[3.67511000000014,43.5080699999999],[3.881079999999263,43.64816000000071],[4.242309999999856,43.749289999999746],[4.356233511760089,43.83777295290007]]]},"properties":{}},{"type":"Feature","geometry":{"type":"MultiLineString","coordinates":[[[0.111670000000311,43.86309000000076],[-0.18029000000025,43.746030000000246],[-0.675699999999777,43.486899999999885],[-0.99942,43.25919000000068],[-1.07723000000079,43.25919000000071]]]},"properties":{}},{"type":"Feature","geometry":{"type":"MultiLineString","coordinates":[[[-1.464060000000245,43.501179999999295],[-1.203509999999369,43.695340000000215],[-1.053599999999278,43.74173999999948],[-0.914049999999406,43.825259999999616],[-0.747009999999136,43.79313999999977],[-0.453980000000229,43.80883999999969],[-0.346190000000206,43.79671000000053],[-0.266240000000835,43.76102],[-0.249110000000655,43.73675],[-0.254820000000109,43.710329999999885]]]},"properties":{}},{"type":"Feature","geometry":{"type":"MultiLineString","coordinates":[[[-0.819820000000618,43.9408999999996],[-0.851230000000214,43.87666],[-0.901910000000498,43.827400000000125]]]},"properties":{}},{"type":"Feature","geometry":{"type":"MultiLineString","coordinates":[[[1.44269,43.59183999999917],[1.375589999999765,43.558290000000845],[1.24281,43.34770000000031],[1.126459999999645,43.2392],[0.88268000000074,43.134980000000915],[0.6721,43.100720000000294],[0.571311,43.026707],[0.403340000000787,43.11928000000089],[0.272709999999303,43.0835800000004],[0.147430000000888,43.07929999999947],[-0.129539999999854,43.113559999999765],[-0.2227,43.17138999999966],[-0.3362,43.28346000000074],[-0.669920000000282,43.45692000000059],[-0.79627000000063,43.50188999999954],[-1.067319611674877,43.73563173563293]]]},"properties":{}},{"type":"Feature","geometry":{"type":"MultiLineString","coordinates":[[[-0.045659,43.09786],[0.020370000000164,43.18138],[0.11673,43.2327800000003]]]},"properties":{}},{"type":"Feature","geometry":{"type":"MultiLineString","coordinates":[[[2.871789999999294,42.44256],[2.982369999999776,42.17700999999943],[2.96595,42.136319999999614],[2.85887,42.04209000000088],[2.761720612902593,41.84585665533865]]]},"properties":{}},{"type":"Feature","geometry":{"type":"MultiLineString","coordinates":[[[-0.549530000000238,38.195579999999595],[-0.53168,38.21342],[-0.530969999999762,38.289090000000236],[-0.514503249540099,38.331597495937395],[-0.42425,38.37261000000041],[-0.394979999999139,38.43971000000063],[-0.294330000000589,38.49467],[-0.140139999999518,38.543929999999804],[-0.023456932285157,38.62892231274385],[0.050810000000637,38.650289999999636],[0.152889999999419,38.708109999999564],[0.176450000000834,38.7373800000005],[0.158600000000705,38.806619999999455],[0.109097349566801,38.842714395581915],[-0.016289999999545,38.85802],[-0.12194000000091,38.937970000000824],[-0.203142806362982,39.05175232193825],[-0.251456387283673,39.16001133910772],[-0.330019999999434,39.19209000000053],[-0.431389999999711,39.19565999999939]]]},"properties":{}},{"type":"Feature","geometry":{"type":"MultiLineString","coordinates":[[[-0.98452,37.599896],[-1.074699999999168,37.62457999999977],[-1.172490000000735,37.58316999999986],[-1.370230000000348,37.54819999999932],[-1.46695,37.48823000000085],[-1.506209999999556,37.44040999999926],[-1.653259999999044,37.37687000000015],[-1.767480000000417,37.29120999999955],[-1.769259999999094,37.26123000000024],[-1.81923,37.22197000000056],[-1.849210000000306,37.159869999999685],[-1.909890000000731,37.1634400000003],[-2.036949999999611,37.11060999999986],[-2.061939999999552,37.075629999999464],[-2.07728,36.984259999999345],[-2.26145,36.86219999999964],[-2.661200000000447,36.81936999999938],[-2.864999999999691,36.76654000000054],[-3.271539999999722,36.76296999999986],[-3.415730000000552,36.71657000000067],[-3.543859999999772,36.737279999999465],[-3.6024,36.76296999999986],[-3.700909999999466,36.74013000000027],[-3.82762,36.7658300000004],[-4.070320000000613,36.76654000000054],[-4.174899999999866,36.72799999999921],[-4.401180000000679,36.73013999999964],[-4.441160000000285,36.70587],[-4.511119999999225,36.618060000000675],[-4.601060000000869,36.57809000000089],[-4.636039999999401,36.52384]]]},"properties":{}},{"type":"Feature","geometry":{"type":"MultiLineString","coordinates":[[[0.625938000000139,41.615953500000124],[0.520179999999758,41.67043],[0.308530000000385,41.836040000000345],[-0.011630000000707,41.95311000000045],[-0.118700000000841,42.01521999999935],[-0.410309999999322,42.130150000000995],[-0.623030000000592,42.01449999999948],[-0.737960000000276,41.91314000000062]]]},"properties":{}},{"type":"Feature","geometry":{"type":"MultiLineString","coordinates":[[[1.940839999999595,41.48097000000072],[2.000949999999828,41.449559999999146],[2.080040000000835,41.368179999999576],[2.143570000000261,41.35175999999973],[2.285620000000668,41.47883000000012],[2.38235,41.50952],[2.49157,41.56877],[2.782100000000509,41.66584999999955],[2.792092783324809,41.674328256214956],[2.72428000000039,41.738660000000955],[2.729269999999832,41.78578000000015]]]},"properties":{}},{"type":"Feature","geometry":{"type":"MultiLineString","coordinates":[[[2.14286,41.35175999999956],[2.081469999999172,41.42101],[2.000089999999545,41.560919999999896]]]},"properties":{}},{"type":"Feature","geometry":{"type":"MultiLineString","coordinates":[[[2.152850000000399,41.6258799999996],[2.25065,41.66228000000058],[2.274919999999781,41.68727000000041],[2.222809999999413,41.77435999999943],[2.19782,41.92569]]]},"properties":{}},{"type":"Feature","geometry":{"type":"MultiLineString","coordinates":[[[3.107249999999188,42.148409999999885],[3.135809999999871,42.097009999999656],[3.102259999999696,42.08273000000014],[3.09155,42.02563000000018],[3.038010000000236,41.9728],[3.003029999999829,41.96923000000066],[2.912370000000139,42.026340000000346],[2.853839999999899,42.032769999999836]]]},"properties":{}},{"type":"Feature","geometry":{"type":"MultiLineString","coordinates":[[[2.876679999999495,42.768019999999595],[2.894529999999587,42.738040000000176],[2.94521,42.70852],[2.955200000000292,42.60455],[2.84170000000091,42.53959000000034]]]},"properties":{}},{"type":"Feature","geometry":{"type":"MultiLineString","coordinates":[[[0.028050000000921,44.21008000000075],[0.14012,44.05946000000046],[0.135840000000905,44.00235000000077],[0.159390000001039,43.93738999999927],[0.111569999999021,43.86385999999953],[0.58669,43.636759999999526],[0.723749999999299,43.65603000000025],[1.188809999999644,43.607490000000304],[1.436869999999706,43.61535000000014]]]},"properties":{}},{"type":"Feature","geometry":{"type":"MultiLineString","coordinates":[[[-1.722773,38.918645],[-1.68915,39.04350999999957],[-1.77909,39.232679999999256],[-1.77409000000083,39.279070000000644],[-1.728409999999614,39.34546000000055],[-1.756960000000617,39.43469],[-1.626329999998963,39.69737999999965],[-1.834769999999297,39.912959999999636],[-1.610269999999102,40.08713999999966],[-1.57029,40.09785],[-1.458220000000324,40.17636999999928],[-1.486769999999425,40.27845],[-1.360420000000868,40.539000000000826],[-1.384690000000604,40.70889],[-1.374700000000328,40.8045500000007],[-1.34401000000059,40.85452000000079],[-1.274685817661092,40.91701352955978],[-1.290320677397986,40.95095903960691],[-1.306169999999625,41.12792000000078],[-1.218370000000444,41.24927000000033],[-1.157339999999619,41.41559000000062],[-0.873229999999168,41.64759000000055]]]},"properties":{}},{"type":"Feature","geometry":{"type":"MultiLineString","coordinates":[[[-0.433859999999186,41.369909999999436],[-0.468839999999545,41.45271],[-0.58734,41.55479000000014],[-0.7765,41.6275999999998],[-0.87359,41.649020000000746],[-0.980310000000827,41.76395000000048],[-1.098799999999756,41.92526999999973]]]},"properties":{}},{"type":"Feature","geometry":{"type":"MultiLineString","coordinates":[[[-1.644224,42.817991],[-1.645249999999514,42.72192],[-1.588139999999616,42.45565999999969],[-1.558870000000728,42.38213],[-1.463929999999804,42.33859],[-1.248349999999874,42.28433000000046],[-1.198739999999749,42.25221000000056],[-1.153050000000809,42.162270000000724],[-1.136640000000577,42.00237000000016],[-1.09809,41.925269999999806]]]},"properties":{}},{"type":"Feature","geometry":{"type":"MultiLineString","coordinates":[[[-2.290199999999325,42.434950000000875],[-2.090679999999372,42.36714000000035],[-1.959329999999676,42.296469999999495],[-1.924709999999291,42.24365000000039],[-1.859749999999341,42.199389999999845],[-1.724120000000753,42.147989999999574],[-1.708420000000779,42.06019],[-1.679195,41.998968],[-1.509620000000653,41.97096000000061],[-1.369699999999244,41.86673999999945],[-0.873589999999171,41.64902000000076]]]},"properties":{}},{"type":"Feature","geometry":{"type":"MultiLineString","coordinates":[[[-2.51510000000053,36.96725999999944],[-2.522240000000238,37.04864000000089],[-2.545089999999618,37.07719],[-2.640030000000479,37.13573],[-2.725689999999304,37.149999999999636]]]},"properties":{}},{"type":"Feature","geometry":{"type":"MultiLineString","coordinates":[[[-4.322117424078316,42.599404982299504],[-4.323490000000658,42.65132000000084],[-4.237119999999649,42.8205],[-4.242829999999128,42.86903999999962],[-4.109700000000911,42.972550000000375],[-4.12897,43.05321],[-4.069719999999458,43.16172],[-4.083290000000445,43.31948],[-4.040187803042075,43.434558282364414]]]},"properties":{}},{"type":"Feature","geometry":{"type":"MultiLineString","coordinates":[[[-5.674123,42.002779],[-5.399872894128298,42.01942435248836],[-5.151237272569834,41.98095186578864],[-4.901400000000684,41.89917000000062],[-4.635379999999748,41.72976000000017],[-3.237209999999358,41.676460000000674]]]},"properties":{}},{"type":"Feature","geometry":{"type":"MultiLineString","coordinates":[[[-3.236849999999325,41.67646000000063],[-3.043400000000515,41.69288000000054],[-2.852090000000274,41.68502000000083],[-2.617599999999451,41.74856],[-2.54122,41.75211999999917],[-2.444307430714562,41.79214747716955],[-2.163990772255132,41.78129233833177],[-1.720160000000594,41.89488999999959],[-1.597019999999252,41.87846999999974],[-1.26116,41.75926000000072],[-1.0877,41.7435600000008]]]},"properties":{}},{"type":"Feature","geometry":{"type":"MultiLineString","coordinates":[[[-3.323369999999865,42.550298],[-3.17324,42.53127999999936],[-3.147539999999829,42.49630000000068],[-3.039039999999562,42.49630000000078],[-2.813819999999299,42.4127800000007],[-2.73887,42.40135999999985],[-2.464749999999194,42.42991000000074],[-2.27808,42.43063000000091]]]},"properties":{}},{"type":"Feature","geometry":{"type":"MultiLineString","coordinates":[[[-3.580120000000534,40.13016000000073],[-3.657929999999339,40.237240000000426],[-3.689340000000755,40.35003],[-3.794990000000268,40.481369999999636],[-4.053760000000693,40.68838999999936],[-4.048759999999618,40.86827000000085],[-4.08374,40.92109999999956],[-4.269340000000739,41.01174999999965],[-4.374630000000252,41.04387999999926],[-4.427449999999226,41.12882],[-4.520419024874089,41.217055583935284]]]},"properties":{}},{"type":"Feature","geometry":{"type":"MultiLineString","coordinates":[[[-1.756799999999203,39.4355400000004],[-1.910990000000311,39.69823],[-2.162259999999151,39.81459],[-2.16583,39.88169000000016]]]},"properties":{}},{"type":"Feature","geometry":{"type":"MultiLineString","coordinates":[[[-4.809310000000551,38.71287999999919],[-4.68224,38.65719999999976],[-4.579089999999212,38.65863],[-4.33252,38.61153000000019],[-4.194750000000568,38.61652999999944],[-4.089809999999432,38.591549999999245],[-4.022000000000787,38.548720000000685],[-3.960960000000284,38.482330000000786],[-3.962390000000596,38.39738000000034],[-3.747530000000495,38.34813000000031]]]},"properties":{}},{"type":"Feature","geometry":{"type":"MultiLineString","coordinates":[[[-3.626889999999548,38.03903],[-3.649020000000746,38.14682],[-3.711830000000191,38.21321],[-3.76037,38.400949999999284],[-3.758949999999459,38.45948999999928],[-3.723969999999099,38.542999999999665],[-3.745380000000296,38.66577999999936],[-3.73682,38.762150000000474]]]},"properties":{}},{"type":"Feature","geometry":{"type":"MultiLineString","coordinates":[[[-4.183090000000448,37.88129],[-4.225440000000106,37.67425999999983],[-4.279689999999391,37.55362000000059],[-4.577592075616906,37.34423652024611]]]},"properties":{}},{"type":"Feature","geometry":{"type":"MultiLineString","coordinates":[[[-0.984229917882537,37.5989856347988],[-1.054260000000757,37.73353],[-1.05141,37.7992],[-1.087810000000874,37.85345000000058],[-1.152770000000426,37.896989999999384],[-1.19988,37.98408000000017],[-1.209160000000286,38.04262000000025],[-1.242,38.08545000000049],[-1.405969999999848,38.211079999999306],[-1.51447,38.35885000000061],[-1.599420000000226,38.44094000000046],[-1.621189999999693,38.514460000000355],[-1.697570000000269,38.6029799999998],[-1.702431016175829,38.71090675379162]]]},"properties":{}},{"type":"Feature","geometry":{"type":"MultiLineString","coordinates":[[[-2.047710000000678,37.677850000000106],[-1.859969999999516,37.729960000000595],[-1.741830000000764,37.6799900000005],[-1.395979999999239,37.6828399999996],[-1.114009999999183,37.65500000000079],[-1.01793,37.62644999999982],[-0.984519999999881,37.59989600000011]],[[-3.73444,38.012640000000864],[-3.808829999999847,37.968343],[-3.756640225161417,37.91876778767503],[-3.70707000000042,37.784620000000466],[-3.62498000000037,37.70752999999985],[-3.587149999999284,37.634],[-3.538666,37.626929],[-3.430459999999457,37.56905],[-3.249149999999438,37.594030000000416],[-3.18562,37.59188999999965],[-3.122799999999157,37.56689999999985],[-3.064259999999133,37.57832000000064]]]},"properties":{}},{"type":"Feature","geometry":{"type":"MultiLineString","coordinates":[[[-4.845170000000451,37.27952],[-4.930469999999332,37.33163000000059],[-5.061110000000554,37.4972400000006],[-5.077520000000675,37.53865000000047]]]},"properties":{}},{"type":"Feature","geometry":{"type":"MultiLineString","coordinates":[[[16.05098,48.327180000000226],[16.106299999999464,48.30815000000075],[15.787449999999808,48.3426500000005],[15.70536,48.375959999999395],[15.587579999999434,48.39559]]]},"properties":{}},{"type":"Feature","geometry":{"type":"MultiLineString","coordinates":[[[15.326310000000376,48.21832],[15.406619999999748,48.28078],[15.416730000000825,48.348],[15.49525999999969,48.39797],[15.542250000000422,48.38012999999955],[15.58806,48.39559],[15.621370000000752,48.350979999999254],[15.657649999999194,48.26829],[15.629699999999502,48.20643000000018],[15.71356999999989,48.25103999999919],[15.76057000000037,48.35275999999976]]]},"properties":{}},{"type":"Feature","geometry":{"type":"MultiLineString","coordinates":[[[14.456029999999487,48.20821000000063],[14.49706999999944,48.211180000000354],[14.537290000000326,48.19334],[14.57655,48.126120000000924],[14.72883000000013,48.08626000000015],[14.754409999999552,48.110060000001],[14.82758,48.128500000000656],[15.105980000000386,48.14277000000044],[15.32667000000049,48.21832],[15.443269999999757,48.1796599999999],[15.58900999999969,48.206430000000296],[15.850150000000326,48.2147499999993],[15.97567,48.28018999999949],[16.117249999999387,48.3111200000003],[16.313550000000816,48.3045800000001],[16.377469999999562,48.2140799999998]]]},"properties":{}},{"type":"Feature","geometry":{"type":"MultiLineString","coordinates":[[[14.066150000000562,48.00536],[14.200590000000375,48.12195000000065],[14.260669999999664,48.20405000000028],[14.258889999999155,48.249260000000504]]]},"properties":{}},{"type":"Feature","geometry":{"type":"MultiLineString","coordinates":[[[14.031059999999343,48.14633999999933],[14.170850000000428,48.163000000000466],[14.33325,48.22487],[14.280300000000352,48.27483000000029]]]},"properties":{}},{"type":"Feature","geometry":{"type":"MultiLineString","coordinates":[[[10.930019999999786,48.668040000000474],[10.907419999999547,48.56572000000051],[10.968090000000302,48.39976000000024],[10.963340000000244,48.3783399999993]]]},"properties":{}},{"type":"Feature","geometry":{"type":"MultiLineString","coordinates":[[[11.43982,48.71385],[11.434470000000147,48.668040000000474],[11.387469999999666,48.61807000000044],[11.171539999999368,48.53777000000082],[10.97404,48.33074999999917]]]},"properties":{}},{"type":"Feature","geometry":{"type":"MultiLineString","coordinates":[[[10.275079999999434,48.45090999999957],[10.568939999999202,48.528840000000855],[10.71349,48.61569000000054],[11.06351,48.706710000000385],[11.12062,48.760840000000826],[11.248509999999442,48.79890999999952],[11.482889999999315,48.81734999999935],[11.63875,48.8119999999999],[11.746419999999489,48.851259999999456],[11.808279999999286,48.85661000000073],[11.90762,48.90301],[11.952830000000176,48.89229999999952],[12.020650000000387,48.91372000000047],[12.132480000000214,49.001759999999194],[12.312729999999647,48.92858999999953],[12.63217000000077,48.87802999999985],[13.012880000000223,48.72395999999935],[13.194320000000516,48.617480000000796]]]},"properties":{}},{"type":"Feature","geometry":{"type":"MultiLineString","coordinates":[[[13.196099999999205,48.61629],[13.411439999999857,48.570480000000316],[13.528039999999237,48.57762],[13.5667,48.55026],[13.626190000000861,48.54728000000068],[13.97657000000072,48.352170000000115],[14.014639999999417,48.3140999999996],[14.08007,48.29624999999942],[14.18239,48.3087400000004],[14.282919999999649,48.29922000000079],[14.281730000000607,48.27483000000029],[14.250200000000405,48.25757999999951]]]},"properties":{}},{"type":"Feature","geometry":{"type":"MultiLineString","coordinates":[[[12.579820000000836,48.25223],[12.710689999999886,48.28018999999949],[13.04263,48.28316000000086],[13.051550000000134,48.24985000000015],[13.083080000000336,48.23735999999917],[13.241910000000644,48.2468800000006],[13.371590000000651,48.203450000000885],[13.445949999999357,48.20583000000079],[13.591089999999895,48.17847000000074],[14.028910000000906,48.163000000000466],[14.024750000000495,48.311719999999696]]]},"properties":{}},{"type":"Feature","geometry":{"type":"MultiLineString","coordinates":[[[11.904650000000402,48.14277000000038],[11.924880000000485,48.221299999999246],[11.923689999999624,48.29982000000018],[11.971869999999399,48.428900000000795],[12.015289999999368,48.47114],[12.111660000000484,48.51576000000023],[12.119399999999587,48.53954999999951],[12.312130000000252,48.62521000000015],[12.699979999999414,48.68351000000075],[12.88677,48.776309999999285]]]},"properties":{}},{"type":"Feature","geometry":{"type":"MultiLineString","coordinates":[[[11.977699999999459,48.4360400000005],[11.827789999999368,48.39856999999938],[11.74035,48.39618999999948],[11.682049999999435,48.33908],[11.417929999999615,48.35574000000088],[11.337030000000595,48.32360999999946]]]},"properties":{}},{"type":"Feature","geometry":{"type":"MultiLineString","coordinates":[[[11.808160000000498,48.85661000000073],[11.783180000000357,48.8143799999998],[11.691570000000866,48.76143000000047],[11.577359999999317,48.73110000000088],[11.366180000000895,48.71147000000019],[11.082430000000386,48.71978999999919]]]},"properties":{}},{"type":"Feature","geometry":{"type":"MultiLineString","coordinates":[[[13.649330000000305,47.54667999999958],[13.64219000000054,47.59380000000061],[13.602209999999104,47.65947000000051],[13.64219000000054,47.64234000000033],[13.744979999999543,47.64163000000019]]]},"properties":{}},{"type":"Feature","geometry":{"type":"MultiLineString","coordinates":[[[13.602209999999104,47.660180000000764],[13.609350000000632,47.713009999999485],[13.700720000000729,47.75583999999981],[13.775680000000648,47.82865],[13.767110000000685,47.89718],[13.794239999999263,47.91645000000062],[13.79780000000028,47.962139999999636],[13.784240000000864,48.05494]]]},"properties":{}},{"type":"Feature","geometry":{"type":"MultiLineString","coordinates":[[[14.384149999999863,46.6858],[14.482659999999612,46.78288000000066],[14.46910000000031,46.87853],[14.4020000000001,46.94777000000073],[14.410560000000316,47.01202000000018],[14.46981000000045,47.08483],[14.420560000000478,47.18762000000055],[14.450539999999819,47.217609999999695],[14.54191,47.2161799999995],[14.559040000000152,47.233309999999676],[14.5155,47.269720000000234],[14.48052,47.37679000000037],[14.494080000000395,47.476730000000316],[14.255660000000773,47.5474],[14.259229999999661,47.567390000000216],[14.32275999999922,47.61022000000048],[14.344890000000248,47.68730999999934],[14.336320000000285,47.70372999999938],[14.252800000000207,47.718720000000815],[14.16215000000011,47.76012000000094],[14.157859999999346,47.85007000000047],[14.08648,47.95142999999928],[14.03651,48.08706],[14.029370000000256,48.16201]],[[14.028910000000906,48.16241000000082],[14.249610000000757,48.257579999999564],[14.395350000000747,48.206430000000296],[14.456029999999487,48.20821000000063]]]},"properties":{}},{"type":"Feature","geometry":{"type":"MultiLineString","coordinates":[[[11.563780000000406,47.998310000000856],[11.63587,48.09824],[11.65229,48.15106999999989]]]},"properties":{}},{"type":"Feature","geometry":{"type":"MultiLineString","coordinates":[[[11.041250000000218,48.07325999999921],[11.151889999999185,48.07611],[11.1833000000006,48.119660000000295],[11.232560000000376,48.1425]]]},"properties":{}},{"type":"Feature","geometry":{"type":"MultiLineString","coordinates":[[[11.319929999999658,46.48069000000032],[11.393449999999575,46.486399999999776],[11.475549999999203,46.515659999999116],[11.531230000000505,46.6106],[11.64687000000049,46.706969999999274],[11.65186,46.72767000000022],[11.633299999999508,46.754800000000614],[11.641159999999218,46.78621000000021],[11.42843,46.903990000000704],[11.498390000000654,47.021779999999126],[11.477689999999711,47.041049999999814],[11.451279999999315,47.16740000000027],[11.397020000000339,47.20238000000063],[11.385599999999613,47.25590999999986],[11.269959999999628,47.26447999999982],[11.18359000000055,47.32086999999956],[11.19858000000022,47.354419999999664],[11.264250000000175,47.402249999999185],[11.269249999999374,47.47862999999961],[11.177159999999276,47.4986200000003],[11.09649999999965,47.49719],[11.192150000000765,47.59213000000091],[11.216420000000653,47.64495999999963],[11.206430000000182,47.71277],[11.154319999999643,47.80984999999964],[11.156460000000152,47.84411999999975],[11.09578,47.870530000000144],[11.099350000000413,47.9319200000009],[11.075080000000526,48.01330000000053],[10.9987,48.18747000000076]]]},"properties":{}},{"type":"Feature","geometry":{"type":"MultiLineString","coordinates":[[[9.335549999999785,48.06055000000026],[9.315570000000776,48.100529999999765],[9.23276000000078,48.11052000000018],[9.215630000000601,48.15478000000081],[9.239190000000235,48.22117000000077],[9.218479999999659,48.261140000000466],[9.186359999999809,48.28113],[9.13425,48.28613000000047],[9.069999999999823,48.24093],[8.969399991813816,48.218141378059784]]]},"properties":{}},{"type":"Feature","geometry":{"type":"MultiLineString","coordinates":[[[16.377469999999448,48.21408],[16.346059999999852,48.142690000000584],[16.348920000000362,48.097719999999754],[16.39104000000043,48.02776000000085],[16.48525999999947,47.93282],[16.45600000000013,47.87786000000051],[16.575919999999314,47.734379999999874],[16.61233,47.64872],[16.580200000000332,47.565199999999095],[16.57521000000088,47.410289999999804],[16.600189999999202,47.301079999999274],[16.62517999999909,47.256820000000516],[16.618749999999636,47.211129999999685],[16.65301,47.064800000000105],[16.65730000000076,46.97127999999975],[16.64158999999927,46.92417000000023],[16.580920000000333,46.85136000000057],[16.459419999999227,46.79497000000083],[16.304519999999684,46.74714],[16.018130000000383,46.69503000000077],[15.991,46.65220000000045],[15.94246000000021,46.47301999999945],[15.871789999999237,46.395220000000336],[15.786130000000412,46.35023999999976],[15.624799999999595,46.30313000000024],[15.575549999999566,46.245310000000245],[15.265030000000479,46.23388999999952]]]},"properties":{}},{"type":"Feature","geometry":{"type":"MultiLineString","coordinates":[[[17.28519000000051,47.86571999999978],[17.00108,47.99136],[16.870450000000346,48.08344000000034]]]},"properties":{}},{"type":"Feature","geometry":{"type":"MultiLineString","coordinates":[[[15.338840000000346,47.80718999999954],[15.346690000000308,47.7879099999991],[15.42022,47.78219999999965],[15.517299999999523,47.84715999999935],[15.595820000000458,47.85502000000088],[15.70574999999917,47.829320000000735],[15.826390000000174,47.71296000000075],[15.973439999999755,47.6801200000009],[16.232560000000376,47.816469999999754],[16.205439999999726,47.956379999999626],[16.25184000000081,48.02491],[16.32608000000073,48.05775],[16.327499999999418,48.08700999999928],[16.289670000000115,48.1191400000007],[16.28824,48.16553000000022],[16.37176,48.209790000000794]]]},"properties":{}},{"type":"Feature","geometry":{"type":"MultiLineString","coordinates":[[[16.236849999999322,47.84574000000066],[16.26896999999917,47.80148],[16.344639999999345,47.78078],[16.36106,47.74294],[16.45600000000013,47.71082000000024],[16.59791000000041,47.69369],[16.64502,47.727240000000165],[16.64502,47.80076],[16.676429999999527,47.88571000000047],[16.78422,47.959240000000136],[16.83561,48.060600000000704],[16.919130000000223,48.12055999999939]]]},"properties":{}},{"type":"Feature","geometry":{"type":"MultiLineString","coordinates":[[[17.623040000000515,47.689539999999454],[17.659379999999203,47.66799],[17.75932,47.55235],[17.80287,47.34676000000047],[17.92922,47.16331],[17.92922,47.13760999999988]]]},"properties":{}},{"type":"Feature","geometry":{"type":"MultiLineString","coordinates":[[[8.96774,47.97891999999956],[8.954649999999674,47.88825999999972],[8.81974000000082,47.74407000000065],[8.837579999999434,47.68267999999989],[8.86542,47.66411999999946],[8.86542,47.63485000000037],[8.900400000000445,47.61058000000048],[8.962499999999636,47.600580000000264],[9.124550000000454,47.636280000000625],[9.168799999999464,47.67696000000069]]]},"properties":{}},{"type":"Feature","geometry":{"type":"MultiLineString","coordinates":[[[8.85454000000027,46.709240000000136],[8.932349999999133,46.746359999999186],[9.232159999999567,46.80275000000074],[9.319250000000466,46.85628999999972],[9.41704000000027,46.8420100000003],[9.43417000000045,46.820599999999104]]]},"properties":{}},{"type":"Feature","geometry":{"type":"MultiLineString","coordinates":[[[9.17836859894851,45.47688896289583],[8.958039999999528,45.4942900000006],[8.726525892200584,45.449071245407424],[8.62089558575542,45.4489233559828],[8.50231,45.39525999999938],[8.417219999999418,45.331039999999234]]]},"properties":{}},{"type":"Feature","geometry":{"type":"MultiLineString","coordinates":[[[10.35145999999986,46.47082000000057],[10.340749999999389,46.35088999999971],[10.279360000000509,46.31377000000077],[10.240809999999442,46.26808999999969],[10.08448,46.18384999999955],[9.998110000000452,46.17100000000033],[9.870329999999853,46.18527999999969],[9.643330000000788,46.17315000000059],[9.577660000000947,46.15601000000066],[9.42418,46.166010000000824]]]},"properties":{}},{"type":"Feature","geometry":{"type":"MultiLineString","coordinates":[[[10.333439277987452,45.99555891573635],[10.187102426128888,45.89978561025168],[10.117319999999438,45.82336000000032],[10.094600879527263,45.75374619101888],[10.109883375866048,45.703554326257915],[10.032370000000924,45.6513300000006],[10.164794979199257,45.55327660127767]]]},"properties":{}},{"type":"Feature","geometry":{"type":"MultiLineString","coordinates":[[[10.318543852091011,45.51742605545638],[10.429783654113578,45.56917933233319],[10.45119880316605,45.6013020559119],[10.509793030434594,45.639075999379656],[10.505286212737246,45.65525459575372],[10.426511895230533,45.661978311560574],[10.390819980143078,45.696480496145114],[10.438111767633984,45.739608226875816],[10.461549458541356,45.74145230915542]]]},"properties":{}},{"type":"Feature","geometry":{"type":"MultiLineString","coordinates":[[[11.554990000000657,45.556389999999794],[11.737531971215105,45.45075387781503],[11.88187,45.40797000000026]]]},"properties":{}},{"type":"Feature","geometry":{"type":"MultiLineString","coordinates":[[[13.134179999999105,46.26792000000023],[13.240540000000692,46.22295],[13.456840000000739,46.074469999999565],[13.47183000000041,45.88530999999966]]]},"properties":{}},{"type":"Feature","geometry":{"type":"MultiLineString","coordinates":[[[14.160680000000866,46.64911000000029],[14.1464,46.69837],[14.088579999999638,46.71906999999919],[13.890849999999773,46.662679999999455],[13.875860000000102,46.63484000000062],[13.879430000000866,46.65625],[13.844450000000506,46.685520000000906],[13.83302999999978,46.72621000000072],[13.785200000000259,46.73691999999937],[13.766639999999825,46.776889999999185],[13.72667,46.806870000000345],[13.646720000000641,46.7861699999994],[13.56391000000076,46.81687000000056],[13.4646900000007,46.83043]]]},"properties":{}},{"type":"Feature","geometry":{"type":"MultiLineString","coordinates":[[[13.681699999999182,46.53918],[13.648859999999331,46.56416999999965],[13.48682,46.61485],[13.293369999999413,46.61341999999968],[13.000690000000759,46.66125]]]},"properties":{}},{"type":"Feature","geometry":{"type":"MultiLineString","coordinates":[[[14.91964,37.06274999999914],[15.032139999999345,37.01800999999978],[15.058069999999134,37.03918999999951],[15.151110000000699,37.023479999999836],[15.20536,37.04585000000043]]]},"properties":{}},{"type":"Feature","geometry":{"type":"MultiLineString","coordinates":[[[15.286739999999554,37.07440999999926],[15.250570000000153,36.98541],[15.18275999999969,36.94865000000027],[15.12278999999944,36.87822000000051]]]},"properties":{}},{"type":"Feature","geometry":{"type":"MultiLineString","coordinates":[[[15.10304,36.8469299999997],[15.089169999999285,36.78831999999966],[15.11316000000079,36.73997000000054],[15.110109999999622,36.70809],[15.140760000000228,36.681249999999636],[15.049769999999626,36.723509999999806],[14.95097,36.74654],[14.793929999999818,36.709609999999884],[14.706360000000132,36.72331999999915],[14.64716000000044,36.76538000000073],[14.489929999999731,36.81117000000086],[14.384470000000874,36.971449999999095],[14.275970000000598,37.06615000000056],[14.134529999999359,37.118500000000495],[13.971779999999853,37.11526000000049],[13.944939999999406,37.099270000000615],[13.83585999999923,37.15495],[13.7216499999995,37.17855000000054],[13.668540000000576,37.20282000000043],[13.58921,37.31027]]]},"properties":{}},{"type":"Feature","geometry":{"type":"MultiLineString","coordinates":[[[15.970859999999448,40.01274000000012],[15.9658,39.98049],[16.04504000000088,39.95800000000054],[16.138549999999668,39.88162000000011],[16.145329999999376,39.835580000000846]]]},"properties":{}},{"type":"Feature","geometry":{"type":"MultiLineString","coordinates":[[[15.9658,39.98049],[15.89941,39.9937000000009],[15.883410000000367,40.01271000000088]]]},"properties":{}},{"type":"Feature","geometry":{"type":"MultiLineString","coordinates":[[[16.145329999999376,39.835220000000845],[16.2484800000002,39.79327999999987],[16.292740000000776,39.72707000000082],[16.29559,39.67995999999948],[16.210650000000896,39.499180000000706],[16.21636000000035,39.45027999999911],[16.2484800000002,39.39318],[16.2534799999994,39.29128]]]},"properties":{}},{"type":"Feature","geometry":{"type":"MultiLineString","coordinates":[[[16.2534799999994,39.29128],[16.281559999999445,39.24739000000045],[16.294050000000425,39.1881400000002],[16.239089999999123,39.16458000000057],[16.205180000000837,39.11710999999923]]]},"properties":{}},{"type":"Feature","geometry":{"type":"MultiLineString","coordinates":[[[16.257649999999558,38.91894999999931],[16.264789999999266,39.00960999999916],[16.2783500000005,39.027099999999336],[16.270140000000538,39.093839999999545],[16.25050999999985,39.123820000000705],[16.268710000000283,39.143630000000485],[16.251580000000104,39.168509999999515]]]},"properties":{}},{"type":"Feature","geometry":{"type":"MultiLineString","coordinates":[[[16.117379999999685,39.05582999999933],[16.16092000000026,38.961419999999634],[16.253720000000612,38.92323000000033],[16.286560000000463,38.88362000000052],[16.206609999999273,38.763160000000425],[16.1263,38.713190000000395],[16.100249999999505,38.67375]]]},"properties":{}},{"type":"Feature","geometry":{"type":"MultiLineString","coordinates":[[[16.59087,38.807989999999336],[16.510920000000624,38.94022000000041],[16.431679999999687,38.90774000000056],[16.286560000000463,38.88362000000052]]]},"properties":{}},{"type":"Feature","geometry":{"type":"MultiLineString","coordinates":[[[16.100249999999505,38.67375],[16.053729999999632,38.6204],[15.944509999999354,38.55222999999933]]]},"properties":{}},{"type":"Feature","geometry":{"type":"MultiLineString","coordinates":[[[15.944509999999354,38.55222999999933],[15.918100000000777,38.45354000000043],[15.820299999999406,38.28454000000056],[15.656119999999646,38.20977],[15.663259999999354,38.043980000000374],[15.644340000000739,38.00757],[15.68966999999975,37.96081000000049],[15.768550000000687,37.92548],[15.932730000000447,37.934219999999186],[16.01267999999982,37.92316000000028],[16.089420000000246,37.94814000000042],[16.128319999999803,38.01382000000012],[16.153309999999692,38.12214],[16.19257,38.173179999999775],[16.32285000000047,38.292929999999615],[16.47882000000027,38.352530000000115],[16.567339999999604,38.42588000000069],[16.58339999999953,38.45407999999952],[16.555560000000696,38.670899999999165],[16.532359999999244,38.718549999999595],[16.61551999999938,38.823130000000674]]]},"properties":{}},{"type":"Feature","geometry":{"type":"MultiLineString","coordinates":[[[16.61551999999938,38.823130000000674],[16.824389999999767,38.92756999999983],[16.901840000000448,38.94434],[17.013199999999415,38.93899000000056],[17.04032,38.95219]]]},"properties":{}},{"type":"Feature","geometry":{"type":"MultiLineString","coordinates":[[[17.04032,38.95219],[17.06895000000077,39.02143000000069],[17.117130000000543,39.06623000000036]]]},"properties":{}},{"type":"Feature","geometry":{"type":"MultiLineString","coordinates":[[[17.124630000000252,39.0690799999993],[17.159960000000865,39.03625],[17.206720000000132,39.02590000000055]]]},"properties":{}},{"type":"Feature","geometry":{"type":"MultiLineString","coordinates":[[[17.117130000000543,39.06623000000036],[17.12890999999945,39.07871999999952],[17.10356999999931,39.10692000000017],[17.110350000000835,39.20650000000023]]]},"properties":{}},{"type":"Feature","geometry":{"type":"MultiLineString","coordinates":[[[17.110350000000835,39.20650000000023],[17.100720000000365,39.29591000000073],[17.11499,39.39316999999937],[17.006489999999758,39.4688299999998],[16.828740000000835,39.55253000000084],[16.77984,39.60214000000087],[16.599599999999555,39.61355999999978],[16.525719999999637,39.64854000000014],[16.48110000000088,39.729380000000674],[16.478250000000116,39.76865],[16.51216000000022,39.84877000000051],[16.624579999999696,39.95941999999923],[16.597649999999703,40.01555]]]},"properties":{}},{"type":"Feature","geometry":{"type":"MultiLineString","coordinates":[[[16.486810000000332,39.717609999999695],[16.444149999999354,39.698490000000675],[16.28960999999981,39.70205999999962],[16.20252000000073,39.65780000000086],[16.04083,39.60961],[15.990859999999884,39.63423999999941],[15.919120000000476,39.60569000000032],[15.854160000000775,39.61674999999923]]]},"properties":{}},{"type":"Feature","geometry":{"type":"MultiLineString","coordinates":[[[15.690839999999298,40.01057000000037],[15.741679999999178,39.93747000000076],[15.769089999999778,39.93462],[15.796689999999217,39.849050000000716],[15.78813000000082,39.8169799999996],[15.82791,39.77918999999929],[15.81668,39.68391999999949],[15.872639999999592,39.58617000000049],[15.87645,39.55248000000029],[15.932419999999183,39.51944999999978],[16.0340699999997,39.3747800000001],[16.06034,39.28636],[16.072519999999713,39.14197000000058],[16.117379999999685,39.05582999999933]]]},"properties":{}},{"type":"Feature","geometry":{"type":"MultiLineString","coordinates":[[[15.93511000000035,38.498639999999796],[16.043770000000222,38.48067000000083],[16.085699999999633,38.35605000000032],[16.24040000000059,38.208160000000134]]]},"properties":{}},{"type":"Feature","geometry":{"type":"MultiLineString","coordinates":[[[16.086600000000544,38.35485999999946],[15.957210000000487,38.364229999999225],[15.90082000000075,38.425820000000385]]]},"properties":{}},{"type":"Feature","geometry":{"type":"MultiLineString","coordinates":[[[16.294410000000425,39.19332000000031],[16.32923,39.17362999999932],[16.405370000000403,39.16935000000012],[16.52339000000029,39.19267000000036],[16.655220000000554,39.195050000000265],[16.808929999999236,39.16411999999946],[16.873649999999543,39.18505],[16.949319999999716,39.1603099999993],[17.110710000000836,39.17509000000064]]]},"properties":{}},{"type":"Feature","geometry":{"type":"MultiLineString","coordinates":[[[16.26087,39.60986000000048],[16.319470000000365,39.625379999999495],[16.43225,39.70194000000083]]]},"properties":{}},{"type":"Feature","geometry":{"type":"MultiLineString","coordinates":[[[16.29642000000058,39.70339000000058],[16.146609999999782,39.72501999999986],[16.078550000000178,39.77166000000034],[15.99813,39.800209999999424],[15.894379999999728,39.79641000000083],[15.89581,39.84828000000016],[15.986230000000432,39.8806399999994],[16.05760999999984,39.87826],[16.102349999999205,39.796879999999874],[16.109959999999774,39.74977000000035]]]},"properties":{}},{"type":"Feature","geometry":{"type":"MultiLineString","coordinates":[[[16.14053000000058,39.63982000000033],[16.095970000000307,39.638890000000174],[15.95796,39.67934000000059],[15.919420000000173,39.71359999999913],[15.817629999999554,39.7220899999993]]]},"properties":{}},{"type":"Feature","geometry":{"type":"MultiLineString","coordinates":[[[14.872090000000753,40.65234000000055],[14.727419999999256,40.6918399999995],[14.699819999999818,40.743829999999434],[14.604160000000775,40.75476999999955]]]},"properties":{}},{"type":"Feature","geometry":{"type":"MultiLineString","coordinates":[[[14.529430000000502,40.92884000000049],[14.589630000000398,40.96335],[14.705270000000382,40.90600000000086],[14.814479999999094,40.920280000000275],[14.82209999999941,40.9963000000007],[14.773080000000846,41.0324700000001],[14.76433,41.13947999999982]]]},"properties":{}},{"type":"Feature","geometry":{"type":"MultiLineString","coordinates":[[[14.789199999999255,40.915100000000166],[14.751669999999649,40.85816999999952],[14.735720000000583,40.786190000000715],[14.6533,40.751000000000204]]]},"properties":{}},{"type":"Feature","geometry":{"type":"MultiLineString","coordinates":[[[14.642229999999472,40.7521],[14.630080000000817,40.80666000000019],[14.535369999999602,40.85187000000042],[14.529430000000502,40.92884000000049],[14.509910000000673,40.94431000000077]]]},"properties":{}},{"type":"Feature","geometry":{"type":"MultiLineString","coordinates":[[[14.287739999999758,40.846190000000206],[14.399139999999534,40.765079999999216],[14.45720000000074,40.762220000000525]]]},"properties":{}},{"type":"Feature","geometry":{"type":"MultiLineString","coordinates":[[[14.460499999999229,40.761899999999514],[14.490130000000136,40.712610000000495],[14.439920000000711,40.69190999999955],[14.398989999999685,40.64360999999917],[14.366159999999581,40.630989999999656]]]},"properties":{}},{"type":"Feature","geometry":{"type":"MultiLineString","coordinates":[[[3.037879999999859,45.045679999999265],[3.190640000000712,45.22842999999921],[3.217769999999291,45.3419300000005],[3.297720000000481,45.392610000000786]]]},"properties":{}},{"type":"Feature","geometry":{"type":"MultiLineString","coordinates":[[[2.404710000000705,47.08225999999922],[2.399709999999686,46.92165000000023],[2.445110000000568,46.76818],[2.280500000000757,46.64754],[2.18627000000015,46.55544999999984],[2.294780000000173,46.525470000000496],[2.390429999999469,46.45550999999978],[2.502500000000509,46.3420100000003],[2.640269999999873,46.288479999999254],[2.952579999999216,46.26777000000038],[3.027529999999388,46.2770500000006],[3.117120000000796,46.2556399999994],[3.094279999999344,46.16784],[3.099270000000615,46.112160000000586],[3.077139999999417,46.05718999999954],[3.110689999999522,46.00294000000031],[3.117120000000796,45.95939999999973],[3.064290000000256,45.847320000000764],[3.074290000000474,45.773080000000846]]]},"properties":{}},{"type":"Feature","geometry":{"type":"MultiLineString","coordinates":[[[2.186990000000208,46.55616999999984],[2.448249999999575,46.58186000000023],[2.60244000000057,46.57043999999962],[2.93959,46.44980000000044],[3.402009999999734,46.32631000000043]]]},"properties":{}},{"type":"Feature","geometry":{"type":"MultiLineString","coordinates":[[[3.065080000000307,46.41554],[3.0715,46.34416000000056],[3.115760000000591,46.23778999999922],[3.288510000000315,46.14070999999967],[3.432709999999133,46.13500000000022]]]},"properties":{}},{"type":"Feature","geometry":{"type":"MultiLineString","coordinates":[[[3.146539999999732,47.00684],[3.234350000000632,47.13104000000021],[3.279319999999643,47.24883000000045],[3.278599999999642,47.34805000000051],[3.242910000000848,47.4744],[3.00449,47.24312]]]},"properties":{}},{"type":"Feature","geometry":{"type":"MultiLineString","coordinates":[[[4.074889999999868,46.05100999999934],[4.07561,46.1580799999993],[4.064899999999454,46.19092],[4.018860000000188,46.23875000000055],[3.971740000000921,46.34368],[3.95318000000043,46.47074000000072],[3.72761,46.54570000000058],[3.724039999999263,46.64848999999958],[3.665150000000835,46.7484299999997],[3.61946,46.7841200000002],[3.455280000000187,46.854789999999525]]]},"properties":{}},{"type":"Feature","geometry":{"type":"MultiLineString","coordinates":[[[6.799250515868493,47.446194422319024],[6.696110000000715,47.44369999999981],[6.42699,47.393739999999525],[6.076849999999467,47.27808999999979],[6.001899999999353,47.225979999999254],[5.542900000000373,47.142459999999176],[5.390139999999519,47.050380000000644],[5.259149999999806,46.92403000000024],[4.992889999999591,46.921889999999564],[4.918649999999559,46.88334000000026],[4.835489999999595,46.77911999999935]]]},"properties":{}},{"type":"Feature","geometry":{"type":"MultiLineString","coordinates":[[[3.723799999999869,46.647059999999385],[3.450049999999464,46.53999],[3.355820000000676,46.536420000000305],[3.093839999999659,46.58138999999932],[2.94715,46.54570000000058],[2.869339999999283,46.486450000000445]]]},"properties":{}},{"type":"Feature","geometry":{"type":"MultiLineString","coordinates":[[[3.389049999999827,45.30775999999969],[3.306060000000741,45.37990999999977],[3.258949999999459,45.48128],[3.251809999999693,45.54480999999947],[3.074290000000531,45.7730800000009]]]},"properties":{}},{"type":"Feature","geometry":{"type":"MultiLineString","coordinates":[[[3.31320418330565,43.73723040300399],[3.330760000000725,43.78677000000072],[3.318199999999826,43.8760000000002],[3.089910000000594,44.06160000000093],[3.074919999999153,44.08657999999915],[3.079920000000264,44.13584000000098],[3.054220000000111,44.169389999999154],[2.935009999999345,44.22720999999917],[2.61685000000044,44.29074000000045],[2.575370651586508,44.350245483662114],[2.547567316039895,44.358618614692055],[2.429109999999194,44.36284],[2.327000528812111,44.392595904081986],[2.213890000000858,44.38354000000081]],[[1.442975,44.447304],[1.504559999999559,44.41251000000011],[1.815080000000406,44.40394],[1.95392,44.36611000000089],[2.213646033059868,44.38295850077267]]]},"properties":{}},{"type":"Feature","geometry":{"type":"MultiLineString","coordinates":[[[1.646459999999877,42.74171000000026],[1.603629999999615,42.8023900000008],[1.590780000000493,43.06579000000069],[1.610060000000854,43.14574],[1.57222,43.263530000000294],[1.44873,43.46412000000069],[1.44302000000066,43.591889999999694],[1.582220000000258,43.71110000000058],[1.769599999999738,43.814609999999625],[2.116519999999741,44.062309999999506],[2.574133,44.350785]]]},"properties":{}},{"type":"Feature","geometry":{"type":"MultiLineString","coordinates":[[[1.532600000000457,44.862520000000586],[1.665380000000368,44.772580000000744],[1.823140000000421,44.723330000000715],[2.02729,44.6262399999996],[2.216319999999541,44.38283000000047],[2.08926000000065,44.20436999999947],[1.900799999999435,44.05445999999938],[1.78802,43.88457000000017],[1.673800000000483,43.75964000000022]]]},"properties":{}},{"type":"Feature","geometry":{"type":"MultiLineString","coordinates":[[[0.66565000000088,44.17438000000044],[0.602329999999711,44.22221],[0.318939999999316,44.29573999999957],[0.22185,44.38068000000027],[0.001630000000716,44.5255899999994],[-0.155049999999335,44.5570000000007],[-0.270689999999377,44.54558],[-0.294959999999207,44.5570000000007],[-0.516970000000583,44.73188999999917],[-0.584779999999171,44.85467000000068],[-0.536239999999395,44.86680999999953],[-0.517680000000837,44.90179]]]},"properties":{}},{"type":"Feature","geometry":{"type":"MultiLineString","coordinates":[[[0.715120000000752,45.1894599999996],[0.670140000000174,45.104520000000775],[0.507390000000669,44.88465],[0.49026000000049,44.8382500000007],[0.61946,44.5348699999995],[0.732749999999214,44.38567999999941],[0.716329999999289,44.28146000000015],[0.665650000000824,44.17438000000038]]]},"properties":{}},{"type":"Feature","geometry":{"type":"MultiLineString","coordinates":[[[0.658593504040198,44.180720190582406],[0.470339999999851,44.18866],[0.29759,44.225780000000725]]]},"properties":{}},{"type":"Feature","geometry":{"type":"MultiLineString","coordinates":[[[1.4003100000009,44.49793999999929],[1.162599999999657,44.51864000000023],[0.974140000000261,44.50864999999976],[0.777480000000651,44.43727000000035],[0.514600000000428,44.37497000000076],[0.366830000000846,44.30859000000055],[0.13983,44.0594600000004]]]},"properties":{}},{"type":"Feature","geometry":{"type":"MultiLineString","coordinates":[[[-1.322109999999085,43.82959999999914],[-0.9659,43.890989999999874],[-0.774950000000764,43.95881000000015],[-0.639680000000194,44.03803999999946]]]},"properties":{}},{"type":"Feature","geometry":{"type":"MultiLineString","coordinates":[[[-3.323369999999865,42.550298],[-3.2691,42.59893999999989],[-3.170589999999621,42.64891],[-2.907900000000157,42.71173000000097],[-2.787639,42.842214],[-2.684110000000123,42.85735000000022],[-2.31256000000025,42.85664000000017],[-1.936719999999704,42.92016999999951],[-1.871049999999627,42.89876],[-1.804659999999639,42.838789999999854],[-1.685450000000809,42.80667],[-1.614026663884488,42.82518780212036],[-1.391709999999894,42.95300999999939],[-1.359940000000331,43.00726000000045]]]},"properties":{}},{"type":"Feature","geometry":{"type":"MultiLineString","coordinates":[[[5.317979214854915,47.8709743636349],[5.095789999999454,47.75596000000047],[4.835590000000593,47.66102],[4.437239944865269,47.562362077643854]]]},"properties":{}},{"type":"Feature","geometry":{"type":"MultiLineString","coordinates":[[[4.41907,46.98787000000084],[4.58325,47.193460000000414],[4.807039999999688,47.323379999999815],[4.88485000000037,47.43188],[4.903410000000804,47.51325999999972],[4.86486,47.67173]]]},"properties":{}},{"type":"Feature","geometry":{"type":"MultiLineString","coordinates":[[[6.799250515868493,47.446194422319024],[6.79544,47.40331999999955],[6.765460000000587,47.37691000000092],[6.651239999999348,47.37691000000092],[6.476350000000878,47.3340800000006],[6.069820000000618,47.16919000000047]]]},"properties":{}},{"type":"Feature","geometry":{"type":"MultiLineString","coordinates":[[[18.36492,40.00207000000046],[18.396810000000187,40.053939999999784],[18.458199999999124,40.08868000000075],[18.420130000000427,40.0015999999996]]]},"properties":{}},{"type":"Feature","geometry":{"type":"MultiLineString","coordinates":[[[18.458199999999124,40.08868000000075],[18.493220000000292,40.14200999999957],[18.412319999999454,40.138740000000325]]]},"properties":{}},{"type":"Feature","geometry":{"type":"MultiLineString","coordinates":[[[18.41172,40.138740000000325],[18.332609999999477,40.16313000000082],[18.283229999999094,40.23853000000054],[18.169910000000527,40.352890000000116]]]},"properties":{}},{"type":"Feature","geometry":{"type":"MultiLineString","coordinates":[[[18.073130000000674,40.0058599999993],[18.03922000000057,40.09211999999934],[18.030000000000655,40.18462],[17.98866000000089,40.22313000000031],[17.633819999999105,40.397580000000744],[17.51633000000038,40.41512999999941],[17.39825000000019,40.45915000000059]]]},"properties":{}},{"type":"Feature","geometry":{"type":"MultiLineString","coordinates":[[[17.667960000000676,40.30623999999989],[17.63227,40.364299999999275],[17.63275000000067,40.50931999999921],[17.55494,40.61127999999917],[17.414080000000467,40.7533399999993],[17.373859999999695,40.82877],[17.38076,40.88717999999972]]]},"properties":{}},{"type":"Feature","geometry":{"type":"MultiLineString","coordinates":[[[18.169910000000527,40.352890000000116],[18.04623999999967,40.48388999999952],[17.94844000000012,40.64005],[17.803180000000793,40.56151999999929],[17.628640000000814,40.500850000000355],[17.445190000000366,40.49300000000039],[17.387010000000373,40.46694000000025],[17.39825000000019,40.45915000000059]]]},"properties":{}},{"type":"Feature","geometry":{"type":"MultiLineString","coordinates":[[[17.387010000000373,40.46694000000025],[17.230680000000575,40.475689999999304],[17.06970999999976,40.5733],[16.91588000000047,40.612919999999576],[16.738129999999728,40.70144000000073],[16.444390000000567,40.81083000000035]]]},"properties":{}},{"type":"Feature","geometry":{"type":"MultiLineString","coordinates":[[[16.597649999999703,40.01555],[16.612639999999374,40.122629999999845],[16.668610000000626,40.179879999999685],[16.707249999999476,40.26678]]]},"properties":{}},{"type":"Feature","geometry":{"type":"MultiLineString","coordinates":[[[17.08223,40.5653999999995],[16.901089999999385,40.48790999999983],[16.843699999999444,40.44634000000042]]]},"properties":{}},{"type":"Feature","geometry":{"type":"MultiLineString","coordinates":[[[16.813599999999497,40.412099999999555],[16.75188999999955,40.468909999999596],[16.655950000000303,40.5046999999995],[16.583919999999125,40.58446],[16.385490000000573,40.68231000000014],[16.11823,40.77629999999954],[16.020479999999225,40.7851499999997]]]},"properties":{}},{"type":"Feature","geometry":{"type":"MultiLineString","coordinates":[[[15.620559999999386,41.31587000000036],[15.638409999999567,41.26590000000033],[15.605690000000322,41.153770000000804],[15.633050000000367,41.082829999999376],[15.673510000000533,41.04803],[15.790100000000166,40.99612999999954],[15.80229,40.974420000000464]]]},"properties":{}},{"type":"Feature","geometry":{"type":"MultiLineString","coordinates":[[[15.779389999999694,41.12670000000071],[15.8017,41.04997],[15.854639999999563,41.01159999999982],[16.043209999999817,40.95568],[16.15416,40.95032999999967],[16.215430000000197,40.96430999999939],[16.331430000000182,40.90511999999944],[16.426610000000437,40.81632999999965]]]},"properties":{}},{"type":"Feature","geometry":{"type":"MultiLineString","coordinates":[[[16.444390000000567,40.81083000000035],[16.332619999999224,40.8398300000008],[16.181220000000394,40.854699999999866],[15.921270000000732,40.95672000000013],[15.840659999999843,40.95166000000063]]]},"properties":{}},{"type":"Feature","geometry":{"type":"MultiLineString","coordinates":[[[8.214770000000499,47.504580000000715],[8.410369999999602,47.402500000000146],[8.5659799999994,47.370380000000296],[8.614519999999175,47.300429999999324],[8.671630000000732,47.26973],[8.76300000000083,47.242599999999584],[8.805120000000898,47.24903000000086],[8.84224,47.22761],[8.992860000000292,47.23190000000068],[9.0592400000005,47.15766000000076]]]},"properties":{}},{"type":"Feature","geometry":{"type":"MultiLineString","coordinates":[[[8.68348,47.45675999999912],[8.803400000000693,47.36609999999928],[8.814829999999347,47.30399000000034],[8.804829999999129,47.24903000000086]]]},"properties":{}},{"type":"Feature","geometry":{"type":"MultiLineString","coordinates":[[[8.416950000000668,45.331599999999526],[8.59541,45.20758000000029],[8.790530000000274,45.12727000000092],[8.981180000000677,45.17693999999943],[9.092660000000308,45.16979999999967],[9.143350000000225,45.19189]],[[7.123272744464316,45.71468512071044],[7.202170000000592,45.706466868112386],[7.329470000000697,45.74549],[7.649740000000804,45.752969999999664],[7.670270000000528,45.73423],[7.68395000000055,45.67415000000085],[7.803809999999487,45.59741000000042],[7.875790000000109,45.47933000000023],[8.03649000000047,45.405600000000106],[8.351300000000322,45.32957],[8.417219999999418,45.331039999999234]]]},"properties":{}},{"type":"Feature","geometry":{"type":"MultiLineString","coordinates":[[[5.848809999999617,45.94136000000083],[5.83252,45.93588000000091],[5.835370000000637,45.82702000000063],[5.791830000000232,45.8156],[5.785410000000525,45.74350000000055],[5.753395273020146,45.70345270342705]],[[6.152980000000753,46.207920000000854],[5.959530000000143,46.03017],[5.886720000000537,45.99733000000015],[5.848889999999301,45.941650000000664]]]},"properties":{}},{"type":"Feature","geometry":{"type":"MultiLineString","coordinates":[[[4.824749999999881,45.76804000000078],[4.846760000000359,45.79896999999988],[4.933020000000511,45.83585999999934],[5.03295000000071,45.859060000000795],[5.11564,45.85786999999982],[5.23937,45.90784],[5.359539999999527,45.89653],[5.429130000000441,45.859060000000795],[5.452330000000131,45.80492000000049],[5.59332,45.703799999999376],[5.623059999999896,45.663350000000776],[5.669459999999106,45.660970000000816],[5.70634000000075,45.722830000000556]]]},"properties":{}},{"type":"Feature","geometry":{"type":"MultiLineString","coordinates":[[[5.718000000000757,44.44563000000022],[5.628409999999349,44.539140000000884],[5.562739999999508,44.540209999999206],[5.563809999999762,44.55556000000075],[5.534540000000561,44.56483999999904],[5.482079999999826,44.55556000000075],[5.422469999999521,44.596600000000706],[5.37821000000082,44.671560000000795],[5.360730000000274,44.73936999999938],[5.31754,44.76363999999933],[5.247219999999345,44.756149999999366],[5.236520000000382,44.70189000000033],[5.205110000000843,44.68512],[5.008449999999357,44.72617],[4.998449999999195,44.79825999999957],[4.92707,44.85430000000093],[4.926709999999787,44.88891999999947],[4.885669999999607,44.929249999999286]]]},"properties":{}},{"type":"Feature","geometry":{"type":"MultiLineString","coordinates":[[[8.932230000000459,48.4677300000003],[8.969349999999395,48.49842],[8.97077,48.524840000000154],[8.870839999999589,48.58551000000091],[8.745919999999444,48.71186],[8.73734999999948,48.78609999999935],[8.708080000000393,48.85249],[8.721639999999695,48.88575999999921]]]},"properties":{}},{"type":"Feature","geometry":{"type":"MultiLineString","coordinates":[[[7.794369999999674,48.5876499999996],[7.869319999999789,48.5969299999997],[8.067769999999712,48.783960000000775],[8.144254416917988,48.82281478244488]]]},"properties":{}},{"type":"Feature","geometry":{"type":"MultiLineString","coordinates":[[[9.421920000000625,49.41428000000093],[9.40265,49.39643000000069],[9.28486,49.41498999999931],[9.18778000000026,49.35003],[9.14351999999974,49.339330000000814],[8.968629999999507,49.34575000000052],[8.91510000000028,49.33219],[8.74306000000081,49.39643000000069],[8.69024,49.399999999999636],[8.548179999999832,49.29292999999967],[8.519868919562498,49.237569702516566]]]},"properties":{}},{"type":"Feature","geometry":{"type":"MultiLineString","coordinates":[[[8.439539999999397,49.311719999999696],[8.580879999999524,49.31815],[8.939940000000206,49.234630000000834],[8.99633,49.24891000000025],[9.17922,49.22321000000011]]]},"properties":{}},{"type":"Feature","geometry":{"type":"MultiLineString","coordinates":[[[9.17993000000024,49.13612],[9.251309999999648,49.152539999999135],[9.338400000000547,49.13682999999946],[9.503300000000309,49.201789999999164]]]},"properties":{}},{"type":"Feature","geometry":{"type":"MultiLineString","coordinates":[[[9.88235,48.547920000000886],[9.872349999999642,48.5878900000007],[9.714589999999589,48.68853999999919],[9.639639999999417,48.7135300000009],[9.445480000000316,48.709240000000136],[9.34911,48.724239999999554],[9.291289999999208,48.74351000000024],[9.226329999999507,48.8099000000002],[9.166370000000825,48.83774000000085],[9.180640000000494,48.95481],[9.12925,49.030469999999696],[9.149230000000898,49.11685000000034],[9.18207000000075,49.13612],[9.192059999999401,49.19679999999971],[9.17993000000024,49.22392000000036],[9.257019999999102,49.26175999999941],[9.366949999999633,49.264610000000175],[9.472599999999147,49.30601000000024]]]},"properties":{}},{"type":"Feature","geometry":{"type":"MultiLineString","coordinates":[[[8.485360000000583,49.74717000000055],[8.63242,49.77428999999938],[8.82301,49.89636000000064],[9.026449999999386,49.91063000000031],[9.121390000000247,49.90063999999984]]]},"properties":{}},{"type":"Feature","geometry":{"type":"MultiLineString","coordinates":[[[8.846569999999701,49.900639999999896],[8.769469999999274,50.043410000000335],[8.628759348007065,50.16567119227841]]]},"properties":{}},{"type":"Feature","geometry":{"type":"MultiLineString","coordinates":[[[8.669529999999213,50.42674000000079],[8.721639999999752,50.40818000000036],[8.759480000000622,50.350360000000364],[8.78946,50.333230000000185],[8.892250000000786,50.39675999999963],[8.836569999999483,50.42603000000054]]]},"properties":{}},{"type":"Feature","geometry":{"type":"MultiLineString","coordinates":[[[8.98005000000012,50.218300000000454],[8.753049999999348,50.2546999999995],[8.792310000000725,50.24471000000085],[8.958640000000742,50.0969499999992],[8.96792,50.039129999999204]]]},"properties":{}},{"type":"Feature","geometry":{"type":"MultiLineString","coordinates":[[[8.864410000000134,50.06768000000011],[8.87226,50.09552000000076],[8.924370000000636,50.14477000000079],[8.98291000000063,50.17046999999911]]]},"properties":{}},{"type":"Feature","geometry":{"type":"MultiLineString","coordinates":[[[8.829550000000438,47.978],[8.754010000000505,48.088050000000294],[8.647520000000384,48.1570499999998],[8.647520000000384,48.198689999999374],[8.61540000000059,48.24331],[8.504880000000412,48.26115000000027],[8.575070000000892,48.321229999999616],[8.712480000000141,48.33015999999952],[8.762450000000229,48.31647999999956],[8.786840000000666,48.28554000000088],[8.829669999999169,48.26709999999906],[8.887969999999768,48.25461],[8.914740000000165,48.225459999999714],[8.969399991813816,48.218141378059784]]]},"properties":{}},{"type":"Feature","geometry":{"type":"MultiLineString","coordinates":[[[9.42834000000039,48.64602999999988],[9.439050000000861,48.556800000000294],[9.520549999999275,48.51277999999911],[9.532450000000608,48.48481999999967]]]},"properties":{}},{"type":"Feature","geometry":{"type":"MultiLineString","coordinates":[[[9.665100000000166,48.79951000000074],[9.669270000000324,48.72991],[9.641900000000533,48.71265999999923]]]},"properties":{}},{"type":"Feature","geometry":{"type":"MultiLineString","coordinates":[[[8.401009999999587,48.9345400000002],[8.603269999999611,48.887549999999464],[8.698449999999866,48.895870000000286],[8.79838000000018,48.830439999999726],[9.022049999999581,48.77988],[9.099379999999655,48.77274000000034],[9.203489999999874,48.80307999999968],[9.22371000000021,48.75905000000057],[9.347089999999298,48.67576999999983],[9.499970000000758,48.6287799999991],[9.548150000000533,48.58416000000034],[9.670690000000832,48.5342],[9.736720000000787,48.55621000000065],[9.85153,48.538360000000466],[9.906259999999747,48.55442000000039],[10.060919999999896,48.505049999999756],[10.279239999999845,48.54906999999912],[10.422010000000228,48.54371]]]},"properties":{}},{"type":"Feature","geometry":{"type":"MultiLineString","coordinates":[[[10.45354000000043,48.43484999999964],[10.427960000000894,48.48005999999987],[10.416649999999208,48.57286000000022],[10.364310000000842,48.578810000000885],[10.16741,48.68113000000085],[10.16443000000072,48.72693000000072],[10.116249999999127,48.74359],[10.134690000000774,48.81557000000066],[10.103160000000571,48.837579999999434]]]},"properties":{}},{"type":"Feature","geometry":{"type":"MultiLineString","coordinates":[[[9.200150000000576,48.80307999999968],[9.19778000000042,48.819729999999254],[9.326859999999215,48.82449000000088],[9.310199999999895,48.833409999999276]]]},"properties":{}},{"type":"Feature","geometry":{"type":"MultiLineString","coordinates":[[[9.327460000000428,48.82389999999941],[9.37029000000075,48.81319000000076],[9.543390000000727,48.82449000000088],[9.56243,48.84649999999965],[9.625480000000607,48.85959],[9.627270000000863,48.87743000000046]]]},"properties":{}},{"type":"Feature","geometry":{"type":"MultiLineString","coordinates":[[[9.543990000000122,48.82389999999941],[9.629049999999552,48.78939],[9.842609999999695,48.79414999999972],[10.102569999999105,48.83698],[10.112680000000182,48.88575999999921],[10.129329999999754,48.898849999999584]]]},"properties":{}},{"type":"Feature","geometry":{"type":"MultiLineString","coordinates":[[[11.095400000000154,48.741799999999785],[10.900869999999486,48.74239999999918],[10.732529999999315,48.70372999999927],[10.573700000000827,48.610930000000735],[10.416649999999208,48.57286000000022],[10.407139999999345,48.702540000000226],[10.350029999999606,48.80069999999978],[10.34824,48.85483000000022],[10.305410000000848,48.82746000000043],[10.24474,48.700160000000324],[10.12576000000081,48.66447],[9.99073,48.660900000000765],[9.872349999999642,48.5883300000005]]]},"properties":{}},{"type":"Feature","geometry":{"type":"MultiLineString","coordinates":[[[10.16741,48.680529999999635],[10.169190000000526,48.62580999999955],[10.223319999999148,48.56572000000051],[10.272100000000137,48.45032]]]},"properties":{}},{"type":"Feature","geometry":{"type":"MultiLineString","coordinates":[[[8.651690000000599,49.17664999999943],[8.737349999999424,49.12073000000055],[8.744489999999132,49.09813000000031],[8.839669999999387,49.047560000000885],[8.909859999999753,48.94702999999936],[8.959230000000389,48.93989],[9.138880000000427,48.813780000000406],[9.19123000000036,48.80069999999978]]]},"properties":{}},{"type":"Feature","geometry":{"type":"MultiLineString","coordinates":[[[10.34110999999939,47.75611000000026],[10.295899999999165,47.837610000000495],[10.207860000000437,47.92862000000059],[10.173349999999118,48.089239999999336],[10.131709999999657,48.12374000000091],[10.079959999999119,48.28316000000086],[10.016900000000533,48.36823]]]},"properties":{}},{"type":"Feature","geometry":{"type":"MultiLineString","coordinates":[[[11.36737,48.94287000000077],[11.379259999999704,48.91907],[11.323350000000573,48.92026000000078],[11.255530000000363,48.87743000000046],[11.213890000000902,48.80069999999978],[11.151429999999891,48.798319999999876],[11.063990000000558,48.83163000000059],[11.083619999999428,48.89705999999933],[11.053869999999733,48.930379999999786],[11.00569,48.94822000000022],[10.505409999999756,48.91610000000037],[10.441160000000309,48.90598999999929],[10.349550000000818,48.85601999999926],[10.130049999999756,48.89943999999923],[10.320400000000518,48.98272],[10.472100000000864,49.02496000000065],[10.489349999999831,48.99581000000035],[10.57798,48.94525000000067],[10.59523000000081,48.915499999999156]]]},"properties":{}},{"type":"Feature","geometry":{"type":"MultiLineString","coordinates":[[[10.472690000000512,49.02614999999969],[10.571439999999711,49.04637],[10.570840000000317,49.09158000000025]]]},"properties":{}},{"type":"Feature","geometry":{"type":"MultiLineString","coordinates":[[[10.793320000000676,48.64186999999947],[10.77606999999989,48.71502999999939],[10.78737,48.75192000000061],[10.955130000000281,48.94822000000022],[10.958699999999226,48.99223999999958],[10.977140000000873,49.00770999999986],[11.046739999999772,49.01366000000053],[10.977140000000873,49.00770999999986],[10.931930000000648,49.025550000000294],[10.826639999999315,49.01604000000043],[10.683269999999538,49.044589999999516],[10.612479999999778,48.986290000000736],[10.601179999999658,48.911340000000564],[10.653529999999591,48.78105999999934],[10.69694999999956,48.75072999999975],[10.777260000000751,48.730499999999665]]]},"properties":{}},{"type":"Feature","geometry":{"type":"MultiLineString","coordinates":[[[10.571439999999711,49.04637],[10.67792,49.08741999999984],[10.783799999999246,49.09693999999945],[10.857570000000123,49.06482],[11.008069999999861,49.04934999999932],[11.24066,48.88516999999956],[11.48337,48.816759999999704]]]},"properties":{}},{"type":"Feature","geometry":{"type":"MultiLineString","coordinates":[[[11.386640000000625,47.2570199999991],[11.43066,47.28557],[11.661469999999099,47.32365000000027],[11.751290000000154,47.38730000000032],[12.06538,47.492589999999836],[12.214099999999235,47.60917999999947],[12.211719999999332,47.626430000000255],[12.173650000000634,47.64070999999967],[12.124270000000251,47.736479999999574],[12.11773,47.875089999999545],[12.187920000000304,48.13741999999911],[12.164129999999204,48.250449999999546],[12.189109999999346,48.34621999999945],[12.177809999999226,48.459240000000136],[12.23968000000059,48.569289999999455],[12.190300000000207,48.71502999999939],[12.237890000000334,48.83281999999963],[12.240270000000237,48.95298]]]},"properties":{}},{"type":"Feature","geometry":{"type":"MultiLineString","coordinates":[[[10.886360000000423,48.372989999999845],[11.122520000000804,48.36881999999969],[11.310499999999593,48.34145999999964],[11.514540000000125,48.19988000000012],[11.688829999999143,48.14277000000038],[12.038609999999608,48.13147000000026],[12.087390000000596,48.1570499999998],[12.249789999999848,48.18144000000029],[12.410400000000664,48.24806999999964],[12.579939999999624,48.25163000000066],[12.58885999999984,48.2909],[12.62336999999934,48.31588000000011],[12.962439999999333,48.42653000000064]]]},"properties":{}},{"type":"Feature","geometry":{"type":"MultiLineString","coordinates":[[[13.090930000000299,48.67160999999942],[13.036200000000463,48.54788],[12.964219999999841,48.44318000000021],[12.99813,48.381320000000414],[12.998729999999341,48.32360999999946],[13.042750000000524,48.282569999999396],[13.173020000000179,48.3111200000003],[13.324119999999311,48.40034999999989],[13.349700000000666,48.44913000000088],[13.419889999999214,48.48005999999987],[13.431790000000547,48.51693999999952],[13.419889999999214,48.54788],[13.445470000000569,48.56989000000067]]]},"properties":{}},{"type":"Feature","geometry":{"type":"MultiLineString","coordinates":[[[14.797599999999875,48.09994],[14.716099999999642,48.16538000000037],[14.63162999999986,48.16776000000027],[14.547759999999471,48.231410000000324],[14.495409999999538,48.21118000000024]]]},"properties":{}},{"type":"Feature","geometry":{"type":"MultiLineString","coordinates":[[[15.200919999999314,48.20760999999948],[15.18188,48.14694000000054],[15.148569999999381,48.11600999999973],[15.1569,48.08506999999918],[15.121209999999337,48.04700000000048]]]},"properties":{}},{"type":"Feature","geometry":{"type":"MultiLineString","coordinates":[[[0.701189999999826,47.38168000000053],[0.65337,47.46163],[0.535579999999811,47.564420000000666],[0.437930000000165,47.69076999999925],[0.262329999999622,47.83138999999943],[0.20615,48.006820000000516],[-0.501619999999036,48.27664999999985]]]},"properties":{}},{"type":"Feature","geometry":{"type":"MultiLineString","coordinates":[[[-1.686240000000907,48.12889],[-1.727639999999155,48.17671],[-1.725500000000466,48.22739999999976],[-1.631269999999859,48.39300999999978]]]},"properties":{}},{"type":"Feature","geometry":{"type":"MultiLineString","coordinates":[[[-1.729779999999664,48.19098999999915],[-1.857560000000376,48.347320000000764],[-1.94643,48.61787],[-2.02995,48.65356000000065]]]},"properties":{}},{"type":"Feature","geometry":{"type":"MultiLineString","coordinates":[[[-2.008540000000721,48.16458000000057],[-2.092769999999291,48.141019999999116],[-2.305490000000646,48.12817],[-2.515719999999419,48.073920000000726],[-2.855149999999412,48.051079999999274],[-3.105439999999362,47.985280000000785]]]},"properties":{}},{"type":"Feature","geometry":{"type":"MultiLineString","coordinates":[[[-3.460479999999734,48.82201999999961],[-3.539010000000417,48.51079000000027],[-3.580050000000483,48.273080000000846],[-3.597900000000664,48.24381],[-3.672140000000581,48.13888000000043],[-3.816689999999653,48.088910000000396],[-4.021559999999226,47.97327000000041]]]},"properties":{}},{"type":"Feature","geometry":{"type":"MultiLineString","coordinates":[[[-4.252839999999196,48.45528999999988],[-4.085090000000491,48.243280000000595],[-4.074389999999767,48.15332999999919],[-4.087229999999181,47.9948600000007]]]},"properties":{}},{"type":"Feature","geometry":{"type":"MultiLineString","coordinates":[[[1.245080000000712,45.83518999999984],[0.882799999999406,45.86945000000014],[0.775369999999498,45.8494699999992],[0.491980000000694,45.83590000000015],[0.126140000000419,45.76665999999943],[-0.097159999999349,45.779819999999745],[-0.630066480151754,45.75108280009965],[-0.611129999999264,45.79694999999987],[-0.616840000000536,45.86334],[-0.723910000000615,46.051789999999585],[-0.799220000000673,46.16744],[-0.924859999999171,46.29664000000059],[-0.92771,46.3401900000008],[-0.999100000000908,46.40229],[-0.98625,46.45226],[-1.150429999999687,46.610020000000134],[-1.246800000000803,46.75064000000032],[-1.35066,46.95408999999927],[-1.515559999999823,47.15395999999964],[-1.546259999999165,47.217490000000964]],[[0.17567000000065,45.77197],[0.157110000000102,45.70416],[0.166013595671188,45.65302239594632]]]},"properties":{}},{"type":"Feature","geometry":{"type":"MultiLineString","coordinates":[[[-0.545449999999619,47.45948],[-0.751749999999447,47.64365],[-1.033359999999448,47.70861],[-1.097250000000713,47.75287000000026],[-1.268570000000182,47.94060999999965],[-1.523409999999785,48.0384099999992],[-1.684380000000601,48.128350000000864]]]},"properties":{}},{"type":"Feature","geometry":{"type":"MultiLineString","coordinates":[[[-1.685810000000856,48.1290599999993],[-1.757550000000265,48.051260000000184],[-1.858200000000579,47.882079999999405],[-1.948860000000423,47.777140000000145],[-2.201559999999517,47.53443999999945],[-2.448479999999108,47.33669999999984],[-2.400649999999587,47.30030000000079],[-2.335689999999886,47.29245000000083],[-2.174360000000888,47.32813999999962],[-2.04302,47.328849999999875],[-1.866700000000492,47.298870000000534],[-1.729999999999563,47.22748999999931],[-1.547249999999622,47.2160700000004]]]},"properties":{}},{"type":"Feature","geometry":{"type":"MultiLineString","coordinates":[[[-1.546899999999312,47.216070000000514],[-1.646839999999372,47.321],[-1.830649999999878,47.47305000000051],[-1.91345,47.52515999999929],[-2.17151,47.63508999999982],[-2.474529999999504,47.663640000000726],[-2.761140000000523,47.65864]]]},"properties":{}},{"type":"Feature","geometry":{"type":"MultiLineString","coordinates":[[[-4.133490000000165,48.016279999999824],[-3.849379999999655,47.90777],[-3.477829999999813,47.85495000000083],[-3.35255,47.807119999999486],[-3.151959999999235,47.77072000000044],[-2.93246,47.67149000000063],[-2.761140000000523,47.65864]]]},"properties":{}},{"type":"Feature","geometry":{"type":"MultiLineString","coordinates":[[[-1.269570000000385,47.9398999999994],[-1.0889700000007,47.88278999999966],[-0.959049999999479,47.78642000000036],[-0.832700000000841,47.72359999999935],[-0.741330000000744,47.63365999999951]]]},"properties":{}},{"type":"Feature","geometry":{"type":"MultiLineString","coordinates":[[[0.20629,48.00770999999986],[0.16132,47.94561000000067],[-0.113149999999223,47.682199999999284],[-0.546099999999569,47.46019999999953],[-0.525400000000445,47.4973200000004],[-0.54396000000088,47.52873],[-0.541810000000623,47.57084000000032],[-0.500410000000556,47.635089999999764]]]},"properties":{}},{"type":"Feature","geometry":{"type":"MultiLineString","coordinates":[[[1.862750000000233,47.7136100000007],[1.95912,47.60867999999937],[2.023359999999229,47.41664999999921],[2.144720000000234,46.90697],[2.149709999999686,46.7506400000002],[2.18541,46.55575999999928],[2.17113000000063,46.4087099999997],[2.092609999999695,46.30307],[2.034069999999701,46.15530000000035],[2.02408,46.08035000000018]]]},"properties":{}},{"type":"Feature","geometry":{"type":"MultiLineString","coordinates":[[[1.666590000000724,47.24105000000054],[2.177700000000186,47.09828000000016],[2.302260000000388,47.07900999999947],[2.405049999999392,47.082580000000235],[2.533190000000104,47.037609999999404],[2.78874,46.99192000000039],[2.923660000000382,46.98407000000043],[3.146020000000135,47.00691],[3.090340000000651,46.95123000000058],[2.91331,46.83702000000085],[2.893679999999222,46.569330000000264],[2.869409999999334,46.487240000000384],[2.649540000000343,46.285219999999754],[2.468590000000404,46.17101],[2.469300000000658,46.06963999999971],[2.5157,45.879759999999806],[2.523549999999886,45.60349999999926],[2.480719999999565,45.438609999999244],[2.384350000000268,45.269430000000284],[2.371499999999287,45.20946999999978],[2.420040000000881,44.89394999999968],[2.529049999999188,44.63340000000062]]]},"properties":{}},{"type":"Feature","geometry":{"type":"MultiLineString","coordinates":[[[2.910949999999502,44.4478],[2.691800000000512,44.50919000000067],[2.613279999999577,44.54774],[2.530469999999696,44.63340000000062],[2.375219999999899,44.70977999999923],[2.02686,44.94749000000047],[1.764530000000377,45.29869999999937],[1.688860000000204,45.22874000000047],[1.422239999999874,45.10952999999972],[1.267340000000331,45.135229999999865],[0.76087,45.15236]]]},"properties":{}},{"type":"Feature","geometry":{"type":"MultiLineString","coordinates":[[[0.56992,44.6505300000008],[0.696270000000368,44.78973000000042],[0.79335,44.963190000000395],[0.795490000000427,45.02529999999933],[0.714110000000801,45.189479999999094],[0.812620000000607,45.10809999999947],[0.912560000000667,45.06456000000071],[1.57215,44.913220000000365],[1.674230000000534,44.84326999999939],[1.741330000000744,44.75546000000031],[1.72991,44.73761999999988],[1.647810000000391,44.711919999999736],[1.56572000000051,44.65910000000076],[1.328009999999267,44.621979999999894],[1.161690000000817,44.517760000000635]]]},"properties":{}},{"type":"Feature","geometry":{"type":"MultiLineString","coordinates":[[[-0.517680000000837,44.90179],[-0.441950000000361,44.92179000000044],[-0.322019999999611,44.91608000000082],[-0.122509999999238,45.048849999999334],[0.328279999999722,45.08669],[0.715539999999294,45.189479999999094]]]},"properties":{}},{"type":"Feature","geometry":{"type":"MultiLineString","coordinates":[[[-0.54617,47.45948],[-0.331299999999828,47.22535000000062],[0.035250000000815,46.9990600000001],[0.250480000000607,46.80560999999943],[0.325430000000779,46.7128100000009],[0.353979999999865,46.577180000000226],[0.34613,46.50294000000031],[0.36398,46.39229999999952],[0.336849999999686,46.16530000000057],[0.304009999999835,46.101049999999304],[0.281170000000202,46.086059999999634]]]},"properties":{}},{"type":"Feature","geometry":{"type":"MultiLineString","coordinates":[[[0.241910000000644,46.19384999999966],[0.36041,46.17957000000024],[0.42965,46.141019999999116],[0.535299999999552,46.043939999999566],[0.616319999999178,45.934730000000854],[0.788350000000719,45.83050999999978],[0.969310000000405,45.64277000000038],[1.032839999999851,45.59707999999955],[1.353359999999157,45.436470000000554],[1.457930000000488,45.414339999999356],[1.55501,45.42076000000088],[1.649960000000647,45.37722000000031],[1.697780000000421,45.32654],[1.757030000000668,45.299409999999625],[1.83448,45.312260000000606],[1.979390000000421,45.37292999999954],[2.4002,45.59494000000086],[2.716790000000401,45.6963],[3.373120000000199,45.83758999999918],[3.531349999999293,45.842350000000806],[3.692559999999503,45.81558000000041]]]},"properties":{}},{"type":"Feature","geometry":{"type":"MultiLineString","coordinates":[[[3.075489999999263,45.7734],[2.961279999999533,45.966850000000704],[2.79781,46.15744000000086],[2.650700000000143,46.28562000000056],[2.585740000000442,46.308460000000196],[2.596449999999095,46.35414999999921],[2.573599999999715,46.43980999999985],[2.58288,46.51690000000053],[2.547899999999572,46.642540000000736],[2.489369999999326,46.69607999999971],[2.482939999999871,46.73891],[2.442259999999806,46.76603000000068]]]},"properties":{}},{"type":"Feature","geometry":{"type":"MultiLineString","coordinates":[[[3.417059999999765,46.820599999999104],[3.366379999999481,46.74921],[3.284289999999601,46.68354],[3.035519999999451,46.57004000000052],[3.02124,46.51936000000023],[3.061209999999846,46.405140000000756],[3.004109999999855,46.34375],[2.86384,46.24025000000074],[2.641830000000482,46.185999999999694],[2.29063,46.15602000000035],[2.02401,46.081060000000434]]]},"properties":{}},{"type":"Feature","geometry":{"type":"MultiLineString","coordinates":[[[2.393770000000586,45.28727000000072],[2.39235,45.35009],[2.3588,45.46502],[2.310970000000452,45.520699999999124],[2.288839999999254,45.59494000000086],[2.277420000000347,45.71843000000081],[2.203890000000683,45.82337],[2.14108,45.99968000000081]]]},"properties":{}},{"type":"Feature","geometry":{"type":"MultiLineString","coordinates":[[[1.39391000000084,45.88587],[1.349430000000396,45.78625],[1.695639999999885,45.779819999999745],[2.520839999999229,45.81122999999933]]]},"properties":{}},{"type":"Feature","geometry":{"type":"MultiLineString","coordinates":[[[-1.395850000000792,47.01619000000028],[-1.070340000000215,46.88556000000062],[-0.806930000000648,46.751360000000204],[-0.480349999999817,46.66284000000087],[-0.360780000000887,46.5836],[-0.213729999999487,46.51936000000023],[0.193509999999151,46.29877999999917],[0.27275,46.12960000000021],[0.27774,45.976839999999356],[0.250620000000708,45.89118000000053],[0.17852,45.779819999999745],[0.157110000000102,45.70416],[0.183520000000499,45.58850999999959],[0.157110000000102,45.41005000000041],[0.058600000000297,45.249439999999595],[0.017190000000483,45.12880000000041],[-0.014929999999367,44.89394999999968],[-0.037770000000819,44.53989]]]},"properties":{}},{"type":"Feature","geometry":{"type":"MultiLineString","coordinates":[[[-0.630066480151754,45.75108280009965],[-0.540310000000318,45.606359999999825],[-0.53175,45.55282000000085],[-0.64739,45.13808000000063]]]},"properties":{}},{"type":"Feature","geometry":{"type":"MultiLineString","coordinates":[[[-0.280909999999494,45.37793000000056],[-0.419389999999112,45.533550000000105],[-0.485060000000885,45.581379999999626],[-0.532890000000407,45.583520000000135],[-0.199529999999868,45.56209999999919],[0.170949999999721,45.50928000000022]]]},"properties":{}},{"type":"Feature","geometry":{"type":"MultiLineString","coordinates":[[[-0.283760000000264,45.711289999999245],[-0.312309999999298,45.65133000000058],[-0.280909999999475,45.37865000000062],[-0.201670000000349,45.28942],[-0.16669,45.220890000000544],[-0.123149999999402,45.099529999999504],[-0.121010000000765,45.04956999999921],[0.436139999999821,45.335100000000224],[0.822330000000859,45.560670000000755],[1.087170000000722,45.6620399999993],[1.347359999999795,45.79552999999946],[1.508690000000577,45.53712000000086],[1.5558,45.410770000000475],[1.507260000000312,45.23373999999966],[1.56365,45.008879999999415],[1.56222,44.941779999999255],[1.557230000000385,44.91750999999931],[1.528319999999484,44.92536],[1.514750000000274,44.668379999999146],[1.465140000000295,44.56701000000066],[1.465140000000295,44.47849999999924],[1.436599979622046,44.463500673922184],[1.442975,44.447304],[1.263839999999648,44.35499999999959],[0.675989999999776,44.189389999999605]]]},"properties":{}},{"type":"Feature","geometry":{"type":"MultiLineString","coordinates":[[[-0.085030000000188,46.44154999999955],[-0.04291000000012,46.65569999999934],[0.059170000000449,46.66855000000032],[0.204789999999775,46.64785],[0.289740000000165,46.61858000000029],[0.524230000000898,46.44369],[0.705550000000585,46.370170000000144],[0.830110000000786,46.198130000000674],[0.957889999999679,46.06820999999945],[1.148839999999836,45.929729999999836],[1.27448,45.810520000000906],[1.280189999999493,45.762689999999566]]]},"properties":{}},{"type":"Feature","geometry":{"type":"MultiLineString","coordinates":[[[0.27303000000029,47.81783],[0.283740000000762,47.73859000000084],[0.32157,47.66863999999987],[0.387249999999767,47.62938000000031],[0.509309999999459,47.597970000000714]]]},"properties":{}},{"type":"Feature","geometry":{"type":"MultiLineString","coordinates":[[[1.335220000000845,47.60153999999966],[1.32452000000012,47.65436000000045],[1.363779999999679,48.06982000000062]]]},"properties":{}},{"type":"Feature","geometry":{"type":"MultiLineString","coordinates":[[[2.405479999999443,47.08115],[2.170270000000585,47.19679],[1.84333,47.27603000000096],[1.628829999999766,47.28959000000043],[1.422169999999824,47.27246],[1.26584,47.341700000000856],[1.047759999999414,47.32957],[0.701189999999826,47.38168000000053]]]},"properties":{}},{"type":"Feature","geometry":{"type":"MultiLineString","coordinates":[[[3.075489999999263,45.7734],[3.064290000000369,45.84732000000071],[3.117120000000796,45.95939999999973],[3.110689999999579,46.00294000000031],[3.077139999999531,46.05718999999959],[3.099270000000558,46.11216000000053],[3.094279999999458,46.16784000000018],[3.117899999999281,46.254929999999206],[3.027529999999388,46.277050000000656],[2.952579999999273,46.26777000000038],[2.622139999999547,46.29419000000058],[2.468240000000151,46.36557],[2.328330000000278,46.505479999999864],[2.18627000000015,46.55545]],[[2.18455,46.55575999999934],[1.889020000000642,46.563620000000924],[1.650949999999227,46.611440000000584],[1.509609999999213,46.60002],[1.4660700000004,46.62858000000051],[1.397189999999796,46.639999999999475],[1.056329999999377,46.63429],[0.89500000000038,46.572899999999265],[0.820050000000265,46.562190000000555],[0.35434,46.57147000000083]]]},"properties":{}},{"type":"Feature","geometry":{"type":"MultiLineString","coordinates":[[[-0.043700000000172,46.65641999999934],[-0.331019999999626,46.83630000000085],[-0.492340000000695,46.99691999999959]]]},"properties":{}},{"type":"Feature","geometry":{"type":"MultiLineString","coordinates":[[[2.404990000000907,47.08225999999922],[2.357879999999568,47.17792],[2.1865600000001,47.41848000000027],[2.068059999999605,47.67117999999937],[1.92101,47.81395],[1.910299999999552,47.83465000000069],[1.92173,47.862489999999525],[1.726559999999154,47.32568],[1.667310000000725,47.27072000000044],[1.612349999999424,46.96019999999953],[1.54168000000027,46.84955000000082],[1.517410000000382,46.774600000000646],[1.511699999999109,46.599710000000414]]]},"properties":{}},{"type":"Feature","geometry":{"type":"MultiLineString","coordinates":[[[1.83792,46.740340000000344],[1.743689999999447,46.831710000000385],[1.620199999999443,46.98804000000024],[1.38285,46.98732000000018],[1.279339999999252,47.00446000000011],[0.934919999999693,47.10368000000017],[0.804280000000347,47.19219999999956],[0.74503,47.27143000000069],[0.701189999999826,47.38168000000053]]]},"properties":{}},{"type":"Feature","geometry":{"type":"MultiLineString","coordinates":[[[3.642690000000584,45.78969999999936],[3.700510000000691,45.81897000000038],[3.857550000000742,45.84324],[3.956060000000491,45.803270000000396],[4.078840000000184,45.79541000000074],[4.223638415225366,45.749270405110906],[4.162599999999713,45.76174],[4.006170000000623,45.751550000000805],[3.92908,45.77082],[3.764180000000124,45.762259999999515],[3.642470000000628,45.78938000000022],[3.339840000000663,45.73168000000078],[3.184219999999243,45.76665999999943],[3.074290000000531,45.7730800000009]]]},"properties":{}},{"type":"Feature","geometry":{"type":"MultiLineString","coordinates":[[[0.166013595671188,45.65302239594632],[0.157110000000102,45.70416],[0.17567000000065,45.77197],[0.443439999999214,45.82805],[0.882799999999406,45.86945000000014],[1.245080000000712,45.83518999999984]]]},"properties":{}},{"type":"Feature","geometry":{"type":"MultiLineString","coordinates":[[[1.245080000000712,45.83518999999984],[1.118730000000141,45.785219999999754],[1.042349999999828,45.71526000000091],[0.97346,45.60034000000087],[0.89565000000033,45.410459999999205],[0.847830000000727,45.3412100000005],[0.817129999999509,45.23913],[0.775019999999131,45.204159999999376],[0.715770000000759,45.18844999999965],[0.371339999999691,45.415450000000476],[0.170040000000938,45.508959999999206],[-0.03305,45.65387],[-0.283250000000407,45.71169],[-0.510959999999557,45.72453999999925],[-0.630066480151754,45.75108280009965]]]},"properties":{}},{"type":"Feature","geometry":{"type":"MultiLineString","coordinates":[[[2.213646033059732,44.38295850077257],[1.954630000000222,44.31257],[1.726559999999252,44.20478000000013],[1.54882,44.167659999999216]]]},"properties":{}},{"type":"Feature","geometry":{"type":"MultiLineString","coordinates":[[[1.927509999999529,45.07424],[2.080270000000382,44.99714],[2.297989999999118,44.938609999999244],[2.414699999999357,44.92432999999983],[2.503930000000764,44.951460000000225],[2.683460000000196,45.070669999999154],[2.748419999999896,45.08922999999959],[2.980419999999867,45.06209999999919],[3.18279000000075,44.993570000000545],[3.26488000000063,44.95003],[3.323420000000624,44.81083000000035],[3.340739999999641,44.70426000000043]]]},"properties":{}},{"type":"Feature","geometry":{"type":"MultiLineString","coordinates":[[[5.194569999999658,34.630880000000616],[5.11319,34.49097000000074],[5.046089999999822,34.426729999999225]]]},"properties":{}},{"type":"Feature","geometry":{"type":"MultiLineString","coordinates":[[[4.929889999999489,34.836129999999685],[5.119246233953561,34.682701071920235],[5.266519999999275,34.58805000000035],[5.539230000000259,34.63394999999957]]]},"properties":{}},{"type":"Feature","geometry":{"type":"MultiLineString","coordinates":[[[6.46666,35.5049],[6.473669999999402,35.456949999999836],[6.356780000000128,35.38422999999966],[6.357980000000623,35.27448000000015],[6.309440000000961,35.19881],[6.258760000000564,35.1774000000006],[6.23449000000079,35.09495000000055],[6.061739999999247,35.005719999999314],[5.921829999999431,34.87223000000091],[5.872160000000918,34.6498200000006],[5.539510000000519,34.63340000000056]]]},"properties":{}},{"type":"Feature","geometry":{"type":"MultiLineString","coordinates":[[[6.67778,34.75731000000087],[6.704190000000494,34.80299000000019],[6.689920000000711,34.82726000000014],[6.705620000000692,34.85652999999917],[6.670640000000276,34.912210000000414],[6.6785,34.941479999999615],[6.747030000000507,34.98287999999957],[6.752019999999845,35.01928000000055],[6.82769,35.055689999999345],[6.879090000000303,35.06069000000025],[7.032559999999648,35.18525000000051],[7.041129999999612,35.21595],[7.02614,35.24878],[7.053495213961696,35.315712057627536],[7.152490000000512,35.430099999999584],[7.12821000000082,35.51540000000023],[7.03113,35.57322000000022],[7.007579999999621,35.62033999999949],[7.011150000000271,35.70029000000062],[7.037560000000724,35.77952000000016],[7.089669999999501,35.81843],[7.119650000000604,35.879100000000165]]]},"properties":{}},{"type":"Feature","geometry":{"type":"MultiLineString","coordinates":[[[7.26317000000023,36.09435999999914],[7.470320000000356,35.99573000000066],[7.663769999999204,35.962890000000755],[7.777990000000443,35.86081000000013],[7.886490000000776,35.817979999999864],[7.908620000000269,35.77087000000034],[8.025690000000338,35.66043999999965],[8.140480000000139,35.40452000000016]]]},"properties":{}},{"type":"Feature","geometry":{"type":"MultiLineString","coordinates":[[[8.793228083897532,34.40795808389703],[8.818760000000111,34.45205],[8.818760000000111,34.53485999999975],[8.792349999999658,34.70602999999937],[8.745240000000194,34.8024000000006],[8.591759999999283,34.985500000000684],[8.48611,35.02011999999934],[8.24341,35.165030000000115],[8.2141400000001,35.216430000000514],[8.211999999999591,35.299230000000534],[8.140480000000139,35.40452000000016]]]},"properties":{}},{"type":"Feature","geometry":{"type":"MultiLineString","coordinates":[[[8.79306,34.407789999999295],[8.800919999999621,34.35995999999972],[8.850169999999821,34.31357000000031],[8.865879999999379,34.2407500000009],[8.856599999999105,33.92631000000074],[8.88158,33.845999999999606],[8.879440000000614,33.75891000000058],[8.90228000000019,33.70252000000079]]]},"properties":{}},{"type":"Feature","geometry":{"type":"MultiLineString","coordinates":[[[8.902280000000246,33.70252000000073],[8.253759999999602,34.03296000000046],[8.335139999999228,34.17019000000073],[8.494319999999789,34.308499999999185],[8.643159999999625,34.383089999999356],[8.79306,34.407789999999295]]]},"properties":{}},{"type":"Feature","geometry":{"type":"MultiLineString","coordinates":[[[8.253759999999602,34.03296000000046],[8.097309999999197,33.91553000000022],[7.87673,33.8684200000007]]]},"properties":{}},{"type":"Feature","geometry":{"type":"MultiLineString","coordinates":[[[8.79306,34.407789999999295],[8.672819999999774,34.44578999999982],[8.548609999999883,34.410579999999754],[8.31543000000056,34.38678000000067],[8.215969999999288,34.38725999999957],[8.128880000000265,34.41009999999915],[7.951370000000679,34.38725999999957],[7.821449999999402,34.4610200000007],[7.589219999999841,34.48910000000075],[7.4869,34.45292999999958]]]},"properties":{}},{"type":"Feature","geometry":{"type":"MultiLineString","coordinates":[[[7.072260000000881,34.56209999999925],[7.196060000000216,34.66029999999961],[7.258519999999521,34.75770999999986],[7.27369,34.82552000000038],[7.249299999999607,34.92055000000073],[7.314440000000218,34.99417],[7.313840000000823,35.0619800000004],[7.373330000000408,35.138269999999466],[7.375710000000311,35.234640000000695],[7.43995,35.31272]]]},"properties":{}},{"type":"Feature","geometry":{"type":"MultiLineString","coordinates":[[[8.140480000000139,35.40452000000016],[8.24064,35.49756999999954],[8.461339999999836,35.57443000000063],[8.555210000000443,35.63939000000039],[8.621409999999742,35.73290000000088],[8.632120000000214,35.79357999999962],[8.708500000000697,35.874599999999305]]]},"properties":{}},{"type":"Feature","geometry":{"type":"MultiLineString","coordinates":[[[9.08691,35.5566199999995],[9.419470000000786,35.59231],[9.727370000000576,35.5985]]]},"properties":{}},{"type":"Feature","geometry":{"type":"MultiLineString","coordinates":[[[9.020769999999175,36.00933000000077],[8.995300000000498,36.14600000000064],[9.05812,36.25592999999935],[9.13141,36.339690000000644]]]},"properties":{}},{"type":"Feature","geometry":{"type":"MultiLineString","coordinates":[[[8.461339999999836,35.574430000000575],[8.50934000000052,35.77288000000044],[8.566450000000259,35.90351],[8.671379999999772,36.04663000000073],[8.705289999999877,36.177410000000236]]]},"properties":{}},{"type":"Feature","geometry":{"type":"MultiLineString","coordinates":[[[8.59176,34.985500000000684],[8.390269999999873,35.16611000000012],[8.296050000000832,35.28318000000036],[8.177019999999175,35.362049999999726]]]},"properties":{}},{"type":"Feature","geometry":{"type":"MultiLineString","coordinates":[[[8.591759999999283,34.985500000000684],[8.76818,35.09757999999971],[8.8000200000007,35.166830000000175]]]},"properties":{}},{"type":"Feature","geometry":{"type":"MultiLineString","coordinates":[[[9.128640000000814,35.25751],[9.329569999999876,35.09866999999946],[9.36147,35.03197],[9.561519999999405,34.96418000000091],[9.643850000000498,34.91943999999961],[9.664310000000114,34.88517999999931],[9.828020000000834,34.82901999999922],[9.958889999999883,34.72766000000058],[10.109749999999622,34.644850000000645],[10.429550000000802,34.499229999999386],[10.533009999999251,34.544920000000275],[10.650079999999548,34.644850000000645],[10.693162691808482,34.66051193428274]],[[9.020769999999175,36.00933000000077],[9.012559999999326,35.823739999999816],[9.08691,35.5566199999995]]]},"properties":{}},{"type":"Feature","geometry":{"type":"MultiLineString","coordinates":[[[7.69327,34.94456999999966],[8.024489999999844,35.02237000000059],[8.32359,35.00239]]]},"properties":{}},{"type":"Feature","geometry":{"type":"MultiLineString","coordinates":[[[8.2448100000002,35.163210000000674],[8.276240738332774,35.0762589650742],[8.333409271881976,34.98399933034136],[8.25717000000077,34.89469],[8.272170000000187,34.80741999999918],[8.05516,34.748530000000756],[7.97342000000026,34.62771000000072],[7.589219999999841,34.48910000000075]]]},"properties":{}},{"type":"Feature","geometry":{"type":"MultiLineString","coordinates":[[[7.752309999999852,35.25745],[7.606900000000735,35.089480000000606],[7.5348,34.97739999999982],[7.54099,34.8413],[7.50958,34.78989999999982],[7.446760000000722,34.748970000000554],[7.422969999999623,34.681399999999485],[7.412500000000364,34.551960000000804],[7.475309999999865,34.46249],[7.547710000000734,34.40957999999961]]]},"properties":{}},{"type":"Feature","geometry":{"type":"MultiLineString","coordinates":[[[7.533489999999802,34.476150000000416],[7.540929999999207,34.55626999999913],[7.626589999999851,34.73848],[7.604460000000472,34.79682999999932],[7.697620000000825,34.95513000000028],[7.683339999999589,35.06130999999914],[7.868580000000293,35.21674999999959],[8.121279999999388,35.32597],[8.14048,35.40452]]]},"properties":{}},{"type":"Feature","geometry":{"type":"MultiLineString","coordinates":[[[8.14048,35.40452],[8.09487000000081,35.38147000000026],[7.947109999999157,35.36326],[7.820480000000316,35.37349]]]},"properties":{}},{"type":"Feature","geometry":{"type":"MultiLineString","coordinates":[[[7.924530000000175,35.36326],[7.752309999999852,35.25745],[7.653990000000704,35.26092000000068],[7.57439,35.29054],[7.437957109441811,35.312906408050196],[7.301649999999427,35.31718],[7.240079999999693,35.34514],[7.152490000000512,35.430099999999584]]]},"properties":{}},{"type":"Feature","geometry":{"type":"MultiLineString","coordinates":[[[7.400879999999233,35.790999999999315],[7.285389999999097,35.63047],[7.115120000000445,35.525970000000655]],[[7.401246248273083,35.79051153855488],[7.488495227130102,35.860587182611425],[7.664053378210554,35.96261805217097]]]},"properties":{}},{"type":"Feature","geometry":{"type":"MultiLineString","coordinates":[[[6.937379999999393,36.018490000000384],[6.997600000000602,35.93455999999969],[7.119650000000547,35.87910000000011]]]},"properties":{}},{"type":"Feature","geometry":{"type":"MultiLineString","coordinates":[[[5.910330000000727,35.604180000000326],[5.946770000000413,35.59769000000051],[5.99525,35.62653999999924],[6.071690000000785,35.621489999999596],[6.182629999999449,35.69971000000078]],[[5.910198741962859,35.60381954547222],[5.773855626328839,35.57812136660931],[5.675345940687407,35.57812136660931],[5.616811199944038,35.55170934944448]]]},"properties":{}},{"type":"Feature","geometry":{"type":"MultiLineString","coordinates":[[[6.592490000000907,35.95639999999912],[6.647520000000441,35.8439699999999],[6.665660000000571,35.76336000000083],[6.660900000000765,35.68231000000014],[6.59814,35.606620000000476],[6.557689999999639,35.58907],[6.510700000000725,35.523339999999735],[6.46666,35.5049]]]},"properties":{}},{"type":"Feature","geometry":{"type":"MultiLineString","coordinates":[[[6.510700000000725,35.90970000000016],[6.331299999999828,35.9322800000009],[6.205959999999322,36.01606]]]},"properties":{}},{"type":"Feature","geometry":{"type":"MultiLineString","coordinates":[[[5.832700000000898,35.30808000000076],[5.862014656594795,35.30593482215227],[5.914124852622365,35.3323468393171],[5.974801108271038,35.33020532441179],[6.068313925800339,35.41872127382868],[6.201801688227363,35.45869621872663],[6.221075322374475,35.47582833796861],[6.212509262753599,35.494388133814084],[6.262246146866346,35.49045041242903],[6.261699999999223,35.598270000000525],[6.319999999999823,35.65001999999919],[6.33209,35.70382000000069],[6.444971513866619,35.81406583477127]]]},"properties":{}},{"type":"Feature","geometry":{"type":"MultiLineString","coordinates":[[[6.273499999999444,35.48327000000063],[6.390190000000132,35.51735999999988],[6.63503,35.480859999999666],[6.811110000000667,35.51150000000047],[7.060059999999851,35.473130000000424],[7.182969999999841,35.42321000000095],[7.68563,35.39466],[7.812340000000404,35.37264999999934],[7.897399999999891,35.385739999999714],[7.945560000000114,35.44686999999982],[7.971170000000768,35.45235999999932],[8.140480000000139,35.40452000000016]]]},"properties":{}},{"type":"Feature","geometry":{"type":"MultiLineString","coordinates":[[[6.088649999999689,35.90360999999939],[5.99467,35.93335],[5.947669999999562,35.97617999999977],[5.84886,36.01495000000074]]]},"properties":{}},{"type":"Feature","geometry":{"type":"MultiLineString","coordinates":[[[8.996370000000752,33.7230899999995],[9.02873,33.80399000000034],[9.130569999999352,33.95152000000053],[9.169599999999264,34.060020000000804],[9.180070000000342,34.1275999999998],[9.12867,34.250379999999495]]]},"properties":{}},{"type":"Feature","geometry":{"type":"MultiLineString","coordinates":[[[9.781279999999242,33.87846],[9.77017,33.836349999999584],[9.778739999999743,33.76402000000053],[9.576960000000327,33.624110000000655],[9.424670000000333,33.5888900000009],[9.34853,33.54034999999931],[9.162930000000415,33.49847000000045],[8.985899999999674,33.41091000000051]]]},"properties":{}},{"type":"Feature","geometry":{"type":"MultiLineString","coordinates":[[[9.47834999999941,33.49352],[9.519850000000588,33.487999999999374],[9.611220000000685,33.41566000000057],[9.766359999999622,33.25101],[9.874869999999646,33.216739999999845],[9.970999999999549,33.143449999999575],[10.025250000000597,33.06826]]]},"properties":{}},{"type":"Feature","geometry":{"type":"MultiLineString","coordinates":[[[10.54588,33.29764000000068],[10.562060000000201,33.28432000000066],[10.612499999999272,33.06826],[10.661040000000867,33.04161000000022]]]},"properties":{}},{"type":"Feature","geometry":{"type":"MultiLineString","coordinates":[[[10.468779999999242,32.93786999999975],[10.418340000000171,32.93311],[10.327919999999722,32.97023000000081],[10.237499999999272,32.982599999999366],[10.116620000000694,33.04447000000073],[10.036669999999503,33.06731000000036],[9.9338800000005,33.06731000000036],[9.903420000000551,33.053029999999126],[9.804439999999886,33.07778],[9.763510000000679,33.058750000000146],[9.70831,33.06160000000091],[9.627399999999398,33.00449]]]},"properties":{}},{"type":"Feature","geometry":{"type":"MultiLineString","coordinates":[[[10.382170000000826,32.30588],[10.33648,32.14884],[10.344100000000367,32.036529999999516],[10.3107899999996,31.921360000000277],[10.31745000000052,31.816670000000272],[10.305070000000399,31.760510000000124],[10.335530000000404,31.60347000000013],[10.344100000000367,31.259869999999864],[10.281279999999356,31.014310000000478],[10.274620000000198,30.83346999999958],[10.10044000000022,30.561260000000516],[9.927218215596952,30.37757107798882],[9.51955945360578,30.1483464834252]]]},"properties":{}},{"type":"Feature","geometry":{"type":"MultiLineString","coordinates":[[[9.51955945360578,30.1483464834252],[9.702590000000896,30.168180000000575],[10.230840000000171,30.17007999999987],[10.308880000000556,30.178649999999834],[10.444030000000566,30.238610000000335],[10.45260000000053,30.290960000000325],[10.433569999999293,30.519379999999785],[10.461165353206923,30.66119929358598],[10.44499,30.75066999999956],[10.494482862390328,30.947690000000875],[10.530650000000605,31.00194000000016],[10.707679999999584,31.1751600000008],[10.88376000000062,31.48830000000089],[10.909460000000763,31.71292],[10.9856,31.869969999999796],[11.517649999999833,32.32778],[11.636619999999255,32.38393],[11.88789,32.43341999999939],[12.17723,32.55524999999949],[12.25814,32.60094000000038],[12.383300260647616,32.76075672172635],[12.468479999999545,32.81222999999966]]]},"properties":{}},{"type":"Feature","geometry":{"type":"MultiLineString","coordinates":[[[11.80223,31.74527999999924],[11.706099999999424,31.841410000000906],[11.675639999999419,31.932779999999298],[11.732749999999271,32.085069999999234],[11.754639999999313,32.3115899999994],[11.82032000000072,32.41344000000038]]]},"properties":{}},{"type":"Feature","geometry":{"type":"MultiLineString","coordinates":[[[10.10044000000022,33.880139999999415],[10.17944,33.79828000000094],[10.456410000000801,33.59841000000063],[10.57697000000013,33.62966000000057],[10.72925000000032,33.70341999999977],[10.71974000000057,33.62728000000067],[10.673409999999535,33.54415999999958],[10.681660000000193,33.49878999999959],[10.71379,33.45715000000024],[10.76732000000095,33.44168],[10.79826,33.44881999999973],[10.924010000000635,33.52734000000055],[10.952569999999525,33.55351],[10.940669999999898,33.62133],[11.006100000000515,33.558269999999595],[11.038350000000833,33.47737000000063],[11.096639999999866,33.4369200000001],[11.125200000000405,33.35483000000022],[11.391690000000494,33.23704999999978],[11.472599999999204,33.1775600000002],[11.472599999999204,33.15377000000092],[11.52731999999935,33.15971],[11.699839999999256,33.08119000000073],[11.86449,33.05501999999973],[11.922790000000532,33.03122000000087],[12.014400000000137,32.96221999999955],[12.33741,32.81945000000093],[12.64912,32.79447000000084],[12.740729999999587,32.75402000000031],[13.17022,32.88608000000028],[13.182119999999543,32.90392000000077],[13.2729,32.90868000000057],[13.389489999999569,32.89202],[13.489429999999743,32.828970000000595],[13.672650000000544,32.746880000000715],[13.79162,32.73855],[13.877280000000667,32.702859999999475],[13.955830000000788,32.71256],[14.059199999999805,32.69186000000076],[14.1677,32.63975000000039],[14.296029999999519,32.64057999999943]]]},"properties":{}},{"type":"Feature","geometry":{"type":"MultiLineString","coordinates":[[[10.914609999999811,33.69390000000027],[10.977193568804978,33.75719821559727],[10.983620000000883,33.79264999999947],[10.916989999999771,33.87117000000046],[10.843230000000403,33.87117000000046],[10.789940228567275,33.829323298359895],[10.740910000000497,33.72960000000057],[10.828236431195364,33.752438215597635],[10.916989999999771,33.69270999999935]]]},"properties":{}},{"type":"Feature","geometry":{"type":"MultiLineString","coordinates":[[[11.125200000000405,33.35483000000022],[11.116749999999229,33.3093800000006],[11.190989999999147,33.19517000000087],[11.391809999999168,33.15805],[11.629759999999806,33.03908000000047],[11.699839999999313,33.08119000000079]]]},"properties":{}},{"type":"Feature","geometry":{"type":"MultiLineString","coordinates":[[[12.48834,32.80909000000065],[12.575549999999566,32.725940000000264],[12.750679999999193,32.71166000000085],[12.93627000000015,32.762109999999666],[13.079610000000685,32.859920000000784]]]},"properties":{}},{"type":"Feature","geometry":{"type":"MultiLineString","coordinates":[[[13.182119999999543,32.90392000000077],[13.121489999999596,32.46515],[13.05487,32.19770000000074],[13.010130000000686,31.463869999999588],[13.107869999999764,31.362310000000434],[13.167949999999166,31.214190000000713],[13.239929999999731,31.14221],[13.33546000000024,31.000630000000456],[13.33308000000028,30.829309999999282],[13.38543000000027,30.630030000000374],[13.418149999999514,30.57887],[13.41755000000012,30.43133999999924],[13.559730000000911,30.403379999999743]]]},"properties":{}},{"type":"Feature","geometry":{"type":"MultiLineString","coordinates":[[[15.962359999999592,31.28903],[16.256620000000225,31.225029999999663],[16.344849999999553,31.18648000000036],[16.58477,31.210310000000504],[16.804560000000436,31.1914799999995],[17.407610000000204,31.05085999999949],[17.689580000000205,30.94521],[17.827639999999576,30.87097],[18.132229999999254,30.785309999999356],[18.60943000000043,30.4119699999992],[18.693670000000566,30.379129999999293],[18.784320000000662,30.3677100000005],[18.84785000000022,30.307039999999745],[19.000120000000607,30.252780000000712],[19.156450000000348,30.25420999999909],[19.31171,30.280619999999544],[19.458039999999585,30.324880000000235],[19.57369,30.376280000000463],[19.649349999999686,30.43481000000071],[19.731439999999623,30.4626499999996],[20.06088000000102,30.774600000000703],[20.14083000000022,30.885239999999726],[20.189059216526687,30.985989132448537]]]},"properties":{}},{"type":"Feature","geometry":{"type":"MultiLineString","coordinates":[[[16.58477,31.21031000000039],[16.76836,31.11917],[16.866509999999835,31.038259999999354],[16.90042,30.984130000000732]]]},"properties":{}},{"type":"Feature","geometry":{"type":"MultiLineString","coordinates":[[[18.105320000000575,30.79816000000028],[18.106219999999666,30.755049999999756],[18.27326,30.579439999999522],[18.350360000000364,30.54447000000073],[18.448749999999563,30.5363899999993]]]},"properties":{}},{"type":"Feature","geometry":{"type":"MultiLineString","coordinates":[[[18.784320000000662,30.367710000000443],[18.783229999999094,30.30105],[18.86374000000069,30.301139999999577]]]},"properties":{}},{"type":"Feature","geometry":{"type":"MultiLineString","coordinates":[[[19.202030000000434,30.260790000000327],[19.30326000000059,30.231879999999478],[19.47030000000092,30.24971999999974],[19.732990000000484,30.353230000000735],[20.025159999999232,30.517410000000382],[20.092269999999246,30.572379999999725],[20.218689999999754,30.757589999999254]]]},"properties":{}},{"type":"Feature","geometry":{"type":"MultiLineString","coordinates":[[[17.883519999999407,30.85186000000067],[17.869140000000698,30.775910000000295],[17.89484000000084,30.74236000000019],[17.98121,30.750210000000152],[18.105320000000575,30.79816000000028]]]},"properties":{}},{"type":"Feature","geometry":{"type":"MultiLineString","coordinates":[[[20.218689999999754,30.757589999999254],[20.262043889340816,30.692008434056447],[20.4251600000008,30.557450000000244],[20.50796000000082,30.468220000000713],[20.61788999999959,30.396839999999486],[20.70140999999967,30.299039999999877],[20.78939243099728,30.130351052359913],[20.78528691915068,30.05811691915062],[20.84703848509423,29.998512323396312],[20.86845,29.826479999999833],[20.922060000000897,29.73582],[20.928233980687423,29.659217773205512],[20.988450000000796,29.55594000000019],[21.04922957283378,29.374753209958556],[21.103838202917643,29.31229235855551],[21.236969046193906,29.270532817903188],[21.301620000000185,29.185890000000654]]]},"properties":{}},{"type":"Feature","geometry":{"type":"MultiLineString","coordinates":[[[21.54630999999972,29.039119999999457],[21.53795,29.106480000000374],[21.6236200000003,29.493140000000494]]]},"properties":{}},{"type":"Feature","geometry":{"type":"MultiLineString","coordinates":[[[22.28323616169729,32.14877999999965],[22.482795342321538,32.18421256280487],[22.609856161698985,32.228460000000325],[22.79616616169818,32.21847],[22.886106161698024,32.23416999999972],[23.068706161698117,32.336970000000406]],[[22.28394999999921,32.14877999999965],[22.31963999999971,32.10524000000078],[22.323847347131903,32.03858954924817],[22.30537,32.013150000000735],[22.12153356880401,31.907504646792802],[21.73421690988721,31.745915845531044],[21.164573945091547,31.593630341157905],[21.024849999999844,31.586090000000752],[20.948518885761985,31.540806306828415],[20.763396819508444,31.334744983723454],[20.738650425047922,31.287155763606847],[20.635809999999708,31.18990999999926],[20.468699999999444,30.942209999999363],[20.404098207628238,30.87027419538549],[20.218689999999754,30.757589999999254]]]},"properties":{}},{"type":"Feature","geometry":{"type":"MultiLineString","coordinates":[[[20.17185000000069,31.57056999999986],[20.305580000000305,31.729160000000775],[20.365550000000496,31.92521999999923],[20.426460000000702,32.04896000000019],[20.49118000000101,32.03563000000037],[20.52354,32.06514000000061],[20.618662969592606,32.256692693392154]]]},"properties":{}},{"type":"Feature","geometry":{"type":"MultiLineString","coordinates":[[[20.086670000000595,32.128909999999394],[20.13111140949792,32.10654870392415],[20.31599552965099,32.09655496769966],[20.4685189801246,32.133912505491196],[20.564469999999346,32.18982],[20.609621017770507,32.252409663581545],[20.8224,32.432530000000156],[20.927579999999693,32.56607000000071],[20.959699999999486,32.6410300000008],[20.95030000000048,32.708839999999384]]]},"properties":{}},{"type":"Feature","geometry":{"type":"MultiLineString","coordinates":[[[20.218689999999754,30.757589999999254],[20.226319999999703,30.799380000000383],[20.189059216526687,30.985989132448537],[20.226590000000215,31.151420000000144],[20.170430000000124,31.383659999999452],[20.17233,31.597809999999356],[20.07811000000038,31.996610000000203],[20.086670000000595,32.128909999999394]]]},"properties":{}},{"type":"Feature","geometry":{"type":"MultiLineString","coordinates":[[[20.086670000000595,32.128909999999394],[20.076907287785218,32.13653784413441],[20.134014351925146,32.17341948972478],[20.30665000000056,32.35668000000089],[20.481550000000368,32.45423999999912],[20.549360000000945,32.53276000000011],[20.872970000000464,32.656489999999394],[20.95030000000048,32.708839999999384]]]},"properties":{}},{"type":"Feature","geometry":{"type":"MultiLineString","coordinates":[[[20.957679999999527,32.66362999999916],[21.11911999999944,32.522049999999695],[21.211919999999793,32.50064000000032],[21.561700000000144,32.50540000000012],[21.65452,32.5259499999994],[21.74303999999944,32.60448],[21.913650000000473,32.69585000000018],[21.90479503180319,32.76899576024289],[21.867959999999584,32.82719]]]},"properties":{}},{"type":"Feature","geometry":{"type":"MultiLineString","coordinates":[[[21.330159999999523,32.76937],[21.40368,32.61732999999913],[21.537169999999605,32.60946999999942],[21.610689999999522,32.57307000000037],[21.72773000000052,32.589459999999235]]]},"properties":{}},{"type":"Feature","geometry":{"type":"MultiLineString","coordinates":[[[20.95030000000048,32.708839999999384],[20.957679999999527,32.66362999999916],[20.980279999999823,32.65292000000045],[21.112789999999222,32.6522999999998],[21.21559,32.67514999999912],[21.24057,32.71012],[21.33016,32.76937],[21.502549999999246,32.80149999999969],[21.616620000000694,32.75724000000082],[21.692290000000867,32.7586699999992],[21.82827,32.782939999999144],[21.867959999999584,32.82719]]]},"properties":{}},{"type":"Feature","geometry":{"type":"MultiLineString","coordinates":[[[21.867959999999584,32.82719],[21.9175,32.80862999999954],[22.047420000000898,32.82077000000038],[22.17663,32.77794],[22.31367999999935,32.795790000000125],[22.64372999999989,32.77267000000029]]]},"properties":{}},{"type":"Feature","geometry":{"type":"MultiLineString","coordinates":[[[21.71132000000034,32.76347999999962],[21.71734,32.80364],[21.675230000000738,32.89144],[21.625260000000708,32.91428000000087]]]},"properties":{}},{"type":"Feature","geometry":{"type":"MultiLineString","coordinates":[[[21.624729999999545,32.75576],[21.554826431195522,32.80173875459212],[21.52389000000045,32.842899999999645]]]},"properties":{}},{"type":"Feature","geometry":{"type":"MultiLineString","coordinates":[[[22.07461,32.80693000000065],[22.108567099792594,32.773321005791445],[22.17663,32.77794]]]},"properties":{}},{"type":"Feature","geometry":{"type":"MultiLineString","coordinates":[[[22.16078000000016,32.77151000000049],[22.215029999999388,32.75510000000031],[22.30283000000054,32.7786500000002],[22.313679999999295,32.795790000000125]]]},"properties":{}},{"type":"Feature","geometry":{"type":"MultiLineString","coordinates":[[[22.64372999999989,32.77267000000029],[22.66018000000082,32.71369000000061],[22.706623307603195,32.672803154205326],[22.840067676603383,32.62089535320649],[22.936435353207855,32.60161767660287],[23.002109191509305,32.55808151490561],[23.047077676603692,32.47955535320625],[23.069419999999866,32.336970000000406]]]},"properties":{}},{"type":"Feature","geometry":{"type":"MultiLineString","coordinates":[[[22.518685545826145,32.59106866865517],[22.721639999999752,32.53594999999956],[23.069419999999866,32.336970000000406]]]},"properties":{}},{"type":"Feature","geometry":{"type":"MultiLineString","coordinates":[[[23.081130000000485,32.297529999999824],[23.097830000000613,32.26826000000074],[23.27629,32.157610000000204],[23.63757000000078,32.113359999999375]]]},"properties":{}},{"type":"Feature","geometry":{"type":"MultiLineString","coordinates":[[[23.671580000000176,32.07841],[23.72869,32.02795999999944],[23.831480000000738,31.97847],[24.244549999999435,31.833800000000338],[24.509149999999863,31.775739999999132],[24.99475,31.621549999999843]]]},"properties":{}},{"type":"Feature","geometry":{"type":"MultiLineString","coordinates":[[[23.652539999999135,32.103150000000824],[23.868889999999737,32.0746],[23.96502,32.086020000000644],[23.978339999999662,32.0317699999996],[24.13253000000077,31.94991999999911],[24.284820000000764,31.888999999999214],[24.599089999999705,31.80239000000074],[24.971240000000762,31.64914999999928]]]},"properties":{}},{"type":"Feature","geometry":{"type":"MultiLineString","coordinates":[[[25.11953,31.577769999999873],[25.054809999999634,31.540650000000824],[25.011979999999312,31.47878],[24.833039999999528,31.349340000000666],[24.826380000000427,31.245600000000195],[24.84827000000041,31.09712000000036],[24.947260000000824,30.90962000000036],[24.947260000000824,30.87344999999914],[24.783550000000105,30.459419999999227],[24.696939999999813,30.36424000000079],[24.618800000000192,30.237660000000687],[24.55978999999934,30.057769999999437]]]},"properties":{}},{"type":"Feature","geometry":{"type":"MultiLineString","coordinates":[[[23.97045000000071,32.04997999999978],[23.921329999999216,31.84807],[23.97939000000042,31.593000000000757],[24.07076000000052,31.3817],[24.079330000000482,31.288430000000517],[24.231610000000728,30.97718999999961],[24.332500000000437,30.66215000000011],[24.476220000000467,30.336639999999534],[24.5647399999998,30.025410000000193],[24.56187999999929,29.91690000000017],[24.513339999999516,29.75224999999955],[24.534279999999853,29.697990000000573],[24.628500000000713,29.57141000000047]]]},"properties":{}},{"type":"Feature","geometry":{"type":"MultiLineString","coordinates":[[[25.018930000000182,31.60822999999982],[25.075960000000123,31.57900999999947],[25.16353,31.565679999999702],[25.15114999999969,31.526659999999538],[25.182559999999285,31.5057199999992],[25.347219999999652,31.45908000000054],[26.42816,31.391499999999724],[26.663249999999607,31.389600000000428]]]},"properties":{}},{"type":"Feature","geometry":{"type":"MultiLineString","coordinates":[[[25.44050000000061,31.455270000000382],[25.917530000000625,31.60945999999967],[26.311569999999847,31.5057199999992],[26.6280399999996,31.39625999999953]]]},"properties":{}},{"type":"Feature","geometry":{"type":"MultiLineString","coordinates":[[[26.689899999999398,31.383889999999155],[26.956879999999728,31.3486699999994],[27.151990000000296,31.343909999999596],[27.219569999999294,31.356289999999717],[27.34882,31.223990000000413],[27.54869999999937,31.136430000000473],[27.918180000000575,31.065989999999147],[28.042859999999564,31.052669999999125],[28.305560000000696,31.05743000000075],[28.4683100000002,31.02792000000045],[28.727199999999357,30.96035],[28.928980000000593,30.852790000000823],[29.016540000000532,30.817580000000817],[29.08412,30.8099600000005],[29.32491999999911,30.84994],[29.401060000000143,30.881349999999657],[29.458169999999882,30.925129999999626],[29.67280000000028,31.03457999999955],[29.892659999999523,31.18497000000025]]]},"properties":{}},{"type":"Feature","geometry":{"type":"MultiLineString","coordinates":[[[28.62459999999919,30.982239999999365],[28.903560000000653,30.801400000000285],[28.9635300000009,30.78331000000071],[29.100580000000264,30.77759999999944],[29.433709999999337,30.844230000000607],[29.581420000000435,30.898479999999836],[29.80414000000019,31.04601]]]},"properties":{}},{"type":"Feature","geometry":{"type":"MultiLineString","coordinates":[[[28.929050000000643,30.79371],[28.84379000000081,30.69289000000026],[28.668659999999363,30.54631999999947],[28.533509999999296,30.403550000000905]]]},"properties":{}},{"type":"Feature","geometry":{"type":"MultiLineString","coordinates":[[[26.511350000000675,29.649569999999585],[26.91824000000088,29.899419999999736],[26.968199999999342,29.96009000000049],[27.023240000000442,30.067880000000514],[27.128179999999702,30.16424999999981],[27.213840000000346,30.195659999999407],[27.287720000000263,30.42836999999963],[27.290569999999207,30.54044000000067],[27.25274,30.754590000000462],[27.288430000000517,31.072249999999258],[27.337690000000293,31.181469999999536],[27.34015999999974,31.232480000000578]]]},"properties":{}},{"type":"Feature","geometry":{"type":"MultiLineString","coordinates":[[[27.213840000000346,30.195659999999407],[27.258449999999357,30.219929999999295],[27.31626999999935,30.21493],[27.41407000000072,30.25562],[27.524709999999686,30.27275],[27.5653999999995,30.309160000000702],[27.64749,30.309869999999137],[27.759570000000167,30.375550000000658],[27.80510999999933,30.36841],[27.86222000000089,30.38340000000062],[27.925030000000334,30.369119999999384],[28.012119999999413,30.40339],[28.168879999999263,30.364840000000186],[28.29666,30.39624999999978],[28.448710000000574,30.386969999999565],[28.802630000000136,30.43551],[28.986080000000584,30.439790000000357],[29.174960000000283,30.416950000000725],[29.41338999999971,30.35484]]]},"properties":{}},{"type":"Feature","geometry":{"type":"MultiLineString","coordinates":[[[27.219569999999294,31.356289999999717],[27.078659999999218,31.20400999999947],[26.8407100000004,31.04126],[26.792170000000624,30.9727299999995],[26.778850000000602,30.900400000000445],[26.79026999999951,30.848050000000512],[26.76267,30.691000000000713],[26.687480000000505,30.543480000000272],[26.635130000000572,30.288399999999456],[26.64559999999983,30.244619999999486],[26.59706,30.02571],[26.618850000000748,29.86199999999917],[26.462760000000344,29.57170000000042],[26.38757000000078,29.488900000000285],[26.28667999999925,29.419420000000173],[25.991439999999784,29.435600000000704],[25.76586,29.274750000000495],[25.696379999999408,29.25951999999961],[25.5674199999994,29.26332999999977],[25.545529999999417,29.25286000000051],[25.532199999999648,29.21668999999929]]]},"properties":{}},{"type":"Feature","geometry":{"type":"MultiLineString","coordinates":[[[24.29392999999982,29.619290000000547],[24.59065,29.568129999999655],[24.89046000000053,29.5674199999994],[24.941279999999097,29.55386]]]},"properties":{}},{"type":"Feature","geometry":{"type":"MultiLineString","coordinates":[[[24.15114,29.580270000000382],[24.29392999999982,29.619290000000547],[24.411690000000817,29.707329999999274],[24.498779999999897,29.74087999999938],[24.702219999999215,29.76872],[24.7757500000007,29.757299999999304],[24.82514000000083,29.78657000000021],[24.865830000000642,29.784429999999702],[24.941279999999097,29.55386],[25.01217,29.48247000000083],[25.20262,29.334709999999177],[25.271860000000743,29.311149999999543],[25.39820999999938,29.22621000000072],[25.44032999999945,29.25332999999955],[25.532199999999648,29.21668999999929],[25.50742999999966,29.317580000000817],[25.51599999999962,29.404669999999896],[25.573099999999613,29.51174],[25.71551,29.675919999999678],[25.76476999999977,29.78586],[26.311929999999847,30.268410000000586],[26.408649999999398,30.374770000000353],[26.460049999999683,30.445439999999508],[26.60066999999981,30.77023999999983],[26.662780000000566,30.816639999999097],[26.79015000000072,30.966270000000804]]]},"properties":{}},{"type":"Feature","geometry":{"type":"MultiLineString","coordinates":[[[25.644959999999628,29.26375],[25.8096000000005,29.129870000000665],[25.95046,29.12797],[26.056109999999535,29.10798000000068],[26.24171000000024,29.0375499999991],[26.307380000000194,28.942370000000665],[26.3721000000005,28.918579999999565],[26.384470000000874,28.899540000000343],[26.42845,28.69585999999981],[26.44557999999961,28.684440000000905],[26.573119999999108,28.69585999999981],[26.641649999999572,28.681580000000395],[26.71493,28.728220000000874],[26.764429999999265,28.70347000000038],[26.874830000000657,28.694910000000164],[27.686330000000453,28.693960000000516],[27.718689999999697,28.68253],[27.812910000000556,28.56927],[28.076650000000882,28.47219000000041],[28.118529999999737,28.471240000000762],[28.293659999999363,28.523590000000695],[28.364089999999123,28.52643999999964],[28.588620000000446,28.4626700000008],[28.86558999999943,28.347509999999602],[28.93583000000035,28.334179999999833],[29.149030000000494,28.353220000000874],[29.272759999999835,28.343699999999444]]]},"properties":{}},{"type":"Feature","geometry":{"type":"MultiLineString","coordinates":[[[28.86558999999943,28.347509999999602],[28.998649999999543,28.457909999999174],[29.29370000000017,28.585450000000492]]]},"properties":{}},{"type":"Feature","geometry":{"type":"MultiLineString","coordinates":[[[26.40402,28.79191],[26.51496000000043,28.75011000000086],[26.63774000000012,28.758680000000822],[26.7138900000009,28.744399999999587],[26.73207,28.725360000000364]]]},"properties":{}},{"type":"Feature","geometry":{"type":"MultiLineString","coordinates":[[[-8.519503,38.371152],[-8.44495971434916,38.30824088966203],[-8.287979999999001,38.221470000000416],[-8.232299999999592,38.192209999999434],[-8.158107736316879,38.18621555198703],[-8.124249811776144,38.142444357925825],[-7.865225,38.015604]]]},"properties":{}},{"type":"Feature","geometry":{"type":"MultiLineString","coordinates":[[[-7.750459999999265,38.03658999999971],[-7.865225,38.015604],[-7.874945077196851,37.9876599103355],[-7.858959999999554,37.90381999999954]]]},"properties":{}},{"type":"Feature","geometry":{"type":"MultiLineString","coordinates":[[[-8.156629999999495,37.86812],[-8.37721000000056,37.720359999999346],[-8.365789999999834,37.67682000000059],[-8.25799999999981,37.62399],[-8.25799999999981,37.59258000000045]]]},"properties":{}},{"type":"Feature","geometry":{"type":"MultiLineString","coordinates":[[[-6.95053,37.38128999999935],[-6.970520000000761,37.41983000000073],[-6.993360000000393,37.57759000000078],[-7.031189999999697,37.61327999999958],[-7.110430000000633,37.63470000000052]]]},"properties":{}},{"type":"Feature","geometry":{"type":"MultiLineString","coordinates":[[[-8.588789999999817,37.157139999999366],[-8.438535,37.18682],[-8.30825,37.16928000000024],[-8.21974000000045,37.12572999999986],[-8.031999999999275,37.14643000000072],[-7.981309999999237,37.098609999999056],[-7.934757600488775,37.01490697146883],[-7.76645,37.053630000000474],[-7.567290000000747,37.17142000000064],[-7.403819999999533,37.229950000001004]]]},"properties":{}},{"type":"Feature","geometry":{"type":"MultiLineString","coordinates":[[[-7.403819999999533,37.229950000001004],[-7.2789,37.23137999999936],[-7.161829999998838,37.28492000000021],[-7.122569999999525,37.23495],[-7.052610000000553,37.21782],[-6.999789999999771,37.25208000000022],[-7.007639999999697,37.31918000000048],[-6.968380000000158,37.38199999999967],[-6.949819999999783,37.38199999999967],[-6.928400000000706,37.3356000000005],[-6.923399999999606,37.29919999999954],[-6.94971299999985,37.257074],[-6.86416,37.31847000000029],[-6.748509999999417,37.335600000000504],[-6.658026309422583,37.375238092537096]]]},"properties":{}},{"type":"Feature","geometry":{"type":"MultiLineString","coordinates":[[[-6.358759999999084,38.58839000000098],[-6.353049999999725,38.434199999999755],[-6.410447277922044,38.34431425190647],[-6.3452,38.29643000000046],[-6.285949999999132,38.17578999999933],[-6.274846557803504,38.08779017681319],[-6.09749,37.89882000000032],[-6.101060000000689,37.81172999999943],[-5.988279999999477,37.70037000000061],[-6.045379999999425,37.526910000000576],[-6.043439999999848,37.441411],[-5.99827,37.38343]]]},"properties":{}},{"type":"Feature","geometry":{"type":"MultiLineString","coordinates":[[[-5.829329999999731,36.990065],[-6.200946256333588,36.737008913380805],[-6.175160000000667,36.63033000000011],[-6.129243715164153,36.60407892413465],[-6.144926235447604,36.502199964567495]]]},"properties":{}},{"type":"Feature","geometry":{"type":"MultiLineString","coordinates":[[[-5.829329999999895,36.990065],[-5.798969999999784,36.95655000000088],[-5.831089999999682,36.74097000000095],[-5.801110000000188,36.60319999999975],[-5.876060000000394,36.503979999999615],[-5.927867,36.467791000000105]]]},"properties":{}},{"type":"Feature","geometry":{"type":"MultiLineString","coordinates":[[[-5.077409999999784,37.5386299999992],[-5.087040000000303,37.60002],[-5.154860000000452,37.64785],[-5.234809999999814,37.67498],[-5.267475653233043,37.70204133536277],[-5.346426,37.70729],[-5.352819999999875,37.74035000000014],[-5.387800000000344,37.78104],[-5.489869999999175,37.81459],[-5.689039999999252,37.9680599999993],[-5.785400000000465,38.01446000000035],[-5.901760000000638,38.10655000000061],[-5.912469999999332,38.15437000000016],[-5.971719999999416,38.23575],[-6.135899999999222,38.28857000000065],[-6.392028188788744,38.328180816164796]]]},"properties":{}},{"type":"Feature","geometry":{"type":"MultiLineString","coordinates":[[[-5.99747,37.383729999999694],[-5.978254,37.518215],[-5.83622,37.60859],[-5.689169999999587,37.64070999999979],[-5.590659999999756,37.62644],[-5.481799999999362,37.67926000000091],[-5.270010000000183,37.73035],[-5.17936,37.7846100000007],[-5.086559999999621,37.811729999999415],[-5.010179999999299,37.80959000000089],[-4.760329999999152,37.88453999999932]]]},"properties":{}},{"type":"Feature","geometry":{"type":"MultiLineString","coordinates":[[[-4.769609999999401,37.86169999999954],[-4.856700000000191,37.825290000000706],[-5.066570000000853,37.793170000000835],[-5.217899999999685,37.718929999999084],[-5.629790000000757,37.59044],[-5.719730000000686,37.60258000000068],[-5.853220000000684,37.568310000000665],[-5.937449999999447,37.49336000000043],[-5.979346,37.487775]]]},"properties":{}},{"type":"Feature","geometry":{"type":"MultiLineString","coordinates":[[[-5.8211,37.61114000000091],[-5.794680000000879,37.56688000000034],[-5.65068,37.469608]]]},"properties":{}},{"type":"Feature","geometry":{"type":"MultiLineString","coordinates":[[[-7.865225,38.015604],[-7.692779999999382,37.943789999999375],[-7.503609999999593,37.92736999999963],[-7.183100000000164,37.96521000000033],[-6.949912969434965,37.96993075060591],[-6.871870000000833,37.9188099999994],[-6.807619999999469,37.916670000000664],[-6.625589999999419,37.755339999999876],[-6.592973769731709,37.694192799204465],[-6.320209999999774,37.69395000000086],[-6.232410000000502,37.67109999999971],[-6.168879999999294,37.62685000000072],[-6.171729999999777,37.56117000000089],[-6.15531,37.532620000000136],[-6.035389999998958,37.471939999999506],[-6.043439999999848,37.441411],[-6.01612,37.33560000000054]]]},"properties":{}},{"type":"Feature","geometry":{"type":"MultiLineString","coordinates":[[[-7.907358,38.572611],[-7.963320000000707,38.507009999999404],[-7.94619000000051,38.49058999999948],[-7.938340000000511,38.44134],[-7.997590000000738,38.42064000000037],[-8.003917,38.398605],[-7.93823809744614,38.27092005602756],[-7.865225,38.015604]]]},"properties":{}},{"type":"Feature","geometry":{"type":"MultiLineString","coordinates":[[[-6.340100666669994,38.916096500000045],[-6.405730000000393,38.88105999999977],[-6.580620000000576,38.85251000000065],[-7.08245,38.85679],[-7.175250000000165,38.83823],[-7.379399999999761,38.85322000000096],[-7.61283,38.83679999999912],[-7.75346,38.7611400000005],[-7.822700000000582,38.59908999999975],[-7.907358,38.572611]]]},"properties":{}},{"type":"Feature","geometry":{"type":"MultiLineString","coordinates":[[[-9.157579999998973,38.68118999999949],[-9.14401,38.63550000000036],[-9.12188000000032,38.6219400000009],[-8.94842000000033,38.56769],[-8.89488,38.522709999999286],[-8.73855,38.57697000000011],[-8.54867,38.5312799999993],[-8.519503,38.371152],[-8.45816,38.38566],[-8.387489999999172,38.43206],[-8.29092256112892,38.43723098793486]]]},"properties":{}},{"type":"Feature","geometry":{"type":"MultiLineString","coordinates":[[[-9.145787986694488,38.823909546527055],[-9.204120000000342,38.96244],[-9.182699999999206,39.02383000000015]]]},"properties":{}},{"type":"Feature","geometry":{"type":"MultiLineString","coordinates":[[[3.428602213236502,43.675134522150195],[3.542460000000575,43.66352000000012],[3.5929,43.634490000000326],[3.880820000000367,43.64782000000014]]]},"properties":{}},{"type":"Feature","geometry":{"type":"MultiLineString","coordinates":[[[3.428602213236507,43.67513452215018],[3.550069999999306,43.660659999999545],[3.62479,43.72491000000096],[3.70093000000099,43.7496599999996],[3.802299999999394,43.73586000000074],[3.89034,43.78678000000045],[4.084020000000341,43.78773]],[[4.083549999999446,43.78724999999942],[4.237139999999336,43.79819999999928],[4.35623351176001,43.837772952900046]]]},"properties":{}},{"type":"Feature","geometry":{"type":"MultiLineString","coordinates":[[[4.355458668321887,43.83785320385157],[4.514470000000133,43.76251000000052],[4.626539999999416,43.81675999999982]]]},"properties":{}},{"type":"Feature","geometry":{"type":"MultiLineString","coordinates":[[[4.609049999999115,43.69862],[4.624760000000606,43.826750000000175],[4.585849999999482,43.87137000000075],[4.561219999999594,43.93561000000045]]]},"properties":{}},{"type":"Feature","geometry":{"type":"MultiLineString","coordinates":[[[5.907880000000659,43.42449999999917],[5.825430000000779,43.44449],[5.732990000000427,43.4916],[5.47458,43.52621999999974],[5.338589999999385,43.580480000000534],[5.129800000000614,43.61687999999958],[4.949909999999363,43.66971000000012],[4.736119999999573,43.74287],[4.655810000000201,43.81033000000025],[4.434520000000703,43.8381700000009]]]},"properties":{}},{"type":"Feature","geometry":{"type":"MultiLineString","coordinates":[[[4.857819999999378,43.699329999999556],[4.92671,43.764289999999264],[4.914930000001005,43.779990000000886],[4.84995644438671,43.792092618448564]]]},"properties":{}},{"type":"Feature","geometry":{"type":"MultiLineString","coordinates":[[[4.812140000000118,43.79212999999985],[4.832867,43.773471],[4.849969999999311,43.79212999999984]]]},"properties":{}},{"type":"Feature","geometry":{"type":"MultiLineString","coordinates":[[[8.854849999999715,44.88513000000057],[8.865320000000793,44.77425000000039],[8.842000000000553,44.73427000000083],[8.866749999999229,44.70809999999983],[8.827250000000276,44.6600299999991],[8.882449999999153,44.58056000000033],[8.896730000000389,44.47110000000066],[8.875309999999445,44.44683000000077]]]},"properties":{}},{"type":"Feature","geometry":{"type":"MultiLineString","coordinates":[[[7.879929999999149,45.476660000000265],[7.75811000000067,45.426690000000235],[7.71623,45.38719999999921],[7.737170000000333,45.35531000000083],[7.727650000000722,45.3339],[7.741930000000139,45.25965999999971],[7.699099999999817,45.10831999999937]]]},"properties":{}},{"type":"Feature","geometry":{"type":"MultiLineString","coordinates":[[[8.477100000000178,44.314340000000925],[8.45759,44.328620000000285],[8.233050000000844,44.36879000000056],[8.17404,44.366410000000656],[8.112649999999064,44.38876999999957],[8.040310000000318,44.37925999999982],[8.009379999999453,44.416380000000515],[7.885650000000226,44.45159000000058],[7.83425,44.555340000000854],[7.85757000000018,44.59816999999936],[7.855659999999318,44.652420000000404],[7.895759999999541,44.682870000000605]]]},"properties":{}},{"type":"Feature","geometry":{"type":"MultiLineString","coordinates":[[[7.484940000000336,44.51726000000065],[7.50017,44.644329999999115],[7.456389999999374,44.71095000000071],[7.37882,44.78281000000061],[7.34836,44.86229],[7.355030000000625,44.91749],[7.367399999999122,44.94175999999965],[7.436400000000617,44.98315999999977],[7.688630000000501,45.07453]],[[7.484940000000336,44.516310000000885],[7.458769999999333,44.448739999999816],[7.478279999999415,44.318339999999864],[7.511119999999323,44.28217000000046]]]},"properties":{}},{"type":"Feature","geometry":{"type":"MultiLineString","coordinates":[[[7.895759999999541,44.682870000000605],[7.807240000000149,44.74331],[7.668760000000475,44.91749]],[[7.688749999999459,45.07406000000083],[7.6659,45.0264700000007],[7.669229999999573,44.917009999999266]]]},"properties":{}},{"type":"Feature","geometry":{"type":"MultiLineString","coordinates":[[[31.295309999999517,30.125570000000153],[31.22869,30.02230000000054],[31.315300000000207,29.84859999999935],[31.30387999999948,29.77151000000049],[31.32054000000062,29.634930000000168],[31.29103000000032,29.580669999999373],[31.30055,29.54402999999911],[31.265330000000176,29.462649999999485],[31.27866,29.436949999999342],[31.259149999999863,29.40983000000051],[31.26390999999967,29.331309999999576],[31.222499999999854,29.296089999999822],[31.229170000000522,29.232319999999163],[31.161589999999705,29.10906000000068],[31.119230000000243,29.051009999999224],[31.06689,29.02198],[31.02643999999964,28.940119999999297],[30.92436000000089,28.83828],[30.92245,28.77784000000065],[30.858210000000327,28.591770000000906],[30.8705800000007,28.5337099999997],[30.85345000000052,28.449000000000524],[30.83441,28.412360000000263],[30.78635000000031,28.378090000000157],[30.745899999999892,28.29956999999922],[30.777780000000348,28.101119999999355]]]},"properties":{}},{"type":"Feature","geometry":{"type":"MultiLineString","coordinates":[[[30.880450000000565,27.8065600000009],[30.965759999999136,27.86366000000089],[31.09639000000061,27.861520000000382],[31.158919999999853,27.880800000000818],[31.313819999999396,27.88829000000078],[31.455449999999473,27.977520000000368],[31.5268300000007,28.048189999999522],[31.707249999999476,28.141349999999875],[31.89803000000029,28.278759999999238],[32.185559999999896,28.31945000000087],[32.36133999999947,28.21486999999979],[32.42629999999917,28.199529999999868],[32.46346000000085,28.1724],[32.615859999999884,28.27162],[32.70694999999978,28.288759999999456],[32.95151000000078,28.180609999999433],[33.09692,28.10280000000057],[33.144029999999475,28.061750000000757],[33.30999999999949,27.8757999999998],[33.547420000000784,27.541370000000825]]]},"properties":{}},{"type":"Feature","geometry":{"type":"MultiLineString","coordinates":[[[33.597460000000865,27.43786],[33.65142999999989,27.36326],[33.64393000000018,27.32756999999947],[33.74309,26.926390000000538],[33.829820000000836,26.86750000000029],[33.92403999999988,26.76257000000078]]]},"properties":{}},{"type":"Feature","geometry":{"type":"MultiLineString","coordinates":[[[33.92403999999988,26.76257000000078],[33.92554000000018,26.67369999999937],[33.94482000000062,26.646210000000792]]]},"properties":{}},{"type":"Feature","geometry":{"type":"MultiLineString","coordinates":[[[34.12363,26.346400000000358],[34.17182,26.318919999999707],[34.20608,26.208989999999176]]]},"properties":{}},{"type":"Feature","geometry":{"type":"MultiLineString","coordinates":[[[31.31560999999965,27.892770000000382],[31.507359999999608,27.886979999999312],[31.571610000000874,27.94824999999946]]]},"properties":{}},{"type":"Feature","geometry":{"type":"MultiLineString","coordinates":[[[30.981229999999414,27.30374],[30.91734,27.26734000000033],[30.92019000000073,27.227720000000772],[30.86737,27.198089999999866],[30.72595999999976,27.062470000000758],[30.507519999999204,26.77729],[30.466479999999137,26.67699],[30.39473999999973,26.565629999999146],[30.306580000000395,26.48675],[30.24726,26.408589999999094],[30.09857000000011,26.282600000000457],[30.06109,26.125550000000658],[30.02824999999939,26.072009999999864],[29.98400000000038,26.04774],[29.97936,26.017410000000382]]]},"properties":{}},{"type":"Feature","geometry":{"type":"MultiLineString","coordinates":[[[31.17468,27.17739000000074],[31.050830000000133,27.15955000000031],[31.05225000000064,27.123499999999694],[31.015129999999772,27.02035000000069],[30.847599999999147,26.6541500000003],[30.819040000000314,26.559919999999693],[30.81869,26.44499999999971],[30.75337000000036,26.319719999999506],[30.711970000000292,26.0895],[30.752660000000105,26.000630000000456]]]},"properties":{}},{"type":"Feature","geometry":{"type":"MultiLineString","coordinates":[[[4.45908000000054,44.58416000000034],[4.529399999999441,44.58487000000059],[4.658960000000661,44.54382000000078]]]},"properties":{}},{"type":"Feature","geometry":{"type":"MultiLineString","coordinates":[[[4.592570000000705,44.55488999999943],[4.611849999999322,44.50314000000071],[4.655749999999898,44.48565000000053]]]},"properties":{}},{"type":"Feature","geometry":{"type":"MultiLineString","coordinates":[[[4.729810000000725,44.51991000000089],[4.75979,44.49777999999969],[4.748369999999341,44.4713699999993]]]},"properties":{}},{"type":"Feature","geometry":{"type":"MultiLineString","coordinates":[[[4.7266,44.36001000000033],[4.738369999999122,44.33930999999939],[4.724449999999706,44.31574999999975]]]},"properties":{}},{"type":"Feature","geometry":{"type":"MultiLineString","coordinates":[[[4.802040000000545,44.176320000000544],[4.89359,44.27256999999912],[4.99561,44.29724999999962],[5.106540000000734,44.35144000000048]]]},"properties":{}},{"type":"Feature","geometry":{"type":"MultiLineString","coordinates":[[[5.106540000000678,44.351440000000366],[5.1925,44.385949999999866],[5.243959999999788,44.42610000000059],[5.326199999999517,44.43383],[5.355639999999767,44.54061],[5.386870000000272,44.59028000000035],[5.417810000000827,44.60783000000083]]]},"properties":{}},{"type":"Feature","geometry":{"type":"MultiLineString","coordinates":[[[5.727140000000986,44.49807999999945],[5.74201,44.529010000000255],[5.702450000000795,44.5599500000007],[5.666460000000484,44.6179400000002],[5.650100000000805,44.751790000000256],[5.615299999999479,44.785990000000425],[5.621250000000259,44.80384000000049],[5.580799999999726,44.83268999999922],[5.594180000000108,44.88296000000088]]]},"properties":{}},{"type":"Feature","geometry":{"type":"MultiLineString","coordinates":[[[5.710460000000239,45.199609999999666],[5.703840000000127,45.13305000000042],[5.727002627622255,45.0954055658421],[5.68728,44.996279999999444],[5.67865,44.89277000000038],[5.709290000000749,44.87909000000042],[5.76937,44.88741999999917],[5.92879,44.794320000000994],[5.972519999999349,44.71045000000055],[6.14012,44.5554800000009]]]},"properties":{}},{"type":"Feature","geometry":{"type":"MultiLineString","coordinates":[[[5.986500000000888,44.42907000000014],[5.986199999999371,44.47279999999955],[6.006129999999757,44.51503000000048],[6.074539999999615,44.614079999999376]]]},"properties":{}},{"type":"Feature","geometry":{"type":"MultiLineString","coordinates":[[[5.717169999999896,44.446029999999155],[5.68505,44.433240000000296],[5.679400000000896,44.41450000000077],[5.794799999999668,44.28541000000041]]]},"properties":{}},{"type":"Feature","geometry":{"type":"MultiLineString","coordinates":[[[5.924619999999777,44.21686000000045],[5.859759999999369,44.26347],[5.794540000000779,44.28562000000056]]]},"properties":{}},{"type":"Feature","geometry":{"type":"MultiLineString","coordinates":[[[6.59328,44.88714000000084],[6.524750000000495,44.82824000000073],[6.503689999999551,44.771849999999176],[6.53939,44.69297000000017],[6.531360000000859,44.645140000000595],[6.48567,44.608739999999784],[6.441409999999507,44.54057],[6.30935,44.50843999999972],[6.100200000000711,44.56198000000046],[5.986339999999586,44.54378],[5.85267000000033,44.548419999999226],[5.785137296379958,44.524335144267184]]]},"properties":{}},{"type":"Feature","geometry":{"type":"MultiLineString","coordinates":[[[6.231584571929564,44.09965988035304],[6.240529999999126,44.17374000000018],[6.26492,44.22401],[6.324099999999817,44.26980999999978],[6.276219999999739,44.342389999999796],[6.21792,44.385990000000675],[6.186509999999544,44.44952000000012]]]},"properties":{}},{"type":"Feature","geometry":{"type":"MultiLineString","coordinates":[[[7.48416,44.33851999999945],[7.422590000000184,44.34554000000031],[7.355369999999425,44.31758000000093],[7.247849999999687,44.32442000000094],[7.138549999999611,44.2803999999997],[7.055270000000746,44.273859999999274],[6.725109999999461,44.45171999999911],[6.689720000000307,44.44815000000017],[6.646150000000603,44.38330999999937],[6.550970000000348,44.36248999999958],[6.407750000000306,44.38183000000038],[6.348710000000324,44.43150000000065],[6.257400000000473,44.45855999999907],[6.172119999999381,44.44456],[6.030950000000416,44.46240000000046],[5.962069999999642,44.40637000000061],[5.901750000001016,44.38530999999966],[5.855729999999312,44.32430000000022],[5.853030000000274,44.275739999999246],[5.93212,44.210080000000744]]]},"properties":{}},{"type":"Feature","geometry":{"type":"MultiLineString","coordinates":[[[6.518879999999626,45.480540000000474],[6.464270000000397,45.411659999999756],[6.497460000000501,45.32207000000017],[6.434460000000399,45.23421000000053],[6.429700000000594,45.19494999999915],[6.406510000000708,45.19287000000077],[6.388960000000225,45.16193000000021],[6.396389999999883,45.08310999999958],[6.349700000000666,45.04504000000088],[6.382120000000214,45.03551999999945]]]},"properties":{}},{"type":"Feature","geometry":{"type":"MultiLineString","coordinates":[[[6.86875,45.279119999999295],[6.789899999999875,45.271689999999694],[6.737849999999469,45.219339999999704],[6.61515,45.18870000000061],[6.479970000000321,45.211600000000544],[6.386280000000625,45.25681000000077],[6.330659999999682,45.261870000000386],[6.328729999999325,45.299349999999436],[6.290059999999357,45.358239999999626],[6.274590000001012,45.42159],[6.18477,45.46591000000075],[6.07338,45.47006999999945],[6.036500000000274,45.50220000000081]]]},"properties":{}},{"type":"Feature","geometry":{"type":"MultiLineString","coordinates":[[[6.786739999999554,45.03463000000011],[6.720419999999649,45.03850000000057],[6.570809999999256,45.09887999999955],[6.609179999999469,45.151819999999134],[6.61602,45.189000000000306]]]},"properties":{}},{"type":"Feature","geometry":{"type":"MultiLineString","coordinates":[[[7.014390000000333,45.129670000000374],[6.937299999999709,45.12922000000083],[6.83186000000029,45.19168],[6.870530000000144,45.23063999999977],[6.86875,45.279119999999295],[6.973560000000475,45.32582],[7.020259999999269,45.297860000000696],[7.051489999999887,45.3002400000006]]]},"properties":{}},{"type":"Feature","geometry":{"type":"MultiLineString","coordinates":[[[5.343179999999847,44.75216999999975],[5.380069999999307,44.77686],[5.385720000000276,44.800349999999526],[5.493187421358641,44.84835886859827]]]},"properties":{}},{"type":"Feature","geometry":{"type":"MultiLineString","coordinates":[[[3.743440000000192,45.55959000000075],[3.769850000000588,45.40755],[3.745929999999134,45.30011000000013],[3.7455800000007,45.206239999999525],[3.821239999999307,45.14593000000059]]]},"properties":{}},{"type":"Feature","geometry":{"type":"MultiLineString","coordinates":[[[4.085779999999431,45.60850000000028],[4.039380000000165,45.71200999999928],[4.044739999999365,45.88083],[4.003329999999551,45.94650999999976],[4.009040000000823,45.983980000000884],[4.075430000000779,46.04965000000084]]]},"properties":{}},{"type":"Feature","geometry":{"type":"MultiLineString","coordinates":[[[4.846050000000105,45.79925],[4.882449999999153,45.84101],[4.868179999999484,45.879549999999654],[4.819639999999708,45.940230000000156],[4.765740000000733,45.95879000000059],[4.765030000000479,46.0391],[4.72041,46.059800000000905]]]},"properties":{}},{"type":"Feature","geometry":{"type":"MultiLineString","coordinates":[[[5.035040000000663,45.85885000000053],[5.061809999999241,45.97127999999975],[5.01148,46.03659999999945],[4.997559999999794,46.08763999999974],[4.891379999999117,46.13189000000057],[4.816779999999198,46.14331999999922],[4.772880000000441,46.10013000000072],[4.765030000000479,46.03838]]]},"properties":{}},{"type":"Feature","geometry":{"type":"MultiLineString","coordinates":[[[5.635200000000623,45.82459000000017],[5.553459999999177,45.857420000000275],[5.49475,45.9463],[5.457990000000791,45.959860000000845],[5.394099999999526,45.93309000000045],[5.368399999999383,45.9659300000003]]]},"properties":{}},{"type":"Feature","geometry":{"type":"MultiLineString","coordinates":[[[5.687309999999343,45.760340000000724],[5.635550000000933,45.82816],[5.66161,45.87954999999971],[5.66982,46.00876000000068]]]},"properties":{}},{"type":"Feature","geometry":{"type":"MultiLineString","coordinates":[[[5.690699999999197,45.755699999999706],[5.739949999999226,45.75677],[5.760650000000169,45.77712000000065],[5.812760000000708,45.93131],[5.77743,46.03339000000051],[5.77886000000035,46.08727999999974],[5.804910000000746,46.13832]]]},"properties":{}},{"type":"Feature","geometry":{"type":"MultiLineString","coordinates":[[[5.800629999999728,45.96913999999924],[5.826329999999871,45.95326000000023],[5.811690000000453,45.929700000000594]]]},"properties":{}},{"type":"Feature","geometry":{"type":"MultiLineString","coordinates":[[[5.904850000000806,46.007509999999456],[5.893780000000334,46.05177],[5.861660000000484,46.08746000000065],[5.868440000000192,46.113869999999224],[5.902350000000297,46.13849999999911]]]},"properties":{}},{"type":"Feature","geometry":{"type":"MultiLineString","coordinates":[[[5.370539999999892,46.01108000000022],[5.403019999999742,46.05962],[5.542219999999361,46.13956999999937]]]},"properties":{}},{"type":"Feature","geometry":{"type":"MultiLineString","coordinates":[[[6.13256,45.93433999999979],[6.158980000000156,45.955400000000736],[6.162899999999354,45.99750999999924],[6.213229999999385,46.05640999999923],[6.230359999999564,46.13529000000017]]]},"properties":{}},{"type":"Feature","geometry":{"type":"MultiLineString","coordinates":[[[6.763769999999568,45.61418000000049],[6.727010000000519,45.64631],[6.704170000000886,45.72661],[6.724159999999756,45.857959999999366],[6.70881,45.88116000000082],[6.6335,45.91755999999987],[6.62243,45.932559999999285],[6.647059999999328,45.944330000000264]]]},"properties":{}},{"type":"Feature","geometry":{"type":"MultiLineString","coordinates":[[[6.698819999999614,45.920060000000376],[6.758780000000115,45.922560000000885],[6.78947,45.88687000000027],[6.818380000000616,45.89651000000049],[6.843370000000505,45.91613999999936],[6.893519999999626,46.01535999999942],[7.057699999999386,46.14278000000013]]]},"properties":{}},{"type":"Feature","geometry":{"type":"MultiLineString","coordinates":[[[6.289790000000721,45.74767000000065],[6.302990000000136,45.72732999999971],[6.300489999999627,45.66272000000026],[6.360459999999875,45.66771999999946]]]},"properties":{}},{"type":"Feature","geometry":{"type":"MultiLineString","coordinates":[[[6.592989999999133,44.886780000000726],[6.753419999999153,44.93924999999945],[6.791610000000333,45.00527999999946],[6.786620000000823,45.03526000000056],[6.89691,45.092370000000415],[7.014510000000996,45.12949]],[[6.26696665739297,45.02699351372871],[6.381450000000825,45.03561000000093],[6.59328,44.88714000000084],[6.547139607595625,44.92384680777002]]]},"properties":{}},{"type":"Feature","geometry":{"type":"MultiLineString","coordinates":[[[7.514080000000831,45.08029],[7.34008,45.122820000000615],[7.014390000000333,45.129670000000374]],[[7.688630000000501,45.07453],[7.709090000000344,45.11689],[7.896590000000344,45.20682999999917],[7.98891,45.19446000000062],[8.61233,45.19922000000048]]]},"properties":{}},{"type":"Feature","geometry":{"type":"MultiLineString","coordinates":[[[5.440319999999758,43.534789999999816],[5.3104000000003,43.55585000000059],[5.199899999999673,43.54085999999916]]]},"properties":{}},{"type":"Feature","geometry":{"type":"MultiLineString","coordinates":[[[4.630799,43.677616],[4.930280000000478,43.61367000000076],[4.975609999999636,43.52621999999984],[4.932419999999182,43.44021000000067]],[[5.183479999999844,43.40237],[5.323749999999613,43.41415000000059],[5.353010000000867,43.38559999999969],[5.363939999999277,43.30565000000029]],[[4.947550000000849,43.47768],[4.986100000000123,43.4241500000007],[5.057489999999193,43.405940000000626],[5.182409999999571,43.40237]]]},"properties":{}},{"type":"Feature","geometry":{"type":"MultiLineString","coordinates":[[[4.630799,43.677616],[4.916719999999203,43.618669999999874],[5.015579999999368,43.57905000000026],[5.056989999999173,43.53943000000073],[5.199899999999708,43.54085999999918],[5.244870000000447,43.44199],[5.347659999999474,43.39488],[5.363939999999277,43.30565000000029]]]},"properties":{}},{"type":"Feature","geometry":{"type":"MultiLineString","coordinates":[[[6.083979999999485,43.826039999999864],[5.970129999999699,43.78071000000091],[5.873579999999549,43.765719999999476],[5.671029999999519,43.69291],[5.634980000000837,43.66648999999967],[5.525229999999397,43.64293999999978],[5.441349999999204,43.53515]]]},"properties":{}},{"type":"Feature","geometry":{"type":"MultiLineString","coordinates":[[[5.575840503652701,43.86276996725594],[5.484899999999478,43.86030000000028],[5.440280000000635,43.8835],[5.368539999999588,43.89171],[5.306045257530014,43.858809769699945],[5.109420000000894,43.87850000000069],[5.03946,43.85959],[5.034166000000218,43.829885]]]},"properties":{}},{"type":"Feature","geometry":{"type":"MultiLineString","coordinates":[[[5.906740000000354,43.42405999999937],[6.004769999999553,43.412640000000465],[6.250570000000153,43.42072999999982],[6.349560000000565,43.403120000000854],[6.574420000000828,43.48115999999936],[6.726459999999861,43.44166000000041],[6.863999999999578,43.45450999999957],[6.951320000000123,43.54922000000079],[7.120740000000296,43.58490999999958],[7.115030000000843,43.601559999999154],[7.145490000000791,43.663909999999305],[7.270409999999174,43.70959000000039]]]},"properties":{}},{"type":"Feature","geometry":{"type":"MultiLineString","coordinates":[[[6.74026000000049,43.44499999999971],[6.814029999999548,43.51590000000033],[6.920630000000529,43.52160999999978]]]},"properties":{}},{"type":"Feature","geometry":{"type":"MultiLineString","coordinates":[[[6.231584571929545,44.0996598803531],[6.287689999999202,44.057950000000346],[6.293400000000531,44.007019999999216],[6.316720000000771,43.97419000000082],[6.346219999999448,43.96705],[6.444729999999197,43.87901000000056],[6.506359999999461,43.85474000000079]]]},"properties":{}},{"type":"Feature","geometry":{"type":"MultiLineString","coordinates":[[[6.505890000000363,43.854499999999575],[6.620810000000404,43.809530000000564],[6.652400000000796,43.7756200000004],[6.89511,43.79882],[7.024388424581389,43.78904286382209],[7.069110000000478,43.774550000000204],[7.10765,43.728150000000824]]]},"properties":{}},{"type":"Feature","geometry":{"type":"MultiLineString","coordinates":[[[6.751449999999807,43.868780000000754],[6.88922,43.869489999999246],[6.93383,43.83915],[6.896000000000754,43.816310000000215],[6.904570000000717,43.80632],[7.049119999999732,43.78347000000031],[7.10765,43.728150000000824]]]},"properties":{}},{"type":"Feature","geometry":{"type":"MultiLineString","coordinates":[[[7.10765,43.728150000000824],[7.19189,43.74457000000075],[7.270049999999173,43.728870000000825]]]},"properties":{}},{"type":"Feature","geometry":{"type":"MultiLineString","coordinates":[[[7.271479999999428,43.706019999999626],[7.287539999999353,43.7499200000002],[7.417820000000575,43.755989999999656],[7.576820000000225,43.80239000000074],[7.661949999999706,43.79204000000027],[7.774729999999181,43.82666000000063],[7.945519999999306,43.85236000000077],[8.067769999999655,43.898049999999785],[8.1677,43.96158],[8.16342000000077,44.00048000000061],[8.219629999999597,44.05009000000064],[8.236769999999524,44.108980000000884],[8.2803100000001,44.15610000000015],[8.411120000000665,44.19572],[8.41755000000012,44.23212000000058],[8.451450000000477,44.25782000000072],[8.433960000000297,44.278519999999844],[8.47737000000052,44.314940000000206]]]},"properties":{}},{"type":"Feature","geometry":{"type":"MultiLineString","coordinates":[[[6.730121435478679,43.44236946514036],[6.67721,43.46451],[6.526920000000302,43.48356000000064],[6.408900000000415,43.58254],[6.235440000000381,43.67201000000023],[6.171669999999779,43.73339999999928],[6.147870000000751,43.73387000000014],[6.14026,43.75671999999946],[6.084100000000149,43.789080000000524],[6.084580000000642,43.82619999999963]]]},"properties":{}},{"type":"Feature","geometry":{"type":"MultiLineString","coordinates":[[[9.699689999999464,45.061139999999796],[9.448420000000624,45.0635199999997],[9.273059999999532,45.088260000000446],[9.266869999999471,45.06922999999915],[9.19311000000016,45.04210000000057],[8.97919,44.99260999999933],[8.936359999999695,44.970719999999346],[8.854750000000422,44.88458]]]},"properties":{}},{"type":"Feature","geometry":{"type":"MultiLineString","coordinates":[[[8.296739999999772,44.357649999999865],[8.275799999999492,44.408569999999656],[8.316249999999854,44.451880000000585],[8.29150999999922,44.46139000000039],[8.308639999999343,44.51041000000089],[8.298640000001,44.525159999999346],[8.351940000000525,44.561809999999355],[8.364789999999687,44.665549999999826],[8.514219999999113,44.6921999999995],[8.543250000000683,44.73978999999969],[8.593699999999387,44.77976999999919],[8.8552,44.88494]]]},"properties":{}},{"type":"Feature","geometry":{"type":"MultiLineString","coordinates":[[[8.477339999999458,44.31434000000081],[8.700539999999819,44.42142000000058],[8.759550000000672,44.436649999999645],[8.831410000000687,44.42902999999933],[8.876140000000305,44.44569000000047],[8.964420000000246,44.39905],[9.119559999999183,44.37572999999975],[9.163339999999152,44.35478999999941],[9.242099999999482,44.357169999999314],[9.351559999999154,44.31530000000021]]]},"properties":{}},{"type":"Feature","geometry":{"type":"MultiLineString","coordinates":[[[11.180169999999748,42.56068000000056],[11.15114,42.63635000000079],[11.102600000000223,42.68965000000031],[11.0569200000009,42.71724999999975],[10.838480000000288,42.78673],[10.783040000000256,42.913319999999715],[10.570550000000424,43.05133000000029],[10.54486,43.10510000000073],[10.543900000000576,43.24167999999912],[10.512489999999275,43.3021200000004],[10.45539,43.35304],[10.4887,43.4101499999997],[10.39638000000025,43.721859999999765],[10.399230000000841,43.79277000000013],[10.335940000000903,43.86225],[10.205540000000838,43.962659999999346],[10.025659999999448,44.06259999999929],[9.93952,44.126840000000925],[9.91525,44.17347999999953],[9.853859999999202,44.19774999999947],[9.776770000000397,44.19727000000063],[9.75367999999986,44.222499999999854],[9.669449999999472,44.23296999999911],[9.647080000000756,44.25057000000015],[9.582839999999123,44.2467699999998],[9.39796000000024,44.28008000000057],[9.395099999999672,44.30386999999968],[9.35083999999921,44.31482]]]},"properties":{}},{"type":"Feature","geometry":{"type":"MultiLineString","coordinates":[[[9.724889999999505,44.79213999999956],[9.724420000000464,44.83307000000059],[9.75583,44.89683999999943],[9.731560000000172,44.95252000000073]]]},"properties":{}},{"type":"Feature","geometry":{"type":"MultiLineString","coordinates":[[[9.731079999999565,44.95347000000038],[9.699189999999362,45.06149],[9.58259999999973,44.89350000000013],[9.50789000000077,44.83021],[9.40795000000071,44.80023000000074],[9.3812999999991,44.775009999999384]]]},"properties":{}},{"type":"Feature","geometry":{"type":"MultiLineString","coordinates":[[[9.437930000000165,45.299440000000686],[9.522639999999228,45.26326999999952],[9.613059999999678,45.258990000000324],[9.77035000000069,45.1893299999993]]]},"properties":{}},{"type":"Feature","geometry":{"type":"MultiLineString","coordinates":[[[9.190133784996135,45.469829797253226],[9.212359999999535,45.37987000000072],[9.207599999999672,45.272310000000346],[9.143350000000225,45.19189]]]},"properties":{}},{"type":"Feature","geometry":{"type":"MultiLineString","coordinates":[[[9.41772,45.31171999999975],[9.728699999999776,45.37987000000072],[9.819600000000662,45.37511000000086],[9.973309999999458,45.42698000000024],[10.13415999999961,45.52311],[10.236846970189902,45.53792481421294]]]},"properties":{}},{"type":"Feature","geometry":{"type":"MultiLineString","coordinates":[[[10.025910000000408,45.14221999999978],[10.28883,45.08005000000048],[10.489649999999529,44.95585000000034],[10.51678,44.92158000000029]]]},"properties":{}},{"type":"Feature","geometry":{"type":"MultiLineString","coordinates":[[[32.597139999999854,29.908869999999297],[32.724560000000565,29.93671],[32.776309999999285,29.92886],[32.86803999999938,29.953129999999874],[32.90409,29.94706000000042],[33.03679000000011,30.01202000000012],[33.17099000000053,29.992389999999432],[33.26172000000042,30.02736],[33.34595000000081,30.11160000000018]]]},"properties":{}},{"type":"Feature","geometry":{"type":"MultiLineString","coordinates":[[[33.17099000000053,29.992389999999432],[33.46301999999923,29.935279999999693],[33.717930000000706,29.92029],[33.870199999999386,29.851399999999558],[33.95943000000079,29.78465999999935],[34.09970000000067,29.711129999999685],[34.19642000000022,29.684719999999288],[34.35661000000073,29.656880000000456],[34.425129999999626,29.69115000000056],[34.50259,29.6965],[34.88549000000057,29.60513],[35.0043399999995,29.516970000000583],[34.95472999999947,29.33209],[34.955799999999726,29.23286],[35.0311099999999,29.176470000000336],[35.140330000000176,29.0287100000005],[35.17352000000028,28.929120000000694],[35.326639999999315,28.904140000000552],[35.473690000000715,28.857379999999466]]]},"properties":{}},{"type":"Feature","geometry":{"type":"MultiLineString","coordinates":[[[35.17740000000049,28.92761000000064],[35.16273999999976,28.871660000000702],[35.13169000000016,28.847390000000814],[35.10885000000053,28.79635000000053],[35.10921000000053,28.708909999999378],[35.057450000000244,28.62896],[35.0592400000005,28.601119999999355],[35.0374699999993,28.587550000000192],[35.01855000000069,28.461559999999736]]]},"properties":{}},{"type":"Feature","geometry":{"type":"MultiLineString","coordinates":[[[35.01855000000069,28.461559999999736],[35.04425000000083,28.371259999999893],[35.0271100000009,28.264180000000124],[35.055309999999736,28.21099999999933],[35.06423,28.130339999999705],[35.137759999999616,28.077869999999166],[35.241980000000694,28.075370000000476],[35.26375,28.058960000000297],[35.25268999999935,28.0072],[35.37724999999955,27.885490000000573],[35.44221,27.7802],[35.490750000000844,27.655640000000858],[35.560639999999694,27.647430000000895]]]},"properties":{}},{"type":"Feature","geometry":{"type":"MultiLineString","coordinates":[[[34.744839999999385,28.39767000000029],[34.798140000000785,28.44050000000061],[34.86334,28.466200000000754],[34.9613700000009,28.48475999999937],[35.01855000000069,28.468699999999444]]]},"properties":{}},{"type":"Feature","geometry":{"type":"MultiLineString","coordinates":[[[35.0343699999994,29.61665],[35.05149999999958,29.783219999999346],[35.03723,29.840319999999338],[35.075769999999466,29.961680000000342]]]},"properties":{}},{"type":"Feature","geometry":{"type":"MultiLineString","coordinates":[[[35.122910000000104,30.05655],[35.16087605256996,30.150167853088135],[35.132917385751455,30.28401253466609],[35.159388889441345,30.55675825245936],[35.1950808045288,30.728079444879143],[35.267505648893746,30.862221559082855],[35.269587677273876,31.01123530457295]]]},"properties":{}},{"type":"Feature","geometry":{"type":"MultiLineString","coordinates":[[[10.931140000000653,34.97607000000062],[11.007949999999198,35.03269999999981],[11.025079999999377,35.121699999999805],[11.090749999999446,35.20974000000035],[11.12454000000065,35.23686000000089],[11.162609999999518,35.23877],[11.072669999999505,35.297300000000234],[11.03364999999934,35.35297999999966],[11.046969999999419,35.48385000000064],[11.08742,35.51574000000085],[11.04745,35.51669000000038],[11.033170000000666,35.54239000000052],[11.026509999999746,35.58474000000035],[11.043907837480674,35.6263991467838],[10.87191783748176,35.67969914678332]]]},"properties":{}},{"type":"Feature","geometry":{"type":"MultiLineString","coordinates":[[[8.820079999999507,34.46068000000014],[8.953330000000278,34.54157999999916],[9.161299999999756,34.72861000000012],[9.500609999999142,34.99559000000045],[9.680490000000646,35.04889],[9.776620000000548,35.12598000000071],[10.192549999999756,35.58901999999944],[10.2782100000004,35.66517000000022],[10.210160000000542,35.81554999999935]]]},"properties":{}},{"type":"Feature","geometry":{"type":"MultiLineString","coordinates":[[[9.219349999999395,35.86456],[9.362600000000384,35.820309999999154],[9.518690000000788,35.86885000000075],[9.486329999999725,35.886459999999715],[9.371639999999388,35.90168000000085],[9.326429999999164,35.95165000000088]]]},"properties":{}},{"type":"Feature","geometry":{"type":"MultiLineString","coordinates":[[[9.518690000000788,35.86931999999979],[9.626720000000205,35.90929999999935],[9.634330000000773,35.94785000000047],[9.657649999999194,35.97163999999975],[9.724280000000363,35.994010000000344],[9.975549999999203,35.822690000000875],[10.2782100000004,35.66563999999926],[10.281549999999697,35.63471000000027],[10.20730999999978,35.48908999999912],[10.08453,35.104090000000724],[10.078820000000633,35.01224],[10.105470000000423,34.979880000000776]]]},"properties":{}},{"type":"Feature","geometry":{"type":"MultiLineString","coordinates":[[[10.07690999999977,34.273660000000746],[10.110220000000481,34.63296000000082],[10.078820000000633,35.01224]]]},"properties":{}},{"type":"Feature","geometry":{"type":"MultiLineString","coordinates":[[[8.934300000000803,34.52778000000035],[9.444929999999658,34.61392],[9.69525000000067,34.63818999999967],[10.188270000000557,34.64723000000049],[10.41526999999951,34.63010000000031]]]},"properties":{}},{"type":"Feature","geometry":{"type":"MultiLineString","coordinates":[[[9.913679999999658,34.762399999999616],[10.177799999999479,34.980830000000424],[10.422409999999218,35.15644000000066],[10.71508,35.304439999999886]]]},"properties":{}},{"type":"Feature","geometry":{"type":"MultiLineString","coordinates":[[[10.693162691808482,34.66051193428274],[10.753249999999753,34.72738000000032],[10.66807,34.79972000000089],[10.618570000000602,34.83255],[10.388720000000774,34.91393000000062],[10.153630000000817,34.97769999999957],[9.983260000000996,35.045280000000275],[9.645850000000792,35.11427999999978],[9.59635999999955,35.14759000000055],[9.489279999999837,35.18138],[9.130170000000419,35.257799999999406],[8.74346,35.43864000000025],[8.683499999999185,35.44863000000083],[8.495520000000454,35.42008]]]},"properties":{}},{"type":"Feature","geometry":{"type":"MultiLineString","coordinates":[[[8.814469999999346,34.55606000000074],[9.05527000000086,34.82589000000013],[9.279409999999189,35.03242999999935],[9.33705,35.06823000000077]]]},"properties":{}},{"type":"Feature","geometry":{"type":"MultiLineString","coordinates":[[[10.71485000000024,35.30392000000029],[10.453820000000746,35.43435999999929],[9.9646,35.50240999999926],[9.860860000000741,35.53286999999921],[9.727370000000576,35.5985],[9.572169999999517,35.4035999999997],[9.322620000000882,35.32462999999916],[9.295500000000175,35.29797999999943],[9.214599999999393,35.27227999999934],[9.000722170872393,35.24197652682517],[8.8000200000007,35.166830000000175],[8.777169999999387,35.21179999999919],[8.700790000000836,35.29103000000032],[8.617990000000646,35.34599999999966],[8.152599999999495,35.408939999999404]]]},"properties":{}},{"type":"Feature","geometry":{"type":"MultiLineString","coordinates":[[[10.141820000000735,36.39499000000069],[10.222239999999147,36.33169000000089],[10.272209999999177,36.19130000000041],[10.32456,36.13467],[10.386430000000473,36.01332],[10.630559999999605,35.845330000000104]]]},"properties":{}},{"type":"Feature","geometry":{"type":"MultiLineString","coordinates":[[[35.05931000000055,29.88998],[34.94310000000041,29.967860000000655],[34.85219999999936,30.001179999999295],[34.681829999999536,29.99879999999939]]]},"properties":{}},{"type":"Feature","geometry":{"type":"MultiLineString","coordinates":[[[34.6877299999997,29.971190000000206],[34.65775000000036,30.0559],[34.564882576824175,30.209685885758972],[34.51669849145611,30.258226890278024],[34.414262695155,30.318189307624948],[34.36500785233443,30.409917529399706],[34.33520510323632,30.433117274206552],[34.09946000408365,30.5087841341919],[34.02200854834393,30.487368985139426],[33.952052394772636,30.499861155420035],[33.89958527959391,30.481301359574616]]]},"properties":{}},{"type":"Feature","geometry":{"type":"MultiLineString","coordinates":[[[34.90404999999919,29.595139999999446],[34.71437999999944,29.57143999999971],[34.59303,29.49102],[34.544959999999264,29.334450000000288],[34.54876999999942,29.29781],[34.58541999999943,29.258780000000115],[34.57304,29.17692999999963],[34.53878000000077,29.11316000000079],[34.54830000000038,29.065570000000662],[34.42931999999928,28.930420000000595]]]},"properties":{}},{"type":"Feature","geometry":{"type":"MultiLineString","coordinates":[[[34.42931999999928,28.930420000000595],[34.34051999999974,28.837139999999636],[34.28151000000071,28.80192999999963],[34.19536999999946,28.82287],[34.15777999999955,28.765760000000228],[34.11352000000079,28.7519599999996],[34.0935300000001,28.70436999999947],[34.03100000000086,28.662969999999405],[33.99625999999989,28.615850000000137],[33.97674999999981,28.553509999999733],[34.02052999999978,28.46119],[34.01958000000013,28.40884],[33.99006999999983,28.35935000000063],[33.93391999999949,28.33412],[33.88681,28.261790000000474],[33.714529999999286,28.22657000000072],[33.63354000000072,28.240850000000137]]]},"properties":{}},{"type":"Feature","geometry":{"type":"MultiLineString","coordinates":[[[35.00149000000056,29.530179999999746],[35.02490000000034,29.565969999999652],[35.13721000000078,29.557409999999436],[35.27378999999928,29.695890000000873],[35.31091000000015,29.80725],[35.30377000000044,29.925750000000335],[35.33993999999984,30.01140999999916],[35.44426000000021,30.037580000000162],[35.44996999999967,30.080889999999272],[35.52462999999989,30.193719999999303]]]},"properties":{}},{"type":"Feature","geometry":{"type":"MultiLineString","coordinates":[[[35.4514,30.04853],[35.4323600000007,30.07803000000058],[35.407139999999345,30.083269999999175],[35.4347400000006,30.116579999999885],[35.442590000000564,30.178970000000845],[35.476440000000366,30.212330000000293]]]},"properties":{}},{"type":"Feature","geometry":{"type":"MultiLineString","coordinates":[[[33.73756999999932,29.90993999999955],[33.84661000000051,30.0018],[33.88944000000083,30.08151]]]},"properties":{}},{"type":"Feature","geometry":{"type":"MultiLineString","coordinates":[[[32.57532,29.95262],[32.604590000000826,29.89730000000054],[32.735930000000735,29.82984000000033],[32.795679999999265,29.768809999999576],[32.85243000000082,29.583559999999125],[32.81852000000072,29.412599999999657],[32.93594999999914,29.345139999999446],[33.04609999999957,29.17952999999943],[33.099850000000515,29.058890000000247]]]},"properties":{}},{"type":"Feature","geometry":{"type":"MultiLineString","coordinates":[[[33.099850000000515,29.058890000000247],[33.22077,28.996789999999237],[33.27787999999964,28.91755000000012],[33.38174000000072,28.885290000000168],[33.43207000000075,28.839959999999337]]]},"properties":{}},{"type":"Feature","geometry":{"type":"MultiLineString","coordinates":[[[33.43207000000075,28.839959999999337],[33.45720000000074,28.802840000000288],[33.6206600000005,28.70861],[33.70368000000053,28.689700000000812],[33.74044999999933,28.70932999999968],[33.78363,28.70861],[33.86607999999978,28.67863000000034],[33.88992,28.65436000000045],[33.94809999999961,28.64437],[33.992519999999786,28.607130000000325]]]},"properties":{}},{"type":"Feature","geometry":{"type":"MultiLineString","coordinates":[[[32.89863999999943,25.970950000000812],[32.71732999999949,26.167960000000676],[32.786809999999605,26.335479999999734]]]},"properties":{}},{"type":"Feature","geometry":{"type":"MultiLineString","coordinates":[[[32.786809999999605,26.335479999999734],[32.8125,26.4159],[32.76920000000064,26.586269999999786],[32.76634000000013,26.675740000000587],[32.88436,26.73236999999972],[32.95194000000083,26.804229999999734],[33.01284999999916,26.84182999999939],[33.1283999999996,27.004109999999855],[33.27926,27.118319999999585],[33.35388000000057,27.20398000000023]]]},"properties":{}},{"type":"Feature","geometry":{"type":"MultiLineString","coordinates":[[[33.34769000000051,27.20017],[33.35388000000057,27.26394000000073],[33.29772000000048,27.285359999999855],[33.29724999999962,27.22681999999986],[33.31532999999945,27.20922000000064],[33.352929999999105,27.213019999999233]]]},"properties":{}},{"type":"Feature","geometry":{"type":"MultiLineString","coordinates":[[[33.386239999999816,27.22635000000082],[33.46942999999919,27.248240000000806],[33.58078000000023,27.303439999999682]]]},"properties":{}},{"type":"Feature","geometry":{"type":"MultiLineString","coordinates":[[[33.58078000000023,27.303439999999682],[33.61714000000029,27.321529999999257],[33.64128999999957,27.374799999999595],[33.68091,27.368640000000596]]]},"properties":{}},{"type":"Feature","geometry":{"type":"MultiLineString","coordinates":[[[33.25417000000016,27.099480000000767],[33.20883,27.149250000000393],[33.24546999999984,27.172099999999773]]]},"properties":{}},{"type":"Feature","geometry":{"type":"MultiLineString","coordinates":[[[33.23643000000084,27.08596000000034],[33.27260000000024,27.07311],[33.28592000000026,27.050269999999728]]]},"properties":{}},{"type":"Feature","geometry":{"type":"MultiLineString","coordinates":[[[33.0361699999994,26.86562000000049],[33.14249000000018,26.87181000000055],[33.21911,26.95271],[33.264320000000225,26.954610000000685]]]},"properties":{}},{"type":"Feature","geometry":{"type":"MultiLineString","coordinates":[[[33.251940000000104,26.960800000000745],[33.285830000000715,26.9688900000001],[33.330079999999725,27.00981999999931],[33.34817,27.004580000000715],[33.40956,26.928439999999682],[33.39718999999968,26.889419999999518],[33.407649999999194,26.840879999999743],[33.4680900000003,26.80138000000079]]]},"properties":{}},{"type":"Feature","geometry":{"type":"MultiLineString","coordinates":[[[33.4680900000003,26.80138000000079],[33.50655,26.843259999999646],[33.51320999999916,26.88894000000073],[33.570309999999154,26.94938],[33.59078000000045,26.99982000000091]]]},"properties":{}},{"type":"Feature","geometry":{"type":"MultiLineString","coordinates":[[[33.59078000000045,26.99982000000091],[33.6607299999996,27.018379999999524],[33.70390000000043,27.051320000000487]]]},"properties":{}},{"type":"Feature","geometry":{"type":"MultiLineString","coordinates":[[[33.4680900000003,26.80138000000079],[33.55841999999939,26.7338],[33.626469999999244,26.739509999999427],[33.57792999999947,26.769019999999728]]]},"properties":{}},{"type":"Feature","geometry":{"type":"MultiLineString","coordinates":[[[33.57792999999947,26.769019999999728],[33.53986000000077,26.79709],[33.48751000000084,26.80899]]]},"properties":{}},{"type":"Feature","geometry":{"type":"MultiLineString","coordinates":[[[33.568890000000465,26.7338],[33.599819999999454,26.710479999999734],[33.613139999999476,26.67479],[33.58792,26.49395],[33.59792000000016,26.469199999999546],[33.63218000000052,26.453020000000834],[33.71450999999979,26.36689],[33.742589999999836,26.3768799999998]]]},"properties":{}},{"type":"Feature","geometry":{"type":"MultiLineString","coordinates":[[[33.60268,26.461590000000797],[33.54319000000032,26.436369999999442],[33.51320999999916,26.40258],[33.435639999999694,26.388779999999315]]]},"properties":{}},{"type":"Feature","geometry":{"type":"MultiLineString","coordinates":[[[33.742589999999836,26.3768799999998],[33.78180000000066,26.37974000000031],[33.89410999999927,26.32834],[33.996429999999236,26.305019999999786]]]},"properties":{}},{"type":"Feature","geometry":{"type":"MultiLineString","coordinates":[[[33.8700800000006,26.34697000000051],[33.85461000000032,26.401630000000296],[33.8988700000009,26.447790000000168],[33.90315,26.502990000000864],[33.950269999999364,26.546770000000834],[33.980719999999565,26.5463],[34.02484,26.572330000000875]]]},"properties":{}},{"type":"Feature","geometry":{"type":"MultiLineString","coordinates":[[[33.996429999999236,26.305019999999786],[34.050680000000284,26.338809999999285],[34.12363,26.346400000000358]]]},"properties":{}},{"type":"Feature","geometry":{"type":"MultiLineString","coordinates":[[[25.25228000000061,46.0058599999993],[25.27560000000085,46.13721000000078],[25.366969999999128,46.1885999999995],[25.397430000000895,46.24475999999959],[25.371730000000753,46.272360000000845]]]},"properties":{}},{"type":"Feature","geometry":{"type":"MultiLineString","coordinates":[[[24.347149999999658,45.26421999999923],[24.446599999999364,45.272989999999595],[24.516079999999533,45.30249],[24.39996000000076,45.38815000000068]],[[24.317520000000457,45.39517999999953],[24.39996000000076,45.38815000000068],[24.451359999999227,45.42242000000073],[24.40186,45.484280000000695],[24.31723000000062,45.51701]]]},"properties":{}},{"type":"Feature","geometry":{"type":"MultiLineString","coordinates":[[[24.1791,44.23507000000063],[24.387539999999717,44.18651999999929],[24.49747000000025,44.125130000000354],[24.573850000000675,44.02162999999928],[24.673290000000634,43.81890000000021],[24.722540000000663,43.7932],[24.774649999999383,43.73394999999982],[24.75467000000026,43.72824000000037],[24.569069999999556,43.78463000000011],[24.488170000000537,43.783219999999346]]]},"properties":{}},{"type":"Feature","geometry":{"type":"MultiLineString","coordinates":[[[23.84970000000078,43.75185000000067],[23.977150000000677,43.74162000000081],[24.029619999999397,43.713250000000755],[24.184520000000703,43.67469999999969],[24.445789999999874,43.71467999999919],[24.60297,43.64616000000029],[24.665290000000766,43.63616000000013],[24.772370000000706,43.68397999999979],[24.872020000000816,43.661140000000216],[24.889150000000996,43.66684999999961],[24.892719999999883,43.706829999999286],[24.94269,43.71182000000056],[24.974099999999453,43.70326000000017],[25.0926,43.61331000000064],[25.227510000000734,43.571910000000685],[25.381760000000327,43.61679999999984],[25.497059999999806,43.616169999999386],[25.74405,43.67113000000057],[25.92001,43.78463000000022],[25.97926,43.856019999999205],[26.190269999999146,43.97523],[26.36373,44.01877000000064],[26.45082,44.016630000000134],[26.58929999999964,44.05304000000069],[26.710300000000757,44.06018000000046],[26.868769999999188,44.111569999999176],[26.98120000000017,44.128699999999355],[27.08756,44.13513000000063],[27.441339999999457,44.112289999999064],[27.614799999999377,44.19937000000027],[27.71688,44.19937000000027],[27.81467999999944,44.23648999999938],[27.933670000000347,44.24292000000065],[27.982930000000124,44.26576000000023],[28.04289000000074,44.36713000000054],[28.12284,44.432090000000244],[28.124270000000365,44.482050000000584],[28.05503,44.53916000000021],[28.05717,44.61910999999964],[28.02433000000019,44.66194],[27.950810000000274,44.69835000000069],[28.05717,44.71191],[28.08643999999913,44.73118000000068],[28.109280000000695,44.83683000000019],[28.18280000000061,44.956039999999234],[28.154249999999706,45.01172000000048],[28.21135999999933,45.131649999999354],[28.13568999999916,45.26585],[28.172099999999716,45.340089999999805],[28.24919000000051,45.30653999999964],[28.507240000000934,45.26585],[28.595760000000155,45.20802999999984],[28.683559999999602,45.17733000000044],[28.738530000000537,45.16519999999957],[28.803490000000295,45.18161999999944],[29.04376000000059,45.113090000000795],[29.159410000000264,45.04599000000053]]]},"properties":{}},{"type":"Feature","geometry":{"type":"MultiLineString","coordinates":[[[29.159410000000207,45.04599000000053],[29.200810000000274,45.03313999999955],[29.147979999999734,45.01101000000017]]]},"properties":{}},{"type":"Feature","geometry":{"type":"MultiLineString","coordinates":[[[28.789090000000215,45.17724000000089],[28.697910000000775,45.106659999999465],[28.61938999999984,45.069540000000416],[28.53158000000076,44.98244999999952]]]},"properties":{}},{"type":"Feature","geometry":{"type":"MultiLineString","coordinates":[[[28.50724000000082,45.26584999999977],[28.466630000000805,45.20089],[28.50232,45.04384000000027],[28.592259999999442,44.86537999999928],[28.598690000000715,44.82898000000023],[28.57726999999977,44.75974],[28.493039999999382,44.67265000000043],[28.344559999999547,44.561289999999644],[28.17359000000033,44.28717999999935],[27.963729999999487,44.08801999999923]]]},"properties":{}},{"type":"Feature","geometry":{"type":"MultiLineString","coordinates":[[[28.643659999999727,44.19366000000082],[28.219419999999445,44.09444000000076],[27.993560000000798,44.085870000000796],[27.863649999999325,44.11585000000014],[27.659770000000208,44.19651999999951]]]},"properties":{}},{"type":"Feature","geometry":{"type":"MultiLineString","coordinates":[[[25.97926,43.85601999999926],[26.02736999999979,43.81532999999945],[26.42304999999942,43.632589999999254],[26.929410000000644,43.31924000000072]]]},"properties":{}},{"type":"Feature","geometry":{"type":"MultiLineString","coordinates":[[[25.034270000000106,43.73523000000023],[25.03903,43.904650000000515],[24.99905000000041,44.11785000000066],[24.932430000000863,44.18161999999944],[24.79918,44.23301],[24.820110000000625,44.49380000000019],[24.79822000000064,44.6822599999997],[24.779189999999403,44.728890000000376],[24.802980000000446,44.77743],[24.85438000000073,44.826929999999265],[24.901019999999335,44.95922000000064],[24.973350000000323,45.07057999999961],[24.993340000000842,45.17622999999912],[25.03141,45.27236000000096],[25.088519999999335,45.33993999999984],[25.30077,45.4674799999994],[25.55775,45.6825800000006],[25.707650000000342,45.7711],[25.82568,45.80155000000019],[26.067670808490618,45.957167676603035],[26.10966923565792,45.988591618031194],[26.13037054640853,46.027138886325474]]]},"properties":{}},{"type":"Feature","geometry":{"type":"MultiLineString","coordinates":[[[8.49172,39.0892500000009],[8.518130000000383,39.13779000000068],[8.509570000000167,39.20132999999987],[8.576670000000377,39.242019999999684],[8.578810000000885,39.26771],[8.520990000000893,39.3712200000009],[8.478160000000571,39.388349999999264],[8.486010000000533,39.46258999999918],[8.554539999999179,39.520409999999174],[8.643770000000586,39.55253000000084],[8.668040000000474,39.5868],[8.66518,39.617490000000544],[8.620919999999387,39.66532],[8.588799999999537,39.68601999999919],[8.550250000000233,39.6838800000005],[8.61521,39.69458999999915],[8.770829999999478,39.65818000000036],[8.785819999999148,39.75170000000071],[8.85863000000063,39.79738],[8.94572,39.924440000000686],[8.915740000000369,39.96371],[8.835549999999785,39.992739999999685],[8.870769999999538,40.0300900000002],[8.835549999999785,39.992739999999685],[8.782250000000204,39.983689999999115],[8.72372,39.93015999999989],[8.601650000000518,39.88304000000062]]]},"properties":{}},{"type":"Feature","geometry":{"type":"MultiLineString","coordinates":[[[8.575950000000375,39.242019999999684],[8.668040000000474,39.28127999999924],[8.769399999999223,39.289129999999204],[8.805099999999584,39.306259999999384],[8.983550000000832,39.29697999999917],[9.092060000000856,39.23845000000074],[9.224120000000767,39.28983999999946]]]},"properties":{}},{"type":"Feature","geometry":{"type":"MultiLineString","coordinates":[[[9.069219999999405,39.29627000000073],[9.089920000000347,39.476150000000416],[9.136319999999614,39.54968],[9.134169999999358,39.62749000000076],[9.149170000000595,39.67532000000028],[9.139170000000377,39.72884999999951],[9.032810000000609,39.78310000000056],[9.06279,39.865200000000186],[9.117039999999179,39.884470000000874],[9.124180000000706,39.9008900000008],[9.067069999999148,39.96084999999948],[9.098480000000563,40.03723],[9.09634,40.068639999999505]]]},"properties":{}},{"type":"Feature","geometry":{"type":"MultiLineString","coordinates":[[[8.41748,40.813609999999244],[8.54169,40.71082000000024],[8.61736000000019,40.694400000000314],[8.678029999999126,40.655140000000756],[8.72657000000072,40.5980299999992],[8.7444200000009,40.56305000000066],[8.75655,40.453120000000126],[8.803369999999632,40.3428899999999],[8.77981,40.26152],[8.80837000000065,40.222970000000714],[8.800509999999122,40.16871999999967],[8.869759999999587,40.0302300000003],[8.916160000000673,40.04023000000052],[8.963270000000193,40.07306000000062],[9.075339999999414,40.05949999999939],[9.209539999999834,40.135879999999815],[9.26951,40.13873000000058],[9.281639999999243,40.158009999999194],[9.25380000000041,40.402140000000145],[9.295920000000478,40.48065999999926],[9.268079999999827,40.591309999999794],[9.371590000000651,40.70481],[9.35945,40.7819],[9.295200000000477,40.835440000000744]]]},"properties":{}},{"type":"Feature","geometry":{"type":"MultiLineString","coordinates":[[[8.766960000000836,40.42497999999978],[8.835489999999481,40.47353],[8.846910000000207,40.55348000000049],[8.883320000000822,40.63056999999935],[8.919009999999616,40.66198000000077],[9.27378999999928,40.81187999999929],[9.325189999999566,40.86685000000034],[9.430120000000898,40.92681000000084]]]},"properties":{}},{"type":"Feature","geometry":{"type":"MultiLineString","coordinates":[[[9.673539999999775,40.78262],[9.615719999999783,40.787609999999404],[9.538619999999355,40.84401000000071],[9.500079999999798,40.930379999999786],[9.361590000000433,40.91682000000037],[9.25594,40.94180000000051],[9.170280000000275,40.91395999999986],[8.95399,40.89826],[8.884749999999258,40.91181999999935]]]},"properties":{}},{"type":"Feature","geometry":{"type":"MultiLineString","coordinates":[[[8.56495,40.79903999999988],[8.583510000000388,40.79047],[8.627049999999144,40.80688999999984],[8.654889999999796,40.7819],[8.701290000000881,40.77762000000075],[8.826929999999265,40.81259999999929],[8.9597,40.8796999999995],[9.068199999999706,40.97607000000062],[9.038220000000365,41.064580000000205],[9.055350000000544,41.11598000000049]]]},"properties":{}},{"type":"Feature","geometry":{"type":"MultiLineString","coordinates":[[[9.286640000000261,41.17879999999968],[9.263080000000627,41.1231200000002],[9.195270000000164,41.06815],[9.088190000000395,40.94109000000026],[9.115320000000793,40.85686],[9.063920000000508,40.787609999999404],[9.07963000000018,40.723369999999704]]]},"properties":{}},{"type":"Feature","geometry":{"type":"MultiLineString","coordinates":[[[9.392889999999284,34.2522399999998],[9.45297000000022,34.2790100000002],[9.611800000000585,34.40452999999974],[9.696270000000425,34.44794999999982],[9.955040000000679,34.52945000000011],[10.357169999999428,34.612139999999386],[10.594520000000614,34.694820000000675],[10.753350000000921,34.72754]]]},"properties":{}},{"type":"Feature","geometry":{"type":"MultiLineString","coordinates":[[[35.89103000000068,32.27759999999944],[35.94734000000062,32.30797999999959],[36.02645999999913,32.304410000000644],[36.06513000000086,32.33475],[36.210870000000796,32.3413],[36.30248000000029,32.41208999999981],[36.38530999999966,32.44708]]]},"properties":{}},{"type":"Feature","geometry":{"type":"MultiLineString","coordinates":[[[36.34034000000065,32.38054999999986],[36.377730000000156,32.32820999999967],[36.62191999999959,32.31820999999945]]]},"properties":{}},{"type":"Feature","geometry":{"type":"MultiLineString","coordinates":[[[34.935879202681406,32.11398235431005],[34.90589799400806,32.12183457562929],[34.8123599999999,32.20544999999947]]]},"properties":{}},{"type":"Feature","geometry":{"type":"MultiLineString","coordinates":[[[32.392040000000634,34.848],[32.41642999999931,34.9413999999997],[32.44618000000082,34.974710000000414],[32.42475999999988,35.03775999999925]]]},"properties":{}},{"type":"Feature","geometry":{"type":"MultiLineString","coordinates":[[[32.54349999999977,34.71891999999934],[32.41642999999931,34.75936999999976],[32.392040000000634,34.848]]]},"properties":{}},{"type":"Feature","geometry":{"type":"MultiLineString","coordinates":[[[32.54349999999977,34.71891999999934],[32.60936000000038,34.68464999999924],[32.72881000000052,34.71130000000085],[32.80543000000034,34.677990000000136]]]},"properties":{}},{"type":"Feature","geometry":{"type":"MultiLineString","coordinates":[[[32.80543000000034,34.677990000000136],[32.83993,34.691790000000765],[32.85563,34.67418],[32.92559000000074,34.6551500000005],[32.98459999999977,34.6570499999998],[33.127370000000155,34.71272999999928],[33.20375000000058,34.715109999999186],[33.219929999999295,34.73367],[33.30369000000064,34.751280000000406],[33.329390000000785,34.731770000000324],[33.35841000000073,34.73461999999927],[33.49165999999968,34.78364],[33.57804000000033,34.8378900000007],[33.60945,34.91735999999946],[33.63895000000048,34.92973999999958],[33.65846000000056,34.962100000000646],[33.69511000000057,34.98351],[33.8062800000007,35.00492999999915],[33.870999999999185,35.07774000000063],[33.95617999999922,35.12199999999939],[33.90287999999964,35.18577],[33.81675,35.20528000000013],[33.723949999999604,35.26001],[33.5562000000009,35.23906999999963],[33.49623000000065,35.24954000000071]]]},"properties":{}},{"type":"Feature","geometry":{"type":"MultiLineString","coordinates":[[[33.63895000000048,34.92973999999958],[33.61663000000044,34.99540999999954],[33.61330000000089,35.07440999999926]]]},"properties":{}},{"type":"Feature","geometry":{"type":"MultiLineString","coordinates":[[[33.421039999999266,35.019679999999425],[33.49243000000024,35.05631999999969],[33.62996000000021,35.07964],[33.70990999999958,35.1215200000006],[33.791049999999814,35.079170000000886],[33.86340000000018,35.0666399999991]]]},"properties":{}},{"type":"Feature","geometry":{"type":"MultiLineString","coordinates":[[[33.31711,35.150550000000294],[33.25286000000051,35.080120000000534],[33.247629999999845,35.02824999999939]]]},"properties":{}},{"type":"Feature","geometry":{"type":"MultiLineString","coordinates":[[[33.0008799999996,35.20242],[33.08083000000079,35.14055999999982],[33.336380000000645,35.153879999999845],[33.44898,35.200520000000324],[33.491330000000744,35.23954000000049],[33.497989999999845,35.286659999999756],[33.48656999999912,35.30616999999984],[33.4351800000004,35.32616000000053]]]},"properties":{}},{"type":"Feature","geometry":{"type":"MultiLineString","coordinates":[[[33.32619999999952,35.33995999999934],[33.10894999999982,35.35327999999936],[33.050890000000436,35.31235000000015],[33.0008799999996,35.20242],[32.82894,35.13818]]]},"properties":{}},{"type":"Feature","geometry":{"type":"MultiLineString","coordinates":[[[32.82894,35.13818],[32.6569,35.193859999999404],[32.55125000000044,35.157209999999395]]]},"properties":{}},{"type":"Feature","geometry":{"type":"MultiLineString","coordinates":[[[32.55125000000044,35.157209999999395],[32.48771999999917,35.07440999999926],[32.42475999999988,35.03775999999925]]]},"properties":{}},{"type":"Feature","geometry":{"type":"MultiLineString","coordinates":[[[32.42475999999988,35.03775999999925],[32.31402,35.060129999999845],[32.28642000000036,35.04205],[32.32306000000062,34.99064999999973],[32.32402,34.902140000000145],[32.36112999999932,34.862160000000586],[32.39139000000068,34.85255]]]},"properties":{}},{"type":"Feature","geometry":{"type":"MultiLineString","coordinates":[[[32.30069999999978,35.09106000000065],[32.30160000000069,35.05599000000075],[32.32972999999947,35.0591800000002],[32.35495000000083,34.99018000000069],[32.436799999999494,34.912130000000616],[32.5624399999997,34.82503999999972],[32.56482,34.79363000000012],[32.53299,34.72242]]]},"properties":{}},{"type":"Feature","geometry":{"type":"MultiLineString","coordinates":[[[32.41465000000062,34.9312800000007],[32.37207999999919,34.905940000000555],[32.32402,34.902140000000145]]]},"properties":{}},{"type":"Feature","geometry":{"type":"MultiLineString","coordinates":[[[33.780580000000555,34.99113000000034],[33.8801399999993,34.97780000000057],[33.97530999999981,34.9916],[34.07430000000022,34.985420000000886],[34.063350000000355,35.016349999999875],[33.95617999999922,35.12199999999939]]]},"properties":{}},{"type":"Feature","geometry":{"type":"MultiLineString","coordinates":[[[33.90287999999964,35.18577],[33.9029900000005,35.24695000000065],[33.92726000000039,35.292639999999665],[34.04718999999932,35.389719999999215]]]},"properties":{}},{"type":"Feature","geometry":{"type":"MultiLineString","coordinates":[[[34.04718999999932,35.389719999999215],[34.08620999999948,35.41256000000067],[34.114770000000135,35.48251999999957],[34.18677000000025,35.55533],[34.31478000000061,35.58245999999963],[34.36665999999968,35.62291],[34.460549999999785,35.6566899999998]]]},"properties":{}},{"type":"Feature","geometry":{"type":"MultiLineString","coordinates":[[[34.13544,35.504619999999704],[33.898189999999886,35.42159999999967],[33.75828,35.40303999999924],[33.65661999999975,35.35736],[33.42163000000073,35.33047000000079]]]},"properties":{}},{"type":"Feature","geometry":{"type":"MultiLineString","coordinates":[[[33.7463800000005,35.39876],[33.72515000000021,35.35165000000052],[33.73775000000023,35.25525000000016]]]},"properties":{}},{"type":"Feature","geometry":{"type":"MultiLineString","coordinates":[[[15.267120000000432,47.41223],[15.312330000000657,47.39675999999963],[15.375389999999243,47.33371000000079],[15.349210000000312,47.30515999999989],[15.302809999999226,47.29206999999951],[15.304,47.26589000000058],[15.345639999999548,47.20879000000059],[15.345639999999548,47.137399999999616],[15.41465000000062,47.09218999999939],[15.48603,46.89588999999978],[15.530049999999392,46.84116],[15.533620000000155,46.76264000000083],[15.651410000000396,46.69482000000062],[15.74539,46.55206],[15.85961,46.43426999999974],[15.928019999999378,46.41762000000017],[16.16121000000021,46.41762000000017],[16.33252999999968,46.44974]]]},"properties":{}},{"type":"Feature","geometry":{"type":"MultiLineString","coordinates":[[[16.208790000000647,46.21774000000016],[16.202849999999614,46.23201999999952],[16.244489999999132,46.26889999999918],[16.164769999999407,46.360510000000374],[16.039849999999205,46.38073000000077],[15.998209999999858,46.373600000000806],[15.881069999999454,46.41806]]]},"properties":{}},{"type":"Feature","geometry":{"type":"MultiLineString","coordinates":[[[-4.645300000000146,36.70917000000017],[-4.678850000000109,36.72201999999932],[-4.703120000000149,36.79126],[-4.683839999999657,36.83266000000023],[-4.692409999999691,36.904049999999145],[-4.68099000000072,36.949020000000125],[-4.641009999999276,36.991850000000404],[-4.625309999999354,37.04967000000045]]]},"properties":{}},{"type":"Feature","geometry":{"type":"MultiLineString","coordinates":[[[-4.770220000000352,37.86059000000042],[-4.528229999999872,37.88913999999932],[-4.37118,37.855589999999346],[-4.183090000000282,37.88128999999943],[-4.071729999999499,37.9448200000006],[-3.808829999999847,37.968343]]]},"properties":{}},{"type":"Feature","geometry":{"type":"MultiLineString","coordinates":[[[-5.997419999999587,37.38327000000022],[-5.897489999999411,37.40111000000076],[-5.739729999999295,37.46393],[-5.348392,37.462227],[-5.24221599011786,37.51407936003474],[-5.049510000000765,37.54361000000073],[-4.856299999999272,37.72255000000054],[-4.802050000000264,37.79108000000096],[-4.75827000000015,37.886259999999545],[-4.600029999999602,37.964780000000246],[-4.473679999999062,37.98548],[-4.430140000000415,37.97619999999927],[-4.37446000000092,37.99833000000052],[-4.265960000000613,37.98048000000026],[-4.217060000000684,38.01332000000016],[-4.169229999999548,38.007610000000476],[-4.158520000000832,38.04401999999944],[-4.129259999999682,38.05186999999949],[-3.95437,38.00404],[-3.858350000000449,38.02045999999975],[-3.786260000000766,38.00618000000035],[-3.627780000000691,38.039020000000235]]]},"properties":{}},{"type":"Feature","geometry":{"type":"MultiLineString","coordinates":[[[-2.92748,38.547361],[-3.02507,38.59296],[-3.280259999999527,38.611520000000496],[-3.35593,38.64720999999923],[-3.475860000000487,38.65934000000024],[-3.656810000000315,38.75570999999953],[-3.79673,38.752860000000474],[-3.870609999999834,38.82710000000049],[-4.052639999999862,38.82139],[-4.081899999999184,38.767850000000166],[-4.138300000000499,38.76498999999984],[-4.315329999999419,38.68361000000016],[-4.365659999999427,38.622219999999345],[-4.541259999999898,38.653630000000845]]]},"properties":{}},{"type":"Feature","geometry":{"type":"MultiLineString","coordinates":[[[-5.729590000000781,38.89633999999941],[-5.687470000000697,38.835660000000715],[-5.580389999999068,38.7421500000001],[-5.366959999999351,38.62651000000011],[-5.34411,38.56940000000039],[-5.238470000000173,38.43233999999941],[-5.239890000000729,38.38236999999934],[-5.281300000000501,38.29242999999958],[-5.097480000000282,38.232470000000845],[-5.027529999999377,38.16537000000068],[-4.76555,38.03117000000012],[-4.749490000000107,37.98334000000076],[-4.758050000000275,37.88553999999934]],[[-5.729105899689385,38.89619330943303],[-5.938739999999576,38.96130000000102],[-6.23855,38.95486999999974],[-6.340100666669994,38.916096500000045]]]},"properties":{}},{"type":"Feature","geometry":{"type":"MultiLineString","coordinates":[[[-4.878989999999192,39.95068],[-4.727650000000665,39.98136999999957],[-4.43034000000074,39.896430000000805],[-4.306130000000792,39.88214999999951],[-4.1223200000004,39.89286],[-4.069499999999607,39.88643000000047],[-4.022380000000339,39.86002]]]},"properties":{}},{"type":"Feature","geometry":{"type":"MultiLineString","coordinates":[[[-5.70271,43.0658000000003],[-5.784089999999151,43.162879999999845],[-5.78909,43.21855999999934],[-5.769099999999465,43.255680000000226],[-5.797650000000422,43.29137000000086],[-5.8362,43.30849999999935],[-5.846910000000236,43.36631999999925],[-5.823350000000551,43.38988000000069],[-5.824780000000612,43.443419999999705],[-5.811219999999608,43.45912],[-5.661935,43.545241]],[[-5.568869999999169,42.603940000000925],[-5.610979999999456,42.63035999999916],[-5.669519999999246,42.83093999999977],[-5.708780000000821,42.89162000000039],[-5.684509999998878,42.9137499999998],[-5.709489999999242,42.97443000000032],[-5.687939999999829,42.99299000000063],[-5.702209999999435,43.055800000000154]]]},"properties":{}},{"type":"Feature","geometry":{"type":"MultiLineString","coordinates":[[[-3.46434000000039,42.44333],[-3.601749999999797,42.3883600000009],[-3.738090000000672,42.35552],[-3.81019,42.354810000000846],[-4.005069999999105,42.41477999999926],[-4.36809,42.413060000000954],[-4.685390000000482,42.32597],[-4.732509999999766,42.32525999999965],[-5.193999999999521,42.435900000000444],[-5.38246000000062,42.44661000000087]]]},"properties":{}},{"type":"Feature","geometry":{"type":"MultiLineString","coordinates":[[[-6.10076414728944,40.16754729531051],[-6.049139999999081,40.2103900000002],[-5.873540000000507,40.28534000000054],[-5.818569999999421,40.363869999999324],[-5.78502,40.384570000000146],[-5.74719,40.53661],[-5.692220000000808,40.670819999999445],[-5.702219999999117,40.71292999999976],[-5.74647,40.77432000000058],[-5.740760000000526,40.834290000000834],[-5.668170000000789,40.97776999999965],[-5.707430000000278,41.071280000000264],[-5.73955,41.271150000000624],[-5.763109999999782,41.3246899999996],[-5.7424,41.51456999999954],[-5.79594,41.69945999999987],[-5.745259999999693,41.877920000000834],[-5.674123,42.002779],[-5.815930000000638,42.25482000000012],[-5.878029999999608,42.28766000000012],[-5.942639999999234,42.37475000000094],[-6.01331000000029,42.401869999999796],[-6.033289999999133,42.44255999999966],[-6.063532,42.458776]]]},"properties":{}},{"type":"Feature","geometry":{"type":"MultiLineString","coordinates":[[[-8.645101372568258,42.04815337809891],[-8.60126,42.338589999999364],[-8.645510000000144,42.40926000000037],[-8.651229999999469,42.76261],[-8.62695,42.81899999999957],[-8.52059,42.901089999999485],[-8.481330000000218,42.963910000000546],[-8.46277,43.08526],[-8.481330000000389,43.16164000000032],[-8.405128889133525,43.365957050503475],[-8.395968,43.371485],[-8.405429307689104,43.36048565602762],[-8.370708891390802,43.323014363873995],[-8.27218,43.307269999999406],[-8.074440000000125,43.21375000000092],[-7.720380000000453,43.147370000000635],[-7.644710000000526,43.09168999999925],[-7.605375844466958,43.03417949225332],[-7.55819,43.009145]]]},"properties":{}},{"type":"Feature","geometry":{"type":"MultiLineString","coordinates":[[[-8.65056,42.74987999999954],[-8.523499999999137,42.78843000000055],[-8.34575000000033,42.88694000000042],[-8.250809999999406,42.921200000000674],[-8.090200000000426,42.928340000000475],[-7.916730000000717,42.894790000000405],[-7.55819,43.009145]]]},"properties":{}},{"type":"Feature","geometry":{"type":"MultiLineString","coordinates":[[[-7.422749999999667,40.079959999999176],[-7.382770000000164,40.12493],[-7.388479999999561,40.1527700000006],[-7.369210000000692,40.19917],[-7.386339999998995,40.29553999999928],[-7.34137,40.37763000000092],[-7.393480000000636,40.411179999999206],[-7.395619999999326,40.449010000000385],[-7.494849999999076,40.510399999999265],[-7.57765,40.53253000000046],[-7.61334,40.58677999999975],[-7.752539999999442,40.60319999999962],[-8.038790000000517,40.69385999999946],[-8.11160000000018,40.733829999999216],[-8.28792000000061,40.69885000000079],[-8.46709,40.63746]]]},"properties":{}},{"type":"Feature","geometry":{"type":"MultiLineString","coordinates":[[[-8.289849999999204,39.44750000000039],[-8.183489999999429,39.44535],[-8.000739999999377,39.46962999999962],[-7.976689999999499,39.44036000000063],[-7.556950000000141,39.2669000000005],[-7.136500000000359,39.04132000000027]],[[-8.410487,39.603447],[-8.373299999999023,39.53173000000079],[-8.289059999999026,39.4475000000004]]]},"properties":{}},{"type":"Feature","geometry":{"type":"MultiLineString","coordinates":[[[-9.192349999999298,39.34137000000018],[-9.12311000000041,39.42203999999952],[-8.98891,39.446309999999485],[-8.94536999999944,39.519829999999324],[-8.834720000000717,39.5805099999999],[-8.802550499999986,39.708753]]]},"properties":{}},{"type":"Feature","geometry":{"type":"MultiLineString","coordinates":[[[-8.671159999999759,39.350350000000674],[-8.76452000000063,39.556619999999384],[-8.82184000000052,39.63076999999976]]]},"properties":{}},{"type":"Feature","geometry":{"type":"MultiLineString","coordinates":[[[-7.127964746855649,39.03765943223709],[-7.365069999999863,39.12412000000052],[-7.694330000000172,39.12888000000034],[-8.009612,39.247834],[-8.16985,39.34113000000076],[-8.340050000000726,39.33707999999948],[-8.460220000000831,39.298419999999204],[-8.602979999999413,39.213949999999464],[-8.623209999999752,39.2080000000006],[-8.687059,39.236177],[-8.73617,39.18745999999937],[-8.820400000000422,39.15034000000023],[-8.980299999999094,39.118930000000645],[-9.012430000000604,39.04612000000096],[-9.043840000000275,38.879080000000734],[-9.080949999999428,38.829110000000796],[-9.106649999999505,38.729890000000665],[-9.135507,38.707166]]]},"properties":{}},{"type":"Feature","geometry":{"type":"MultiLineString","coordinates":[[[-7.599500000000262,39.283369999999195],[-7.339190000000599,39.41561],[-7.271380000000136,39.425719999999274]]]},"properties":{}},{"type":"Feature","geometry":{"type":"MultiLineString","coordinates":[[[-6.380615244739375,39.45355112824858],[-6.325790000000787,39.42873999999942],[-6.27196,39.3585399999993]]]},"properties":{}},{"type":"Feature","geometry":{"type":"MultiLineString","coordinates":[[[-6.381835351887764,39.45467984582068],[-6.442940000000783,39.469580000001024],[-6.597599999999139,39.45767999999955]]]},"properties":{}},{"type":"Feature","geometry":{"type":"MultiLineString","coordinates":[[[-6.381435479136173,39.45440164175169],[-6.325870000000596,39.486709999999285],[-6.099340000000562,39.458150000000394],[-5.875200000000424,39.46481999999922]]]},"properties":{}},{"type":"Feature","geometry":{"type":"MultiLineString","coordinates":[[[-6.117589999999836,38.961020000000644],[-6.053770000000441,39.0612600000004],[-5.904940000000352,39.149419999999736],[-5.891379999999117,39.171909999999116],[-5.857470000000831,39.29576000000088],[-5.875200000000405,39.464819999999236],[-5.850689999999304,39.572190000000774],[-5.788580000000366,39.72406000000046],[-5.740760000000591,39.74332999999933],[-5.675800000000891,39.80508],[-5.565510000000359,39.8748599999999]]]},"properties":{}},{"type":"Feature","geometry":{"type":"MultiLineString","coordinates":[[[-4.809310000000551,38.71287999999919],[-4.83878,38.732089999999516],[-4.929239999999425,38.662990000000775],[-5.044410000000369,38.6173],[-5.099609999999302,38.578760000000386],[-5.12722000000025,38.53212],[-5.1196,38.50214000000062],[-5.0801,38.46407],[-4.962079999999332,38.385780000000636],[-4.968740000000253,38.2763300000006],[-4.948280000000523,38.21041999999949],[-4.870479999999588,38.09613],[-4.752339999999037,38.01117999999963],[-4.760329999999158,37.88454]]]},"properties":{}},{"type":"Feature","geometry":{"type":"MultiLineString","coordinates":[[[15.883410000000367,40.01271000000088],[15.628570000000764,40.25708999999915],[15.655689999999595,40.334059999999226],[15.591920000000755,40.39307],[15.523160000000644,40.51751999999942],[15.403000000000247,40.57796000000053],[15.38206,40.5972299999994],[15.395860000000539,40.611979999999676],[15.370629999999437,40.63637000000017],[15.259040000000823,40.69775999999911],[15.243329999999332,40.767359999999826],[15.252140000000509,40.78259000000071]]]},"properties":{}},{"type":"Feature","geometry":{"type":"MultiLineString","coordinates":[[[15.252140000000509,40.78259000000071],[15.380909999999858,40.877010000000155],[15.368780000000697,40.936139999999796],[15.420690000000832,41.05394999999953]]]},"properties":{}},{"type":"Feature","geometry":{"type":"MultiLineString","coordinates":[[[15.420690000000832,41.05394999999953],[15.373680000000604,41.0193],[15.286350000000311,40.99669],[15.21140000000014,40.989079999999376],[15.12788,41.00883000000067]]]},"properties":{}},{"type":"Feature","geometry":{"type":"MultiLineString","coordinates":[[[15.12788,41.00883000000067],[14.893739999999525,41.11996999999974],[14.854960000000574,41.1237799999999]]]},"properties":{}},{"type":"Feature","geometry":{"type":"MultiLineString","coordinates":[[[15.0931700000001,41.02249],[14.986300000000483,40.95780999999988],[14.86067,40.925929999999425]]]},"properties":{}},{"type":"Feature","geometry":{"type":"MultiLineString","coordinates":[[[15.012950000000274,41.063319999999294],[15.089529999999286,41.08970000000045],[15.103100000000268,41.14698],[15.152280000000246,41.18973]]]},"properties":{}},{"type":"Feature","geometry":{"type":"MultiLineString","coordinates":[[[15.506980000000112,40.073449999999866],[15.415129999999408,40.0920100000003],[15.292589999999109,40.07464000000073],[15.185520000000906,40.133420000000115],[15.165530000000217,40.18766999999934],[15.14173,40.20528000000013]]]},"properties":{}},{"type":"Feature","geometry":{"type":"MultiLineString","coordinates":[[[15.036560000000463,40.3051200000009],[15.000159999999596,40.356040000000576],[15.020140000000538,40.445630000000165]]]},"properties":{}},{"type":"Feature","geometry":{"type":"MultiLineString","coordinates":[[[15.017729999999574,40.4360400000005],[15.112090000000535,40.4658500000005],[15.324099999999817,40.40184000000045],[15.443779999999606,40.422780000000785],[15.501430000000255,40.38498000000072],[15.541289999999208,40.38334000000032]]]},"properties":{}},{"type":"Feature","geometry":{"type":"MultiLineString","coordinates":[[[33.98351999999977,24.816600000000108],[33.945739999999205,24.83364000000074],[33.93241999999918,24.876000000000204]]]},"properties":{}},{"type":"Feature","geometry":{"type":"MultiLineString","coordinates":[[[34.25602000000072,24.769399999999223],[34.14076000000023,24.73466],[33.97847999999976,24.714669999999387]]]},"properties":{}},{"type":"Feature","geometry":{"type":"MultiLineString","coordinates":[[[32.87046,24.96595999999954],[32.81049999999959,24.96928999999909],[32.67391999999927,24.90266999999949],[32.58445000000029,24.893630000000485]]]},"properties":{}},{"type":"Feature","geometry":{"type":"MultiLineString","coordinates":[[[35.52462999999989,30.193719999999303],[35.576499999999214,30.24844999999914],[35.603150000000824,30.316500000000815],[35.61172000000079,30.398349999999482],[35.57032000000072,30.524460000000545],[35.625050000000556,30.53922000000057],[35.64456000000064,30.63677],[35.72213000000011,30.72005999999965],[35.7192699999996,30.82856],[35.77210000000014,30.941349999999147],[35.770189999999275,31.00368999999955]]]},"properties":{}},{"type":"Feature","geometry":{"type":"MultiLineString","coordinates":[[[35.73688000000038,31.174059999999372],[35.74496999999974,31.369650000000547],[35.8111200000003,31.44722],[35.768770000000586,31.585230000000593],[35.79779000000053,31.668980000000374],[35.8087400000004,31.79700000000048]]]},"properties":{}},{"type":"Feature","geometry":{"type":"MultiLineString","coordinates":[[[35.8087400000004,31.79700000000048],[35.92400000000089,31.85124999999971],[35.94112999999925,31.89408],[35.932090000000244,31.939290000000256],[36.0001400000001,31.982599999999366],[36.00871,32.00686999999925],[36.07248000000072,32.01639000000068],[36.11160000000018,32.13441000000057],[36.20392,32.223400000000765],[36.23461999999927,32.28384],[36.34788,32.387580000000526],[36.37738,32.43898000000081],[36.47175000000061,32.51417000000038],[36.53505000000041,32.602209999999104],[36.54265999999916,32.67454],[36.566930000000866,32.718329999999696],[36.463659999999436,32.95009000000027],[36.4679500000002,33.00481000000036],[36.39133000000038,33.173759999999675]]]},"properties":{}},{"type":"Feature","geometry":{"type":"MultiLineString","coordinates":[[[35.93703,31.943680000000313],[35.8578,32.01780999999937],[35.79261000000042,32.029710000000705],[35.71265999999923,32.07253999999921],[35.67792,32.16866999999911],[35.63460999999916,32.19579999999951],[35.59321000000091,32.29906999999912],[35.58225999999922,32.378059999999095]]]},"properties":{}},{"type":"Feature","geometry":{"type":"MultiLineString","coordinates":[[[35.58225999999922,32.378059999999095],[35.60391999999956,32.4970400000002],[35.59391999999934,32.57698999999957],[35.630090000000564,32.68167999999969],[35.6239000000005,32.7230899999995]]]},"properties":{}},{"type":"Feature","geometry":{"type":"MultiLineString","coordinates":[[[35.71265999999923,32.07253999999921],[35.61580999999933,32.07207000000017],[35.5039799999995,32.1187000000009]]]},"properties":{}},{"type":"Feature","geometry":{"type":"MultiLineString","coordinates":[[[35.4200519281477,32.144867758165674],[35.47358980077888,31.969501482036094],[35.46573757945964,31.89454846035244],[35.44116000000042,31.851730000000316],[35.31559358999186,31.804366888231414],[35.23666686842847,31.79199369100104],[35.089164080676994,31.813408840053512],[35.028963717229544,31.84862486293997],[34.98979778907358,31.849338701241663]]]},"properties":{}},{"type":"Feature","geometry":{"type":"MultiLineString","coordinates":[[[35.4654300000002,31.868860000000495],[35.60382000000027,31.816510000000562],[35.63998999999967,31.818409999999858]]]},"properties":{}},{"type":"Feature","geometry":{"type":"MultiLineString","coordinates":[[[35.45669895716992,31.868638402503507],[35.4049,31.915499999999156],[35.38148086524319,31.90739754978381],[35.33484342952897,31.923815830724152],[35.28535064060776,31.977115757254808],[35.21403792690785,31.96487623760902]]]},"properties":{}},{"type":"Feature","geometry":{"type":"MultiLineString","coordinates":[[[35.44931929851953,32.03469871359573],[35.49388999999985,32.07825000000054],[35.54909000000049,32.22340000000088],[35.503409999999405,32.5060799999992],[35.541950000000725,32.53987000000063],[35.57193999999981,32.73783999999989],[35.51245000000023,32.84872],[35.53148999999945,32.871559999999704],[35.61428999999964,32.90583],[35.65141000000051,32.89298000000059],[35.65474,32.84634],[35.64189000000084,32.74926000000062],[35.594300000000715,32.698340000000826]]]},"properties":{}},{"type":"Feature","geometry":{"type":"MultiLineString","coordinates":[[[35.503979999999444,32.1187000000009],[35.4833455909029,32.13653964464527],[35.40220597060397,32.15176819508264],[35.284499999999866,32.216259999999295],[35.20192999999932,32.23243999999977],[35.08081217254659,32.17080388312928],[34.966360098166206,32.16176193130718],[34.90589799400806,32.12183457562929],[34.77551267259054,32.07542447376778]]]},"properties":{}},{"type":"Feature","geometry":{"type":"MultiLineString","coordinates":[[[35.63998999999967,31.818409999999858],[35.70009000000027,31.81699],[35.781950000000506,31.786050000000614],[35.8087400000004,31.79700000000048]]]},"properties":{}},{"type":"Feature","geometry":{"type":"MultiLineString","coordinates":[[[35.79779000000053,31.711810000000696],[35.86547000000064,31.693250000000262],[35.95492999999988,31.70039]]]},"properties":{}},{"type":"Feature","geometry":{"type":"MultiLineString","coordinates":[[[35.91972,31.594750000000204],[35.90544000000045,31.645189999999275],[35.94542,31.65899],[35.95588999999927,31.68754000000081],[35.9478,31.795099999999366],[35.91923999999926,31.84893000000011]]]},"properties":{}},{"type":"Feature","geometry":{"type":"MultiLineString","coordinates":[[[35.92733000000044,31.496240000000398],[35.90258999999969,31.579040000000532],[35.91972,31.594750000000204]]]},"properties":{}},{"type":"Feature","geometry":{"type":"MultiLineString","coordinates":[[[35.92733000000044,31.496240000000398],[35.9861,31.41581000000042],[35.95754999999917,31.30825999999979],[35.92805000000044,31.257340000000113],[35.879220000000714,31.223550000000614],[35.742560000000594,31.268910000000687]]]},"properties":{}},{"type":"Feature","geometry":{"type":"MultiLineString","coordinates":[[[35.73450000000048,31.162640000000465],[35.706710000000385,31.093150000000605],[35.72527000000082,30.969419999999445],[35.69814000000042,30.9108899999992]]]},"properties":{}},{"type":"Feature","geometry":{"type":"MultiLineString","coordinates":[[[35.69814000000042,30.9108899999992],[35.65198000000055,30.85378],[35.64437,30.7766900000006],[35.659600000000864,30.72718999999961],[35.61677000000054,30.68341],[35.64805999999953,30.642250000000786]]]},"properties":{}},{"type":"Feature","geometry":{"type":"MultiLineString","coordinates":[[[35.57032000000072,30.524460000000545],[35.5277700000006,30.517799999999625],[35.52635,30.440710000000763],[35.506830000000264,30.413580000000366],[35.515880000000834,30.38550000000032],[35.464,30.33173],[35.475430000000415,30.18848000000071],[35.501469999999244,30.15863]]]},"properties":{}},{"type":"Feature","geometry":{"type":"MultiLineString","coordinates":[[[35.54414999999972,30.21443],[35.51112,30.247489999999743],[35.4897,30.316020000000208],[35.44402000000082,30.333629999999175]]]},"properties":{}},{"type":"Feature","geometry":{"type":"MultiLineString","coordinates":[[[35.61172000000079,30.38882999999987],[35.7867499999993,30.576339999999618],[35.845760000000155,30.68627000000015],[35.882879999999204,30.69911999999931],[35.93594999999914,30.8433100000002],[35.88882999999987,30.966089999999895],[35.768700000000536,31.00934000000052]]]},"properties":{}},{"type":"Feature","geometry":{"type":"MultiLineString","coordinates":[[[35.60315000000088,30.335530000000347],[35.49813,30.32221000000027],[35.42769000000055,30.33744],[35.4148399999994,30.35981],[35.35150790630098,30.373279663009328],[35.32587848222943,30.409398893285925],[35.162065783072876,30.52998931614377]]]},"properties":{}},{"type":"Feature","geometry":{"type":"MultiLineString","coordinates":[[[35.44402000000076,30.333629999999232],[35.404850000000806,30.297940000000494],[35.201670617725256,30.226656288038157],[35.00143897408458,30.190964372950702],[34.83763999999974,30.10397000000023],[34.751500000000306,30.023540000000196],[34.68012000000084,30.003670000000113]]]},"properties":{}},{"type":"Feature","geometry":{"type":"MultiLineString","coordinates":[[[35.117770000000746,32.91899000000012],[35.235319999999774,32.91851999999926],[35.37141999999949,32.94040999999925],[35.499439999999595,32.910900000000765]]]},"properties":{}},{"type":"Feature","geometry":{"type":"MultiLineString","coordinates":[[[35.499439999999595,32.910900000000765],[35.699689999999464,32.89901],[35.7115900000008,32.88329999999951],[35.88672000000042,32.867599999999584],[35.95096000000012,32.82905000000028]]]},"properties":{}},{"type":"Feature","geometry":{"type":"MultiLineString","coordinates":[[[35.653519999999844,32.85550999999941],[35.70636000000013,32.850940000000264],[35.8143799999998,32.89186999999947],[36.05314,32.90186]]]},"properties":{}},{"type":"Feature","geometry":{"type":"MultiLineString","coordinates":[[[35.624180000000706,32.90342000000055],[35.64292000000023,32.933750000000146],[35.63578000000052,33.01560000000063]]]},"properties":{}},{"type":"Feature","geometry":{"type":"MultiLineString","coordinates":[[[35.63578000000052,33.01560000000063],[35.658149999999296,33.218329999999696],[35.69478999999956,33.25402000000031],[35.72762999999941,33.221190000000206],[36.0586600000006,33.10268999999971],[36.179299999999785,33.077470000000176]]]},"properties":{}},{"type":"Feature","geometry":{"type":"MultiLineString","coordinates":[[[35.78715000000011,33.20593999999983],[35.8426,33.24021999999968],[35.98632,33.37774999999965],[36.12338000000091,33.41154],[36.211230000000796,33.480069999999614],[36.31307000000015,33.51528999999937]]]},"properties":{}},{"type":"Feature","geometry":{"type":"MultiLineString","coordinates":[[[35.69478999999956,33.25402000000031],[35.59094999999979,33.24973999999929],[35.45723,33.28115000000071],[35.44533000000047,33.26781999999912],[35.29494999999952,33.30826999999954],[35.222390000000814,33.278550000000905]]]},"properties":{}},{"type":"Feature","geometry":{"type":"MultiLineString","coordinates":[[[35.07846000000063,32.92804000000069],[35.11159000000043,33.10887999999977],[35.161079999999856,33.13981000000058],[35.215330000000904,33.205009999999675],[35.222390000000814,33.278550000000905],[35.2848099999992,33.44866],[35.37428,33.540030000000115],[35.41330000000016,33.64854000000014],[35.46040999999968,33.709930000000895],[35.49611,33.810820000000604],[35.499439999999595,33.86839999999938],[35.52014000000054,33.90171],[35.578670000000784,33.90314000000035],[35.61008000000038,33.96548000000075],[35.6541500000003,34.00803000000087]]]},"properties":{}},{"type":"Feature","geometry":{"type":"MultiLineString","coordinates":[[[35.53204,33.90314000000035],[35.52498999999989,33.88839],[35.55926,33.84174999999959],[35.66443000000072,33.807489999999234],[35.876679999999396,33.817479999999705]]]},"properties":{}},{"type":"Feature","geometry":{"type":"MultiLineString","coordinates":[[[35.963480000000345,33.85412],[36.06864999999925,33.90933000000041],[36.20111,34.020010000000184]]]},"properties":{}},{"type":"Feature","geometry":{"type":"MultiLineString","coordinates":[[[36.20111,34.020010000000184],[36.18362999999954,33.96690999999919],[36.2374,33.92265000000043],[36.107959999999366,33.72801000000072],[36.08892999999989,33.67424000000028],[36.0927300000003,33.633780000000115]]]},"properties":{}},{"type":"Feature","geometry":{"type":"MultiLineString","coordinates":[[[36.15607000000091,33.61046999999962],[36.194149999999354,33.61141999999927],[36.19510000000082,33.575730000000476],[36.22603,33.54527000000053],[36.25648999999976,33.52052],[36.308139999999185,33.511860000000524],[36.25696000000062,33.422490000000835],[36.244590000000244,33.3701400000009]]]},"properties":{}},{"type":"Feature","geometry":{"type":"MultiLineString","coordinates":[[[36.23554999999942,33.33396999999968],[36.21983999999975,33.269249999999374],[36.23222,33.20167000000038],[36.18606,33.09555]]]},"properties":{}},{"type":"Feature","geometry":{"type":"MultiLineString","coordinates":[[[36.160359999999855,33.03701999999976],[36.06936999999925,32.94564],[36.05557000000044,32.907569999999396]]]},"properties":{}},{"type":"Feature","geometry":{"type":"MultiLineString","coordinates":[[[36.31307000000015,33.51528999999937],[36.5109,33.63969],[36.787679999999455,33.642069999999876],[36.90284000000065,33.669669999999314],[37.03528,33.76865999999973],[37.13808000000063,33.7915],[37.18257000000085,33.82053000000087],[37.271090000000186,33.929990000000544],[37.31848,34.023629999999685]]]},"properties":{}},{"type":"Feature","geometry":{"type":"MultiLineString","coordinates":[[[36.69918999999936,33.647829999999885],[36.716340000000855,33.68348],[36.71205999999984,33.7529599999998],[36.75346,33.81100999999944],[37.015369999999166,34.0250300000007]]]},"properties":{}},{"type":"Feature","geometry":{"type":"MultiLineString","coordinates":[[[36.5109,33.63969],[36.60712000000058,33.742959999999584],[36.60712000000058,33.77104],[36.56999999999971,33.78722000000016],[36.70563000000038,33.9314200000008],[36.733720000000176,34.02571]]]},"properties":{}},{"type":"Feature","geometry":{"type":"MultiLineString","coordinates":[[[36.48620999999912,32.52606000000014],[36.643490000000384,32.62010999999984],[36.71440000000075,32.705770000000484],[36.78008000000045,32.732420000000275]]]},"properties":{}},{"type":"Feature","geometry":{"type":"MultiLineString","coordinates":[[[36.78008000000045,32.732420000000275],[36.80292,32.7505000000001],[36.800059999999576,32.768589999999676]]]},"properties":{}},{"type":"Feature","geometry":{"type":"MultiLineString","coordinates":[[[36.800059999999576,32.768589999999676],[36.74676,32.82712],[36.67252,32.859959999999774],[36.63444999999956,32.86377],[36.598760000000766,32.83474000000024]]]},"properties":{}},{"type":"Feature","geometry":{"type":"MultiLineString","coordinates":[[[36.566930000000866,32.718329999999696],[36.63493000000017,32.748600000000806],[36.799479999999676,32.7464600000003]]]},"properties":{}},{"type":"Feature","geometry":{"type":"MultiLineString","coordinates":[[[36.566930000000866,32.718329999999696],[36.662529999999606,32.698630000000776],[36.72725,32.635809999999765],[36.810059999999794,32.64437999999973]]]},"properties":{}},{"type":"Feature","geometry":{"type":"MultiLineString","coordinates":[[[36.58401000000049,32.80285],[36.61066000000028,32.972750000000815],[36.58163000000059,33.03509],[36.52975999999944,33.093150000000605],[36.51405,33.187369999999646],[36.4636100000007,33.210689999999886]]]},"properties":{}},{"type":"Feature","geometry":{"type":"MultiLineString","coordinates":[[[36.90738000000056,32.662459999999555],[36.92165000000023,32.702439999999115],[36.91641999999956,32.75193000000036]]]},"properties":{}},{"type":"Feature","geometry":{"type":"MultiLineString","coordinates":[[[10.320239999999103,43.51383999999962],[10.339749999999185,43.47196000000076],[10.38162999999986,43.451020000000426],[10.42684,43.401050000000396]]]},"properties":{}},{"type":"Feature","geometry":{"type":"MultiLineString","coordinates":[[[9.517110000000685,42.54549000000043],[9.51901,42.49315000000024],[9.499980000000505,42.4379399999998],[9.54852000000028,42.298979999999574],[9.506639999999607,42.14289],[9.514250000000175,42.10482000000047],[9.38767,42.04294999999911],[9.364820000000691,42.00869000000057],[9.36197,41.95158000000083],[9.38767,41.88496],[9.399090000000797,41.77169],[9.391470000000481,41.72030000000086],[9.354349999999613,41.712680000000546],[9.300100000000384,41.655580000000555],[9.26108000000022,41.50710000000072],[9.20778000000064,41.44333],[9.181130000000849,41.382410000000164]]]},"properties":{}},{"type":"Feature","geometry":{"type":"MultiLineString","coordinates":[[[9.182080000000497,41.240599999999176],[9.158289999999397,41.15589],[9.041219999999157,41.11211],[8.970789999999397,41.03596],[8.913679999999658,41.006460000000516],[8.876560000000609,40.95600999999988],[8.813739999999598,40.91317999999956],[8.700479999999516,40.91128000000026],[8.562470000000758,40.79707000000053],[8.412089999999807,40.81515000000036],[8.382579999999507,40.8408500000005],[8.360689999999522,40.829429999999775],[8.318810000000667,40.73139000000083],[8.20744999999988,40.68000000000029],[8.218880000000354,40.60860999999932],[8.236010000000533,40.592430000000604],[8.313099999999395,40.59053],[8.428270000000339,40.47632],[8.43779,40.42586999999912],[8.502510000000257,40.36686],[8.492039999999179,40.30213999999978],[8.504409999999552,40.277389999999286],[8.480620000000272,40.21933],[8.50536,40.10131],[8.455869999999777,39.992809999999736],[8.432080000000497,39.879549999999654],[8.440640000000712,39.912860000000364],[8.476810000000114,39.92427999999927],[8.582459999999628,39.92046999999911],[8.69858000000022,39.71107999999913],[8.844199999999546,39.581640000000334],[9.03360000000066,39.37700000000041],[9.099280000000363,39.22472000000016]]]},"properties":{}},{"type":"Feature","geometry":{"type":"MultiLineString","coordinates":[[[8.45492000000013,39.06196000000091],[8.50536,39.09051999999974],[8.632900000000518,39.00390999999945],[8.717609999999695,38.962030000000595],[8.80993,38.95441000000028],[8.875609999999142,38.905870000000505],[8.95365,38.96298000000024],[8.984109999999419,39.005810000000565],[9.009809999999561,39.14667],[9.057399999999689,39.20472999999947],[9.140199999999822,39.23804000000018],[9.250609999999142,39.23423999999977],[9.499980000000505,39.357019999999466],[9.567549999999756,39.35987000000023],[9.63608000000022,39.451240000000325],[9.593249999999898,39.53214999999909],[9.58278000000064,39.6929999999993],[9.557080000000497,39.7843699999994],[9.639890000000378,39.812920000000304],[9.664640000000873,40.029930000000604],[9.61895,40.05277000000024],[9.59516000000076,40.092749999999796],[9.542810000000827,40.092749999999796],[9.503779999999097,40.11273000000074],[9.494269999999233,40.136529999999766],[9.59516000000076,40.27549],[9.607529999999315,40.32878999999957],[9.67605999999978,40.370670000000246],[9.647499999999127,40.42302000000018],[9.74935,40.4429999999993],[9.789319999999861,40.55911999999989],[9.778850000000602,40.58292000000074],[9.70271,40.57625],[9.6827200000007,40.59814],[9.70271,40.68476],[9.666540000000168,40.73805999999968],[9.677960000000894,40.765659999999116],[9.652260000000751,40.8408500000005],[9.611339999999473,40.889390000000276],[9.502829999999449,40.9322200000006],[9.481889999999112,40.97600000000057],[9.362919999999576,41.10354],[9.364820000000691,41.167310000000725],[9.312480000000505,41.16540999999961],[9.243000000000393,41.217759999999544],[9.18399,41.22537000000011]]]},"properties":{}},{"type":"Feature","geometry":{"type":"MultiLineString","coordinates":[[[8.841340000000855,40.92936],[8.885120000000825,40.91223],[8.913679999999658,40.85702999999921]]]},"properties":{}},{"type":"Feature","geometry":{"type":"MultiLineString","coordinates":[[[32.89863999999943,25.970950000000812],[32.9694,25.927120000000286],[33.263269999999466,25.820050000000265],[33.327509999999165,25.750449999999546],[33.40424999999959,25.75223],[33.477890000000116,25.665979999999763],[33.537969999999405,25.656460000000152],[33.58021,25.618389999999636],[33.64683999999943,25.594600000000355],[33.80673000000024,25.430060000000594],[33.83944999999949,25.331899999999223],[33.92736999999943,25.309300000000803],[34.05883999999969,25.196270000000368],[34.13854999999967,25.092169999999896],[34.22956999999951,24.928579999999783],[34.336639999999534,24.837569999999687],[34.38923000000068,24.758449999999357],[34.569470000000365,24.653759999999238],[34.70213,24.55203000000074],[34.7467400000005,24.542520000000877],[34.85678999999982,24.45507],[35.04179,24.392610000000786],[35.04833999999937,24.328960000000734],[35.20181000000048,24.202250000000276]]]},"properties":{}},{"type":"Feature","geometry":{"type":"MultiLineString","coordinates":[[[35.26867999999922,24.127300000000105],[35.29723000000013,24.04997],[35.38586000000032,23.994049999999334],[35.48199000000022,23.90006]]]},"properties":{}},{"type":"Feature","geometry":{"type":"MultiLineString","coordinates":[[[33.11573999999928,25.883700000000317],[33.1851000000006,25.91487000000052],[33.37605000000076,25.945799999999508],[33.45101000000068,25.93449999999939],[33.51347,25.961269999999786],[33.543799999999464,25.95651],[33.63481999999931,26.028490000000602],[33.71346000000085,25.99517999999989],[33.83599999999933,25.99576999999954],[33.90977000000021,26.049909999999727],[33.949029999999766,26.13438],[34.01387000000068,26.13557000000037],[34.04896,26.107609999999113],[34.132840000000215,26.081430000000182],[34.20125,26.10225],[34.24170000000049,26.157579999999143]]]},"properties":{}},{"type":"Feature","geometry":{"type":"MultiLineString","coordinates":[[[34.436939999999595,25.83158999999978],[34.56305000000066,25.68287000000055],[34.74091000000044,25.323570000000473]]]},"properties":{}},{"type":"Feature","geometry":{"type":"MultiLineString","coordinates":[[[34.95590000000084,24.917880000000878],[34.99705999999969,24.817339999999604],[35.08510000000024,24.69956],[35.092829999999594,24.63829000000078],[35.14601000000039,24.56035999999949],[35.1359,24.519319999999425],[35.148989999999685,24.487789999999222],[35.201929999999265,24.44614999999976],[35.27153,24.291479999999865]]]},"properties":{}},{"type":"Feature","geometry":{"type":"MultiLineString","coordinates":[[[35.354810000000725,24.15942],[35.36789999999928,24.120160000000396],[35.301470000000336,24.04693000000043]]]},"properties":{}},{"type":"Feature","geometry":{"type":"MultiLineString","coordinates":[[[34.96006,24.92787],[34.922459999999774,24.942150000000765],[34.84585,24.925970000000234],[34.73211000000083,24.966889999999694],[34.64596999999958,25.025429999999687]]]},"properties":{}},{"type":"Feature","geometry":{"type":"MultiLineString","coordinates":[[[34.64596999999958,25.025429999999687],[34.45628000000033,25.07491999999911],[34.33397999999943,25.08158]]]},"properties":{}},{"type":"Feature","geometry":{"type":"MultiLineString","coordinates":[[[34.33397999999943,25.08158],[34.244510000000446,25.097760000000562],[34.13854999999967,25.092169999999896]]]},"properties":{}},{"type":"Feature","geometry":{"type":"MultiLineString","coordinates":[[[33.79498000000058,25.072539999999208],[33.699609999999666,25.0378],[33.6425,25.04161000000022],[33.482130000000325,25.010200000000623],[33.35792000000038,25.036369999999806],[33.31975000000057,25.061600000000908],[33.232669999999416,25.046840000000884],[33.14747999999963,25.072070000000167],[32.895259999999325,24.96070999999938]]]},"properties":{}},{"type":"Feature","geometry":{"type":"MultiLineString","coordinates":[[[33.4703499999996,25.01045999999951],[33.60453000000052,24.932629999999335],[33.71018,24.91121000000021],[33.79725999999937,24.849350000000413],[33.87341000000015,24.84173],[33.88387999999941,24.814609999999448],[33.91386000000057,24.80460999999923]]]},"properties":{}},{"type":"Feature","geometry":{"type":"MultiLineString","coordinates":[[[33.91386000000057,24.80460999999923],[33.945270000000164,24.796519999999873],[34.03569000000061,24.82746000000043],[34.14990000000034,24.815080000000307],[34.326929999999265,24.74656],[34.430270000000746,24.73286999999982]]]},"properties":{}},{"type":"Feature","geometry":{"type":"MultiLineString","coordinates":[[[35.64043999999922,31.1284799999994],[35.55811,31.188920000000508],[35.54573999999957,31.17178000000058]]]},"properties":{}},{"type":"Feature","geometry":{"type":"MultiLineString","coordinates":[[[35.54573999999957,31.17178000000058],[35.537169999999605,31.103259999999864],[35.50957000000017,31.069470000000365]]]},"properties":{}},{"type":"Feature","geometry":{"type":"MultiLineString","coordinates":[[[35.34781245784052,30.641229118166336],[35.380232614044985,30.693577260294603],[35.388516796610304,30.785194414697344],[35.43624000000102,30.888150000000678],[35.47264673269052,31.032798881423673]]]},"properties":{}},{"type":"Feature","geometry":{"type":"MultiLineString","coordinates":[[[35.274671575177194,30.923234743361036],[35.34037664219733,30.97405622635688],[35.359737457905965,31.0356395355239],[35.387220232523475,31.06811917825354],[35.3524799999995,31.226510000000474],[35.38293999999951,31.304560000000606],[35.37769999999921,31.429239999999595],[35.39436000000023,31.46969],[35.25907529435716,31.552656453281145],[35.21603694150792,31.646846569645618]]]},"properties":{}},{"type":"Feature","geometry":{"type":"MultiLineString","coordinates":[[[36.82703000000038,31.889909999999873],[36.83892999999989,31.923689999999624],[36.81036999999924,32.059800000000905],[36.81513000000086,32.170210000000225],[36.8436899999997,32.26966999999968],[36.80514000000039,32.351520000000164],[36.8189399999992,32.425279999999475],[36.80941999999959,32.43908999999985],[36.693779999999606,32.50904000000082],[36.4989000000005,32.52140999999938],[36.27023999999983,32.561869999999544],[36.111290000000736,32.625630000000456]]]},"properties":{}},{"type":"Feature","geometry":{"type":"MultiLineString","coordinates":[[[36.81036999999924,32.059800000000905],[36.64809000000059,32.200660000000425],[36.61859,32.30725999999959],[36.63572000000022,32.39720999999918],[36.71139000000039,32.501899999999296],[36.7499399999997,32.52094000000034]]]},"properties":{}},{"type":"Feature","geometry":{"type":"MultiLineString","coordinates":[[[35.91885,31.96437],[35.91006000000016,32.06106],[35.833919999999125,32.11246000000028],[35.820589999999356,32.16338],[35.87674999999945,32.20907000000079],[35.894829999999274,32.301869999999326],[35.88627000000088,32.32755999999972],[35.93957000000046,32.39371000000028],[35.95574999999917,32.469380000000456],[35.9843,32.48270000000048]]]},"properties":{}},{"type":"Feature","geometry":{"type":"MultiLineString","coordinates":[[[35.9843,32.48270000000048],[36.07519999999931,32.543620000000374],[36.111290000000736,32.625630000000456]]]},"properties":{}},{"type":"Feature","geometry":{"type":"MultiLineString","coordinates":[[[34.65760123804955,31.765867209157136],[34.709473487976766,31.846768883355367],[34.8947145272806,31.965503987546185],[34.9163676224336,32.017376237473286],[34.965050000000815,32.31841999999966],[34.93470999999954,32.46059000000071],[34.89602000000019,32.50749999999982]]]},"properties":{}},{"type":"Feature","geometry":{"type":"MultiLineString","coordinates":[[[35.25832000000082,32.223400000000765],[35.13100999999915,32.30533],[35.03881,32.33151],[34.94037000000026,32.439259999999194],[35.07092999999986,32.41776000000027],[35.22797999999966,32.44988000000012]]]},"properties":{}},{"type":"Feature","geometry":{"type":"MultiLineString","coordinates":[[[34.896020000000135,32.50749999999971],[35.11435999999958,32.51591],[35.21726999999919,32.6099],[35.26605000000018,32.61703999999918],[35.32553,32.573019999999815],[35.45968,32.54624999999942],[35.50340999999935,32.5060799999992]]]},"properties":{}},{"type":"Feature","geometry":{"type":"MultiLineString","coordinates":[[[35.3871,32.48617000000013],[35.50340999999935,32.5060799999992],[35.612960000000385,32.61887000000024]]]},"properties":{}},{"type":"Feature","geometry":{"type":"MultiLineString","coordinates":[[[35.612960000000385,32.61887000000024],[35.681979999999385,32.65927999999985],[35.71767,32.64797],[35.814039999999295,32.66403999999966],[35.90266999999949,32.57539999999972],[36.010340000000724,32.573019999999815],[36.111290000000736,32.625630000000456]]]},"properties":{}},{"type":"Feature","geometry":{"type":"MultiLineString","coordinates":[[[35.50901999999951,32.51096999999936],[35.62046999999984,32.4653500000004],[35.72457000000031,32.388020000000324],[35.75728999999956,32.34339999999975],[35.83461999999963,32.31900999999925],[35.89103000000068,32.27759999999944]]]},"properties":{}},{"type":"Feature","geometry":{"type":"MultiLineString","coordinates":[[[35.503409999999405,32.5060799999992],[35.46313,32.40408000000025],[35.41196999999926,32.3719600000004],[35.284499999999866,32.216259999999295],[35.25909,32.131040000000326],[35.26524419510844,32.08776069402575],[35.249301806369374,32.06967679038149],[35.27571382353398,32.0325571986906],[35.25548840498442,32.006383127626464],[35.2545366205822,31.95784212310747],[35.22001064138766,31.919770747014184]]]},"properties":{}},{"type":"Feature","geometry":{"type":"MultiLineString","coordinates":[[[35.18514999999934,32.26130999999987],[35.19722,32.32079999999951],[35.234700000000885,32.34519],[35.293149999999514,32.46430999999939],[35.186900000000605,32.58104]]]},"properties":{}},{"type":"Feature","geometry":{"type":"MultiLineString","coordinates":[[[35.186900000000605,32.58104],[35.12275000000045,32.646779999999126],[35.09812000000056,32.79573999999957]]]},"properties":{}},{"type":"Feature","geometry":{"type":"MultiLineString","coordinates":[[[35.09812000000056,32.79573999999957],[35.10193000000072,32.88854],[35.08669999999984,32.913759999999456]]]},"properties":{}},{"type":"Feature","geometry":{"type":"MultiLineString","coordinates":[[[34.93855000000076,32.68152],[34.96091999999953,32.82476999999926],[34.980429999999615,32.836670000000595],[35.00851,32.813819999999396],[35.04515,32.81524999999965],[35.080369999999675,32.87473999999929],[35.07846000000063,32.92804000000069]]]},"properties":{}},{"type":"Feature","geometry":{"type":"MultiLineString","coordinates":[[[35.22999999999956,32.613320000000385],[35.2172300000002,32.700080000000526],[35.23199000000022,32.730540000000474],[35.30289000000084,32.77432000000044],[35.421870000000126,32.78384]]]},"properties":{}},{"type":"Feature","geometry":{"type":"MultiLineString","coordinates":[[[35.28291,32.760519999999815],[35.25626000000011,32.80145000000084],[35.16251000000011,32.86807000000044]]]},"properties":{}},{"type":"Feature","geometry":{"type":"MultiLineString","coordinates":[[[33.99202999999943,26.622690000000148],[33.883169999999154,26.57056999999986],[33.78845999999976,26.566759999999704],[33.7499200000002,26.538210000000618],[33.735640000000785,26.502039999999397]]]},"properties":{}},{"type":"Feature","geometry":{"type":"MultiLineString","coordinates":[[[33.996429999999236,26.305019999999786],[33.98643000000084,26.262189999999464],[34.04735000000073,26.170819999999367],[34.11967999999979,26.148929999999382]]]},"properties":{}},{"type":"Feature","geometry":{"type":"MultiLineString","coordinates":[[[33.435639999999694,26.388779999999315],[33.45867,26.35261],[33.504829999999856,26.341189999999187],[33.52053999999953,26.218409999999494],[33.55336999999963,26.177480000000287],[33.555280000000494,26.133700000000317]]]},"properties":{}},{"type":"Feature","geometry":{"type":"MultiLineString","coordinates":[[[33.04269000000022,26.354160000000775],[33.0605400000004,26.330959999999322],[33.113359999999375,26.33488000000034],[33.16654000000017,26.36736000000019],[33.19759999999951,26.414119999999457],[33.24042999999983,26.428040000000692],[33.400040000000445,26.40805],[33.435639999999694,26.388779999999315]]]},"properties":{}},{"type":"Feature","geometry":{"type":"MultiLineString","coordinates":[[[33.42037999999957,26.347019999999247],[33.34764,26.290979999999763],[33.28197,26.36022000000048],[33.26020000000062,26.34238],[33.103870000000825,26.30240000000049],[33.0605400000004,26.330959999999322]]]},"properties":{}},{"type":"Feature","geometry":{"type":"MultiLineString","coordinates":[[[32.79483000000073,26.355579999999463],[32.936470000000554,26.34987],[33.011780000000726,26.3702200000007],[33.051470000000336,26.355579999999463]]]},"properties":{}},{"type":"Feature","geometry":{"type":"MultiLineString","coordinates":[[[33.07824000000073,26.38699000000088],[33.08467000000019,26.40877],[33.153550000000905,26.463369999999486],[33.25991000000067,26.693590000000768],[33.46608000000015,26.802739999999176]]]},"properties":{}},{"type":"Feature","geometry":{"type":"MultiLineString","coordinates":[[[33.51238999999987,26.76708999999937],[33.47107,26.74748],[33.28368000000046,26.725710000000618],[33.21551,26.757830000000467]]]},"properties":{}},{"type":"Feature","geometry":{"type":"MultiLineString","coordinates":[[[33.21551,26.757830000000467],[33.185820000000604,26.764610000000175],[33.12192999999934,26.817800000000716]]]},"properties":{}},{"type":"Feature","geometry":{"type":"MultiLineString","coordinates":[[[33.12192999999934,26.817800000000716],[33.13406000000032,26.846349999999802],[33.11012999999912,26.867050000000745]]]},"properties":{}},{"type":"Feature","geometry":{"type":"MultiLineString","coordinates":[[[32.88436,26.73236999999972],[32.99529000000075,26.67894999999953],[33.2464,26.672640000000683]]]},"properties":{}},{"type":"Feature","geometry":{"type":"MultiLineString","coordinates":[[[9.917779999999766,44.16657],[9.975839999999152,44.21701000000036],[9.946330000000728,44.31646999999987],[9.877329999999404,44.37882],[9.908729999999196,44.45543],[9.990589999999429,44.51302000000027],[10.013909999999782,44.57536000000084],[10.064350000000559,44.605820000000676],[10.097659999999564,44.694330000000264],[10.326569999999265,44.8052100000005]]]},"properties":{}},{"type":"Feature","geometry":{"type":"MultiLineString","coordinates":[[[10.510259999999107,44.904200000000856],[10.50979,44.881359999999404],[10.63257,44.707179999999425]]]},"properties":{}},{"type":"Feature","geometry":{"type":"MultiLineString","coordinates":[[[11.07496,46.129150000000664],[11.114929999999731,46.03492],[11.095900000000256,45.95592000000033],[11.008809999999357,45.89358],[10.988820000000487,45.8436099999999],[11.012609999999768,45.79793000000063],[10.997859999999491,45.771749999999884],[10.933619999999792,45.731299999999464],[10.81322,45.57425999999941],[10.79608,45.5261900000005],[10.831299999999828,45.48098000000027],[10.98501000000033,45.442909999999756]]]},"properties":{}},{"type":"Feature","geometry":{"type":"MultiLineString","coordinates":[[[8.940099999999859,45.16641999999962],[8.936299999999505,45.20449],[8.739210234260497,45.45239769027967],[8.62089558575542,45.4489233559828]]]},"properties":{}},{"type":"Feature","geometry":{"type":"MultiLineString","coordinates":[[[9.525970000000655,45.7363000000006],[9.607830000000888,45.77151000000049],[9.610679999999775,45.747240000000716],[9.670243837979172,45.70718807067135]]]},"properties":{}},{"type":"Feature","geometry":{"type":"MultiLineString","coordinates":[[[9.400149999999485,44.280259999999544],[9.669029999999111,44.27406999999948],[9.716619999999239,44.24695000000065],[9.724229999999807,44.22552999999971]]]},"properties":{}},{"type":"Feature","geometry":{"type":"MultiLineString","coordinates":[[[11.06553,43.7772700000005],[11.163749999999709,43.78483000000057],[11.248970000000611,43.77243000000101]]]},"properties":{}},{"type":"Feature","geometry":{"type":"MultiLineString","coordinates":[[[10.546290000000283,44.001819999999555],[10.54724,43.983739999999614],[10.51059,43.967559999999196],[10.496320000000196,43.93709999999925],[10.522489999999436,43.90949999999981]]]},"properties":{}},{"type":"Feature","geometry":{"type":"MultiLineString","coordinates":[[[10.391149999999527,43.803850000000295],[10.413510000000429,43.83906000000036],[10.495839999999532,43.84952999999962]]]},"properties":{}},{"type":"Feature","geometry":{"type":"MultiLineString","coordinates":[[[11.247750000000394,43.77196],[10.894640000000436,43.93567000000081],[10.77614,43.87952000000047],[10.495839999999532,43.84952999999962]]]},"properties":{}},{"type":"Feature","geometry":{"type":"MultiLineString","coordinates":[[[10.85581,43.403910000000906],[10.803459999999177,43.361080000000584],[10.693049999999857,43.331099999999424]]]},"properties":{}},{"type":"Feature","geometry":{"type":"MultiLineString","coordinates":[[[10.54457,43.10410000000047],[10.532199999999648,43.016530000000785],[10.49127000000044,42.99083000000064],[10.660690000000614,42.98798]]]},"properties":{}},{"type":"Feature","geometry":{"type":"MultiLineString","coordinates":[[[15.575549999999566,46.245310000000245],[15.7492000000002,46.22487999999976],[15.842000000000553,46.19514],[15.872929999999542,46.17015],[15.907440000000861,46.05712999999923],[15.88602,45.94886000000042],[15.890779999999722,45.81204000000071],[16.02997999999934,45.81560999999965],[16.14419000000089,45.78944000000047],[16.3305,45.785869999999704],[16.53514,45.65262000000075],[16.596999999999753,45.57647999999972],[16.754049999999552,45.48367999999937]]]},"properties":{}},{"type":"Feature","geometry":{"type":"MultiLineString","coordinates":[[[15.890779999999722,45.81204000000071],[15.799290000000838,45.76445000000058],[15.77074,45.72400000000016],[15.630349999999453,45.66808999999921],[15.5613400000002,45.55030000000079],[15.562529999999242,45.51223000000027],[15.485199999999168,45.42180999999982],[15.64106,45.33614999999918],[15.950380000000223,45.32306000000062],[16.13597999999911,45.37541000000056],[16.290650000000824,45.36946],[16.373929999999746,45.45750000000044],[16.364410000000134,45.50033000000076]]]},"properties":{}},{"type":"Feature","geometry":{"type":"MultiLineString","coordinates":[[[16.37630999999965,45.48606],[16.275180000000546,45.51937],[16.0883900000008,45.64667]]]},"properties":{}},{"type":"Feature","geometry":{"type":"MultiLineString","coordinates":[[[16.0883900000008,45.64667],[15.901610000000801,45.77873],[15.890779999999722,45.81204000000071],[15.623209999999744,45.89531999999963]]]},"properties":{}},{"type":"Feature","geometry":{"type":"MultiLineString","coordinates":[[[16.364410000000134,45.50033000000076],[16.15382999999929,45.754940000000715],[16.118140000000494,45.82275],[16.127650000000358,45.909600000000864],[16.233539999999266,45.93934000000081],[16.250200000000405,46.02024999999958],[16.291839999999866,46.07854000000043],[16.272800000000643,46.148740000000544],[16.20879000000059,46.21774]]]},"properties":{}},{"type":"Feature","geometry":{"type":"MultiLineString","coordinates":[[[16.281020000000353,46.11732999999913],[16.494689999999537,45.992879999999786],[16.707650000000285,45.936970000000656],[16.9432199999992,45.844170000000304],[17.02910999999949,45.76563999999962],[17.07789000000048,45.695449999999255],[17.252780000000712,45.57767000000058],[17.670969999999215,45.40516000000025]]]},"properties":{}},{"type":"Feature","geometry":{"type":"MultiLineString","coordinates":[[[16.97219000000041,45.821459999999206],[16.878020000000106,45.67879],[16.851839999999356,45.54911],[16.812579999999798,45.474159999999756],[16.561550000000352,45.26001]]]},"properties":{}},{"type":"Feature","geometry":{"type":"MultiLineString","coordinates":[[[18.80393000000015,45.27484],[18.484270000000947,45.277850000000456],[17.9393799999998,45.37541000000061],[17.864900000000546,45.402780000000405],[17.603160000000685,45.40159],[17.26586999999921,45.4230000000008],[16.820890000000873,45.48689999999988],[16.60081,45.46106999999944],[16.375050000000613,45.470960000000616]]]},"properties":{}},{"type":"Feature","geometry":{"type":"MultiLineString","coordinates":[[[18.523339999999735,45.2787900000003],[18.015520000000834,45.16720999999961],[17.705,45.16007],[17.60863000000063,45.10414999999921],[17.506789999999455,45.10414999999921]]]},"properties":{}},{"type":"Feature","geometry":{"type":"MultiLineString","coordinates":[[[18.545889999999417,45.12221999999929],[18.491410000000542,45.06608000000051],[18.39741999999933,45.005409999999756]]]},"properties":{}},{"type":"Feature","geometry":{"type":"MultiLineString","coordinates":[[[18.158470000000307,45.1567699999996],[18.147580000000744,45.076789999999164],[18.39741999999933,45.005409999999756],[18.557119999999486,44.91093]]]},"properties":{}},{"type":"Feature","geometry":{"type":"MultiLineString","coordinates":[[[18.540310000000318,45.62313],[18.466189999999187,45.6609499999995],[18.298440000000483,45.696640000000116],[18.184219999999186,45.75137],[18.017659999999523,45.75612999999976],[17.962929999999687,45.77159000000029]]]},"properties":{}},{"type":"Feature","geometry":{"type":"MultiLineString","coordinates":[[[17.962929999999687,45.77159000000029],[17.87097,45.76445000000058],[17.56402,45.83821999999964],[17.186869999999544,45.977419999999256],[16.992949999999837,46.066650000000664],[16.81626999999935,46.17729],[16.650900000000547,46.24510999999984],[16.59617000000071,46.2522399999998],[16.491470000000845,46.29983],[16.38321,46.304589999999735]]]},"properties":{}},{"type":"Feature","geometry":{"type":"MultiLineString","coordinates":[[[16.97219000000041,45.821459999999206],[17.016739999999118,45.859630000000834],[17.05124000000069,45.96313999999984],[17.090500000000247,46.0023999999994],[17.17735,46.03571000000011],[17.51524000000063,46.0607],[17.66157000000021,46.03451999999925],[17.813860000000204,46.06427000000076]]]},"properties":{}},{"type":"Feature","geometry":{"type":"MultiLineString","coordinates":[[[17.78888,45.292129999999815],[17.86490000000049,45.40278000000035],[17.87572999999975,45.532460000000356],[17.936400000000503,45.603839999999764],[17.92449999999917,45.68116999999984],[17.962929999999687,45.77159000000029],[17.956630000000587,45.83345999999983],[18.00778999999966,45.89531999999963]]]},"properties":{}},{"type":"Feature","geometry":{"type":"MultiLineString","coordinates":[[[18.00778999999966,45.89531999999963],[18.113789999999426,45.9667100000006],[18.17566000000079,46.05594000000019]]]},"properties":{}},{"type":"Feature","geometry":{"type":"MultiLineString","coordinates":[[[18.286420000000362,46.08448999999928],[18.091309999999794,46.04642000000058],[17.861689999999726,46.04880000000048],[17.72487,46.09401000000071],[17.57496,46.18680999999924],[17.417919999999867,46.31530000000021],[17.356050000000323,46.428320000000895],[17.337020000000848,46.51042000000052],[17.238859999999477,46.72933000000012],[17.1996,46.962509999999384]]]},"properties":{}},{"type":"Feature","geometry":{"type":"MultiLineString","coordinates":[[[18.11189000000013,46.31886999999915],[18.03693000000021,46.42593999999917],[18.046449999999822,46.51635999999962],[18.149960000000647,46.59607999999935],[18.077390000000378,46.70552999999927],[18.11665,46.82807],[18.222529999999097,46.89588999999978],[18.24633,46.9411],[18.372439999999187,47.039849999999205],[18.396230000000287,47.07553999999982],[18.41526999999951,47.04697999999917],[18.45492000000013,47.028910000000906]]]},"properties":{}},{"type":"Feature","geometry":{"type":"MultiLineString","coordinates":[[[18.380769999999757,46.55206],[18.3093800000006,46.61987000000045],[18.3070000000007,46.75907],[18.282020000000557,46.832829999999376],[18.28440000000046,46.8804199999995],[18.24633,46.9411]]]},"properties":{}},{"type":"Feature","geometry":{"type":"MultiLineString","coordinates":[[[18.24633,46.9411],[18.199930000000677,47.01843],[18.096419999999853,47.04341000000022],[18.042880000000878,47.09218999999939]]]},"properties":{}},{"type":"Feature","geometry":{"type":"MultiLineString","coordinates":[[[18.199930000000677,47.01843],[18.14115,46.94229000000087],[18.051919999999882,46.88875],[17.96745,46.87089999999989],[17.76044,46.79000000000087],[17.684300000000803,46.7781],[17.667639999999665,46.76382999999987],[17.64147000000048,46.61987000000045],[17.618860000000495,46.59727000000021],[17.48085,46.57228000000032],[17.41899000000012,46.577040000000125]]]},"properties":{}},{"type":"Feature","geometry":{"type":"MultiLineString","coordinates":[[[17.25941000000057,46.6900999999998],[17.39042999999947,46.667460000000574],[17.407090000000608,46.63772000000063],[17.439210000000458,46.519930000000386],[17.4117499999993,46.32647999999972]]]},"properties":{}},{"type":"Feature","geometry":{"type":"MultiLineString","coordinates":[[[18.07774000000063,46.364910000000236],[17.60815999999977,46.36169999999947],[17.50346,46.39739],[17.320239999999103,46.41048000000046],[17.0234,46.46401999999944],[16.806870000000345,46.454499999999825],[16.49872999999934,46.37598000000071],[16.319680000000517,46.38905999999952],[16.175709999999526,46.41892]]]},"properties":{}},{"type":"Feature","geometry":{"type":"MultiLineString","coordinates":[[[18.38326000000052,46.11542],[18.44513,46.099959999999555],[18.61644999999953,46.09877000000051],[18.66523000000052,46.072589999999764],[18.717790000000605,46.068670000000566]]]},"properties":{}},{"type":"Feature","geometry":{"type":"MultiLineString","coordinates":[[[16.33252999999968,46.44974],[16.399390000000494,46.504469999999856],[16.46839,46.62343999999939],[16.552859999999782,46.718619999999646],[16.580920000000333,46.85136000000057]]]},"properties":{}},{"type":"Feature","geometry":{"type":"MultiLineString","coordinates":[[[15.424170000000231,47.05768999999964],[15.467350000000806,47.07435000000078],[15.77074,47.10647000000063],[16.0646,47.07316],[16.28708,46.98631000000023],[16.415929999999207,46.97917000000052],[16.619370000000345,47.02556999999979],[16.844230000000607,47.10885000000053],[17.01151000000027,47.10171000000082],[17.32202999999936,47.13859000000048]]]},"properties":{}},{"type":"Feature","geometry":{"type":"MultiLineString","coordinates":[[[16.62170999999944,47.232169999999314],[16.800919999999678,47.16596000000027],[17.14357000000018,46.972030000000814],[17.1996,46.962509999999384],[17.23754999999983,46.964889999999286],[17.27918999999929,46.9946400000008],[17.326779999999417,47.0588800000005],[17.431479999999283,47.137399999999616]]]},"properties":{}},{"type":"Feature","geometry":{"type":"MultiLineString","coordinates":[[[16.62170999999944,47.232169999999314],[16.758089999999356,47.22306000000026],[16.855649999999514,47.23377000000073],[17.031730000000607,47.29682999999932],[17.351769999999306,47.466959999999744],[17.418390000000727,47.52881999999954],[17.49691999999959,47.55976],[17.59447,47.64542000000074],[17.6230400000004,47.6895399999994]]]},"properties":{}},{"type":"Feature","geometry":{"type":"MultiLineString","coordinates":[[[16.699549999999363,47.230499999999665],[17.112629999999626,47.14691999999923],[17.431479999999283,47.137399999999616],[17.576629999999568,47.1600099999996],[17.785540000000765,47.12788999999975],[17.965190000000803,47.13977999999952],[18.006830000000264,47.09338000000025],[18.042880000000878,47.09218999999939],[18.21385,47.23853000000054],[18.39231,47.345610000000306],[18.447039999999106,47.35476000000017]]]},"properties":{}},{"type":"Feature","geometry":{"type":"MultiLineString","coordinates":[[[18.457609999999477,47.13769999999931],[18.424670000000333,47.194509999999354],[18.300470000000132,47.28154],[18.2152700000006,47.39200999999957],[18.06775000000016,47.49789000000055],[18.05109000000084,47.53715000000011],[18.1510300000009,47.731079999999565]]]},"properties":{}},{"type":"Feature","geometry":{"type":"MultiLineString","coordinates":[[[17.89643000000069,47.713229999999385],[18.26524000000063,47.59307000000081],[18.385410000000775,47.57165999999961]]]},"properties":{}},{"type":"Feature","geometry":{"type":"MultiLineString","coordinates":[[[18.06775000000016,47.49789000000055],[18.142700000000332,47.491939999999886],[18.294990000000325,47.51574000000073],[18.385410000000775,47.57165999999961]]]},"properties":{}},{"type":"Feature","geometry":{"type":"MultiLineString","coordinates":[[[18.34852,47.53953],[18.367560000000594,47.45982],[18.4957500000001,47.366270000000554]]]},"properties":{}},{"type":"Feature","geometry":{"type":"MultiLineString","coordinates":[[[17.971380000000863,47.72751000000062],[18.09153999999944,47.73583999999937],[18.317590000000564,47.71918],[18.429850000000442,47.731330000000526]]]},"properties":{}},{"type":"Feature","geometry":{"type":"MultiLineString","coordinates":[[[17.971380000000863,47.72751000000062],[17.6230400000004,47.6895399999994],[17.082060000000638,47.574029999999766],[16.793550000000323,47.59783000000061],[16.643640000000232,47.65256000000045],[16.598760000000766,47.692259999999806],[16.70788999999968,47.57640999999967],[16.718590000000404,47.540720000000874],[16.705509999999776,47.44792000000052],[16.577030000000377,47.395730000000185]]]},"properties":{}},{"type":"Feature","geometry":{"type":"MultiLineString","coordinates":[[[17.25590000000011,47.604489999999714],[17.20281000000068,47.550240000000485],[16.8804,47.336090000000695],[16.636560000000827,47.232270000000426],[16.424730000000636,47.26589000000058],[16.316469999999754,47.254000000000815],[16.25460000000021,47.26707999999962],[16.06245999999919,47.45744000000013]]]},"properties":{}},{"type":"Feature","geometry":{"type":"MultiLineString","coordinates":[[[16.088369999999486,47.731519999999364],[16.12670000000071,47.69182],[16.121940000000905,47.61330000000089],[16.04342,47.50503000000026],[16.06245999999919,47.45744000000013],[16.025579999999536,47.40985],[15.99345,47.31228999999985],[15.987499999999272,47.20879000000059],[15.926830000000336,47.12788999999975],[15.928019999999378,47.013670000000275],[15.825699999999415,46.8804199999995],[15.8721000000005,46.79594999999972]]]},"properties":{}},{"type":"Feature","geometry":{"type":"MultiLineString","coordinates":[[[15.893449999999575,46.96337999999923],[15.842360000000554,46.97869],[15.79762,47.01390999999967],[15.700539999999819,47.13098],[15.665329999999813,47.20807000000059],[15.700539999999819,47.23853000000054],[15.691020000000208,47.29088000000047],[15.71767,47.39557000000059],[15.70435,47.44507],[15.771930000000793,47.49265999999989],[15.818559999999707,47.55832999999984],[15.811900000000605,47.601160000000164],[15.78715000000011,47.6221000000005]]]},"properties":{}},{"type":"Feature","geometry":{"type":"MultiLineString","coordinates":[[[15.931679999999687,47.68527],[15.91802,47.66969000000063],[15.818090000000666,47.65827],[15.829509999999573,47.6497],[15.819040000000314,47.63542000000052],[15.78715000000011,47.6221000000005],[15.65248000000065,47.60305999999946],[15.56967000000077,47.54025],[15.504000000000815,47.529780000000756],[15.41167999999925,47.476479999999356],[15.281279999999242,47.437449999999444],[15.267120000000432,47.41223]]]},"properties":{}},{"type":"Feature","geometry":{"type":"MultiLineString","coordinates":[[[15.267120000000432,47.41223],[14.984800000000178,47.3451299999997],[14.91532,47.279459999999744],[14.774460000000545,47.1937999999991],[14.657390000000305,47.18999000000076],[14.556899999999587,47.22259999999915]]]},"properties":{}},{"type":"Feature","geometry":{"type":"MultiLineString","coordinates":[[[15.08036,47.36102000000028],[14.979090000000724,47.47552],[14.895329999999376,47.52121000000079]]]},"properties":{}},{"type":"Feature","geometry":{"type":"MultiLineString","coordinates":[[[15.01145,47.34418],[14.994319999999789,47.36796999999933],[14.919130000000223,47.39747999999963],[14.821089999999458,47.403190000000905],[14.582189999999173,47.47077],[14.48337,47.47458999999981]]]},"properties":{}},{"type":"Feature","geometry":{"type":"MultiLineString","coordinates":[[[14.452680000000328,47.048430000000735],[14.537720000000263,47.001790000000256],[14.567699999999604,46.921840000000884],[14.542009999999209,46.73195999999916],[14.583409999999276,46.71054],[14.690479999999297,46.69484000000011],[14.793279999999868,46.720540000000256],[14.827540000000226,46.70341],[14.853240000000369,46.70912]]]},"properties":{}},{"type":"Feature","geometry":{"type":"MultiLineString","coordinates":[[[14.774460000000545,47.1937999999991],[14.734739999999874,47.155979999999545],[14.73617000000013,47.10316000000057],[14.717609999999695,47.0589],[14.844670000000406,46.91042000000016],[14.857519999999568,46.85045999999966],[14.82611,46.77764000000025],[14.82611,46.73624000000018],[14.880370000000767,46.68198999999913],[14.91320000000087,46.68198999999913],[15.048419999999169,46.57090000000062]]]},"properties":{}},{"type":"Feature","geometry":{"type":"MultiLineString","coordinates":[[[14.351699999999255,46.26221000000078],[14.584549999999581,46.19373000000087],[14.600259999999253,46.17801999999938],[14.555879999999888,46.10762000000068]]]},"properties":{}},{"type":"Feature","geometry":{"type":"MultiLineString","coordinates":[[[14.219080000000758,45.91926000000058],[14.350409999999101,45.80254000000059],[14.460339999999633,45.76114000000052],[14.481760000000577,45.697299999999814],[14.501329999999143,45.697299999999814]]]},"properties":{}},{"type":"Feature","geometry":{"type":"MultiLineString","coordinates":[[[14.507330000000366,46.056940000000395],[14.569859999999608,45.991400000000795],[14.632330000000366,45.959349999999176],[14.999959999999191,45.92246999999952],[15.04874000000018,45.88083],[15.13083,45.85465],[15.191500000000815,45.85346000000027],[15.375910000000658,45.93079000000034],[15.473470000000816,45.93435999999929],[15.623209999999744,45.89531999999963]]]},"properties":{}},{"type":"Feature","geometry":{"type":"MultiLineString","coordinates":[[[14.460740000000442,45.32796000000053],[14.532269999999698,45.37995000000046],[14.61555000000044,45.36924],[14.73334000000068,45.37161999999989],[14.811859999999797,45.390659999999116],[15.015299999999115,45.381139999999505],[15.06646,45.3859],[15.11643,45.42396999999983],[15.22113,45.414450000000215],[15.344859999999244,45.44775999999911],[15.440039999999499,45.51081999999951],[15.557769999999437,45.531269999999495]]]},"properties":{}},{"type":"Feature","geometry":{"type":"MultiLineString","coordinates":[[[15.1106,45.859409999999116],[15.115239999999176,45.836810000000696],[15.179490000000442,45.80468],[15.337719999999536,45.627409999999145],[15.363900000000285,45.56078999999954],[15.485199999999168,45.42180999999982]]]},"properties":{}},{"type":"Feature","geometry":{"type":"MultiLineString","coordinates":[[[14.924220000000787,44.99689000000035],[15.226119999999355,45.07300000000032],[15.391499999999724,45.34307000000081],[15.485199999999168,45.42180999999982]]]},"properties":{}},{"type":"Feature","geometry":{"type":"MultiLineString","coordinates":[[[15.287749999999505,45.439440000000104],[15.435639999999694,45.2776300000005],[15.503450000000157,45.166989999999714],[15.584349999999176,45.100360000000364],[15.66525,44.959969999999885]]]},"properties":{}},{"type":"Feature","geometry":{"type":"MultiLineString","coordinates":[[[15.294879999999466,45.17994],[15.347599999999147,45.026599999999235],[15.294760000000679,44.82804000000033]]]},"properties":{}},{"type":"Feature","geometry":{"type":"MultiLineString","coordinates":[[[15.088159999999334,44.51977000000079],[15.144070000000283,44.52571999999964],[15.219030000000203,44.50193000000036],[15.316580000000613,44.50907],[15.399859999999535,44.57092999999986],[15.64019,44.67920000000049],[15.70325000000048,44.722030000000814],[15.807940000000599,44.731550000000425],[15.929299999999785,44.788650000000416],[15.888839999999618,44.83862000000045],[15.93167,44.894539999999324],[15.962610000000495,44.90882000000056],[16.043509999999515,44.8755000000001],[16.12630999999965,44.86837000000014],[16.16439,44.88145000000077],[16.192940000000817,44.91713999999956],[16.190559999999095,44.95641000000069],[16.352360000000772,44.99805000000015],[16.397569999999178,45.03730999999971]]]},"properties":{}},{"type":"Feature","geometry":{"type":"MultiLineString","coordinates":[[[15.66525,44.959969999999885],[15.69409000000087,44.919519999999466],[15.929299999999785,44.788650000000416]]]},"properties":{}},{"type":"Feature","geometry":{"type":"MultiLineString","coordinates":[[[15.929299999999785,44.788650000000416],[16.008529999999155,44.75771999999961],[16.019239999999627,44.730359999999564],[16.225060000000667,44.60425000000032],[16.32143,44.55546999999933],[16.36664000000019,44.550709999999526]]]},"properties":{}},{"type":"Feature","geometry":{"type":"MultiLineString","coordinates":[[[16.16439,44.88145000000077],[16.171519999999873,44.844569999999294],[16.288119999999253,44.64588999999978],[16.39876,44.531670000000304]]]},"properties":{}},{"type":"Feature","geometry":{"type":"MultiLineString","coordinates":[[[16.66193000000021,44.77794999999969],[16.608389999999417,44.82671999999911],[16.44778000000042,44.88026],[16.473949999999604,44.95046],[16.435880000000907,45.011130000000776],[16.369259999999485,45.06348000000071],[16.362119999999777,45.0884700000006],[16.202699999999822,45.15627999999924],[16.19794,45.17294000000038],[16.290650000000824,45.36946]]]},"properties":{}},{"type":"Feature","geometry":{"type":"MultiLineString","coordinates":[[[16.353699999999662,45.424189999999726],[16.449210000000676,45.32046000000082],[16.513450000000375,45.2776300000005],[16.638370000000577,45.23004000000037],[16.77162,45.21457999999984],[16.8786999999993,45.16580000000067],[16.97269000000051,45.17294000000038],[17.132110000000466,45.13843000000088],[17.24633,45.13724]]]},"properties":{}},{"type":"Feature","geometry":{"type":"MultiLineString","coordinates":[[[16.631240000000616,44.55666000000019],[16.656220000000758,44.613760000000184],[16.69904999999926,44.63399000000027],[16.727600000000166,44.67562999999973],[16.678830000000744,44.713700000000244],[16.646699999999328,44.81721],[16.694289999999455,44.8755000000001],[16.68239,44.94332000000031],[16.695480000000316,44.97306000000026]]]},"properties":{}},{"type":"Feature","geometry":{"type":"MultiLineString","coordinates":[[[16.701429999999164,45.127730000000156],[16.737119999999777,45.166989999999714],[16.737590000000637,45.21637]]]},"properties":{}},{"type":"Feature","geometry":{"type":"MultiLineString","coordinates":[[[17.24633,45.13724],[17.358280000000377,45.13368000000082],[17.506789999999455,45.10414999999921]]]},"properties":{}},{"type":"Feature","geometry":{"type":"MultiLineString","coordinates":[[[16.826349999999366,45.19434999999976],[16.8467,45.240750000000844],[16.975189999999202,45.34545000000071],[17.087020000000848,45.4025500000007],[17.11037000000033,45.44620000000032],[17.18934000000081,45.50843999999961],[17.24525999999969,45.6238400000002],[17.346380000000863,45.6845200000007],[17.3678,45.786840000000666],[17.41480000000047,45.89048]]]},"properties":{}},{"type":"Feature","geometry":{"type":"MultiLineString","coordinates":[[[17.24633,45.13724],[17.280950000000303,45.09678999999966],[17.296410000000833,45.01469999999978],[17.2869,44.90287],[17.20242999999948,44.841000000000406],[17.184579999999244,44.79221999999936],[17.132229999999254,44.73748999999964],[17.139370000000838,44.68158000000045],[17.082259999999224,44.51264000000083],[17.039430000000664,44.4591],[16.979950000000883,44.41984000000048],[16.919270000000324,44.32346999999942],[16.857400000000837,44.28302000000082],[16.840749999999332,44.2259099999992],[16.783639999999707,44.16167],[16.780070000000762,44.09028000000035],[16.737240000000497,44.017710000000136],[16.789590000000317,43.9261000000007],[16.77769000000086,43.88803],[16.827660000000947,43.83210999999943],[16.79541000000063,43.81654],[16.75068,43.76229000000063],[16.66502000000048,43.73278000000039],[16.616480000000593,43.607149999999876],[16.504929999999263,43.534639999999854]]]},"properties":{}},{"type":"Feature","geometry":{"type":"MultiLineString","coordinates":[[[16.92022,44.524530000000595],[17.011829999999463,44.48884],[17.061799999999494,44.426980000000185]]]},"properties":{}},{"type":"Feature","geometry":{"type":"MultiLineString","coordinates":[[[16.92022,44.524530000000595],[16.89048,44.53523999999925],[16.781020000000353,44.5269100000005],[16.750089999999545,44.550709999999526],[16.657289999999193,44.55904],[16.537130000000616,44.54119],[16.444330000000264,44.55546999999933],[16.39876,44.531670000000304],[16.40983000000051,44.44006000000081],[16.39912,44.4067500000001],[16.3182199999992,44.318709999999555],[16.312270000000353,44.287780000000566],[16.30989000000045,44.26517000000058],[16.355100000000675,44.19974],[16.26706000000013,44.16641999999956],[16.19758,44.022469999999885],[16.129759999999806,44.02960999999959],[16.105970000000525,44.00938],[16.03578000000016,43.99272000000019],[16.02030999999988,43.97012]]]},"properties":{}},{"type":"Feature","geometry":{"type":"MultiLineString","coordinates":[[[15.954869999999573,43.9951],[16.016739999999118,44.02484999999979],[15.973910000000615,44.13191999999981],[15.994140000000698,44.211629999999786]]]},"properties":{}},{"type":"Feature","geometry":{"type":"MultiLineString","coordinates":[[[15.702409999999873,44.023660000000746],[15.84994,44.14977],[15.930840000000899,44.17356],[15.98182000000088,44.170899999999165]]]},"properties":{}},{"type":"Feature","geometry":{"type":"MultiLineString","coordinates":[[[14.924220000000844,44.99689000000035],[15.158359999999504,44.910509999999704],[15.355369999999425,44.784159999999304],[15.551680000000601,44.485780000001],[15.689449999999795,44.3701400000009],[15.767970000000787,44.27662000000066],[15.686540000000605,44.1911999999993],[15.759519999999554,44.11883999999924],[15.99346,44.01140999999916]]]},"properties":{}},{"type":"Feature","geometry":{"type":"MultiLineString","coordinates":[[[15.22996846602831,44.11551758904079],[15.394990000000746,44.19140999999945],[15.56869,44.242570000000455],[15.636500000000638,44.30085999999932],[15.613900000000285,44.34606999999954],[15.689449999999795,44.3701400000009]]]},"properties":{}},{"type":"Feature","geometry":{"type":"MultiLineString","coordinates":[[[14.924220000000787,44.99689000000035],[14.939319999999498,44.94927],[14.902439999999842,44.81840000000011],[14.928610000000845,44.71846],[15.01426999999967,44.58402000000024],[15.248649999999543,44.39485000000059],[15.345020000000659,44.335370000000694],[15.51872,44.269930000000386],[15.55591,44.237779999999475]]]},"properties":{}},{"type":"Feature","geometry":{"type":"MultiLineString","coordinates":[[[16.355100000000675,44.19974],[16.38496,44.169990000000325],[16.49323,44.128350000000864],[16.61695999999938,43.99034000000029],[16.728789999999208,43.89636000000064],[16.777690000000803,43.88803]]]},"properties":{}},{"type":"Feature","geometry":{"type":"MultiLineString","coordinates":[[[17.171360000000277,44.77963000000091],[17.347069999999803,44.70360000000073],[17.383229999999458,44.59986000000026],[17.447000000000116,44.58462999999938],[17.47175000000061,44.55703],[17.48222,44.512290000000576],[17.67733000000044,44.38285],[17.74109999999928,44.24959999999919]]]},"properties":{}},{"type":"Feature","geometry":{"type":"MultiLineString","coordinates":[[[17.47175000000061,44.55703],[17.584059999999226,44.57892],[17.62594,44.609379999999874],[17.738250000000335,44.57892],[17.789640000000873,44.58367999999973],[17.94669000000067,44.656010000000606]]]},"properties":{}},{"type":"Feature","geometry":{"type":"MultiLineString","coordinates":[[[17.729450000000725,45.15883000000031],[17.73063,45.06623000000036],[17.69731999999931,44.92156000000068],[17.66496,44.87873000000036],[17.72968000000037,44.794019999999364]]]},"properties":{}},{"type":"Feature","geometry":{"type":"MultiLineString","coordinates":[[[17.72968000000037,44.794019999999364],[17.92699,44.69409000000087],[17.968870000000607,44.585580000000846]]]},"properties":{}},{"type":"Feature","geometry":{"type":"MultiLineString","coordinates":[[[17.968870000000607,44.585580000000846],[17.93841000000066,44.5246700000007],[17.95458999999937,44.43138999999974],[17.869880000000194,44.28958000000057],[17.863219999999274,44.23913]]]},"properties":{}},{"type":"Feature","geometry":{"type":"MultiLineString","coordinates":[[[15.22996846602831,44.11551758904079],[15.480900000000531,44.09255999999925],[15.669350000000122,44.01736999999952],[15.95487,43.9951],[16.020309999999824,43.97012],[16.07672,43.926949999999124],[16.176659999999288,43.91743],[16.31151999999929,43.82035],[16.39052000000089,43.72231],[16.479040000000282,43.67187000000018],[16.54852000000028,43.56812]]]},"properties":{}},{"type":"Feature","geometry":{"type":"MultiLineString","coordinates":[[[16.19758,44.022469999999885],[16.194170000000668,43.940269999999146],[16.176659999999174,43.91742999999951]]]},"properties":{}},{"type":"Feature","geometry":{"type":"MultiLineString","coordinates":[[[17.061799999999494,44.426980000000185],[17.163179999999556,44.36096],[17.16223,44.33620999999948],[17.073710000000574,44.281010000000606],[17.09846,44.23342000000048],[17.186980000000403,44.157279999999446],[17.150809999999183,44.11635000000024],[17.15176000000065,44.0649599999997],[17.229810000000725,43.94218]]]},"properties":{}},{"type":"Feature","geometry":{"type":"MultiLineString","coordinates":[[[17.163179999999556,44.36096],[17.24503,44.358109999999215],[17.318320000000313,44.29910000000018],[17.469649999999092,44.294340000000375],[17.656199999999444,44.25151],[17.674290000000838,44.22199999999975],[17.769469999999274,44.257219999999506],[17.84523000000081,44.244839999999385],[17.89091,44.22390000000087],[17.904239999999845,44.20010999999977]]]},"properties":{}},{"type":"Feature","geometry":{"type":"MultiLineString","coordinates":[[[16.616480000000593,43.60715],[16.665020000000368,43.732780000000275],[16.750679999999193,43.762290000000576],[16.808740000000398,43.826059999999416],[16.896300000000338,43.819400000000314],[17.02955,43.846050000000105],[17.152330000000802,43.81559000000016],[17.229810000000725,43.94218],[17.344590000000608,44.03831],[17.42425,44.05638999999974],[17.46709,44.10492999999951],[17.586059999999634,44.1563299999998],[17.674290000000838,44.22199999999975],[18.030539999999746,44.01260999999977],[18.093839999999545,43.94122000000061],[18.2328,43.84509000000071]]]},"properties":{}},{"type":"Feature","geometry":{"type":"MultiLineString","coordinates":[[[16.504929999999263,43.534639999999854],[16.640079999999273,43.61649000000028],[16.71051000000074,43.60792000000032],[16.79140999999987,43.64599000000095],[17.068380000000616,43.61744],[17.185450000000912,43.7307],[17.207340000000897,43.7725800000008],[17.197829999999215,43.783999999999764],[17.234469999999476,43.81351],[17.19326,43.86888999999968]]]},"properties":{}},{"type":"Feature","geometry":{"type":"MultiLineString","coordinates":[[[16.730499999999665,43.62314999999944],[17.206770000000688,43.41566000000057],[17.310520000000906,43.34523000000081],[17.37714000000051,43.33191000000079],[17.528759999999238,43.207220000000234],[17.5249500000009,43.17771999999968],[17.582060000000638,43.143449999999575],[17.629650000000765,43.05494],[17.69152000000031,43.07778],[17.70198999999957,43.102530000000115],[17.98884999999973,43.15201999999954],[18.112590000000637,43.19770000000062],[18.19729,43.290030000000115],[18.117340000000695,43.41280999999981],[18.096410000000105,43.49656],[18.07546999999977,43.50703000000067],[18.056430000000546,43.56509],[17.994559999999183,43.63743000000068],[18.00884000000042,43.69262999999955],[18.100210000000516,43.75735],[18.166839999999866,43.75640000000021],[18.2328,43.84509000000071],[18.331969999999274,43.82683],[18.44619000000057,43.8439699999999],[18.505199999999604,43.892509999999675],[18.604300000000876,43.91244]]]},"properties":{}},{"type":"Feature","geometry":{"type":"MultiLineString","coordinates":[[[16.990719999999783,43.50893999999971],[17.060960000000705,43.550820000000385],[17.09998000000087,43.611730000000534],[17.094989999999598,43.63941999999952]]]},"properties":{}},{"type":"Feature","geometry":{"type":"MultiLineString","coordinates":[[[16.504929999999263,43.534639999999854],[16.66786999999931,43.44136000000077],[16.91914,43.391869999999585],[17.099980000000926,43.24244]]]},"properties":{}},{"type":"Feature","geometry":{"type":"MultiLineString","coordinates":[[[17.09998000000087,43.24244],[17.16403999999966,43.192950000000565],[17.47146000000066,43.06160000000091],[17.576160000000527,43.03209000000061],[17.629650000000765,43.05494]]]},"properties":{}},{"type":"Feature","geometry":{"type":"MultiLineString","coordinates":[[[17.217860000000655,43.404570000000604],[17.228950000000623,43.42994],[17.29653,43.477530000000115],[17.242270000000644,43.50799],[17.24037,43.524170000000595],[17.27462999999989,43.57651000000078],[17.32317999999941,43.591739999999845],[17.31746000000021,43.631719999999405],[17.34792000000016,43.655510000000504],[17.285099999999147,43.70691000000079],[17.271779999999126,43.745929999999134],[17.223050000000512,43.80113999999958]]]},"properties":{}},{"type":"Feature","geometry":{"type":"MultiLineString","coordinates":[[[17.32317999999941,43.591739999999845],[17.3089,43.54890999999952],[17.36695999999938,43.531779999999344],[17.415499999999156,43.468010000000504],[17.477360000000772,43.433750000000146],[17.532569999999396,43.35856000000058],[17.6820000000007,43.236730000000534]]]},"properties":{}},{"type":"Feature","geometry":{"type":"MultiLineString","coordinates":[[[17.528759999999238,43.207220000000234],[17.626790000000256,43.1910399999997],[17.665820000000167,43.21103000000039],[17.7486200000003,43.29859000000033],[17.82191000000057,43.340469999999186]]]},"properties":{}},{"type":"Feature","geometry":{"type":"MultiLineString","coordinates":[[[17.576349999999366,43.1910399999997],[17.643930000000182,43.162490000000616],[17.70198999999957,43.102530000000115]]]},"properties":{}},{"type":"Feature","geometry":{"type":"MultiLineString","coordinates":[[[17.23446999999942,43.81351],[17.262259999999515,43.84110999999939],[17.54780000000028,43.92771999999968]]]},"properties":{}},{"type":"Feature","geometry":{"type":"MultiLineString","coordinates":[[[17.229810000000725,43.94218],[17.30127999999968,43.87156999999934],[17.346020000000863,43.84967999999935],[17.54875,43.83158999999978],[17.568740000000616,43.845869999999195],[17.597289999999703,43.87347000000045],[17.592529999999897,43.912490000000616],[17.456430000000182,44.02100000000064],[17.429949999999735,44.064479999999094],[17.438340000000608,44.10475000000042],[17.37457,44.1533],[17.412640000000465,44.21610999999939],[17.49069000000054,44.220869999999195],[17.58387000000039,44.26959]]]},"properties":{}},{"type":"Feature","geometry":{"type":"MultiLineString","coordinates":[[[17.54780000000028,43.92771999999968],[17.566129999999248,43.931000000000495],[17.6011,43.98863999999958],[17.70484000000033,44.05717],[17.74503,44.17509000000064],[17.834279999999126,44.19993000000068],[17.96125000000029,44.194219999999405],[17.992659999999887,44.18089999999938],[18.05262000000039,44.094279999999344],[18.16873999999916,43.99435000000085],[18.24964,43.962939999999435],[18.261060000000725,43.93247999999949],[18.3096000000005,43.912490000000616],[18.306749999999738,43.88869999999952],[18.2801,43.86680999999953],[18.284019999999146,43.83374999999978]]]},"properties":{}},{"type":"Feature","geometry":{"type":"MultiLineString","coordinates":[[[18.085839999999735,43.95108000000073],[18.147800000000643,43.960080000000744],[18.190629999999146,43.99149000000034],[18.26867999999922,44.01052999999956],[18.31245999999919,44.05526],[18.337209999999686,44.16280999999981]]]},"properties":{}},{"type":"Feature","geometry":{"type":"MultiLineString","coordinates":[[[18.31721,43.82789000000048],[18.40639999999985,43.76973],[18.45399,43.70119999999952]]]},"properties":{}},{"type":"Feature","geometry":{"type":"MultiLineString","coordinates":[[[18.119440000000395,43.20455000000038],[18.198630000000776,43.17866999999933],[18.404210000000603,43.17485999999917],[18.533649999999398,43.14155000000028]]]},"properties":{}},{"type":"Feature","geometry":{"type":"MultiLineString","coordinates":[[[17.629650000000765,43.05494],[17.624320000000807,43.013059999999314],[17.555790000000343,42.982599999999366],[17.548179999999775,42.95975999999973],[17.7233099999994,42.901700000000346],[17.785169999999198,42.845540000000256],[17.89843,42.79700000000048],[17.91747000000032,42.76463999999942],[17.98428000000058,42.71896000000015],[18.136570000000575,42.67993000000024],[18.16892999999982,42.6371],[18.230799999999363,42.62567999999919]]]},"properties":{}},{"type":"Feature","geometry":{"type":"MultiLineString","coordinates":[[[17.888150000000678,43.13774000000012],[18.018550000000687,43.062550000000556],[18.05377000000044,42.9807],[18.167030000000523,42.935960000000705],[18.301229999999123,42.85792000000038],[18.427820000000793,42.76274000000012]]]},"properties":{}},{"type":"Feature","geometry":{"type":"MultiLineString","coordinates":[[[18.993080000000248,42.75784000000033],[18.915740000000426,42.760819999999626],[18.844240000000468,42.72275000000076],[18.801999999999794,42.720960000000616],[18.443040000000167,42.77606000000026],[18.42782000000085,42.762740000000235],[18.433530000000246,42.730380000000935],[18.36405,42.71609999999964],[18.305039999999337,42.64377000000064],[18.236510000000692,42.616159999999695],[18.225469999999405,42.56953000000078]]]},"properties":{}},{"type":"Feature","geometry":{"type":"MultiLineString","coordinates":[[[17.89843,42.79700000000048],[17.925269999999728,42.83603000000039],[17.98428000000058,42.848400000000765],[17.99856,42.88933],[18.08422000000064,42.8398300000008],[18.119440000000395,42.79985999999917],[18.29170999999951,42.71515],[18.364050000000134,42.71609999999964]]]},"properties":{}},{"type":"Feature","geometry":{"type":"MultiLineString","coordinates":[[[18.474449999999706,42.77701999999954],[18.392030000000887,42.92645000000084],[18.399639999999636,43.00640000000021],[18.491009999999733,43.07396999999946],[18.584290000000692,43.21768999999949],[18.631779999999708,43.25345000000016]]]},"properties":{}},{"type":"Feature","geometry":{"type":"MultiLineString","coordinates":[[[18.230799999999363,42.62567999999919],[18.225469999999405,42.56953000000067],[18.493870000000243,42.44865000000027],[18.52632000000085,42.4615900000008]]]},"properties":{}},{"type":"Feature","geometry":{"type":"MultiLineString","coordinates":[[[18.225469999999405,42.56953000000067],[18.299709999999322,42.58285000000069],[18.29113999999936,42.61331000000064],[18.30503999999928,42.643770000000586]]]},"properties":{}},{"type":"Feature","geometry":{"type":"MultiLineString","coordinates":[[[18.368130000000747,42.50901999999951],[18.38537,42.53526000000056],[18.42439000000013,42.54002000000037],[18.44438000000082,42.58189999999922],[18.410680000000866,42.72657000000072]]]},"properties":{}},{"type":"Feature","geometry":{"type":"MultiLineString","coordinates":[[[18.29685000000063,42.5990299999994],[18.319690000000264,42.61045000000013],[18.393930000000182,42.60189],[18.43485999999939,42.61807000000044]]]},"properties":{}},{"type":"Feature","geometry":{"type":"MultiLineString","coordinates":[[[18.189839999999094,42.6358],[18.201339999999618,42.654780000000756],[18.1870600000002,42.689759999999296],[18.240789999999834,42.74109999999928]]]},"properties":{}},{"type":"Feature","geometry":{"type":"MultiLineString","coordinates":[[[10.245189999999639,36.26174],[10.293729999999414,36.34740000000056],[10.481229999999414,36.29409999999916],[10.394140000000334,36.24365000000034]]]},"properties":{}},{"type":"Feature","geometry":{"type":"MultiLineString","coordinates":[[[10.494972836871568,36.037647702122456],[10.463620000000503,36.06329],[10.412700000000882,36.16608000000099],[10.393659999999727,36.2446],[10.50454999999971,36.355009999999425],[10.560229999999194,36.40165],[10.578310000000897,36.40021999999959],[9.640330000000233,36.404979999999455]]]},"properties":{}},{"type":"Feature","geometry":{"type":"MultiLineString","coordinates":[[[10.187130000000252,36.82377000000088],[10.186649999999645,36.79521000000034],[10.20997,36.76808999999963],[10.330850000000225,36.73286999999982],[10.558320000000151,36.51491],[10.578789999999572,36.40165],[10.48778999999928,36.314560000000824],[10.466850000000761,36.11231000000055],[10.527770000000714,35.98238999999933],[10.640006184854087,35.83629835301224]]]},"properties":{}},{"type":"Feature","geometry":{"type":"MultiLineString","coordinates":[[[10.861469999999827,36.573449999999866],[10.645889999999781,36.6200800000006],[10.331319999999323,36.73192000000017]]]},"properties":{}},{"type":"Feature","geometry":{"type":"MultiLineString","coordinates":[[[11.09226999999919,36.83995],[10.900009999999384,36.998890000000756],[10.7482,36.89420000000064],[10.565459999999803,36.81424999999945]]]},"properties":{}},{"type":"Feature","geometry":{"type":"MultiLineString","coordinates":[[[9.903490000000659,36.39737000000059],[10.071480000000577,36.55679000000055],[10.16143000000011,36.60722999999973]]]},"properties":{}},{"type":"Feature","geometry":{"type":"MultiLineString","coordinates":[[[9.903490000000659,36.39737000000059],[9.983920000000694,36.58487000000059],[10.063389999999458,36.62722000000042],[10.00058,36.719069999999306]]]},"properties":{}},{"type":"Feature","geometry":{"type":"MultiLineString","coordinates":[[[7.753360000000612,36.88872000000083],[7.791960000000472,36.85659999999922],[7.88666000000012,36.83947000000086],[8.315919999999153,36.91704000000033],[8.44441,36.892289999999775],[8.546730000000139,36.90610000000021],[9.02405,37.021740000000136],[9.341469999999504,37.12357999999955],[9.45901000000049,37.188299999999856],[9.529440000000363,37.2082900000006],[9.8692300000003,37.27158000000054],[9.952040000000125,37.23207999999988],[10.123830000000567,37.21780000000035],[10.017287702122076,37.104836893631955],[10.018179999999234,37.06599],[10.0567300000003,37.04457999999988],[10.10765,36.90610000000021],[10.31229,36.854219999999316]]]},"properties":{}},{"type":"Feature","geometry":{"type":"MultiLineString","coordinates":[[[9.61652999999933,36.3174199999994],[9.641279999999824,36.40546],[9.618909999999232,36.4644700000008],[9.60892000000058,36.65339999999924]]]},"properties":{}},{"type":"Feature","geometry":{"type":"MultiLineString","coordinates":[[[9.087820000000647,36.591050000000905],[9.09591,36.47636000000057],[9.1872800000001,36.45067000000017],[9.27484,36.45494999999937]]]},"properties":{}},{"type":"Feature","geometry":{"type":"MultiLineString","coordinates":[[[9.09591,36.47732],[9.303869999999733,36.547269999999116],[9.24152999999933,36.44924],[9.15730000000076,36.49207000000024]]]},"properties":{}},{"type":"Feature","geometry":{"type":"MultiLineString","coordinates":[[[9.141589999999212,36.34502000000077],[9.06972999999931,36.402130000000454],[9.241050000000484,36.448290000000384]]]},"properties":{}},{"type":"Feature","geometry":{"type":"MultiLineString","coordinates":[[[9.085909999999785,36.28838999999971],[9.230579999999463,36.32170000000042],[9.232959999999366,36.513960000000225]]]},"properties":{}},{"type":"Feature","geometry":{"type":"MultiLineString","coordinates":[[[9.413800000000265,36.387370000000374],[9.301970000000438,36.42211],[9.213929999999891,36.42305999999917]]]},"properties":{}},{"type":"Feature","geometry":{"type":"MultiLineString","coordinates":[[[9.256569999999613,36.05129999999917],[9.286550000000716,36.106030000000885],[9.040510000000666,36.064150000000154],[8.841109999999446,36.079850000000135],[8.627909999999304,36.23356000000069],[8.522740000000454,36.354919999999765],[8.48419,36.292569999999614],[8.367496651836404,36.23316078574311]]]},"properties":{}},{"type":"Feature","geometry":{"type":"MultiLineString","coordinates":[[[7.993360000000393,36.15360999999939],[7.92864,36.097460000000865],[7.892949999999473,36.117920000000595],[7.98479000000043,36.29162],[7.979559999999765,36.234990000000835],[7.927690000000439,36.0965099999994]]]},"properties":{}},{"type":"Feature","geometry":{"type":"MultiLineString","coordinates":[[[7.638820000000123,36.20977],[7.707819999999629,36.21976],[7.75351000000046,36.252119999999195],[7.98479000000043,36.29162]]]},"properties":{}},{"type":"Feature","geometry":{"type":"MultiLineString","coordinates":[[[9.931570000000704,36.85137000000026],[9.779759999999442,36.81281999999919],[9.72599000000082,36.75570999999957],[9.526589999999544,36.65244],[9.26247,36.63817000000017],[9.19679,36.65054000000066],[9.132550000000322,36.61247],[8.936480000000358,36.606760000000634],[8.653800000000103,36.54393999999962],[8.565656869246538,36.492176996673834],[8.001259999999093,36.68043000000034],[7.783299999999088,36.82366999999988],[7.74237,36.82986]],[[9.930140000000506,36.85088999999982],[10.045790000000181,36.908470000000364],[10.180940000000192,36.85851],[10.31229,36.854219999999316]]]},"properties":{}},{"type":"Feature","geometry":{"type":"MultiLineString","coordinates":[[[8.750410000000556,36.95368000000059],[8.885850000000573,36.87126],[9.11047,36.785120000000575],[9.182329999999581,36.73278000000033],[8.942479999999762,36.606659999999465],[9.020520000000147,36.73040000000043],[9.09714,36.78845]]]},"properties":{}},{"type":"Feature","geometry":{"type":"MultiLineString","coordinates":[[[21.318750000000364,38.50655999999981],[21.278889999999592,38.53928000000087],[21.278889999999592,38.598760000000766],[21.24201,38.61066000000028]]]},"properties":{}},{"type":"Feature","geometry":{"type":"MultiLineString","coordinates":[[[23.772660000000542,35.66820999999982],[23.75065,35.66225999999915],[23.758390000000873,35.55220999999983]]]},"properties":{}},{"type":"Feature","geometry":{"type":"MultiLineString","coordinates":[[[4.461520000000746,52.15106999999989],[4.257840000000215,52.04162],[4.206449999999677,52.00640000000021],[4.197879999999714,51.97784999999931],[4.215009999999893,51.952149999999165],[4.34541,51.888380000000325],[4.378720000000612,51.85601999999926],[4.54052000000047,51.79890999999952],[4.758480000000418,51.75323000000026],[4.844139999999243,51.7494200000001],[5.228660000000673,51.77036000000044],[5.304809999999634,51.79987000000074],[5.399980000000141,51.86363999999958],[5.514199999999619,51.88458],[5.682660000000396,51.8769599999996],[5.847320000000764,51.8388900000009]]]},"properties":{}},{"type":"Feature","geometry":{"type":"MultiLineString","coordinates":[[[27.83848000000046,37.86209000000065],[27.860300000000393,37.74760000000066],[28.00519,37.661179999999206],[27.99568,37.633250000000885],[27.95233999999988,37.60268],[27.99273,37.5896599999997],[28.008369999999672,37.52989999999966],[28.052229999999383,37.51052999999956],[28.07674000000054,37.47570000000093],[28.031940000000873,37.374970000000815],[28.054850000000556,37.31509],[28.090570000000355,37.323710000000574],[28.162029999999447,37.2792900000004],[28.209950000000447,37.27779999999984],[28.30704999999955,37.239970000000596],[28.283209999999656,37.2242499999993],[28.290989999999624,37.19697000000099],[28.27563,37.17162],[28.28729000000027,37.14243],[28.273080000000846,37.09958000000012],[28.32845000000094,37.06414000000035],[28.370999999999185,37.05998],[28.35614,37.03030000000035],[28.29138000000063,36.98222999999973],[28.27623,36.86431000000084]]]},"properties":{}},{"type":"Feature","geometry":{"type":"MultiLineString","coordinates":[[[26.847270000000208,38.12106999999935],[26.858379999999613,38.07219000000083],[26.9605200000006,38.09096999999929],[27.039590000000373,38.064179999999396],[27.14351999999974,37.996880000000715],[27.206210000000283,38.00632000000036],[27.255569999999466,37.994489999999075],[27.324339999999268,38.0116],[27.347519999999463,37.94526000000042]]]},"properties":{}},{"type":"Feature","geometry":{"type":"MultiLineString","coordinates":[[[27.527104530682664,37.859776998820394],[27.527669999999546,37.84065999999979],[27.412420000000623,37.76361],[27.377909999999304,37.7117300000009],[27.321369999999774,37.67403000000013]]]},"properties":{}},{"type":"Feature","geometry":{"type":"MultiLineString","coordinates":[[[27.270992382005204,37.51055332037686],[27.33489761928422,37.50071633304054],[27.349174385319202,37.46359674134965],[27.42255696273901,37.41867251755957],[27.43569158749108,37.395068264381564],[27.47195457321999,37.39278398181597],[27.528680923598984,37.34785975802595],[27.59587690240363,37.335486560795744],[27.6042335694562,37.31283409202018],[27.58265000000023,37.27994000000035]]]},"properties":{}},{"type":"Feature","geometry":{"type":"MultiLineString","coordinates":[[[27.782794591207274,37.32077475184808],[27.782250000000204,37.294630000000325],[27.763419999999314,37.277099999999336],[27.58502000000044,37.168830000000526],[27.585810000000492,37.127479999999196]]]},"properties":{}},{"type":"Feature","geometry":{"type":"MultiLineString","coordinates":[[[27.5867,37.12836000000067],[27.540310000000375,37.1237],[27.454850000000135,37.07409999999987],[27.43110999999965,37.03446000000082],[27.37025,37.0605400000004],[27.297930000000633,37.0427],[27.227450000000317,37.05573000000015]],[[27.45948,37.07689000000033],[27.44168,37.09548999999976],[27.376910000000976,37.10972000000049],[27.375700000000506,37.13219000000032]]]},"properties":{}},{"type":"Feature","geometry":{"type":"MultiLineString","coordinates":[[[28.27623,36.86431000000084],[28.14036999999911,36.836600000000544],[28.123709999999846,36.81493000000057],[28.032499999999402,36.784649999999715],[27.84500999999915,36.79369000000054],[27.793040000000587,36.76874999999933],[27.66086,36.753740000000164],[27.578250000000537,36.713130000000206],[27.480690000000322,36.6908700000003],[27.372069999999496,36.68806000000052]]]},"properties":{}},{"type":"Feature","geometry":{"type":"MultiLineString","coordinates":[[[34.89602000000019,32.50749999999982],[34.88898999999958,32.41873999999922],[34.791339129417565,32.10694965743261],[34.74041866389291,32.01081943279701],[34.73518384968003,31.931345435202388],[34.74993650791623,31.874714263263627]]]},"properties":{}},{"type":"Feature","geometry":{"type":"MultiLineString","coordinates":[[[12.518227422822463,41.89119430506787],[12.724733171143384,41.890152469010445],[12.88398000000052,41.836530000000494]]]},"properties":{}},{"type":"Feature","geometry":{"type":"MultiLineString","coordinates":[[[12.49598062351915,41.87962393016721],[12.661316604684998,41.795328016933695],[12.715853850938572,41.7948997139527],[12.871565900988628,41.748722302290105],[12.963154210456196,41.75595890945783],[13.1639206351025,41.72814155597314],[13.387580000000526,41.62731999999971],[13.41959,41.590389999999445],[13.52380000000079,41.55081000000075],[13.54205,41.52809],[13.606149999999673,41.52983999999918],[13.66057,41.5028999999995],[13.752479999999252,41.4927100000005],[13.813529999999446,41.49857999999949],[13.841790000000401,41.46179999999919],[13.937739999999337,41.44794999999988],[14.055019999999786,41.35186000000067],[14.067370000000778,41.29664000000054],[14.0498000000008,41.25265000000036],[14.140740000000733,41.20730999999989],[14.189669999999808,41.11654000000084],[14.246349999999438,41.08503000000013],[14.29119999999972,41.08467000000019],[14.369210000000805,41.033900000000415]]]},"properties":{}},{"type":"Feature","geometry":{"type":"MultiLineString","coordinates":[[[12.490453685739457,41.88954177598611],[12.664315023023676,41.719807921418465],[13.19065000000046,41.3149599999997],[13.25224,41.29786000000058],[13.320460000000764,41.34343000000092],[13.416429999999309,41.36007000000069],[13.524489999999787,41.298899999999776],[13.55999999999949,41.261819999999716],[13.65250000000026,41.26956000000064],[13.77046,41.24508000000071],[13.833189999999377,41.18541999999985],[13.84290999999945,41.13700000000068],[14.191210000000979,41.12227]]]},"properties":{}},{"type":"Feature","geometry":{"type":"MultiLineString","coordinates":[[[27.367620000000954,38.23339999999928],[27.4257400000007,38.36700000000019],[27.534330000000466,38.45214999999928]]]},"properties":{}},{"type":"Feature","geometry":{"type":"MultiLineString","coordinates":[[[27.142299999999523,38.305179999999496],[27.12443,38.35354000000012],[27.13977999999952,38.42771]],[[27.140659999999173,38.3072200000006],[27.192240000000254,38.25353],[27.333880000000136,38.18607999999949],[27.32800999999938,38.13505000000089],[27.3431999999994,38.09964000000042],[27.41537000000062,38.079649999999674],[27.431930000000705,38.04380999999921],[27.42521999999923,38.00603000000052],[27.368599999999788,37.97243],[27.357219999999813,37.94355999999971]]]},"properties":{}},{"type":"Feature","geometry":{"type":"MultiLineString","coordinates":[[[27.13977999999952,38.42771],[27.278959999999756,38.43828000000042],[27.327639999999462,38.458580000000495]],[[27.32595000000032,38.45844000000028],[27.559390000000406,38.45398000000023],[27.76932999999923,38.495689999999854]],[[27.764639999999474,38.4960499999998],[27.956270000000643,38.51542999999947],[28.06688873339931,38.49501434376759]],[[27.139066161697826,38.42842383830174],[27.179186161697544,38.44895383830146],[27.17855616169885,38.47274383830273],[27.098926161698785,38.46797383830119],[27.04457616169833,38.517963838302705],[27.035280000000114,38.54373999999916],[27.07258,38.608749999999475],[27.013220000000786,38.7116900000002],[26.942999999999245,38.76382000000012],[26.984510000000284,38.809289999999294],[26.984080000000233,38.843670000000316],[27.063449999999648,38.860420000001],[27.079149999999572,38.90181999999919],[27.054980000000853,38.95804999999939],[27.06636000000077,39.01103999999941],[27.11845,39.07597999999962],[27.16335000000072,39.10302000000047],[27.18165307902126,39.14141884221874]]]},"properties":{}},{"type":"Feature","geometry":{"type":"MultiLineString","coordinates":[[[27.720180000000255,38.12203000000045],[27.73178,38.16813999999977],[27.856089999999313,38.192590000000564],[27.954030000000785,38.28115000000071]]]},"properties":{}},{"type":"Feature","geometry":{"type":"MultiLineString","coordinates":[[[27.952289999999266,38.28029000000066],[27.96542000000045,38.33817000000096],[27.95444999999927,38.35191],[27.98935999999958,38.37648000000087],[28.00243000000046,38.42051],[28.06424999999956,38.47556000000088],[28.06688873339931,38.49501434376759]]]},"properties":{}},{"type":"Feature","geometry":{"type":"MultiLineString","coordinates":[[[28.068370000000982,38.49483999999933],[28.17887,38.50973999999957],[28.343319999999892,38.45334999999977],[28.598900000000924,38.32517999999982]]]},"properties":{}},{"type":"Feature","geometry":{"type":"MultiLineString","coordinates":[[[27.945530000000872,38.686359999999695],[28.099449999999706,38.64203000000089],[28.181169999999838,38.587209999999686],[28.397460000000137,38.56948000000011],[28.59953999999925,38.588770000000295]]]},"properties":{}},{"type":"Feature","geometry":{"type":"MultiLineString","coordinates":[[[27.977430000000822,38.5139],[27.9326,38.58682000000044],[27.935190000000148,38.65151999999944],[27.955949999999575,38.67135000000059],[27.913319999999658,38.711530000000494],[27.9087,38.776390000001015],[27.832966769417283,38.926066236938766]]]},"properties":{}},{"type":"Feature","geometry":{"type":"MultiLineString","coordinates":[[[27.07258,38.608749999999475],[27.31187999999935,38.65728999999919],[27.450119999999572,38.627430000000516],[27.591109999999446,38.643190000000686],[27.683540000000107,38.702540000000226],[27.857190000000628,38.87131000000056]]]},"properties":{}},{"type":"Feature","geometry":{"type":"MultiLineString","coordinates":[[[27.13745000000017,38.41758999999911],[27.07394000000022,38.393850000000384],[27.01231,38.407390000000305],[26.900009999999384,38.3701]]]},"properties":{}},{"type":"Feature","geometry":{"type":"MultiLineString","coordinates":[[[26.84799000000021,38.120059999999285],[26.821599999999307,38.17375],[26.79925,38.1808400000009]]]},"properties":{}},{"type":"Feature","geometry":{"type":"MultiLineString","coordinates":[[[26.79847999999953,38.180070000000455],[26.82836999999921,38.28653999999926],[26.779940000000465,38.33196999999939],[26.779039999999554,38.356439999999566],[26.80330999999933,38.34881],[26.900009999999384,38.37010000000021]]]},"properties":{}},{"type":"Feature","geometry":{"type":"MultiLineString","coordinates":[[[27.832966769417283,38.926066236938766],[27.720690000000104,38.9164],[27.600140000000522,38.9446599999992]]]},"properties":{}},{"type":"Feature","geometry":{"type":"MultiLineString","coordinates":[[[27.220465606679227,39.15405461506208],[27.420469999999113,39.38508],[27.37742000000071,39.46104000000014],[27.39395999999948,39.50917999999922],[27.545019999999624,39.62212000000011],[27.57273,39.666579999999215],[27.578250000000537,39.74093999999974],[27.64354,39.81233000000071],[27.78156999999925,39.88090000000017],[27.807039999999688,39.98006999999967],[27.85130000000038,40.03420000000017]]]},"properties":{}},{"type":"Feature","geometry":{"type":"MultiLineString","coordinates":[[[27.17585999999949,39.142390000001],[27.104719999999475,39.255870000000925],[27.115739999999278,39.331389999999374],[27.10059,39.39976000000024],[27.066349999999204,39.43624000000091],[27.008050000000424,39.450220000000684],[26.93818,39.50612]]]},"properties":{}},{"type":"Feature","geometry":{"type":"MultiLineString","coordinates":[[[35.02391925989713,32.0390293326264],[34.959911758840406,32.06448956538884],[34.935879202681406,32.11398235431005]]]},"properties":{}},{"type":"Feature","geometry":{"type":"MultiLineString","coordinates":[[[35.23666686842847,31.79199369100104],[35.227624916606146,31.837203450111815],[35.20240262994446,31.858142706963292],[35.00954731542191,31.92333993852293],[34.96695496341749,31.95689033870525],[34.8902887298097,31.96593229052735],[34.81771516913187,32.02494292347194],[34.75231596892206,32.05079437769507]]]},"properties":{}},{"type":"Feature","geometry":{"type":"MultiLineString","coordinates":[[[35.23095616201442,31.83030301319502],[35.22072447968935,31.950941686190674],[35.168376337561085,32.01447329504617],[35.091995639274046,32.010190265235735],[35.02391925989713,32.0390293326264],[34.90673556151688,31.99616227108845]]]},"properties":{}},{"type":"Feature","geometry":{"type":"MultiLineString","coordinates":[[[35.05927805044365,31.906921657582814],[35.02334818925573,31.868374389288306],[34.889884221438706,31.80698429533794],[34.854668198552474,31.749639285097317]]]},"properties":{}},{"type":"Feature","geometry":{"type":"MultiLineString","coordinates":[[[34.854668198552474,31.749639285097317],[34.85559618834469,31.845769509732918],[34.8947145272806,31.965503987546185]]]},"properties":{}},{"type":"Feature","geometry":{"type":"MultiLineString","coordinates":[[[34.89302510996646,31.620434552480788],[34.93204827046196,31.680634915928408],[34.98891738850142,31.684917945738903],[35.024609303588875,31.71799245371983],[35.12430871973322,31.745594201387576],[35.143344407779864,31.734410734660116],[35.20985034289265,31.76439194333352],[35.22407951970763,31.79270752930296]]]},"properties":{}},{"type":"Feature","geometry":{"type":"MultiLineString","coordinates":[[[35.201284283271775,31.62685909719653],[35.22507889333008,31.67801750882188],[35.204615528679824,31.734410734660116]]]},"properties":{}},{"type":"Feature","geometry":{"type":"MultiLineString","coordinates":[[[34.854668198552474,31.749639285097317],[34.85650038352685,31.689676867750563],[34.92871702505391,31.53548779457276],[35.00010085522882,31.49694052627831],[35.099681298322764,31.539056986081505],[35.09706389121641,31.583077014689366],[35.122762070079375,31.666358149893426],[35.215085157105534,31.743452686482215],[35.21936818691597,31.784379415782553]]]},"properties":{}},{"type":"Feature","geometry":{"type":"MultiLineString","coordinates":[[[34.689890523898725,31.64756040794731],[34.77388549740448,31.672068856307305],[34.89623738232427,31.67968313152602]]]},"properties":{}},{"type":"Feature","geometry":{"type":"MultiLineString","coordinates":[[[34.55604584232077,31.582125230286977],[34.22057881908813,31.28997085684267],[34.072385987645134,31.208498112002985],[33.83167971229534,31.128928935967963],[33.660168162995035,31.083052927775668],[33.47314252793666,31.067062949816375],[33.37444248541493,31.03774799022466],[33.28145314930708,31.047646548008743],[33.11898355182893,31.028801216842623],[32.863524618243105,31.028801216842623],[32.70600429965708,30.985970918737678],[32.62472191169792,30.99111055451027],[32.57342073241227,31.04250691223632]]]},"properties":{}},{"type":"Feature","geometry":{"type":"MultiLineString","coordinates":[[[34.441813302520586,31.531156023253686],[34.4646163398462,31.512117336346876],[34.545676775424965,31.260968226041882],[34.651324844083945,31.100711527299097]]]},"properties":{}},{"type":"Feature","geometry":{"type":"MultiLineString","coordinates":[[[34.39551679223683,31.4519645621196],[34.40719214488581,31.293447868771352],[34.37078639149644,31.00541411401565],[34.42111199176986,30.917255083749637],[34.43217648544703,30.864787968571136],[34.36721719998769,30.694180614453046],[34.376497097910544,30.63171976305],[34.343303616879155,30.52642861354201],[34.34151902112478,30.481099881381],[34.36686028083693,30.405789940546413]]]},"properties":{}},{"type":"Feature","geometry":{"type":"MultiLineString","coordinates":[[[34.370072553194746,30.402220749037667],[34.48392976232384,30.421494383184836],[34.52319086892004,30.452189430160104],[34.610992980035064,30.473604579212576],[34.69593973794326,30.581751081927564],[34.80319394278109,30.617799916165836],[34.84388272598068,30.65848869936559],[34.92418953492745,30.700248240017913]]]},"properties":{}},{"type":"Feature","geometry":{"type":"MultiLineString","coordinates":[[[35.4695499999998,31.02806000000055],[35.40432465672899,30.980897176748613],[35.3186640605191,30.99874313429234]]]},"properties":{}},{"type":"Feature","geometry":{"type":"MultiLineString","coordinates":[[[35.34781245784052,30.641229118166336],[35.304387294484116,30.503517812453936],[35.27672606029137,30.26229995298786]]]},"properties":{}},{"type":"Feature","geometry":{"type":"MultiLineString","coordinates":[[[35.162065783072876,30.52998931614377],[34.9636294299122,30.59202217358478],[34.92294064671256,30.620575705654744],[34.933291302087866,30.6694736293245],[34.919728374354634,30.71551619978743],[34.808369599281775,30.7629864468538],[34.74251801594545,30.839367145140898],[34.746087207454195,30.90611102635438],[34.70468458595269,30.923243145596416],[34.71503524132817,30.9310953669156],[34.69826004123689,30.95750738408026],[34.695047768879135,31.03638651642359],[34.651324844083945,31.100711527299097]]]},"properties":{}},{"type":"Feature","geometry":{"type":"MultiLineString","coordinates":[[[35.37160706789882,30.670972380739215],[35.23802802745786,30.822201883301034],[35.124170818328764,30.90536404545469]]]},"properties":{}},{"type":"Feature","geometry":{"type":"MultiLineString","coordinates":[[[35.124170818328764,30.90536404545469],[35.072417541451955,30.99423691402251],[35.065992996736384,31.032427263166085]]]},"properties":{}},{"type":"Feature","geometry":{"type":"MultiLineString","coordinates":[[[35.065992996736384,31.032427263166085],[34.988184621845676,31.090962003909453],[35.006387498540164,31.11380482956548],[35.026018051838264,31.2237359280349]]]},"properties":{}},{"type":"Feature","geometry":{"type":"MultiLineString","coordinates":[[[35.35570999459418,31.210366812729433],[35.26087085311377,31.24443723878551],[34.92625914916886,31.21838214077178],[34.84345390616602,31.232658906806762],[34.714427633124956,31.306898090188554],[34.674095769076075,31.40754929073529],[34.4646163398462,31.512117336346876]]]},"properties":{}},{"type":"Feature","geometry":{"type":"MultiLineString","coordinates":[[[34.95552651954074,31.350442226595362],[35.064029941406545,31.439672014314],[35.08119433284287,31.528522215745284]]]},"properties":{}},{"type":"Feature","geometry":{"type":"MultiLineString","coordinates":[[[35.07473751593278,31.309039605093858],[35.13680089001366,31.42793615710923],[35.13703883611436,31.478380730432832],[35.16273701497727,31.52644584275066],[35.13941829712019,31.569276140855607],[35.18510394843213,31.593784589215602],[35.201284283271775,31.62685909719653]]]},"properties":{}},{"type":"Feature","geometry":{"type":"MultiLineString","coordinates":[[[35.026018051838264,31.2237359280349],[35.069026809518675,31.276559962364217],[35.07473751593278,31.309039605093858]]]},"properties":{}},{"type":"Feature","geometry":{"type":"MultiLineString","coordinates":[[[34.95552651954074,31.350442226595362],[34.736021241752894,31.213385272659423],[34.64482839870442,31.09238968051301],[34.4979561681194,30.974963279875396],[34.461907333881186,30.910717832717978],[34.403015673986886,30.864318343104287],[34.26256798811772,30.822558802451965],[34.08446533183138,30.808282036416983],[33.83765573900149,30.710486189077244],[33.68186052964484,30.70263396775806],[33.52124691175129,30.651951448333932],[33.48091504770247,30.66230210370918],[33.428983311250136,30.706203159266806],[33.36045483428228,30.685501848516026],[33.318338374479026,30.68978487832652],[32.949462432050325,30.83183870037459],[32.82578994627238,30.89858258158813],[32.76016083214978,30.997011617804844]]]},"properties":{}},{"type":"Feature","geometry":{"type":"MultiLineString","coordinates":[[[33.82130526230981,31.126263939641433],[33.90254749717167,30.985290578186664],[34.16048911096749,30.81970344924497]]]},"properties":{}},{"type":"Feature","geometry":{"type":"MultiLineString","coordinates":[[[33.726126822076594,31.110273961682253],[33.57257281994987,31.106507514687962],[33.48405687053298,31.120308388521778],[33.42142945685947,31.16806892983078],[33.356708117501,31.191292469247685],[33.12789914718036,31.230125272862892],[32.74330054830159,31.06768569562115],[32.59778641311186,31.044029767279994],[32.20044000000058,31.024170000000595],[32.174499999999284,30.991809999999532],[31.95202000000063,30.876159999999857],[31.91489999999976,30.82810000000063],[31.68971000000056,30.642980000000534],[31.645930000000703,30.6463100000002],[31.513629999999523,30.583010000000286],[31.26830999999953,30.714840000000606],[31.134679999999207,30.69199],[30.606579999999724,30.85332000000028],[30.601339999999198,30.910900000000822],[30.484749999999735,31.016550000000336],[30.45334,31.013220000000672],[30.21421,31.155039999999588],[30.051929999999743,31.29780000000028],[30.002430000000572,31.26067999999941],[30.00005000000067,31.2307],[30.02717999999919,31.203579999999477],[30.1844600000004,31.138380000000325],[30.292009999999266,31.06603999999976],[30.402420000000404,31.05129]]]},"properties":{}},{"type":"Feature","geometry":{"type":"MultiLineString","coordinates":[[[7.290639999999371,36.71897999999965],[7.286632837788261,36.664405996561015],[7.326250863535392,36.63549554534012],[7.313758693254783,36.593022166386106],[7.352629999999408,36.549479999999676]]]},"properties":{}},{"type":"Feature","geometry":{"type":"MultiLineString","coordinates":[[[7.733749999999532,36.797819999999774],[7.663182541960907,36.69792070482811],[7.585429999999235,36.65918000000056]]]},"properties":{}},{"type":"Feature","geometry":{"type":"MultiLineString","coordinates":[[[7.752412329679544,36.88869399097052],[7.71029586987629,36.849789803525084],[7.66996400582741,36.838368390697156],[7.465984711102692,36.838368390697156],[7.419406761913535,36.869420356823184],[7.184350453231048,36.9252302066796]]]},"properties":{}},{"type":"Feature","geometry":{"type":"MultiLineString","coordinates":[[[7.457454343396819,36.567252603692964],[7.416629999999827,36.47429000000011],[7.346274027899483,36.476238220219955],[7.287739287155944,36.44518625409387],[7.252859276571371,36.463541657031044]]]},"properties":{}},{"type":"Feature","geometry":{"type":"MultiLineString","coordinates":[[[7.701051663868668,36.532988365208894],[7.642873842276117,36.455893828620106],[7.511706054329693,36.475524381918206],[7.415337883593565,36.46802907974978],[7.500534484907462,36.390327780604366],[7.553358519236724,36.39925075937623],[7.621173157902888,36.36998338900452],[7.722181277600441,36.36891263155189]]]},"properties":{}},{"type":"Feature","geometry":{"type":"MultiLineString","coordinates":[[[7.500534484907462,36.390327780604366],[7.520165038205391,36.323583899390826],[7.645800579313345,36.29574420562261]]]},"properties":{}},{"type":"Feature","geometry":{"type":"MultiLineString","coordinates":[[[7.251493459757967,36.23096410979565],[7.238520136250429,36.27200908208948],[7.248069999999643,36.35351000000088]]]},"properties":{}},{"type":"Feature","geometry":{"type":"MultiLineString","coordinates":[[[7.526018512279904,36.20812055408288],[7.474265235403095,36.23631716700203],[7.391103073249269,36.24559706492471],[7.292771847183303,36.28557200982277],[7.248069999999643,36.35351000000088]]]},"properties":{}},{"type":"Feature","geometry":{"type":"MultiLineString","coordinates":[[[7.669939999999883,36.164080000000524],[7.586159389202123,36.15354761591419],[7.5261969718552,36.208513165148815]]]},"properties":{}},{"type":"Feature","geometry":{"type":"MultiLineString","coordinates":[[[7.271339999999441,36.23968000000059],[7.424831933006885,36.20494397364007],[7.526018512279904,36.20812055408288]]]},"properties":{}},{"type":"Feature","geometry":{"type":"MultiLineString","coordinates":[[[7.214280000000144,36.40134000000046],[7.18266228913842,36.350388527621476],[7.153037999616004,36.33218565092699],[7.15018264640895,36.304345957158716]],[[7.081190000000788,36.38853000000012],[7.145185778296593,36.35324388082847],[7.153037999616004,36.33218565092699]]]},"properties":{}},{"type":"Feature","geometry":{"type":"MultiLineString","coordinates":[[[7.252274156351916,36.46482058988295],[7.119844518584614,36.472454877220684],[7.017299999999523,36.45702999999969]]]},"properties":{}},{"type":"Feature","geometry":{"type":"MultiLineString","coordinates":[[[4.594999999999402,35.68734000000046],[4.862783801806529,35.6764169007601],[5.080079999999725,35.63006999999931]],[[5.086929028555573,35.62866111837303],[5.174731139670826,35.64650707591676],[5.25468102946661,35.64008253120113],[5.306791225494408,35.66578071006404],[5.392818520110154,35.677446588496025]]]},"properties":{}},{"type":"Feature","geometry":{"type":"MultiLineString","coordinates":[[[5.644539999999381,36.01297999999957],[5.81454440952848,35.97201734151446],[5.893780461022573,35.904202702848295]]]},"properties":{}},{"type":"Feature","geometry":{"type":"MultiLineString","coordinates":[[[5.900205005738371,35.79712695758593],[5.873079150271792,35.742875246652886],[5.91896000000088,35.640460000000644]]]},"properties":{}},{"type":"Feature","geometry":{"type":"MultiLineString","coordinates":[[[5.546498127221582,36.00985077150705],[5.612171250982612,35.88707058360626],[5.681413566252218,35.80069614909468],[5.674632102385658,35.75372558883953],[5.631801804280713,35.68162792036293],[5.616811199944038,35.55170934944448]]]},"properties":{}},{"type":"Feature","geometry":{"type":"MultiLineString","coordinates":[[[5.841670264995003,35.87636300908002],[5.893780461022573,35.904202702848295],[5.928401618657347,35.89970552154716],[6.0627887076148,35.84031527867705]]]},"properties":{}},{"type":"Feature","geometry":{"type":"MultiLineString","coordinates":[[[5.486355507514759,35.89725403506543],[5.495458688646693,35.77442689959031],[5.659641498048984,35.68733862677681],[5.715320885585299,35.67520337564713],[5.759578860293857,35.63522843074924],[5.851664001219319,35.59097045604068]]]},"properties":{}},{"type":"Feature","geometry":{"type":"MultiLineString","coordinates":[[[5.873792988573712,35.74944255902909],[5.813830571226731,35.70018771620835],[5.710853356029247,35.67545157173356]]]},"properties":{}},{"type":"Feature","geometry":{"type":"MultiLineString","coordinates":[[[-1.35793,48.24465000000055],[-1.340089999999634,48.395270000001005],[-1.35865,48.70507]]]},"properties":{}},{"type":"Feature","geometry":{"type":"MultiLineString","coordinates":[[[-2.19384,48.488069999999425],[-2.201689999999871,48.44880000000023],[-2.447249999999201,48.1889699999993]]]},"properties":{}},{"type":"Feature","geometry":{"type":"MultiLineString","coordinates":[[[-0.786410000000615,50.83489999999989],[-1.221380000000863,50.91092000000026],[-1.22566,50.949940000000424],[-1.283719999999448,51.03608],[-1.310369999999239,51.04559999999958],[-1.530469999999696,51.26831999999922],[-1.587100000000589,51.28973000000042],[-1.584720000000686,51.31876000000017],[-1.685849999999789,51.42346],[-1.722019999999247,51.54099999999937],[-1.70917,51.56860000000057]]]},"properties":{}},{"type":"Feature","geometry":{"type":"MultiLineString","coordinates":[[[-1.974938072716819,51.71632770115382],[-1.584430000000737,51.50173999999976],[-1.409830000000511,51.43214000000086]]]},"properties":{}},{"type":"Feature","geometry":{"type":"MultiLineString","coordinates":[[[1.054690000000846,51.26973999999984],[1.146899999999789,51.318520000000774],[1.186159999999404,51.370870000000764]]]},"properties":{}},{"type":"Feature","geometry":{"type":"MultiLineString","coordinates":[[[-2.689979999999196,51.00265000000036],[-2.689979999999196,50.98183000000063],[-2.546619999999166,50.784929999999804],[-2.434789999999339,50.71889999999985]]]},"properties":{}},{"type":"Feature","geometry":{"type":"MultiLineString","coordinates":[[[-0.079925589062043,51.521885054982704],[-0.333189999999377,51.240830000000756],[-0.3427,51.167659999999216],[-0.511650000000259,50.96719999999914],[-0.786410000000615,50.83489999999989]]]},"properties":{}},{"type":"Feature","geometry":{"type":"MultiLineString","coordinates":[[[-1.764219999999113,51.89336999999978],[-1.686149999999486,51.96157],[-1.682580000000598,52.01629999999932],[-1.620709999999121,52.13051000000098],[-1.36998,52.364299999999275],[-1.296210000000372,52.48683999999952]]]},"properties":{}},{"type":"Feature","geometry":{"type":"MultiLineString","coordinates":[[[-2.26498,51.86766999999969],[-2.3849,51.7149100000006],[-2.416310000000522,51.55358],[-2.46414,51.4893400000002],[-2.466990000000806,51.436509999999544]]]},"properties":{}},{"type":"Feature","geometry":{"type":"MultiLineString","coordinates":[[[-2.436869999999487,51.88185999999956],[-2.389870000000826,51.866389999999285],[-2.264595390623015,51.868150761720926]]]},"properties":{}},{"type":"Feature","geometry":{"type":"MultiLineString","coordinates":[[[-2.326010000000622,51.417949999999166],[-2.227179999999862,51.52910999999955],[-2.058240000000296,51.67782000000079],[-2.02254,51.70637],[-1.972579999999653,51.714700000000505]]]},"properties":{}},{"type":"Feature","geometry":{"type":"MultiLineString","coordinates":[[[-1.165049999999553,51.88899999999916],[-1.041310000000465,51.87889],[-0.503849999999147,51.75396]]]},"properties":{}},{"type":"Feature","geometry":{"type":"MultiLineString","coordinates":[[[-0.985510000000374,52.12594],[-1.247960000000603,52.44621999999987],[-1.296210000000372,52.48683999999952]]]},"properties":{}},{"type":"Feature","geometry":{"type":"MultiLineString","coordinates":[[[0.012129999999274,51.88543000000027],[0.212009999999339,51.86876999999919],[0.441919999999357,51.886619999999425],[0.535910000000513,51.872339999999895],[0.748929999999746,51.878290000000675]]]},"properties":{}},{"type":"Feature","geometry":{"type":"MultiLineString","coordinates":[[[-2.810369999999182,52.08684],[-2.830299999999568,52.043610000000626],[-2.910250000000758,51.97842]]]},"properties":{}},{"type":"Feature","geometry":{"type":"MultiLineString","coordinates":[[[-4.332200000000682,51.853409999999826],[-4.289370000000417,51.873400000000345],[-4.075220000000627,51.886959999999874],[-3.886409999999159,51.94835000000069]]]},"properties":{}},{"type":"Feature","geometry":{"type":"MultiLineString","coordinates":[[[-3.018099999999265,51.823430000000485],[-2.927439999999422,51.76988999999958],[-2.933859999999129,51.67851999999954],[-2.96456000000029,51.6178500000006]]]},"properties":{}},{"type":"Feature","geometry":{"type":"MultiLineString","coordinates":[[[5.846990701803634,51.83884218444558],[5.909250000000725,51.95993000000101],[5.636920000000941,51.937079999999696],[5.370300000000555,51.955640000000244],[5.263230000000419,51.98063],[5.172570000000746,52.03702],[5.03831,52.0835000000007],[4.748009999999397,52.079690000000596],[4.644270000000688,52.13680000000022],[4.576689999999815,52.12442000000016],[4.451049999999782,52.15202999999934],[4.401320000000908,52.2029500000009]]]},"properties":{}},{"type":"Feature","geometry":{"type":"MultiLineString","coordinates":[[[3.291610000000276,48.20084999999938],[3.366,48.06308],[3.475700000000984,47.95478999999983],[3.502420000000768,47.92091000000073],[3.502070000000572,47.87367000000097],[3.56567,47.81442000000061]]]},"properties":{}},{"type":"Feature","geometry":{"type":"MultiLineString","coordinates":[[[4.836370000001011,46.77959000000021],[4.861109999999883,46.96933],[4.89538,47.06497999999931],[4.952489999999784,47.12708000000026],[4.96034,47.22774000000027],[5.035289999999804,47.31839000000036],[5.19355,47.65818000000036],[5.31704,47.870189999999695]]]},"properties":{}},{"type":"Feature","geometry":{"type":"MultiLineString","coordinates":[[[5.31704,47.870189999999695],[5.41734,47.9672699999993],[5.569390000000681,48.07221000000027]]]},"properties":{}},{"type":"Feature","geometry":{"type":"MultiLineString","coordinates":[[[1.61103,50.725700000000984],[1.806259999999497,50.47942],[1.894780000000651,50.31166999999925],[2.018990000000542,50.151770000000454],[2.127490000000876,50.03042],[2.30559,49.92120000000068],[2.28917,49.895500000000595],[2.834899999999834,49.67921000000018],[3.349959999999555,49.371730000000696],[3.5212800000009,49.372439999999244],[3.67297,49.3081899999998],[3.760060000000635,49.30463000000066],[3.866420000000289,49.26893000000018],[3.99813,49.25036999999986],[4.031599835281838,49.26335786573634],[4.159069999999701,49.21736000000061],[4.36823,48.97179999999946],[4.21904,48.78549000000021],[4.170140000000231,48.59916999999962],[4.142299999999636,48.54492000000033],[4.098057396287288,48.316622680958346],[4.066629999999464,48.307210000000794]]]},"properties":{}},{"type":"Feature","geometry":{"type":"MultiLineString","coordinates":[[[1.911729999999807,47.909600000000864],[1.79233000000022,48.079499999999825],[1.66741,48.20799000000079],[1.483153288302423,48.44961145578034]]]},"properties":{}},{"type":"Feature","geometry":{"type":"MultiLineString","coordinates":[[[1.502179999999612,48.10354000000012],[1.480050000000119,48.31270000000046],[1.483239999999569,48.44927]]]},"properties":{}},{"type":"Feature","geometry":{"type":"MultiLineString","coordinates":[[[1.483239999999569,48.44927],[1.360187816538144,48.12891745451077],[1.356856571129924,48.07133449816979]]]},"properties":{}},{"type":"Feature","geometry":{"type":"MultiLineString","coordinates":[[[3.808090000000391,50.303589999999474],[3.725290000000371,50.42708999999928],[3.692100000000323,50.556290000000445],[3.70709,50.68978000000061],[3.758480000000475,50.87823000000037],[3.774190000000203,51.063829999999086]]]},"properties":{}},{"type":"Feature","geometry":{"type":"MultiLineString","coordinates":[[[4.018089999999575,49.27589000000091],[4.04702,49.58873],[4.018470000001003,49.62728000000067],[4.012049999999306,49.71794000000057],[3.929239999999538,49.78075999999959],[3.893550000000801,49.85427999999956],[3.917820000000575,50.090560000000664],[3.807170000000156,50.3040000000002]]]},"properties":{}},{"type":"Feature","geometry":{"type":"MultiLineString","coordinates":[[[2.78135,49.65637000000066],[2.725669999999866,49.627099999999814],[2.60435,49.33991000000066]]]},"properties":{}},{"type":"Feature","geometry":{"type":"MultiLineString","coordinates":[[[2.60435,49.33991000000066],[2.575979999999561,49.19737],[2.498170000000869,49.09172000000035],[2.368969999999649,48.971079999999404]]]},"properties":{}},{"type":"Feature","geometry":{"type":"MultiLineString","coordinates":[[[2.089213227074538,49.43447478022131],[1.702378103786543,49.19706146579637],[1.938519999999642,49.10528999999963],[2.37004,48.971079999999404]]]},"properties":{}},{"type":"Feature","geometry":{"type":"MultiLineString","coordinates":[[[3.806780000000913,50.30381999999918],[2.837030000000595,49.68064000000055],[2.560419999999795,49.53715999999986],[2.089213227074538,49.43447478022131]]]},"properties":{}},{"type":"Feature","geometry":{"type":"MultiLineString","coordinates":[[[0.238300000000891,49.145259999999325],[-0.13199,49.15336000000036],[-0.43001,49.21474999999924],[-0.701750000000175,49.29624999999953]]]},"properties":{}},{"type":"Feature","geometry":{"type":"MultiLineString","coordinates":[[[2.48408000000012,50.80083000000019],[2.60614,50.755859999999416],[2.66396,50.66877000000022],[2.738919999999837,50.64307],[2.859049999999115,50.44779000000028],[2.865470000000755,50.42994],[2.766760000000431,50.299000000000945],[3.237530000000334,50.18193000000065],[3.75506,50.31042],[3.810477444975277,50.30462521441183],[4.423179999999832,50.50655],[4.693370000000925,50.57437000000033],[4.969269999999597,50.63433000000083],[5.155580000000612,50.64288999999923],[5.46788000000015,50.78138000000047]]]},"properties":{}},{"type":"Feature","geometry":{"type":"MultiLineString","coordinates":[[[2.092539999999758,49.4345400000002],[1.702378103786543,49.19706146579637],[1.097050000000422,49.447930000000326]]]},"properties":{}},{"type":"Feature","geometry":{"type":"MultiLineString","coordinates":[[[6.947309999999618,50.94341999999955],[6.600389999999663,50.94198999999941],[5.984350000000632,50.89273999999938]]]},"properties":{}},{"type":"Feature","geometry":{"type":"MultiLineString","coordinates":[[[3.807170000000156,50.3040000000002],[3.75506,50.31042],[3.533770000000118,50.438200000000506],[3.394899999999438,50.612199999999575]]]},"properties":{}},{"type":"Feature","geometry":{"type":"MultiLineString","coordinates":[[[4.031599835281838,49.26335786573634],[4.159069999999701,49.21736000000061],[4.241879999999639,49.20879000000065],[4.56453,49.01606],[5.192709999999295,48.778350000000614],[5.398300000000745,48.647720000000845],[5.88335,48.67056000000059],[6.006330000000105,48.822609999999315],[6.185149999999396,49.12169999999969]]]},"properties":{}},{"type":"Feature","geometry":{"type":"MultiLineString","coordinates":[[[3.56567,47.81442000000061],[3.557100000000105,47.74303999999938],[3.425760000000196,47.68808],[3.242659999999887,47.47392000000036],[2.942129999999565,47.42467000000033]]]},"properties":{}},{"type":"Feature","geometry":{"type":"MultiLineString","coordinates":[[[1.61103,50.725700000000984],[1.866990000000442,50.755590000000666],[2.226409999999362,50.82697999999988],[2.48408000000012,50.80083000000019],[2.942139999999313,50.82184000000058],[3.395150000000399,50.61095000000023],[3.533770000000118,50.438200000000506],[3.75506,50.31042],[3.806780000000913,50.30381999999918]]]},"properties":{}},{"type":"Feature","geometry":{"type":"MultiLineString","coordinates":[[[4.711740000000646,50.58056000000039],[4.745290000000864,50.64337999999964],[4.940880000000163,50.80399000000034]]]},"properties":{}},{"type":"Feature","geometry":{"type":"MultiLineString","coordinates":[[[1.150620000000458,49.02724999999924],[0.867050000000802,49.13455000000067],[0.729279999999619,49.168100000000834]]]},"properties":{}},{"type":"Feature","geometry":{"type":"MultiLineString","coordinates":[[[2.583119999999326,49.21308],[2.501210000000299,49.23039000000068],[2.212460000000647,49.39457000000044],[2.092539999999758,49.4345400000002],[2.191759999999817,49.623709999999846],[2.287410000000818,49.894969999999375]]]},"properties":{}},{"type":"Feature","geometry":{"type":"MultiLineString","coordinates":[[[2.287410000000818,49.894969999999375],[2.191759999999817,49.623709999999846],[2.092539999999758,49.4345400000002],[2.212460000000647,49.39457000000044],[2.501210000000299,49.23039000000068],[2.583119999999326,49.21308],[2.696799999999826,49.228960000000484],[2.877759999999455,49.321760000000836],[3.107609999999113,49.39528000000075],[3.3264,49.38029]]]},"properties":{}},{"type":"Feature","geometry":{"type":"MultiLineString","coordinates":[[[1.612479999999834,50.72659000000016],[1.893019999999638,50.648779999999476],[2.258149999999773,50.63879000000088]]]},"properties":{}},{"type":"Feature","geometry":{"type":"MultiLineString","coordinates":[[[5.9581,48.214959999999394],[5.941689999999653,48.17355999999933],[5.755730000000767,47.93584999999979],[5.431650000000388,47.8716000000004],[5.317979214854915,47.8709743636349]]]},"properties":{}},{"type":"Feature","geometry":{"type":"MultiLineString","coordinates":[[[8.401009999999701,48.93454000000031],[8.463040000000547,48.972869999999716],[8.649400000000355,49.17324000000019],[8.695799999999565,49.30601000000024],[8.704369999999528,49.39953000000071],[8.695089999999254,49.423800000000426],[8.626560000000609,49.45592000000045],[8.492070000000297,49.70718999999929],[8.48422000000022,49.775009999999384],[8.50565,49.81787000000077],[8.489929999999788,49.89207],[8.41926000000069,49.95418000000063],[8.294340000000489,50.02270999999928]]]},"properties":{}},{"type":"Feature","geometry":{"type":"MultiLineString","coordinates":[[[7.781279999999299,48.02680999999944],[7.779899999999543,48.075570000000994],[7.73992,48.17194000000029],[7.952999999999633,48.47603999999956],[8.06651000000062,48.69376000000011],[8.401009999999701,48.93454000000031]]]},"properties":{}},{"type":"Feature","geometry":{"type":"MultiLineString","coordinates":[[[8.519868919562498,49.237569702516566],[8.46609,49.145160000000146],[8.144254416917988,48.82281478244488]]]},"properties":{}},{"type":"Feature","geometry":{"type":"MultiLineString","coordinates":[[[8.78946,50.333940000000496],[8.74306000000081,50.236150000000634],[8.604384923737541,50.15329355055246]]]},"properties":{}},{"type":"Feature","geometry":{"type":"MultiLineString","coordinates":[[[8.604384923737541,50.15329355055246],[8.3727099999997,50.04184],[8.258169999999154,50.00722]]]},"properties":{}},{"type":"Feature","geometry":{"type":"MultiLineString","coordinates":[[[8.721639999999695,48.88575999999921],[8.664539999999818,48.88033],[8.37686000000042,48.78753],[8.237957495649255,48.76400628491524]]]},"properties":{}},{"type":"Feature","geometry":{"type":"MultiLineString","coordinates":[[[7.537859908264863,48.036393981609194],[7.497929999999542,48.13982000000044],[7.512210000000834,48.18145999999979],[7.61096,48.333749999999725],[7.651410000000396,48.50150000000042],[7.69376,48.55718],[7.768480000000693,48.593109999999854],[7.71565,48.694470000000365],[7.722789999999861,48.74587000000065],[7.767050000000324,48.7779900000005],[8.098630000000469,48.89005999999972],[8.206420000000492,49.00713],[8.445200000000227,49.317650000000924],[8.405940000000612,49.54465],[8.349539999999308,49.677429999999845],[8.352399999999875,49.83447],[8.258169999999154,50.00722],[7.91692,49.95688999999942],[7.882659999999362,49.95831999999979],[7.801279999999792,50.01542999999947],[7.706340000000694,50.11751],[7.70205,50.15106000000014],[7.637450000000172,50.181749999999795],[7.575349999999219,50.24172],[7.588910000000453,50.260990000000675],[7.623180000000559,50.26670000000024],[7.584629999999493,50.30381999999918],[7.589630000000341,50.37805999999915],[7.577489999999727,50.39019],[7.461849999999799,50.41374999999971],[7.356910000000539,50.456580000000145],[7.312299999999709,50.49013000000019],[7.274470000000292,50.54867000000024],[7.212359999999592,50.58506999999929],[7.151690000000599,50.69643],[6.978940000000989,50.82563999999917],[6.947169999999574,50.94341999999955],[6.955019999999479,50.98911000000044],[6.846519999999146,51.08332999999942],[6.855089999999109,51.1175999999997],[6.878640000000928,51.13472999999988],[6.867930000000456,51.16541999999936],[6.69804,51.18469999999974],[6.674479999999676,51.32746000000043],[6.643079999999884,51.360300000000336],[6.685190000000148,51.442390000000216],[6.678050000000553,51.47880000000083],[6.61595,51.553040000000806],[6.458689999999478,51.65726]]]},"properties":{}},{"type":"Feature","geometry":{"type":"MultiLineString","coordinates":[[[8.644969999999375,48.154889999999796],[8.670669999999518,48.22485000000057],[8.754189999999596,48.24126000000069],[8.793449999999211,48.28053],[8.798440000000483,48.30622000000045],[8.92692999999963,48.42329000000075],[8.931930000000648,48.46683999999914]]]},"properties":{}},{"type":"Feature","geometry":{"type":"MultiLineString","coordinates":[[[8.644969999999375,48.154889999999796],[8.590000000000202,48.15989000000087],[8.525040000000502,48.245549999999696],[8.43009999999964,48.282670000000564],[8.3094600000004,48.297660000000235],[8.220950000000812,48.27838],[8.156699999999603,48.29195000000084],[8.066049999999507,48.284809999999254],[8.033209999999599,48.31765000000098],[8.035350000000108,48.394029999999475],[7.943269999999814,48.43043000000034],[7.883009999999558,48.52850000000046],[7.794369999999674,48.5876499999996],[7.768480000000693,48.593109999999854],[7.72113,48.57382999999942],[7.669250000000886,48.53004999999939],[7.617514472336325,48.3770348753456]]]},"properties":{}},{"type":"Feature","geometry":{"type":"MultiLineString","coordinates":[[[6.458689999999478,51.65726],[6.261529999999709,51.7857499999991],[6.240110000000755,51.81573000000037],[6.083430000000703,51.84714],[5.909960000000865,51.96064]]]},"properties":{}},{"type":"Feature","geometry":{"type":"MultiLineString","coordinates":[[[8.098239999999464,48.89113],[8.003290000000618,48.9646599999997],[7.979020000000673,49.01177],[7.989729999999327,49.05817000000036]]]},"properties":{}},{"type":"Feature","geometry":{"type":"MultiLineString","coordinates":[[[8.368850000000805,49.6371],[8.058329999999899,49.5614299999998],[7.932699999999386,49.49576],[7.842039999999542,49.48291000000074],[7.666080000000989,49.42437000000069],[7.333070000000646,49.2766100000008],[7.152470000001017,49.242340000000695],[7.021119999999371,49.23734999999937],[6.905839999999387,49.18808999999965],[6.629230000000575,49.13741],[6.185659999999132,49.12169999999969]]]},"properties":{}},{"type":"Feature","geometry":{"type":"MultiLineString","coordinates":[[[6.673489999999276,49.75559000000072],[6.980009999999311,49.99258999999989],[7.044970000000831,50.09467000000052],[7.265190000000189,50.30953000000051],[7.374400000000662,50.44729999999987]]]},"properties":{}},{"type":"Feature","geometry":{"type":"MultiLineString","coordinates":[[[6.309450000000709,49.69166000000041],[6.425090000000637,49.68095],[6.581070000000182,49.70521999999988],[6.675289999999166,49.755900000000224]]]},"properties":{}},{"type":"Feature","geometry":{"type":"MultiLineString","coordinates":[[[7.374400000000662,50.44729999999987],[7.265755430681338,50.40314967254068],[6.95716,50.322379999999725],[6.60203,50.27169999999933],[6.522870000000751,50.28312000000011]]]},"properties":{}},{"type":"Feature","geometry":{"type":"MultiLineString","coordinates":[[[6.522870000000751,50.28312000000011],[6.543343621146391,50.30324250348809],[6.527790000000152,50.32023999999922],[6.297940000000494,50.502979999999354],[6.068439999999043,50.76138999999972]]]},"properties":{}},{"type":"Feature","geometry":{"type":"MultiLineString","coordinates":[[[5.984479999999166,50.892439999999624],[5.669540000000779,50.84919000000082],[5.46788000000015,50.78138000000047]]]},"properties":{}},{"type":"Feature","geometry":{"type":"MultiLineString","coordinates":[[[6.182701852402943,51.3792278090001],[6.197422759449694,51.405304675967045],[6.428920000000289,51.47666000000032],[6.541349999999625,51.54447000000084],[6.570620000000474,51.5823]]]},"properties":{}},{"type":"Feature","geometry":{"type":"MultiLineString","coordinates":[[[9.13425,48.28613000000047],[9.16482,48.3361100000003],[9.262380000000178,48.40392000000065],[9.482480000000635,48.42712000000034],[9.543149999999457,48.49195999999944],[9.640709999999672,48.50624000000073],[9.688899999999194,48.53420000000011]]]},"properties":{}},{"type":"Feature","geometry":{"type":"MultiLineString","coordinates":[[[8.101800000000367,49.734179999999526],[7.979740000000731,49.82840000000033],[7.867669999999691,49.83697000000029]],[[7.917349999999772,49.95688999999942],[7.923059999999168,49.877660000000105],[7.87666,49.849819999999454],[7.859529999999779,49.79628000000048]]]},"properties":{}},{"type":"Feature","geometry":{"type":"MultiLineString","coordinates":[[[16.19472820715373,48.309506215879594],[16.10629999999952,48.30815000000081],[16.05098,48.327180000000226]]]},"properties":{}},{"type":"Feature","geometry":{"type":"MultiLineString","coordinates":[[[16.377469999999562,48.2140799999998],[16.477140000000986,48.1511],[16.58123999999964,48.11838999999975],[16.83109,48.10411000000022],[16.988950000000898,48.139839999999765],[17.138139999999225,48.10058000000038],[17.275340000000142,47.897849999999494],[17.293900000000633,47.84145],[17.48949,47.73866000000095],[17.623040000000515,47.689539999999454]]]},"properties":{}},{"type":"Feature","geometry":{"type":"MultiLineString","coordinates":[[[3.742430000000297,44.84153999999944],[3.425489999999684,44.75588000000067],[3.340739999999585,44.70426000000049]],[[3.821200000000317,45.146300000000394],[3.779150000000243,45.08813],[3.76131,45.01816999999943],[3.760949999999866,44.88825],[3.743099999999799,44.84149000000082]]]},"properties":{}},{"type":"Feature","geometry":{"type":"MultiLineString","coordinates":[[[2.574133,44.350785],[2.591870000000208,44.38638999999967],[2.653969999999349,44.41566000000067],[2.720719999999447,44.49133000000089],[2.79781,44.52488000000085],[2.882040000000454,44.59127000000079],[2.964140000000145,44.61767999999949],[3.024100000000549,44.656940000000795],[3.257739999999266,44.715430000000275],[3.340739999999575,44.70426000000046]]]},"properties":{}},{"type":"Feature","geometry":{"type":"MultiLineString","coordinates":[[[3.074360000000638,45.7752299999994],[3.147890000000132,45.88730000000038],[3.432709999999133,46.135000000000275]]]},"properties":{}},{"type":"Feature","geometry":{"type":"MultiLineString","coordinates":[[[3.074290000000577,45.773080000000974],[2.799820000000225,45.765230000001026],[2.46182000000056,45.82305000000101],[2.289070000000981,45.90085999999972],[2.023880000000757,46.08074999999925],[1.573089999999895,46.035780000000216],[1.411836656617771,45.91422018684045],[1.39391000000084,45.88587]],[[1.245080000000772,45.835189999999834],[1.36572,45.8822999999994],[1.511339999999301,45.88730000000037],[1.692300000000705,45.92942000000047],[2.025299999999465,46.080749999999206]]]},"properties":{}},{"type":"Feature","geometry":{"type":"MultiLineString","coordinates":[[[0.352839999999674,46.57218],[0.202579999999273,46.74422000000061],[0.142610000000843,46.79205],[-0.161840000000609,46.9390999999996],[-0.493769999999131,46.99691999999959],[-0.667589999999052,47.0476],[-0.87853,47.119699999999284],[-1.053420000000131,47.22178],[-1.378570000000764,47.186799999999494],[-1.546329999999159,47.215350000000456]]]},"properties":{}},{"type":"Feature","geometry":{"type":"MultiLineString","coordinates":[[[-0.312519999999495,46.06575999999956],[-0.020909999999219,45.77665],[0.17567000000065,45.77197]]]},"properties":{}},{"type":"Feature","geometry":{"type":"MultiLineString","coordinates":[[[1.245080000000712,45.83518999999984],[1.365719999999897,45.88229999999936],[1.615920000000244,45.90586000000076],[1.852348389194674,45.99503806663688]]]},"properties":{}},{"type":"Feature","geometry":{"type":"MultiLineString","coordinates":[[[1.510910000000877,46.60114000000061],[1.50663,46.57401000000033],[1.559450000000766,46.44622999999956],[1.528039999999294,46.1856800000005],[1.5723,46.036490000000526]]]},"properties":{}},{"type":"Feature","geometry":{"type":"MultiLineString","coordinates":[[[2.404640000000654,47.08155000000073],[2.179210000000239,46.95449],[1.926149999999325,46.78388000000098],[1.538880000000177,46.60715999999957],[1.509609999999213,46.60002],[1.435729999999296,46.63786000000073],[1.056329999999377,46.63429],[0.861450000000389,46.565039999999556],[0.353629999999669,46.572899999999265]],[[-0.581210000000283,44.85823999999957],[-0.536239999999395,44.86680999999953],[-0.521249999999725,44.88465],[-0.517610000000786,45.01601999999917],[-0.639680000000112,45.12095000000045],[-0.658949999999095,45.16021],[-0.6718,45.425760000000196],[-0.770309999999881,45.4985699999998],[-0.877389999999593,45.538549999999304],[-0.571509999999705,45.794099999999275],[-0.49798,45.93614999999966],[-0.24743,46.12603],[-0.072889999999404,46.23381999999958],[0.139119999999878,46.29306999999977],[0.177659999999378,46.31662999999941],[0.260109999999258,46.49080999999933],[0.352839999999674,46.57218]]]},"properties":{}},{"type":"Feature","geometry":{"type":"MultiLineString","coordinates":[[[-0.581210000000283,44.85823999999957],[-0.536239999999395,44.86680999999953],[-0.517610000000786,44.901799999999696],[-0.441950000000361,44.92179000000044],[-0.322019999999611,44.91608000000082],[-0.122509999999238,45.048849999999334],[0.328279999999722,45.08669],[0.775019999999131,45.204159999999376],[0.831410000000687,45.26268999999968],[0.847830000000727,45.3412100000005],[0.89565000000033,45.410459999999205],[1.011650000000373,45.669579999999826],[1.118730000000141,45.785219999999754],[1.365719999999897,45.88229999999936],[1.511339999999166,45.88730000000038],[1.692300000000728,45.92942000000039],[2.024079999999287,46.08035000000024],[2.289070000000834,45.90085999999968],[2.398999999999432,45.844470000000115],[2.722009999999557,45.77380000000096],[3.184219999999243,45.76665999999943],[3.339840000000663,45.73168000000078],[3.642470000000628,45.78938000000022],[3.764180000000124,45.762259999999515],[3.92908,45.77082],[4.006170000000623,45.751550000000805],[4.162679999999398,45.76147],[4.223638415225366,45.749270405110906]]]},"properties":{}},{"type":"Feature","geometry":{"type":"MultiLineString","coordinates":[[[0.701189999999826,47.38168000000053],[0.17759,47.22676999999942],[0.043390000000784,47.201069999999106],[-0.069400000000314,47.24034000000029],[-0.12971,47.311009999999385],[-0.262489999999104,47.39809000000059],[-0.331729999999823,47.42094],[-0.444519999999045,47.423790000000736],[-0.54617,47.459479999999644]]]},"properties":{}},{"type":"Feature","geometry":{"type":"MultiLineString","coordinates":[[[3.455280000000187,46.854789999999525],[3.394860000000392,46.8120299999992],[3.281360000000973,46.78562000000068],[3.014740000000586,46.806319999999744],[2.559670000000665,46.93838],[2.404640000000654,47.08155000000073]]]},"properties":{}},{"type":"Feature","geometry":{"type":"MultiLineString","coordinates":[[[1.913000000000579,47.90920000000011],[1.71313,47.8392500000009],[1.42224,47.67007000000018],[1.2103000000007,47.521590000000344],[0.890859999999634,47.42521999999917],[0.683129999999437,47.41451000000063],[0.701189999999826,47.38168000000053]]]},"properties":{}},{"type":"Feature","geometry":{"type":"MultiLineString","coordinates":[[[0.352839999999674,46.57218],[0.568489999999656,46.806319999999744],[0.614180000000545,46.94837999999987],[0.587760000000344,47.0240400000003],[0.609179999999469,47.10470999999961],[0.600539999999569,47.247470000000305],[0.639800000000946,47.3181399999994],[0.701189999999826,47.38168000000053]]]},"properties":{}},{"type":"Feature","geometry":{"type":"MultiLineString","coordinates":[[[1.912089999999864,47.90960000000092],[1.92173,47.86106],[2.3925,47.75326999999919],[2.562400000000764,47.68403000000046],[2.65305000000086,47.68332000000015],[2.782970000000319,47.61050000000074],[2.926810000000842,47.47487999999987],[2.941800000000512,47.424909999999784],[2.907540000000154,47.35281000000026],[2.550970000000234,47.186480000000415],[2.405479999999443,47.08115]]]},"properties":{}},{"type":"Feature","geometry":{"type":"MultiLineString","coordinates":[[[0.4959,44.86223000000081],[0.734329999999342,44.86364999999945],[1.317519806244122,44.533935904215156]]]},"properties":{}},{"type":"Feature","geometry":{"type":"MultiLineString","coordinates":[[[-1.546259999999165,47.217490000000964],[-1.448459999999614,47.37882],[-1.435610000000338,47.472330000000625],[-1.397779999999329,47.520870000000286],[-1.359940000000222,47.73287999999968],[-1.280710000000909,47.92347999999947],[-1.312120000000505,48.11693000000014],[-1.357089999999516,48.24399000000096]]]},"properties":{}},{"type":"Feature","geometry":{"type":"MultiLineString","coordinates":[[[-2.761490000000776,47.659359999999765],[-2.861790000000838,47.78785000000062],[-3.04025,47.94275000000016],[-3.427509999999529,48.22329],[-3.573839999999109,48.29538999999926]]]},"properties":{}},{"type":"Feature","geometry":{"type":"MultiLineString","coordinates":[[[-0.545449999999562,47.459479999999644],[-0.674730000000636,47.402379999999596],[-0.718989999999394,47.35526000000033],[-0.809649999999181,47.30243999999942],[-1.054140000000189,47.22178],[-1.378570000000764,47.186799999999494],[-1.546329999999159,47.215350000000456]]]},"properties":{}},{"type":"Feature","geometry":{"type":"MultiLineString","coordinates":[[[-0.628563453949766,45.75111254336207],[-0.611129999999264,45.79694999999987],[-0.616840000000536,45.86334],[-0.723910000000615,46.051789999999585],[-0.799220000000673,46.16744],[-0.924859999999171,46.29664000000059],[-0.92771,46.3401900000008],[-0.999100000000908,46.40229],[-0.98625,46.45226],[-1.150429999999687,46.610020000000134],[-1.246800000000803,46.75064000000032],[-1.35066,46.95408999999927],[-1.515559999999823,47.15395999999964],[-1.546329999999159,47.215350000000456]]]},"properties":{}},{"type":"Feature","geometry":{"type":"MultiLineString","coordinates":[[[3.473132,43.305832],[3.432039999999775,43.34809999999933],[3.415663139213396,43.40501537677616]]]},"properties":{}},{"type":"Feature","geometry":{"type":"MultiLineString","coordinates":[[[4.148490834568171,43.72692073365272],[4.242309999999694,43.74929],[4.35623351176001,43.83777295290005]]]},"properties":{}},{"type":"Feature","geometry":{"type":"MultiLineString","coordinates":[[[5.363939999999275,43.3056500000003],[5.352510000000677,43.38631],[5.440319999999758,43.534789999999816]]]},"properties":{}},{"type":"Feature","geometry":{"type":"MultiLineString","coordinates":[[[4.630799,43.677616],[4.806300000000253,43.95417000000105],[4.84735,43.96380999999925],[4.87608,44.014849999999605],[4.836460000000486,44.05696999999976],[4.806839999999306,44.14263000000038]]]},"properties":{}},{"type":"Feature","geometry":{"type":"MultiLineString","coordinates":[[[3.217941,43.341676499999984],[3.069289999999447,43.278220000000225],[3.01647000000056,43.22682],[3.004203,43.1836165]]]},"properties":{}},{"type":"Feature","geometry":{"type":"MultiLineString","coordinates":[[[5.033986886902886,43.84047595982084],[5.039460000000231,43.85959],[5.109420000000918,43.87850000000086],[5.306045257530014,43.858809769699945],[5.356050000000374,43.89171],[5.440280000000635,43.8835],[5.484899999999503,43.86030000000046],[5.585900000000126,43.861730000000584],[5.678519999999531,43.87636000000035],[5.87251,43.95487999999945]]]},"properties":{}},{"type":"Feature","geometry":{"type":"MultiLineString","coordinates":[[[4.35623351176001,43.83777295290005],[4.253259999999596,43.95594999999957],[4.177120000000315,44.00829999999959],[4.073019999999894,44.14155000000037],[4.058259999999835,44.20032],[3.939679999999542,44.373369999999376],[3.920519999999826,44.44044000000032]]]},"properties":{}},{"type":"Feature","geometry":{"type":"MultiLineString","coordinates":[[[4.630799,43.677616],[4.539450000000233,43.72538999999964],[4.498530000000773,43.79058000000082],[4.441419999999351,43.83437000000062],[4.35623351176001,43.83777295290011]]]},"properties":{}},{"type":"Feature","geometry":{"type":"MultiLineString","coordinates":[[[5.014160000000685,43.65039000000076],[4.754559999999437,43.643529999999366],[4.68412,43.65781000000076],[4.539450000000233,43.72538999999964],[4.498530000000773,43.79058000000082],[4.432380000000286,43.8396],[4.35623351176001,43.83777295290011]]]},"properties":{}},{"type":"Feature","geometry":{"type":"MultiLineString","coordinates":[[[4.655810000000201,43.810330000000306],[4.736119999999573,43.74287000000015],[4.826059999999529,43.708969999999795],[5.129800000000614,43.616879999999696],[5.338589999999499,43.58048000000065],[5.440319999999758,43.534789999999816]]]},"properties":{}},{"type":"Feature","geometry":{"type":"MultiLineString","coordinates":[[[4.812140000000114,43.79213],[4.698280000000578,43.77535],[4.655810000000201,43.81033000000031]]]},"properties":{}},{"type":"Feature","geometry":{"type":"MultiLineString","coordinates":[[[5.880416653162797,43.766583113700165],[5.970129999999699,43.78071000000091],[6.084580000000642,43.82619999999963]]]},"properties":{}},{"type":"Feature","geometry":{"type":"MultiLineString","coordinates":[[[6.084580000000642,43.82619999999963],[6.122170000000608,43.86744],[6.11917,43.92806000000019],[6.19175,43.97654999999946],[6.20126,44.05654999999945],[6.231584571929545,44.0996598803531]]]},"properties":{}},{"type":"Feature","geometry":{"type":"MultiLineString","coordinates":[[[5.93212,44.210080000000744],[5.952419999999677,44.203569999999786],[5.965270000000601,44.16359000000011],[6.015960000000746,44.12075999999985],[6.021189999999535,44.06175000000087],[6.098760000000766,44.047950000000185],[6.231584571929545,44.0996598803531]]]},"properties":{}},{"type":"Feature","geometry":{"type":"MultiLineString","coordinates":[[[5.93212,44.210080000000744],[5.952419999999677,44.203569999999786],[5.965270000000601,44.16359000000011],[6.015960000000746,44.12075999999985],[6.021189999999535,44.06175000000087],[6.077919999999722,44.04839999999979],[6.121460000000297,43.99236000000019],[6.111109999999769,43.94988999999981],[6.122170000000608,43.86744],[6.083979999999485,43.826039999999864]]]},"properties":{}},{"type":"Feature","geometry":{"type":"MultiLineString","coordinates":[[[7.12074000000041,43.584909999999695],[7.131209999999669,43.647730000000706],[7.18974,43.683890000000304]]]},"properties":{}},{"type":"Feature","geometry":{"type":"MultiLineString","coordinates":[[[6.751449999999807,43.868780000000754],[6.791960000000472,43.904829999999606],[6.788389999999822,43.9326700000002],[6.818010000000982,43.958360000000596]]]},"properties":{}},{"type":"Feature","geometry":{"type":"MultiLineString","coordinates":[[[5.932119999999661,44.21008000000075],[5.932469999999801,44.17295999999988],[5.952100000000596,44.15155000000051],[5.936040000000601,44.079089999999255],[5.943890000000529,44.05197000000046],[5.908046000000109,43.97987650000001],[5.678519999999509,43.876360000000226],[5.575840503652701,43.86276996725594]]]},"properties":{}},{"type":"Feature","geometry":{"type":"MultiLineString","coordinates":[[[5.908686147115866,44.39029649455475],[5.855729999999312,44.32430000000022],[5.848749999999256,44.29180000000093],[5.93196,44.210230000000706]]]},"properties":{}},{"type":"Feature","geometry":{"type":"MultiLineString","coordinates":[[[5.93224,45.57397],[5.810180000000457,45.45867999999979],[5.750570000000153,45.44190999999955],[5.738079999999172,45.44154999999961],[5.694530000000782,45.52470999999974],[5.601020000000119,45.581819999999425],[5.434391616982566,45.56850797161951],[5.264499999999259,45.58416000000045],[5.216309999999794,45.60466000000093],[4.879100000000108,45.52685000000025]]]},"properties":{}},{"type":"Feature","geometry":{"type":"MultiLineString","coordinates":[[[4.806839999999283,44.14263000000034],[4.77686,44.2572],[4.738670000000752,44.2761100000007],[4.723319999999205,44.304669999999646],[4.728310000000477,44.408890000000554],[4.747950000000856,44.46742000000086],[4.72796000000011,44.49312],[4.727240000000222,44.54809000000034],[4.775429999999744,44.616609999999184],[4.786850000000527,44.71119999999968],[4.885720000000219,44.92892000000023]],[[4.885669999999607,44.929249999999286],[4.893869999999879,44.988499999999476],[4.918499999999767,45.016700000000185],[4.842479999999398,45.07380000000012],[4.818209999999453,45.12912999999941],[4.830340000000547,45.15982000000082],[4.813210000000367,45.204439999999636],[4.82071,45.26583000000028],[4.78573,45.382900000000575],[4.811069999999859,45.42109],[4.816779999999255,45.484619999999325],[4.879100000000108,45.52685000000025]]]},"properties":{}},{"type":"Feature","geometry":{"type":"MultiLineString","coordinates":[[[4.880320000000154,45.52828000000045],[4.987929999999324,45.4044300000005],[5.02291,45.385870000000125],[5.228849999999568,45.39622000000065]],[[6.26696665739297,45.02699351372871],[6.035239999999192,45.018120000000636],[5.993660000000204,45.049530000000345],[5.966529999999693,45.10378999999921],[5.824119999999425,45.05239000000074],[5.763090000000489,45.05025000000023],[5.70919,45.11377999999979],[5.710460000000239,45.199609999999666],[5.656629999999438,45.22667],[5.599519999999814,45.30906],[5.500330000000815,45.354269999999815],[5.336890000000608,45.34267000000011],[5.256579999999303,45.39531999999974],[5.22862,45.39651000000049]]]},"properties":{}},{"type":"Feature","geometry":{"type":"MultiLineString","coordinates":[[[4.822274293552584,45.76863131349655],[4.850689999999418,45.76027000000079],[4.86283,45.69638999999927],[4.83713,45.62072000000086],[4.880320000000154,45.52828000000045]]]},"properties":{}},{"type":"Feature","geometry":{"type":"MultiLineString","coordinates":[[[5.556467010674567,45.32087229622323],[5.662720000000263,45.37565],[5.737440000000731,45.44226999999967]]]},"properties":{}},{"type":"Feature","geometry":{"type":"MultiLineString","coordinates":[[[5.216309999999794,45.60466000000093],[5.144220000000189,45.63270000000017],[5.054280000000404,45.693370000000925],[4.825140000000886,45.76833000000079]]]},"properties":{}},{"type":"Feature","geometry":{"type":"MultiLineString","coordinates":[[[5.037990000000832,44.23449000000073],[4.988620000000139,44.24580000000071],[4.806500000000653,44.14264999999983]]]},"properties":{}},{"type":"Feature","geometry":{"type":"MultiLineString","coordinates":[[[5.106100000000936,44.35139],[5.074570000000733,44.30825999999985],[5.069519999999102,44.25412999999946],[5.037990000000832,44.23449000000073]]]},"properties":{}},{"type":"Feature","geometry":{"type":"MultiLineString","coordinates":[[[5.493187421358641,44.84835886859827],[5.594180000000108,44.88296000000088],[5.701559999999631,45.161350000000425]]]},"properties":{}},{"type":"Feature","geometry":{"type":"MultiLineString","coordinates":[[[3.402009999999734,46.32631000000043],[3.572050000000729,46.28562000000062],[3.837600000000805,46.19211],[4.075870000000634,46.05004999999983]]]},"properties":{}},{"type":"Feature","geometry":{"type":"MultiLineString","coordinates":[[[4.825140000000886,45.76833000000079],[4.765530000000581,45.77618000000069],[4.691290000000777,45.82971999999967],[4.584930000000895,45.848990000000526],[4.438239999999439,45.90681000000046],[4.1991,45.935359999999434],[4.099879999999871,45.994609999999795],[4.074889999999868,46.05100999999934]]]},"properties":{}},{"type":"Feature","geometry":{"type":"MultiLineString","coordinates":[[[4.21818,45.748690000000465],[4.13796,45.70506000000023],[4.12464,45.66414000000077],[4.086090000000695,45.62607000000031],[4.100370000000112,45.56313000000057],[4.090729999999894,45.54385999999988],[4.037549999999044,45.50281],[3.998470000000509,45.42179000000033],[3.944929999999772,45.393239999999366]]]},"properties":{}},{"type":"Feature","geometry":{"type":"MultiLineString","coordinates":[[[4.223638415225366,45.749270405110906],[4.346040000000414,45.73171],[4.413150000000428,45.75526999999971],[4.523080000000959,45.76526999999987],[4.818250000000262,45.76812000000069]]]},"properties":{}},{"type":"Feature","geometry":{"type":"MultiLineString","coordinates":[[[4.223638415225366,45.749270405110906],[4.312739999999394,45.49604000000011],[4.370440000000656,45.46033999999963],[4.448220000000276,45.44964000000073],[4.670550000000674,45.56861000000026]]]},"properties":{}},{"type":"Feature","geometry":{"type":"MultiLineString","coordinates":[[[3.82179,45.145529999999894],[3.824290000000531,45.26475000000028],[3.893529999999487,45.31721],[3.915660000000514,45.3771799999995],[3.944929999999772,45.393239999999366]]]},"properties":{}},{"type":"Feature","geometry":{"type":"MultiLineString","coordinates":[[[3.82179,45.145529999999894],[3.586250000000405,45.16499],[3.43218,45.25957000000017],[3.389049999999827,45.30775999999969]]]},"properties":{}},{"type":"Feature","geometry":{"type":"MultiLineString","coordinates":[[[3.742430000000297,44.84153999999944],[3.425489999999684,44.75588000000067],[3.340739999999585,44.70426000000049]]]},"properties":{}},{"type":"Feature","geometry":{"type":"MultiLineString","coordinates":[[[6.874509999999759,45.684569999999496],[7.005150000000867,45.77571],[7.123272744464272,45.7146851207103]]]},"properties":{}},{"type":"Feature","geometry":{"type":"MultiLineString","coordinates":[[[6.375077655751227,45.67204103239834],[6.419089999999414,45.656970000000115],[6.459539999999834,45.52658],[6.518550000000687,45.48089000000084],[6.57661000000013,45.53989999999982],[6.706519999999841,45.56892999999957],[6.763629999999466,45.61413999999979],[6.843580000000657,45.62223000000091],[6.835020000000441,45.636029999999664],[6.855949999999211,45.64459999999963],[6.874509999999759,45.684569999999496]]]},"properties":{}},{"type":"Feature","geometry":{"type":"MultiLineString","coordinates":[[[6.375077655751227,45.67204103239834],[6.415030000000115,45.75544000000082],[6.356499999999869,45.7711400000008],[6.293680000000791,45.7483],[6.259420000000318,45.75401000000062],[6.208730000000344,45.78184999999945],[6.193740000000673,45.82467999999977],[6.139489999999626,45.84610000000066],[6.121649999999136,45.91105000000067]]]},"properties":{}},{"type":"Feature","geometry":{"type":"MultiLineString","coordinates":[[[6.121649999999136,45.91105000000067],[6.06668,45.871789999999294],[6.05033,45.78471],[6.026780000000201,45.76258000000058],[5.921840000000941,45.72617],[5.908139999999662,45.63755999999921],[5.93224,45.57397]]]},"properties":{}},{"type":"Feature","geometry":{"type":"MultiLineString","coordinates":[[[6.121649999999136,45.91105000000067],[6.138059999999427,45.9753],[6.128779999999153,46.015989999999874],[6.083810000000142,46.07309999999973],[6.143060000000276,46.159470000000624],[6.144420000000537,46.19578]]]},"properties":{}},{"type":"Feature","geometry":{"type":"MultiLineString","coordinates":[[[5.710460000000239,45.199609999999666],[5.798950000000332,45.22132000000062],[5.89264,45.28735000000063],[5.95644,45.359920000000784],[5.988559999999779,45.44737],[6.037270000000717,45.501689999999144],[6.140540000000328,45.56308],[6.219440000000816,45.5819800000009],[6.375077655751227,45.67204103239834]]]},"properties":{}},{"type":"Feature","geometry":{"type":"MultiLineString","coordinates":[[[5.824289597838799,45.9460670266331],[5.932409999999436,45.91453000000013],[5.958109999999522,45.841720000000464],[5.946679999999219,45.762479999999414],[5.923839999999473,45.73677999999927],[5.906000000000915,45.67182],[5.93224,45.574319999999716],[5.911539999999263,45.560760000000414]]]},"properties":{}},{"type":"Feature","geometry":{"type":"MultiLineString","coordinates":[[[5.70634000000075,45.722830000000556],[5.717230000000313,45.70673999999963],[5.69204,45.64357000000018],[5.601020000000119,45.581819999999425]]]},"properties":{}},{"type":"Feature","geometry":{"type":"MultiLineString","coordinates":[[[6.293680000000791,45.7483],[6.356499999999869,45.7711400000008],[6.415030000000115,45.75544000000082],[6.375077655751227,45.67204103239834]]]},"properties":{}},{"type":"Feature","geometry":{"type":"MultiLineString","coordinates":[[[5.718000000000757,44.44563000000022],[5.727999999999156,44.49915999999945],[5.785137296379958,44.524335144267184]]]},"properties":{}},{"type":"Feature","geometry":{"type":"MultiLineString","coordinates":[[[5.911539999999263,45.560760000000414],[5.841088931243519,45.558486213105425],[5.820566080068431,45.54212741869037],[5.810453370793653,45.55491702159668],[5.803017555150234,45.53766592930441],[5.733120888104168,45.5251737590238],[5.723900476706376,45.54956323433356],[5.601020000000119,45.581819999999425]]]},"properties":{}},{"type":"Feature","geometry":{"type":"MultiLineString","coordinates":[[[5.601020000000119,45.581819999999425],[5.69204,45.64357000000018],[5.717230000000313,45.70673999999963],[5.752930000000561,45.70317000000068]]]},"properties":{}},{"type":"Feature","geometry":{"type":"MultiLineString","coordinates":[[[5.317979214854915,47.8709743636349],[4.77619000000044,48.218699999999444],[4.71123000000091,48.240110000000755],[4.53205,48.3786],[4.435690000000193,48.57705],[4.347529999999153,48.94609999999932]]]},"properties":{}},{"type":"Feature","geometry":{"type":"MultiLineString","coordinates":[[[7.07201,46.116570000000195],[7.054169999999431,46.145839999999225],[7.027040000000909,46.15155000000061],[6.910260000000619,46.34857000000011],[6.916680000000326,46.431380000000104],[6.764279999999417,46.49705],[6.629360000000872,46.51988999999969]]]},"properties":{}},{"type":"Feature","geometry":{"type":"MultiLineString","coordinates":[[[7.727709999999263,47.544970000000944],[7.692049999999654,47.574950000000285],[7.593549999999652,47.76483000000019],[7.614960000000792,47.81337],[7.754870000000665,47.97255000000041],[7.781279999999299,48.02680999999944]]]},"properties":{}},{"type":"Feature","geometry":{"type":"MultiLineString","coordinates":[[[7.362549999999828,46.23078999999973],[7.19694,46.1865300000008],[7.07201,46.116570000000195]]]},"properties":{}},{"type":"Feature","geometry":{"type":"MultiLineString","coordinates":[[[8.214770000000556,47.504580000000715],[8.081420000000435,47.532830000000104],[7.727709999999263,47.544970000000944],[7.67418,47.5314],[7.583520000000192,47.558530000000246],[7.505,47.64632999999969],[7.488579999999331,47.70130000000063],[7.529270000000906,47.899740000000804],[7.562819999999135,47.95471],[7.537859908264863,48.036393981609194]]]},"properties":{}},{"type":"Feature","geometry":{"type":"MultiLineString","coordinates":[[[7.494179999999744,47.66784999999982],[7.075870000000577,47.54650000000049],[6.799250515868493,47.446194422319024]]]},"properties":{}},{"type":"Feature","geometry":{"type":"MultiLineString","coordinates":[[[3.075489999999263,45.7734],[3.389059999999574,45.735129999999174],[3.582510000000184,45.77153999999979],[3.700510000000691,45.81897000000038],[3.857550000000742,45.84324],[3.991749999999229,45.79470000000043],[4.078840000000184,45.79541000000074],[4.162679999999398,45.76147],[4.346040000000414,45.73171],[4.413150000000428,45.75526999999971],[4.523080000000959,45.76526999999987],[4.818250000000262,45.76812000000069]]]},"properties":{}},{"type":"Feature","geometry":{"type":"MultiLineString","coordinates":[[[4.08561,45.59228000000087],[4.086090000000695,45.62607000000031],[4.12464,45.66414000000077],[4.13796,45.70506000000023],[4.21818,45.748690000000465]]]},"properties":{}},{"type":"Feature","geometry":{"type":"MultiLineString","coordinates":[[[3.455280000000187,46.854789999999525],[3.343919999999457,46.867640000000506],[3.145119999999224,47.00541],[3.100150000000212,47.07892999999979],[3.034470000000567,47.13961000000012],[3.003779999999153,47.2445399999998],[2.92454,47.31521000000072],[2.906699999999603,47.35304999999971]]]},"properties":{}},{"type":"Feature","geometry":{"type":"MultiLineString","coordinates":[[[3.547440000000336,47.73313000000064],[3.755880000000616,47.62463000000031],[3.839400000000751,47.55110000000059],[3.932909999999595,47.503280000000814]]]},"properties":{}},{"type":"Feature","geometry":{"type":"MultiLineString","coordinates":[[[4.065753953217495,48.30685354852676],[4.098590515097897,48.315895500348915],[4.29327000000012,48.45641000000069],[4.435320000000502,48.57561999999973]]]},"properties":{}},{"type":"Feature","geometry":{"type":"MultiLineString","coordinates":[[[5.387759999999616,47.048950000000445],[5.107219999999813,47.05966000000092],[4.884860000000117,47.04752],[4.288049999999203,46.9671799999997]]]},"properties":{}},{"type":"Feature","geometry":{"type":"MultiLineString","coordinates":[[[4.289160000000265,46.966860000000565],[4.177799999999536,46.929029999999386],[3.841940000000193,46.68989],[3.723799999999869,46.647059999999385]]]},"properties":{}},{"type":"Feature","geometry":{"type":"MultiLineString","coordinates":[[[5.745380000000296,47.569649999999456],[5.873869999999556,47.57964],[5.930979999999238,47.62319000000036],[6.003080000000523,47.64674000000025],[6.061610000000769,47.71099],[6.05876,47.733120000000895],[6.094450000000506,47.75596000000047],[6.28683,47.82092000000017],[6.40247000000096,47.83590999999984]]]},"properties":{}},{"type":"Feature","geometry":{"type":"MultiLineString","coordinates":[[[3.074360000000638,45.7752299999994],[3.147890000000132,45.88730000000038],[3.433419999999444,46.13357],[3.422710000000791,46.26491999999956],[3.402009999999734,46.32631000000043]]]},"properties":{}},{"type":"Feature","geometry":{"type":"MultiLineString","coordinates":[[[6.40247000000096,47.83590999999984],[6.851829999999723,47.66530000000057],[6.868249999999591,47.64746000000014],[6.86896,47.60391],[6.799250515868493,47.446194422319024]]]},"properties":{}},{"type":"Feature","geometry":{"type":"MultiLineString","coordinates":[[[7.362549999999828,46.23078999999973],[7.598210000000108,46.310020000000804],[7.865900000000693,46.3121699999993],[8.01188,46.34001],[8.181060000000798,46.42567000000054],[8.35138,46.57129]]]},"properties":{}},{"type":"Feature","geometry":{"type":"MultiLineString","coordinates":[[[10.66586737744825,47.11757256206306],[10.73591231051978,47.17971285432691],[10.721919358690002,47.24557592228035]]]},"properties":{}},{"type":"Feature","geometry":{"type":"MultiLineString","coordinates":[[[13.82136,47.555249999999546],[13.77067999999963,47.59593999999936],[13.743549999999345,47.59094],[13.72499000000056,47.54810999999978],[13.704082320661485,47.539524030989526],[13.649330000000305,47.54667999999958]]]},"properties":{}},{"type":"Feature","geometry":{"type":"MultiLineString","coordinates":[[[10.67533,47.56429000000037],[10.579680000000735,47.57570999999922],[10.49259,47.63567999999941],[10.381230000000812,47.682790000000864],[10.329840000000331,47.73847000000035]]]},"properties":{}},{"type":"Feature","geometry":{"type":"MultiLineString","coordinates":[[[11.369899999999689,48.07183000000083],[11.273960000000443,48.1310799999992],[11.128329999999664,48.178190000000654],[10.997699999999895,48.18533000000025],[10.969150000000923,48.23101999999932],[10.97486000000032,48.33023999999938],[10.930599999999629,48.379499999999155]]]},"properties":{}},{"type":"Feature","geometry":{"type":"MultiLineString","coordinates":[[[13.705289999999877,47.10958000000039],[13.690300000000207,47.136699999999166],[13.513269999999409,47.26020000000074],[13.476860000000613,47.38583],[13.428320000000951,47.390830000000335],[13.408330000000205,47.43579999999935],[13.311970000000713,47.43295000000029],[13.220590000000755,47.457220000000234],[13.194180000000529,47.5285999999997],[13.193470000000218,47.60498000000018],[13.15777999999949,47.65852000000092],[13.0978099999993,47.70420000000024],[13.094250000000159,47.77772999999979],[13.062120000000562,47.80414000000019]]]},"properties":{}},{"type":"Feature","geometry":{"type":"MultiLineString","coordinates":[[[13.062120000000562,47.80414000000019],[13.01073,47.811990000000264],[12.973609999999155,47.83626],[12.875809999999547,47.83626],[12.760169999999619,47.86624999999913],[12.628109999999651,47.86552999999924],[12.493189999999288,47.94334],[12.342570000000705,47.91835999999972],[12.283330000000149,47.95476000000053],[12.174820000000238,47.92334999999923],[12.168400000000531,47.87338000000091],[12.10843000000034,47.86982],[12.086310000000651,47.84197999999918],[12.056319999999744,47.83412],[11.85502000000082,47.885519999999815],[11.83361,47.91620999999947],[11.515950000000942,48.005440000000874],[11.369899999999689,48.07183000000083],[11.30422,47.999019999999405],[11.188580000000115,47.980460000000676],[11.176450000000841,47.901939999999854],[11.137189999999464,47.871240000000455],[11.021539999999789,47.9105],[10.886630000000935,47.900509999999485],[10.68675000000087,47.823420000000624],[10.529710000000648,47.81414000000052],[10.451189999999826,47.76702],[10.333870000000331,47.74085999999983],[10.235360000000583,47.69017999999966],[10.130429999999365,47.6651999999994],[10.086890000000551,47.67091000000079],[10.01265000000069,47.63164999999941],[9.814200000000824,47.61522999999954],[9.75281,47.54384000000033],[9.762090000000228,47.50600999999915],[9.724280000000363,47.4942800000008]]]},"properties":{}},{"type":"Feature","geometry":{"type":"MultiLineString","coordinates":[[[-8.418229999999317,40.19469000000033],[-8.466770000000832,40.11615999999969],[-8.493909,40.099889],[-8.333989999999151,39.9269999999998],[-8.37968,39.66502000000034],[-8.410487,39.603447],[-8.419649999999809,39.527249999999164],[-8.545579999999868,39.42801999999943],[-8.66906999999988,39.356640000000155],[-8.687059,39.236177]]]},"properties":{}},{"type":"Feature","geometry":{"type":"MultiLineString","coordinates":[[[-8.424594796189083,41.546035216917566],[-8.47105,41.453900000000544],[-8.53672,41.411070000000144],[-8.525299999999351,41.36538],[-8.64523,41.30898999999959],[-8.632379999999054,41.29257],[-8.648080000000807,41.27187000000047],[-8.59526,41.08555999999958],[-8.533869999999313,41.009889999999345],[-8.481760000000577,40.79074000000036],[-8.416800000000825,40.21325000000068],[-8.428219999999724,40.171840000000856],[-8.493909,40.099889]]]},"properties":{}},{"type":"Feature","geometry":{"type":"MultiLineString","coordinates":[[[-6.063532,42.458776],[-6.033820000000501,42.44305],[-5.95582,42.30301999999945],[-5.997939999999264,42.08172999999987],[-6.062900000000791,41.97250999999959],[-6.097159999999332,41.951810000000485],[-6.333440000000317,41.93396000000039],[-6.48906,41.85330000000066],[-6.631110000000233,41.83758999999929],[-6.696780000000154,41.79048],[-6.805535,41.798675],[-6.893089999999456,41.836170000000536],[-6.939490000000563,41.83902],[-7.025149999999509,41.81618],[-7.1672,41.74835999999973],[-7.295690000000853,41.718380000000366],[-7.374219999999723,41.71623999999972],[-7.4755800000003,41.742650000000225],[-7.641910000000155,41.710530000000325],[-7.746839999999748,41.74408000000042],[-7.955990000000373,41.67555],[-8.101619999999329,41.66199000000062],[-8.141589999999248,41.67841000000047],[-8.287930000000424,41.66128000000036],[-8.398569999999344,41.619160000000186]]]},"properties":{}},{"type":"Feature","geometry":{"type":"MultiLineString","coordinates":[[[-6.063532,42.458776],[-6.150359999999625,42.53464999999966],[-6.238520000000745,42.56605999999923],[-6.263510000000529,42.60102999999982],[-6.377720000000349,42.60532000000072],[-6.42912000000067,42.629590000000576],[-6.510490000000567,42.61174000000026],[-6.557609999999814,42.63102000000074],[-6.714649999999841,42.60888999999956],[-6.804949999999701,42.53178999999918],[-6.901320000000889,42.49610000000039],[-6.943789999999272,42.447560000000564],[-7.100839999999193,42.407579999999236],[-7.166509999998995,42.35333],[-7.217189999999365,42.33763],[-7.347110000000481,42.35903999999948],[-7.621580000000679,42.28766],[-7.660840000000454,42.25768000000058],[-7.739369999999349,42.11847999999924],[-8.035970000000754,41.9607199999992],[-8.095219999999104,41.90005000000033],[-8.11449,41.836509999999194],[-8.158030000000272,41.785830000000686],[-8.331140000000145,41.70017000000011],[-8.349700000000603,41.65948000000035],[-8.39395999999939,41.63235999999964],[-8.42459479618909,41.54603521691762]]]},"properties":{}},{"type":"Feature","geometry":{"type":"MultiLineString","coordinates":[[[15.006117302876191,45.915360824297636],[15.042713807848259,45.914518996919526],[15.08911329746195,45.96091848653322],[15.191430120712653,45.97162606105945],[15.192619851215568,46.047173947994565],[15.24853718485258,46.11439372140927],[15.247347454349665,46.1756648423094],[15.28065990843129,46.21016702689394],[15.26542999999947,46.233969999999374],[15.23366555356614,46.20362350912791],[15.230096362057395,46.15841375001713],[15.193214716467025,46.13997292722195],[15.202732560490347,46.10963479939761],[15.16525604964852,46.08048640207619],[15.211060674010753,46.044794486988735],[15.255675567870071,46.042415025982905],[15.293746943963356,46.00969743715274],[15.463283540628765,45.98292850083715],[15.490565553368356,45.931311438396506]]]},"properties":{}},{"type":"Feature","geometry":{"type":"MultiLineString","coordinates":[[[13.84418,44.86197],[13.864879999999118,44.89052000000095],[13.869160000000306,44.94478],[13.79848999999922,45.03115000000065],[13.774939999999333,45.11181000000039],[13.665010000000564,45.19462000000016],[13.6000499999991,45.22032000000047],[13.7471000000005,45.32525],[13.666429999999423,45.432329999999695],[13.666429999999423,45.46945000000056],[13.698560000000782,45.52227],[13.76637,45.54297000000048],[13.769940000000247,45.58223],[13.812060000000201,45.609360000000436],[13.785900000000765,45.63947999999982]]]},"properties":{}},{"type":"Feature","geometry":{"type":"MultiLineString","coordinates":[[[13.78493,45.64077],[13.76423000000068,45.68003],[13.706410000000687,45.72643000000073],[13.540080000000614,45.80566],[13.436579999999594,45.802100000000905],[13.375899999999035,45.76640000000049],[13.345919999999694,45.77996999999971],[13.253119999999342,45.99911000000071],[13.244559999999126,46.12617999999935],[13.168890000000886,46.20041999999921],[13.13033999999982,46.278940000000205],[13.146759999999688,46.35031999999961],[13.13105,46.375309999999445]]]},"properties":{}},{"type":"Feature","geometry":{"type":"MultiLineString","coordinates":[[[13.062850000000367,47.804889999999546],[13.228230000000679,47.93576000000036],[13.316269999999406,47.98097000000058],[13.45784,47.98751000000078],[13.538150000000257,48.00893],[13.7118499999998,48.00535999999926],[13.83856,48.092810000000156],[13.909939999999551,48.10053999999951],[14.028910000000906,48.16241000000082]]]},"properties":{}},{"type":"Feature","geometry":{"type":"MultiLineString","coordinates":[[[14.186110000000497,45.22032000000047],[13.932340312361703,45.15194834232898],[13.830023489111,45.1067385832182],[13.706291516807823,45.09424641293759],[13.649362912243191,45.07342612913658]]]},"properties":{}},{"type":"Feature","geometry":{"type":"MultiLineString","coordinates":[[[14.444519999999102,45.33095999999938],[14.339029999999298,45.36836000000051],[14.209660000000554,45.3152599999994],[14.140419999999835,45.3174],[14.129709999999363,45.29456000000033],[14.140419999999835,45.25958],[14.178970000000902,45.23816000000079],[14.1911,45.1803400000008],[14.15755,45.13680000000022],[14.123289999999656,45.12109000000066],[14.122579999999346,45.086830000000305],[14.060470000000407,45.054710000000284],[14.027640000000304,45.05899],[13.964819999999293,44.946200000000374],[13.975529999999708,44.8983800000006],[13.912710000000459,44.891949999999326],[13.84418,44.86197]]]},"properties":{}},{"type":"Feature","geometry":{"type":"MultiLineString","coordinates":[[[13.84418,44.86197],[13.864879999999118,44.89052000000095],[13.869160000000306,44.94478],[13.79848999999922,45.03115000000065],[13.774939999999333,45.11181000000039],[13.665010000000564,45.19462000000016],[13.6000499999991,45.22032000000047],[13.742099999999425,45.31596999999971],[13.745670000000302,45.337390000000596],[13.727269999999521,45.355509999999526],[13.843629999999507,45.355509999999526],[13.910729999999717,45.401200000000244],[13.97854,45.40834],[14.18539000000061,45.31383],[14.339029999999298,45.36836000000051],[14.444519999999102,45.33095999999938]]]},"properties":{}},{"type":"Feature","geometry":{"type":"MultiLineString","coordinates":[[[15.22996846602831,44.11551758904079],[15.291670000000579,44.107140000000186],[15.706469999999229,43.836349999999584],[15.755020000000627,43.819219999999405],[15.840679999999452,43.850630000000876],[15.928239999999334,43.82112000000046],[15.9311,43.781150000000764],[16.02341999999959,43.69549000000018],[16.011049999999273,43.663130000000876],[16.12564000000026,43.57366],[16.258889999999212,43.52606999999989],[16.375023953511345,43.55824397523179],[16.504929999999263,43.534639999999854]]]},"properties":{}},{"type":"Feature","geometry":{"type":"MultiLineString","coordinates":[[[15.58349335908781,44.04316732385229],[15.616009245287898,44.0045603480126],[15.685251560557504,43.964585403114654],[15.805176395251408,43.92175510500971],[15.840679999999452,43.850630000000876]]]},"properties":{}},{"type":"Feature","geometry":{"type":"MultiLineString","coordinates":[[[15.854788157222913,43.78612582767738],[16.011147920859344,43.663653275333104],[15.972571477011513,43.58482342658402],[15.994700464365678,43.546989996591435],[16.04681066039342,43.51700878791786],[16.258889999999212,43.52606999999989]]]},"properties":{}},{"type":"Feature","geometry":{"type":"MultiLineString","coordinates":[[[17.073710000000517,44.281010000000606],[17.015409920499962,44.32459785329678],[16.90520904412142,44.31543275593094]]]},"properties":{}},{"type":"Feature","geometry":{"type":"MultiLineString","coordinates":[[[14.924220000000844,44.99689000000035],[14.856400000000576,45.116809999999646],[14.690790000000561,45.19319],[14.57229,45.29740999999933],[14.444519999999102,45.33095999999938]]]},"properties":{}},{"type":"Feature","geometry":{"type":"MultiLineString","coordinates":[[[15.685880000000907,44.018210000000295],[15.66589000000016,44.09030999999965],[15.624490000000264,44.129569999999205],[15.66589000000016,44.09030999999965],[15.686540000000605,44.1911999999993]]]},"properties":{}},{"type":"Feature","geometry":{"type":"MultiLineString","coordinates":[[[17.864900000000546,45.402780000000405],[18.10951000000017,45.402780000000405],[18.43668000000082,45.51223000000027],[18.53457,45.519679999999425]]]},"properties":{}},{"type":"Feature","geometry":{"type":"MultiLineString","coordinates":[[[18.69643999999971,42.524040000000355],[18.71263999999985,42.544400000000735],[18.676939999999377,42.6768100000009],[18.7104,42.7132299999995],[18.696710000000223,42.740589999999486]]]},"properties":{}},{"type":"Feature","geometry":{"type":"MultiLineString","coordinates":[[[15.405339999999342,46.35532000000069],[15.162640000000465,46.46382000000085],[15.10268,46.50807999999972],[15.072690000000932,46.565189999999404],[14.690220000000465,46.57518],[14.519609999999432,46.62371999999965],[14.38041,46.68511000000046],[14.289039999999716,46.643],[14.157699999999807,46.65013999999985],[13.997799999999188,46.61159000000055],[13.874299999999607,46.63371999999981],[13.450279999999111,46.83001999999942]]]},"properties":{}},{"type":"Feature","geometry":{"type":"MultiLineString","coordinates":[[[14.289609999999811,45.95342999999957],[14.371934827325788,45.94139699186462],[14.46235434554734,45.966143386325314],[14.507564104658115,45.939493423060014],[14.56985999999955,45.99140000000085]]]},"properties":{}},{"type":"Feature","geometry":{"type":"MultiLineString","coordinates":[[[14.382166509650858,44.66636281189051],[14.429755729767464,44.69967526597213],[14.439273573790786,44.73417745055667],[14.409530311217907,44.80913047224033],[14.333387559031337,44.88765268543273],[14.341120807300285,44.90073972096479],[14.402986793451873,44.89836025995896],[14.424401942504346,44.944759749572654],[14.35242324707798,45.07800956589915],[14.362654929403163,45.092405304984425]]]},"properties":{}},{"type":"Feature","geometry":{"type":"MultiLineString","coordinates":[[[18.664709999999104,47.7155299999996],[18.81509000000017,47.55494999999979],[18.838649999999802,47.500700000000506],[18.837929999999744,47.44728000000043]]]},"properties":{}},{"type":"Feature","geometry":{"type":"MultiLineString","coordinates":[[[23.59099000000066,46.06801000000098],[23.5260300000009,46.15724000000051],[23.61590000000075,46.16758999999922],[23.66158,46.19400999999925],[23.681210000000704,46.257820000000834],[23.73011000000048,46.31493000000046],[23.71369000000044,46.36168999999978],[23.895818715833343,46.41111449172058],[23.756460000000573,46.56262000000061]]]},"properties":{}},{"type":"Feature","geometry":{"type":"MultiLineString","coordinates":[[[23.592179730503574,46.0691997305039],[23.400509730503472,45.97575973050334],[23.25281973050363,45.93542973050347],[23.107189730502682,45.86582973050281],[23.02231973050209,45.85226973050334],[22.88098973050353,45.90819973050378],[22.528829730503276,45.9234297305029],[22.377499730502677,45.990299730503466],[22.133359730503685,45.99409973050382],[21.952049730503745,46.08308973050225],[21.678409730502494,46.078339730502194],[21.505189730503787,46.11735973050236],[21.423809730502228,46.118789730502556],[21.31392973050231,46.18521973050332],[21.303929730502148,46.159999730503785],[21.261099730503645,46.1409597305028],[21.03885973050268,46.12905973050317],[20.93320973050311,46.07908973050314],[20.87610973050323,46.07670973050318],[20.618169730503553,46.103839730503694],[20.566299730502465,46.16570973050324],[20.421149730502293,46.208059730502896],[20.191299730502408,46.24184973050251],[20.125239730503324,46.26735973050381],[19.890629730503804,46.28210973050227],[19.75737973050309,46.28305973050357],[19.423779730502986,46.231669730503086],[19.143479730502634,46.1098397305031],[18.718979730503634,46.069859730503424]]]},"properties":{}},{"type":"Feature","geometry":{"type":"MultiLineString","coordinates":[[[18.828260000000228,45.82863999999984],[18.677009999999484,45.82512999999932],[18.618710000000647,45.838219999999694],[18.496472155442746,45.91138242720518]]]},"properties":{}},{"type":"Feature","geometry":{"type":"MultiLineString","coordinates":[[[20.468360000000814,44.81751000000071],[20.489349999999888,44.778239999999755],[20.611750000000143,44.76159],[20.675520000000688,44.726849999999104],[20.704830000000527,44.68425000000025],[20.79048999999935,44.64571000000069],[20.874060000000213,44.65094],[21.05775,44.70615],[21.153109999999288,44.68988999999971],[21.236010000000476,44.73795000000075]]]},"properties":{}},{"type":"Feature","geometry":{"type":"MultiLineString","coordinates":[[[19.277690000000916,44.86571],[19.315759999999557,44.80086999999918],[19.305050000000904,44.76934000000074],[19.258649999999705,44.72293999999977],[19.235450000000185,44.66404999999935],[19.17596000000043,44.60813000000064],[19.156929999999193,44.54448000000059]]]},"properties":{}},{"type":"Feature","geometry":{"type":"MultiLineString","coordinates":[[[19.101010000000315,44.4331600000005],[19.010270000000787,44.488359999999375],[18.97601000000043,44.52453000000071],[18.97601000000043,44.57402000000013],[18.92747000000054,44.601619999999514],[18.876581687250905,44.669636553657824]]]},"properties":{}},{"type":"Feature","geometry":{"type":"MultiLineString","coordinates":[[[19.33101999999974,44.211869999999294],[19.26058999999981,44.1252499999992],[19.249169999999253,44.090039999999135]]]},"properties":{}},{"type":"Feature","geometry":{"type":"MultiLineString","coordinates":[[[20.19006000000087,44.65848000000017],[20.14856999999938,44.45335],[20.092060000000856,44.343890000000215],[20.040300000000684,44.30404000000095],[19.91038611045377,44.27959530558212]]]},"properties":{}},{"type":"Feature","geometry":{"type":"MultiLineString","coordinates":[[[21.27650999999969,43.60745999999921],[21.3480899999995,43.63354000000078],[21.3718800000006,43.66799],[21.332099999999684,43.81133000000045],[21.322770000000787,43.935160000000906],[21.32791,43.95001000000053],[21.37988000000047,43.935540000000344]]]},"properties":{}},{"type":"Feature","geometry":{"type":"MultiLineString","coordinates":[[[18.993080000000248,42.75784000000033],[19.009140000000173,42.74951999999939],[19.016890000000842,42.6803],[19.053180000000737,42.59166],[19.100759999999354,42.556570000000704],[19.21914,42.51612000000034]]]},"properties":{}},{"type":"Feature","geometry":{"type":"MultiLineString","coordinates":[[[20.272970361406465,42.67290788484689],[20.405625312481504,42.74964550228492],[20.628699781778096,42.75916334630824],[20.690565767929684,42.79128606988695],[20.80448246358378,42.800209048658814],[20.84374357017998,42.86088530430749],[20.87822000000051,42.88141]]]},"properties":{}},{"type":"Feature","geometry":{"type":"MultiLineString","coordinates":[[[21.236010000000476,44.73795000000075],[21.262179999999717,44.61993000000086],[21.30882000000031,44.53903],[21.342130000000907,44.4019200000003],[21.383060000000114,44.329110000000696],[21.38638999999978,44.26725000000073],[21.356410000000437,44.22632],[21.347369999999614,44.0576199999997],[21.424269999999638,43.81214999999975],[21.45377999999988,43.754569999999205],[21.50803000000093,43.736479999999574],[21.570840000000373,43.63188000000093],[21.752440000000206,43.5219500000004],[21.82364000000058,43.38004],[21.891030000000796,43.32856]]]},"properties":{}},{"type":"Feature","geometry":{"type":"MultiLineString","coordinates":[[[23.33460000000025,42.728580000000875],[23.21515,42.84088999999955],[23.04931000000039,42.8670700000003],[23.007190000000378,42.908110000000306],[22.93651999999929,42.93131],[22.8690600000009,43.00948000000062],[22.73771999999923,43.02447000000029],[22.686320000000762,43.06366],[22.649910000000148,43.11791000000085],[22.570680000000834,43.15788000000077],[22.539979999999616,43.19893000000047],[22.455389999999284,43.225769999999216],[22.297920000001,43.22790999999967],[22.239030000000582,43.28109000000052],[22.14408999999972,43.33142000000049],[22.070560000000228,43.32748999999973],[22.05307,43.305360000000235],[21.983120000000838,43.300370000000896],[21.891030000000796,43.32856]]]},"properties":{}},{"type":"Feature","geometry":{"type":"MultiLineString","coordinates":[[[21.891030000000796,43.32856],[21.98877,43.327219999999215],[22.07025000000067,43.37814000000077],[22.098319999999205,43.42334999999923],[22.102129999999306,43.49568],[22.248990000000106,43.58229000000034],[22.261360000000423,43.67438000000038],[22.319900000000473,43.79905999999937],[22.43849000000057,43.86377999999968],[22.612189999999885,43.928410000000554],[22.899729999999238,44.00884000000042]]]},"properties":{}},{"type":"Feature","geometry":{"type":"MultiLineString","coordinates":[[[22.195369999999457,44.47093999999936],[22.37169,44.50806000000023],[22.41666000000089,44.4923500000005],[22.442540000000122,44.4598299999999]]]},"properties":{}},{"type":"Feature","geometry":{"type":"MultiLineString","coordinates":[[[21.236010000000476,44.73795000000075],[21.30346,44.75914000000017],[21.338009999999485,44.81054000000046],[21.375130000000354,44.79054999999971],[21.39441000000079,44.732729999999776],[21.425460000000385,44.7191600000005],[21.51847000000089,44.76128000000068],[21.577010000000882,44.732729999999776],[21.6298299999998,44.66206000000062],[21.92921000000024,44.63407999999981],[21.985500000000798,44.60086000000058],[22.0783,44.48164999999983],[22.171809999999823,44.4580900000002],[22.21056999999928,44.49263000000076],[22.284449999999197,44.62648000000087],[22.42066999999963,44.66037999999946],[22.477189999999666,44.697860000000276],[22.594429999999306,44.6158400000005],[22.65582,44.611559999999315],[22.675087801780478,44.63226000000037],[22.623960000000807,44.56588000000022],[22.557570000000908,44.55089000000055],[22.44478,44.46880000000061],[22.445499999999868,44.41169000000082],[22.496900000000153,44.3674300000003],[22.514740000000586,44.31961000000052],[22.50518000000011,44.24287],[22.581560000000593,44.20289000000054],[22.73503,44.18769000000077],[22.914919999999313,44.100599999999815],[23.013430000000824,44.08846000000091],[23.024139999999534,44.07489999999967],[23.021989999999278,44.04706000000084],[22.899729999999238,44.00884000000042]]]},"properties":{}},{"type":"Feature","geometry":{"type":"MultiLineString","coordinates":[[[22.183699730503463,45.458869730502556],[22.418699730502226,45.525969730502766],[22.716299730502044,45.50740973050222],[22.87918973050347,45.54809973050203],[22.983769730502786,45.595209730503484],[22.997689730502202,45.61808973050387],[22.996259730503766,45.784769730502376],[23.02231973050209,45.85226973050334],[23.107189730502682,45.86582973050281],[23.25281973050363,45.93542973050347],[23.400509730503472,45.97575973050334],[23.59099000000066,46.06801000000098]]]},"properties":{}},{"type":"Feature","geometry":{"type":"MultiLineString","coordinates":[[[21.622369999999137,45.43298999999939],[21.683701236774766,45.386701007953945],[21.76466000000073,45.3722]]]},"properties":{}},{"type":"Feature","geometry":{"type":"MultiLineString","coordinates":[[[22.182510000000548,45.45767999999964],[22.26078000000058,45.29470000000032],[22.30932000000024,45.246880000000715],[22.302180000000646,45.11053],[22.346439999999404,45.0548500000005],[22.40496999999965,44.70721000000049]]]},"properties":{}},{"type":"Feature","geometry":{"type":"MultiLineString","coordinates":[[[22.528469999999402,44.42525000000029],[22.574870000000374,44.47450000000026],[22.56773000000061,44.4937800000007]]]},"properties":{}},{"type":"Feature","geometry":{"type":"MultiLineString","coordinates":[[[23.02231973050209,45.85226973050334],[22.88098973050353,45.90819973050378],[22.7991397305031,45.90772973050292]]]},"properties":{}},{"type":"Feature","geometry":{"type":"MultiLineString","coordinates":[[[22.970965156596414,46.382669099406684],[22.94706000000042,46.45531999999912],[22.900069999999687,46.457109999999375]]]},"properties":{}},{"type":"Feature","geometry":{"type":"MultiLineString","coordinates":[[[23.19513,46.12472],[23.060190000000148,46.23209],[23.055430000000285,46.257970000000626],[23.097959999999205,46.37321999999955]]]},"properties":{}},{"type":"Feature","geometry":{"type":"MultiLineString","coordinates":[[[23.22278,46.98496999999958],[23.2662153165748,47.01397274927359],[23.276922891101037,47.040146820337725],[23.174606067850334,47.09130523196308],[23.196931360737608,47.169032308602766]]]},"properties":{}},{"type":"Feature","geometry":{"type":"MultiLineString","coordinates":[[[23.863369999999236,45.90234000000066],[23.63637000000017,45.930889999999636],[23.60068,45.94517000000093],[23.56284000000045,46.01405999999952],[23.50139999999925,46.02490000000046]]]},"properties":{}},{"type":"Feature","geometry":{"type":"MultiLineString","coordinates":[[[23.756460000000573,46.56262000000061],[23.766299999999433,46.666240000000585],[23.802,46.73655999999937],[23.79807000000085,46.75512],[23.738110000000177,46.789919999999256],[23.813159999999698,46.97966000000093],[23.917380000000833,47.06318],[23.91500000000093,47.112670000000435],[23.885019999999827,47.17739000000074]]]},"properties":{}},{"type":"Feature","geometry":{"type":"MultiLineString","coordinates":[[[24.180753382825912,46.49561365543383],[24.05355000000054,46.4747499999994],[23.895818715833343,46.41111449172058]]]},"properties":{}},{"type":"Feature","geometry":{"type":"MultiLineString","coordinates":[[[23.718929999999148,46.748760000000516],[23.702769999999873,46.705330000000686],[23.76632000000069,46.66620999999952]]]},"properties":{}},{"type":"Feature","geometry":{"type":"MultiLineString","coordinates":[[[23.613076071416117,46.763702116726506],[23.484943303767352,46.73949002494612],[23.332062934142755,46.75674111723839],[23.12951131602165,46.834073599927876],[22.86497000000054,46.874620000000505]]]},"properties":{}},{"type":"Feature","geometry":{"type":"MultiLineString","coordinates":[[[24.29182000000037,45.68175999999954],[24.331498026000816,45.74303124222945],[24.46002000000044,45.79170999999957],[25.162430000000313,45.8935500000008],[25.252280000000667,46.0058599999993],[25.314619999999252,45.99825000000061],[25.46690999999919,46.020140000000595],[25.631754492636787,46.114940997440726],[25.814309999999807,46.07724000000047],[26.032269999999755,46.06201999999939],[26.13037054640853,46.027138886325474],[26.35237425825261,46.07068302273234],[26.382355466926015,46.08495978876732],[26.480219999999463,46.19750000000022],[26.571165697738593,46.225585934211836],[26.668669999999224,46.227000000000885],[26.7913848138283,46.290545219670946],[26.819050000000118,46.29171999999926],[26.886325307960817,46.2562809811871],[26.90774045701329,46.22844128741883],[27.250382841852854,46.07068302273234],[27.26815151490473,46.0299799999994]]]},"properties":{}},{"type":"Feature","geometry":{"type":"MultiLineString","coordinates":[[[24.45257368361166,43.711882365346185],[24.371907222532286,43.62978433373161],[24.22485653237203,43.549834443935765],[24.207724413129995,43.42205738792268],[24.12134997861841,43.34853204284241],[24.056390693159244,43.32640305548824],[24.037650000000156,43.21199999999959],[23.783530000000553,43.156800000000715],[23.780670000000157,43.03021000000092],[23.74546,43.0008],[23.74735999999939,42.91609000000062],[23.77211,42.83613999999943],[23.737839999999892,42.79522],[23.669309999999314,42.76666]]]},"properties":{}},{"type":"Feature","geometry":{"type":"MultiLineString","coordinates":[[[24.69506,43.266540000000646],[24.769455670081413,43.31394062847022],[24.831321656233,43.39722176367428],[25.263199999999472,43.57762]]]},"properties":{}},{"type":"Feature","geometry":{"type":"MultiLineString","coordinates":[[[25.637979999999573,43.234940000000336],[25.637979999999573,43.30566],[25.66938999999911,43.45413999999988],[25.647499999999127,43.532750000000306],[25.580879999999524,43.63934999999958]]]},"properties":{}},{"type":"Feature","geometry":{"type":"MultiLineString","coordinates":[[[28.83746000000059,44.891799999999535],[28.73252999999937,44.91820999999982],[28.699689999999464,44.9638900000009],[28.58583999999985,45.02528]]]},"properties":{}},{"type":"Feature","geometry":{"type":"MultiLineString","coordinates":[[[27.950810000000274,44.69835000000069],[28.051677241429275,44.68126418643976],[28.326504987602675,44.56847773476335],[28.482121737383864,44.48424481515684],[28.549330735948615,44.40867899914912]]]},"properties":{}},{"type":"Feature","geometry":{"type":"MultiLineString","coordinates":[[[-7.558189999999883,43.009145],[-7.48838000000063,42.99675000000033],[-7.286369999999675,42.90395],[-7.08935,42.87825],[-6.993689999999336,42.72478000000054],[-6.94372,42.673380000000314],[-6.893760000000724,42.64768000000013],[-6.853069999999167,42.646969999999826],[-6.629639999999104,42.554169999999594],[-6.562529999999181,42.55559999999977],[-6.390499999999447,42.47422],[-6.124949999999426,42.472079999999536],[-6.063532,42.458776]]]},"properties":{}},{"type":"Feature","geometry":{"type":"MultiLineString","coordinates":[[[-6.340100666670034,38.916096500000165],[-6.327890000000242,39.03255999999982],[-6.27578,39.136780000000805],[-6.277210000000137,39.2024500000007],[-6.350739999999762,39.338789999999854],[-6.382922820446348,39.4811820082206],[-6.484229999999852,39.67000999999979],[-6.48637000000056,39.709279999999346],[-6.407129999999572,39.771380000000285],[-6.404990000000834,39.80779000000079],[-6.371440000000754,39.86489000000088],[-6.100725607220673,40.16695755498552]]]},"properties":{}},{"type":"Feature","geometry":{"type":"MultiLineString","coordinates":[[[-5.56967000000077,42.60413],[-5.411009999999806,42.540119999999774],[-5.382460000000663,42.446610000000874]]]},"properties":{}},{"type":"Feature","geometry":{"type":"MultiLineString","coordinates":[[[0.571311,43.026707],[0.588770000000593,43.125760000000916],[0.554500000000354,43.38417],[0.6266,43.56905000000012],[0.607330000000915,43.66899000000016],[0.628740000000285,43.73323],[0.63088000000068,43.80819],[0.656580000000936,43.84602000000086],[0.643019999999577,43.91311999999932],[0.620535,43.933383],[0.648730000000871,44.033040000000234],[0.687990000000551,44.095149999999165],[0.65373,44.185090000000905]]]},"properties":{}},{"type":"Feature","geometry":{"type":"MultiLineString","coordinates":[[[3.121882246829334,43.308694917152984],[3.01647000000056,43.22682],[3.004203,43.1836165],[2.969590000000758,43.16138999999933],[2.943180000000261,43.09714999999964],[2.960310000000437,42.96866000000057],[2.984580000000425,42.93510000000054],[2.93318,42.83374],[2.867510000000103,42.74736999999912],[2.840379999999752,42.543209999999846],[2.871789999999283,42.44255999999961]]]},"properties":{}},{"type":"Feature","geometry":{"type":"MultiLineString","coordinates":[[[1.436869999999643,43.61535000000013],[1.447330000000939,43.58326999999924],[1.555120000000973,43.522590000000605],[1.578670000000873,43.48833000000022],[1.754989999999514,43.38696],[2.101559999999132,43.25275999999948],[2.459549999999681,43.184230000000774],[2.666209999999422,43.177809999999376],[2.746160000000601,43.195659999999464],[2.990360226692047,43.17472842891141]]]},"properties":{}},{"type":"Feature","geometry":{"type":"MultiLineString","coordinates":[[[0.028050000000746,44.210080000000744],[-0.253919999999141,44.466340000000855],[-0.300320000000283,44.52345000000065],[-0.318880000000661,44.574850000000936]]]},"properties":{}},{"type":"Feature","geometry":{"type":"MultiLineString","coordinates":[[[1.436869999999706,43.61535000000014],[1.107079999999887,43.76596000000075],[0.854740000000632,43.83949000000046],[0.655338998279122,43.932173874901785],[0.620535,43.933383]]]},"properties":{}},{"type":"Feature","geometry":{"type":"MultiLineString","coordinates":[[[-1.067319611674861,43.73563173563292],[-1.038710000000719,43.876000000000204],[-0.884338662974585,44.289479881682155]]]},"properties":{}},{"type":"Feature","geometry":{"type":"MultiLineString","coordinates":[[[-0.884338662974585,44.289479881682155],[-0.81992,44.4691999999996],[-0.781370000000607,44.53844000000032],[-0.720699999999852,44.579840000000445],[-0.585069999999178,44.85467000000068],[-0.978390000000218,44.59769000000051],[-1.060489999999788,44.48705],[-1.111520000000269,44.31644000000057],[-1.165693516264128,44.210944217374674]]]},"properties":{}},{"type":"Feature","geometry":{"type":"MultiLineString","coordinates":[[[-1.165693516264128,44.210944217374674],[-1.272039999999834,43.95661],[-1.067319611674861,43.73563173563292]]]},"properties":{}},{"type":"Feature","geometry":{"type":"MultiLineString","coordinates":[[[-0.59804000000064,42.95463000000017],[-0.623740000000815,43.05385000000023],[-0.609469999999379,43.17877000000047]]]},"properties":{}},{"type":"Feature","geometry":{"type":"MultiLineString","coordinates":[[[-1.208493893249429,43.15477018916778],[-1.077970000000102,43.25852999999923],[-1.08297,43.507659999999326],[-1.067319611674876,43.73563173563296]]]},"properties":{}},{"type":"Feature","geometry":{"type":"MultiLineString","coordinates":[[[1.463859909315732,44.11527843866225],[1.37023000000056,44.02370999999955],[1.336680000000342,43.90236],[1.345250000000306,43.83597],[1.387370000000488,43.77244000000076],[1.436869999999657,43.61535000000014]]]},"properties":{}},{"type":"Feature","geometry":{"type":"MultiLineString","coordinates":[[[1.054748298784445,41.56969648423936],[1.41203,41.55378000000026],[1.755740000000666,41.59661000000062],[1.82784,41.576619999999814],[1.938729999999794,41.481019999999305]]]},"properties":{}},{"type":"Feature","geometry":{"type":"MultiLineString","coordinates":[[[1.938729999999794,41.48101999999926],[1.802233007973598,41.41391991913906],[1.63071,41.29827],[1.49259,41.17548999999963],[1.229890000000637,41.11552999999918]]]},"properties":{}},{"type":"Feature","geometry":{"type":"MultiLineString","coordinates":[[[2.761720612902593,41.84585665533865],[2.728950000000737,41.7872499999994],[2.649719999999434,41.74014],[2.538000000000523,41.719440000000816],[2.331700000000751,41.58094999999963],[2.139320000000225,41.557399999999745],[2.002270000000919,41.49172],[1.938729999999794,41.48101999999926]]]},"properties":{}},{"type":"Feature","geometry":{"type":"MultiLineString","coordinates":[[[-3.213550000000339,42.626979999999094],[-2.928009999999574,42.549880000000485],[-2.787389999999505,42.483490000000586],[-2.625700000000393,42.44708999999972],[-2.535760000000664,42.43923999999964],[-2.465089999999691,42.451370000000736],[-2.290199999999402,42.43495000000087]]]},"properties":{}},{"type":"Feature","geometry":{"type":"MultiLineString","coordinates":[[[-0.873229999999239,41.64759000000055],[-0.81862,41.69327999999962],[-0.74438,41.87174000000056],[-0.690130000000806,42.23508000000038],[-0.703690000000279,42.4092600000003],[-0.780070000000705,42.50347999999951],[-0.789349999999104,42.53845999999976],[-0.732959999999309,42.83756]]]},"properties":{}},{"type":"Feature","geometry":{"type":"MultiLineString","coordinates":[[[-3.626550000000729,38.03945000000027],[-3.551670000000683,38.102979999999675],[-3.441740000000147,38.117260000001195],[-3.419610000000764,38.14795000000048],[-3.269700000000721,38.23290000000091],[-3.207067558914352,38.249846075912494],[-3.154060000000737,38.30642000000097],[-3.06019,38.370670000000274],[-2.955260000000368,38.418499999999874],[-2.930270000000727,38.45347000000049],[-2.92748,38.547361],[-2.694845,38.692191]]]},"properties":{}},{"type":"Feature","geometry":{"type":"MultiLineString","coordinates":[[[-3.049390000000101,38.89585000000082],[-2.76243000000072,38.95795],[-2.353783,38.94902],[-2.037169999999456,38.91583999999983],[-1.722773,38.918645]]]},"properties":{}},{"type":"Feature","geometry":{"type":"MultiLineString","coordinates":[[[1.940839999999298,41.480970000000525],[1.962970000000496,41.530940000000555],[1.99691837571606,41.560132369032]]]},"properties":{}},{"type":"Feature","geometry":{"type":"MultiLineString","coordinates":[[[0.625938,41.61595350000006],[0.488059999999796,41.53408999999934],[0.392410000000446,41.50554000000022],[0.135780000000633,41.510529999999704],[-0.154389999999681,41.474840000000846],[-0.37211000000026,41.41274],[-0.433499999999089,41.37061999999981]]]},"properties":{}},{"type":"Feature","geometry":{"type":"MultiLineString","coordinates":[[[1.996918375716124,41.560132369031905],[2.152850000000435,41.62588],[2.126644270639083,41.61828359691497]]]},"properties":{}},{"type":"Feature","geometry":{"type":"MultiLineString","coordinates":[[[2.855271099033075,42.645874945647904],[2.840379999999755,42.58604000000014],[2.846117289682391,42.51136491931569]]]},"properties":{}},{"type":"Feature","geometry":{"type":"MultiLineString","coordinates":[[[-3.464340000000363,42.44333],[-3.430070000000293,42.48258999999962],[-3.323369999999865,42.550298]]]},"properties":{}},{"type":"Feature","geometry":{"type":"MultiLineString","coordinates":[[[-4.945770000000209,37.651169999999304],[-4.819922099723499,37.6598961958299],[-4.68980582563097,37.63270794272733]]]},"properties":{}},{"type":"Feature","geometry":{"type":"MultiLineString","coordinates":[[[-8.000739999999377,39.46962999999962],[-7.975259999999187,39.552429999999816],[-7.883954538664107,39.637749405018376],[-7.759679999999122,39.71589999999929],[-7.694009999999149,39.72517999999967],[-7.608350000000374,39.79228],[-7.481999999999822,39.82726],[-7.437739999999228,39.88364999999988],[-7.433460000000133,40.05140000000029],[-7.387059999999076,40.111370000000505],[-7.388479999999551,40.15277000000065],[-7.368402184832902,40.19821772070714]]]},"properties":{}},{"type":"Feature","geometry":{"type":"MultiLineString","coordinates":[[[-5.96041334046015,38.22230269301326],[-5.717097871971873,38.2730119132022],[-5.484386585601612,38.265873530184706],[-5.334480542234303,38.303706960177465],[-5.281300000000499,38.29243]]]},"properties":{}},{"type":"Feature","geometry":{"type":"MultiLineString","coordinates":[[[-5.044579999999722,37.12358999999932],[-5.093839999999545,37.06434000000098],[-5.146660000000183,36.92943000000024],[-5.143089999999481,36.80878999999919],[-5.199490000000741,36.76310000000019],[-5.300849999999473,36.63033000000013],[-5.318699999999533,36.58036],[-5.393649999999869,36.52753999999926],[-5.41007,36.48042],[-5.44362,36.447589999999884],[-5.423629999999209,36.34122000000035],[-5.434339999999627,36.249850000000386],[-5.409514587921377,36.183317736078415]]]},"properties":{}},{"type":"Feature","geometry":{"type":"MultiLineString","coordinates":[[[-8.289059999999097,39.44750000000033],[-8.241949999999576,39.381110000000206],[-8.169850000000167,39.34113000000076],[-8.17414,39.27475000000055]]]},"properties":{}},{"type":"Feature","geometry":{"type":"MultiLineString","coordinates":[[[-8.802550499999986,39.708753],[-8.766260000000333,39.670210000000246],[-8.519280000000407,39.59026000000084],[-8.410487,39.603447]]]},"properties":{}},{"type":"Feature","geometry":{"type":"MultiLineString","coordinates":[[[-8.646979999999523,39.0372800000005],[-8.769759999999241,39.093670000000245],[-9.014610000000149,39.03370999999988],[-9.012469999999645,39.046560000000746],[-9.133819999999098,39.0879600000009],[-9.212153575367246,39.08737476648939]]]},"properties":{}},{"type":"Feature","geometry":{"type":"MultiLineString","coordinates":[[[-8.802550499999988,39.708753],[-8.729789999999404,39.759679999999385],[-8.709800000000538,39.86676000000088],[-8.625570000000145,40.03808000000027]]]},"properties":{}},{"type":"Feature","geometry":{"type":"MultiLineString","coordinates":[[[-5.996699999999691,37.38271],[-5.908960000000661,37.333049999999275],[-5.75048000000055,37.162440000000174],[-5.644120000000839,37.093199999999456]]]},"properties":{}},{"type":"Feature","geometry":{"type":"MultiLineString","coordinates":[[[-4.770220000000336,37.86059000000034],[-4.745950000000392,37.779920000000914],[-4.74381,37.70853999999969],[-4.657429999999238,37.578620000000186],[-4.654580000000351,37.51080999999981],[-4.581759999999065,37.41158]]]},"properties":{}},{"type":"Feature","geometry":{"type":"MultiLineString","coordinates":[[[-4.551069999999527,37.01182999999941],[-4.55464000000029,37.11961999999943],[-4.522520000000441,37.27024],[-4.580340000000433,37.3501899999992],[-4.581759999999065,37.41158],[-4.654580000000351,37.51080999999982],[-4.671710000000473,37.60931999999963],[-4.74381,37.70853999999969],[-4.745950000000391,37.779920000000914],[-4.770220000000336,37.86059000000034],[-4.75805000000031,37.88553999999937]]]},"properties":{}},{"type":"Feature","geometry":{"type":"MultiLineString","coordinates":[[[-5.346426,37.70729],[-5.319980000000151,37.63969999999976],[-5.348392,37.462227]]]},"properties":{}},{"type":"Feature","geometry":{"type":"MultiLineString","coordinates":[[[-7.127964746855726,39.037659432237035],[-7.098009999999647,39.0576700000002],[-7.035910000000456,39.06052000000102],[-6.89314000000013,39.0234],[-6.852450000000317,38.986279999999226],[-6.834609999999884,38.92845999999929]]]},"properties":{}},{"type":"Feature","geometry":{"type":"MultiLineString","coordinates":[[[-4.54126,38.65363000000082],[-4.727929999999075,38.66862000000052],[-5.008470000000655,38.81639],[-5.102339999999354,38.83209],[-5.31221,38.8185300000005],[-5.414280000000825,38.83423000000049],[-5.533139999999498,38.9120399999993],[-5.581679999999272,38.92346],[-5.73087,38.895619999999454],[-5.938739999999576,38.96130000000102],[-6.075800000000505,38.9627299999994],[-6.23855,38.95486999999974],[-6.340100666669994,38.916096500000045]]]},"properties":{}},{"type":"Feature","geometry":{"type":"MultiLineString","coordinates":[[[-5.670480000000509,36.0692500000007],[-5.71759,36.06711],[-5.811100000000708,36.1092300000001],[-5.874630000000232,36.17561000000026],[-5.91903,36.192554],[-5.9581500000004,36.26199000000094],[-5.918890000000793,36.379769999999596],[-5.927867,36.467791],[-5.876060000000394,36.503979999999615],[-5.801110000000189,36.603199999999774],[-5.806688999999822,36.67173]]]},"properties":{}},{"type":"Feature","geometry":{"type":"MultiLineString","coordinates":[[[-4.636039999999307,36.52384],[-4.751050000000772,36.50041000000063],[-4.927369999999392,36.50898000000053],[-5.181500000000541,36.41975],[-5.277149999999816,36.29624999999952],[-5.410359,36.183163],[-5.43562,36.17847000000086],[-5.449899999999557,36.15705],[-5.446330000000589,36.09067],[-5.597659999999235,36.02071000000083],[-5.643350000000144,36.05997000000035],[-5.71759,36.06711],[-5.811100000000708,36.1092300000001],[-5.874630000000232,36.17561000000026],[-5.91903,36.192554],[-6.013829999999826,36.19631],[-6.13162,36.32337999999977],[-6.189482003946831,36.41948380364043]]]},"properties":{}},{"type":"Feature","geometry":{"type":"MultiLineString","coordinates":[[[-4.577592075616803,37.344236520246156],[-4.98675,37.25095999999943],[-5.099275,37.246621]]]},"properties":{}},{"type":"Feature","geometry":{"type":"MultiLineString","coordinates":[[[-4.4047300000002,36.72914999999932],[-4.47969,36.75699],[-4.494679999999732,36.863359999999375],[-4.446850000000268,36.92760000000101],[-4.451849999999467,36.966860000000395],[-4.551069999999527,37.01182999999941]]]},"properties":{}},{"type":"Feature","geometry":{"type":"MultiLineString","coordinates":[[[-5.996699999999699,37.38271],[-5.887629999999281,37.37629000000029],[-5.784120000000121,37.31775000000033],[-5.574959999999828,37.264219999999185],[-5.30008989928753,37.23745695999196],[-5.245880000000367,37.1985399999994],[-5.22875,37.197120000000794],[-5.183779999999325,37.237090000000535],[-5.099275,37.246621],[-5.050289999999133,37.16285000000073],[-5.044579999999639,37.12358999999932]]]},"properties":{}},{"type":"Feature","geometry":{"type":"MultiLineString","coordinates":[[[-6.592385524704628,37.69421944331933],[-6.639870000000906,37.668250000000654],[-6.655570000000765,37.62542000000036],[-6.719100000000236,37.60757000000012],[-6.747660000000919,37.56189000000097],[-6.845450000000615,37.49620999999942],[-6.948959999999692,37.38199999999975]]]},"properties":{}},{"type":"Feature","geometry":{"type":"MultiLineString","coordinates":[[[-6.363638,37.44811],[-6.367319999999213,37.531909999999776],[-6.394449999999726,37.55832000000012],[-6.439420000000594,37.564739999999865],[-6.475829999999402,37.60542999999968],[-6.542929999999587,37.612569999999465],[-6.59218,37.69608999999946]]]},"properties":{}},{"type":"Feature","geometry":{"type":"MultiLineString","coordinates":[[[-6.033960000000609,37.470520000000846],[-6.000410000000469,37.51548999999988],[-5.978254,37.518215],[-5.986849999999277,37.55047000000023],[-6.021829999999606,37.58473000000055]]]},"properties":{}},{"type":"Feature","geometry":{"type":"MultiLineString","coordinates":[[[-8.156629999999415,37.8681199999992],[-8.317960000000259,37.89239000000091],[-8.683817,38.009689],[-8.752896705237642,38.00569359923191]]]},"properties":{}},{"type":"Feature","geometry":{"type":"MultiLineString","coordinates":[[[-7.865225,38.015604],[-7.87181000000052,37.968059999999326],[-8.156629999999415,37.8681199999992]]]},"properties":{}},{"type":"Feature","geometry":{"type":"MultiLineString","coordinates":[[[-4.551069999999527,37.01182999999941],[-4.591759999999226,37.04396000000099],[-4.626019999999642,37.04967000000039],[-4.647440000000643,37.170309999999574],[-4.690269999999146,37.23170000000022],[-4.843989999999394,37.27921000000066]]]},"properties":{}},{"type":"Feature","geometry":{"type":"MultiLineString","coordinates":[[[-0.976399999999546,38.740949999999536],[-0.952129999999625,38.65315000000022],[-0.885749999999396,38.57748],[-0.83078000000019,38.543929999999804],[-0.782950000000661,38.4575499999991],[-0.772240000000242,38.319779999999724],[-0.698720000000336,38.28980000000046],[-0.684440000000814,38.142750000000916],[-0.768679999999208,37.9878499999997],[-0.762249999999776,37.89219000000058],[-0.77439000000046,37.8536499999992],[-0.899810000000725,37.742360000000204],[-0.956200000000521,37.66883000000052],[-0.98452,37.599896]]]},"properties":{}},{"type":"Feature","geometry":{"type":"MultiLineString","coordinates":[[[-4.75805000000031,37.88553999999937],[-4.664280000000872,37.9433599999993],[-4.575049999999351,37.9697799999995],[-4.473679999999092,37.985479999999484],[-4.430140000000392,37.9762],[-4.374460000000909,37.998330000000465],[-4.265960000000575,37.98048000000023],[-4.217060000000856,38.013320000000135],[-4.169229999999516,38.00761000000051],[-4.151390000000902,38.04973000000069],[-3.954369999999415,38.00403999999986],[-3.858350000000428,38.02046],[-3.786260000000766,38.00618000000037],[-3.626889999999548,38.03903]]]},"properties":{}},{"type":"Feature","geometry":{"type":"MultiLineString","coordinates":[[[-3.626550000000729,38.03945000000027],[-3.489489999999851,37.97091999999988],[-3.4252500000002,37.91524000000025],[-3.255359999999178,37.95807000000073],[-3.08439,37.84314000000103],[-3.017999999999829,37.69608999999949],[-3.012290000000544,37.600440000000305],[-3.067259999999701,37.57759000000086],[-3.107229999999578,37.535480000000504],[-3.165769999999466,37.378430000000755],[-3.14293,37.31346999999922],[-3.102950000000253,37.2656499999994],[-3.034419999999868,37.221390000000724],[-2.96875,37.2192500000003],[-2.883799999999636,37.176419999999794],[-2.77887,37.14785999999925],[-2.727109999999778,37.14999999999976],[-2.644309999999619,37.1150300000009],[-2.57078,36.99510000000019],[-2.462279999999577,36.93657],[-2.434273431436594,36.88451237728852],[-2.458710000000754,36.84376999999959]]]},"properties":{}},{"type":"Feature","geometry":{"type":"MultiLineString","coordinates":[[[1.229890000000636,41.11552999999918],[1.16065,41.08769000000036],[0.986829999999883,41.0562800000008],[0.903309999999803,40.996320000000104],[0.66882000000078,40.77646],[0.591720000000407,40.75790000000052],[0.525330000000508,40.80286999999954],[0.361510000000635,40.73291000000069],[0.205889999999271,40.56372999999982],[0.190189999999462,40.50663],[0.195900000000619,40.42097],[0.166629999999827,40.36172000000079],[0.10792000000049,40.30354000000087],[0.02297,40.16149000000055],[-0.089099999999234,40.081539999999166],[-0.133359999999812,40.02086000000061]]]},"properties":{}},{"type":"Feature","geometry":{"type":"MultiLineString","coordinates":[[[-1.722773,38.918645],[-1.940259999999356,39.088620000000404],[-2.48099,39.451960000000426],[-2.51454,39.501210000000476],[-2.508120000000345,39.653259999999136],[-2.520969999999543,39.67825000000095],[-2.655880000000169,39.83458000000069],[-2.706210000000305,39.91595000000059],[-2.814522642038845,39.8861527127123],[-2.893200000000373,40.02208000000072]]]},"properties":{}},{"type":"Feature","geometry":{"type":"MultiLineString","coordinates":[[[-3.579869999999596,40.12949],[-3.387489999999092,39.756939999999304],[-3.303970000000698,39.708399999999656],[-3.265419999999717,39.65772],[-3.115159999999285,39.5435],[-3.236870000000552,39.37290000000043],[-3.402458741180995,39.21657645517659],[-3.343230000000307,39.14233000000066],[-3.036280000000278,38.879629999999565],[-2.92748,38.547361]]]},"properties":{}},{"type":"Feature","geometry":{"type":"MultiLineString","coordinates":[[[-4.02203,39.860020000000105],[-4.00109469672171,39.84816169083157],[-3.87212,39.650869999999514],[-3.77218,39.600899999999584],[-3.633700000000256,39.50024999999916],[-3.587299999999161,39.42814999999985],[-3.478789999999123,39.33178000000055],[-3.343230000000307,39.14233000000066],[-3.049390000000101,38.89585000000082]]]},"properties":{}},{"type":"Feature","geometry":{"type":"MultiLineString","coordinates":[[[-3.666859999999358,37.74493000000072],[-3.784649999999484,37.7742],[-3.86816,37.81417999999949],[-3.977020000000237,37.82917000000096],[-4.01414,37.85058000000032],[-4.10552,37.84915000000013],[-4.18404,37.88055999999966]]]},"properties":{}},{"type":"Feature","geometry":{"type":"MultiLineString","coordinates":[[[19.400110000000495,40.56171],[19.407730000000868,40.595970000000364],[19.552400000000603,40.69305],[19.57809000000094,40.73398000000094]]]},"properties":{}},{"type":"Feature","geometry":{"type":"MultiLineString","coordinates":[[[19.758858340349036,40.77499084458634],[19.832585505736915,40.74447661294141],[20.050901053021846,40.69867198857918],[20.087782698612216,40.672497917515045],[20.14607949325506,40.5904065128139],[20.23674000000034,40.53385],[20.30004,40.47103000000067],[20.53132,40.44247999999976],[20.601469999999722,40.45342],[20.640489999999886,40.47674],[20.702639999999462,40.56763999999936],[20.778780000000552,40.63759000000039],[20.86549000000025,40.69940999999932],[20.910229999999615,40.696079999999824],[20.941160000000252,40.67942000000039],[20.986370000000477,40.60089999999957],[21.02920000000097,40.56187999999935],[21.10487,40.53046999999964],[21.235549999999364,40.524279999999635],[21.256489999999815,40.509050000000684],[21.276,40.456229999999834],[21.37374000000102,40.42244000000039],[21.40373000000011,40.36348],[21.623869999999442,40.34348999999935],[21.71724,40.30542000000065],[21.769259999999235,40.30719],[21.896940000000598,40.37728000000055],[22.06958999999921,40.392509999999675],[22.13508000000013,40.43009999999964],[22.201499999999157,40.531559999999445]]]},"properties":{}},{"type":"Feature","geometry":{"type":"MultiLineString","coordinates":[[[22.201499999999157,40.531559999999445],[22.193248769621277,40.57703195907686],[22.119485478440538,40.6466311934974],[22.1087779039143,40.674589860315905],[22.13465,40.78176]]]},"properties":{}},{"type":"Feature","geometry":{"type":"MultiLineString","coordinates":[[[22.201499999999157,40.531559999999445],[22.32258,40.60427999999962],[22.55434000000065,40.69432000000057],[22.58575000000019,40.71287999999919],[22.602310000000273,40.750690000000816]]]},"properties":{}},{"type":"Feature","geometry":{"type":"MultiLineString","coordinates":[[[20.00677,40.3396400000002],[19.995940000000815,40.39322],[20.02021000000053,40.43414999999919],[20.066370000000518,40.46960000000047],[20.13157,40.477689999999825],[20.15107999999975,40.50577],[20.19391,40.506719999999405],[20.23674000000034,40.53385]]]},"properties":{}},{"type":"Feature","geometry":{"type":"MultiLineString","coordinates":[[[23.33460000000025,42.728580000000875],[23.62958000000077,42.626080000000115],[23.69383000000022,42.5868200000005],[23.724759999999264,42.558859999999186],[23.750276839164655,42.487695523306854],[23.804000000000144,42.41954000000089],[23.96283000000051,42.31723000000062]]]},"properties":{}},{"type":"Feature","geometry":{"type":"MultiLineString","coordinates":[[[22.36026999999916,42.21646999999945],[22.266400000000544,42.10492999999963],[22.25783000000058,42.02878000000055],[22.196920000000375,41.93836000000016],[22.23689,41.85841000000073],[22.18454000000031,41.79654999999923],[22.18168999999949,41.72344999999956],[22.116019999999423,41.71012999999954],[22.030687847075797,41.74138715648252],[21.96848999999935,41.63493000000017],[21.977049999999565,41.56831000000062],[21.896150000000603,41.453139999999564],[21.7905,41.43125],[21.74063000000018,41.3798599999991],[21.5921500000004,41.370339999999544],[21.472799999999552,41.29228999999947],[21.38142999999957,41.13381999999922],[21.37572,41.076709999999366],[21.345830000000262,41.02340999999984]]]},"properties":{}},{"type":"Feature","geometry":{"type":"MultiLineString","coordinates":[[[26.381299999999158,40.92592999999948],[26.281940000000873,40.94893000000059],[26.163629999999216,40.87779000000057],[26.115030000000957,40.86595999999929],[25.77536,40.85923],[25.72775,40.8659700000008],[25.665629999999567,40.94907000000063],[25.69197,40.98696000000018],[25.69701999999961,41.037280000000464],[25.384149999999806,41.13887000000068],[25.135439208361106,41.12005879030869],[24.962154960611485,41.13219404143837],[24.776229826268377,41.09248678590359]]]},"properties":{}},{"type":"Feature","geometry":{"type":"MultiLineString","coordinates":[[[24.919590811739113,41.12605695788557],[24.85709779143582,41.19581091431337],[24.815695169934315,41.211872276102724],[24.757338888766242,41.226149042137706],[24.720576216226107,41.211872276102724],[24.60368519431489,41.24292424222881],[24.56263949196432,41.239711969870996],[24.342598835450076,41.18296182488183],[24.276211873387297,41.147626828945306],[24.25122753282608,41.109436479801786],[24.276485273457013,41.039606913555815]]]},"properties":{}},{"type":"Feature","geometry":{"type":"MultiLineString","coordinates":[[[23.556329999999548,41.09995],[23.816916412737044,41.03305578151469],[23.912764175233804,41.03679137827925],[23.972354702942937,41.07088921150728],[24.120255728752568,41.04585412251379]]]},"properties":{}},{"type":"Feature","geometry":{"type":"MultiLineString","coordinates":[[[23.972354702942937,41.07088921150728],[24.14567464260756,41.14798374809624],[24.254541156413893,41.09386244893898]]]},"properties":{}},{"type":"Feature","geometry":{"type":"MultiLineString","coordinates":[[[24.36703427883822,40.959894603830776],[24.264040930342617,40.924207337802954],[24.183882837708722,40.87661811768635],[24.070561007306083,40.85163377712513],[23.95084437545023,40.79660874136533],[23.901470559579252,40.78798319521917],[23.8406455876177,40.81653672728913]]]},"properties":{}},{"type":"Feature","geometry":{"type":"MultiLineString","coordinates":[[[24.401175917428645,40.94024007833423],[24.319679377979128,40.886702205703045],[24.30421288144123,40.832569467820406],[24.14729862474411,40.741881138231236],[24.04141260998466,40.72641464169334],[23.91693705611715,40.7900652235993]]]},"properties":{}},{"type":"Feature","geometry":{"type":"MultiLineString","coordinates":[[[23.0738940217513,41.27012148152539],[23.099770660189904,41.19249156621032],[23.189892745785528,41.1672097930234],[23.32180411529646,41.0259292958022],[23.426351683240114,40.95157113937],[23.667123393767554,40.86085418852275],[23.843352224511875,40.82426997555808]]]},"properties":{}},{"type":"Feature","geometry":{"type":"MultiLineString","coordinates":[[[23.33276946476485,40.19560646339676],[23.35775380532607,40.14474548439716],[23.47286023148314,40.04242866114646],[23.599120381105024,39.989485653766735]]]},"properties":{}},{"type":"Feature","geometry":{"type":"MultiLineString","coordinates":[[[23.46302438092971,41.12409584976024],[23.38327154172947,41.07664155848897],[23.360785635224318,41.030955907176974],[23.36359339921114,40.99916035948661]]]},"properties":{}},{"type":"Feature","geometry":{"type":"MultiLineString","coordinates":[[[23.348120000000506,41.285550000000626],[23.03196593594447,41.26532091894626],[22.888157261404615,41.279895117607],[22.836403984527806,41.25342361391711],[22.77364570049906,41.189475599385446],[22.73239,41.177040000000545]]]},"properties":{}},{"type":"Feature","geometry":{"type":"MultiLineString","coordinates":[[[22.77141495580605,41.187393571005316],[22.804429977261975,41.052954024175904],[22.894849495483527,40.975918974112176]]]},"properties":{}},{"type":"Feature","geometry":{"type":"MultiLineString","coordinates":[[[22.912844169340133,40.85397159756337],[22.919685119731867,40.91881190997225],[22.890834155036202,40.99049317277286],[22.890834155036202,41.03659522976085]]]},"properties":{}},{"type":"Feature","geometry":{"type":"MultiLineString","coordinates":[[[22.96599063523513,40.680612599874166],[22.92860809850373,40.75938802258162],[22.9651923114684,40.80430034906664],[22.897675105427936,40.868545796224055],[22.8576704172674,40.93308867600723],[22.8181118780455,40.9506372009252],[22.742510000000152,40.94414999999941]]]},"properties":{}},{"type":"Feature","geometry":{"type":"MultiLineString","coordinates":[[[22.9857235795144,40.71675680107808],[23.03743869625788,40.86884322884981],[23.13684067977647,40.902393629031906],[23.270685361354424,40.99126649759978],[23.368917555450594,40.99427988293394]]]},"properties":{}},{"type":"Feature","geometry":{"type":"MultiLineString","coordinates":[[[22.384300444767632,40.53191155042413],[22.428023040749792,40.50187085522549],[22.561454533778374,40.50726163548006]]]},"properties":{}},{"type":"Feature","geometry":{"type":"MultiLineString","coordinates":[[[29.626979999999207,40.69333999999981],[29.585600000000397,40.65770999999961],[29.560079999999346,40.60484000000014]]]},"properties":{}},{"type":"Feature","geometry":{"type":"MultiLineString","coordinates":[[[29.925255466074134,40.76662394018712],[29.99838000000102,40.76928000000049],[30.14514000000065,40.73309999999958],[30.277770000000714,40.75444000000061],[30.3926100000009,40.744529999999884],[30.4972,40.76516000000083]]]},"properties":{}},{"type":"Feature","geometry":{"type":"MultiLineString","coordinates":[[[20.990700000000288,39.1584899999998],[21.050709999999526,39.17894999999959],[21.074029999999766,39.204170000000886]]]},"properties":{}},{"type":"Feature","geometry":{"type":"MultiLineString","coordinates":[[[26.15083000000061,39.759],[26.29328,39.8094600000004],[26.336020000000644,39.839620000000764]]]},"properties":{}},{"type":"Feature","geometry":{"type":"MultiLineString","coordinates":[[[26.55192,39.54328],[26.532349999999553,39.58851],[26.44665,39.58584999999954],[26.332179999999425,39.50267]]]},"properties":{}},{"type":"Feature","geometry":{"type":"MultiLineString","coordinates":[[[26.807249999999897,39.20173000000079],[26.92584999999974,39.09475000000026],[27.064399999999353,39.10401],[27.18165307902126,39.14141884221874]]]},"properties":{}},{"type":"Feature","geometry":{"type":"MultiLineString","coordinates":[[[27.887220000000582,39.63565000000028],[27.688099999999395,39.53783],[27.635420000000522,39.34974],[27.54473296815047,39.20194670838714],[27.345649999999296,39.18797000000092],[27.18165307902126,39.14141884221874]]]},"properties":{}},{"type":"Feature","geometry":{"type":"MultiLineString","coordinates":[[[27.832966769417283,38.926066236938766],[27.667310000000725,39.15935],[27.613310000000638,39.19226999999967],[27.437789999999893,39.20120999999932],[27.18165307902126,39.14141884221874]]]},"properties":{}},{"type":"Feature","geometry":{"type":"MultiLineString","coordinates":[[[28.17887,38.50973999999957],[28.247540000000242,38.5330799999993],[28.277394708151974,38.582481924348144]]]},"properties":{}},{"type":"Feature","geometry":{"type":"MultiLineString","coordinates":[[[27.357219999999813,37.94355999999971],[27.37497000000087,37.89018000000027],[27.42304999999942,37.87284],[27.503430000000662,37.87855999999931],[27.527104530682664,37.859776998820394],[27.60581,37.87661999999921],[27.73891,37.86189999999988],[28.08232,37.86672],[28.15319000000096,37.8995699999997],[28.236510000000692,37.90143],[28.366830000000903,37.93510000000066],[28.56334000000072,37.91596000000027],[28.581681648466542,37.87518400883306]]]},"properties":{}},{"type":"Feature","geometry":{"type":"MultiLineString","coordinates":[[[27.347519999999463,37.94526000000042],[27.31009000000097,37.94449],[27.270969999999636,37.91143000000011],[27.279220000000464,37.88803],[27.259889999999473,37.836579999999174],[27.291950000000725,37.794350000000236],[27.404370000000142,37.75571]]]},"properties":{}},{"type":"Feature","geometry":{"type":"MultiLineString","coordinates":[[[27.272949290000156,37.529711703000146],[27.26721385097335,37.46510769908832],[27.2398500494063,37.42197996835762],[27.24758329767525,37.38807264902454]]]},"properties":{}},{"type":"Feature","geometry":{"type":"MultiLineString","coordinates":[[[27.24758329767525,37.38807264902454],[27.22349125499119,37.41960050735179],[27.22259895711403,37.449641202550424],[27.265429255218976,37.491579202778155],[27.272949290000156,37.529711703000146]]]},"properties":{}},{"type":"Feature","geometry":{"type":"MultiLineString","coordinates":[[[29.6641,38.49523000000056],[29.7639,38.33784000000014],[29.856661120745002,38.322024780503284]]]},"properties":{}},{"type":"Feature","geometry":{"type":"MultiLineString","coordinates":[[[32.521746085139796,39.79450107798817],[32.71934034403364,39.92114085454756],[32.87290163874542,39.948965286024304]]]},"properties":{}},{"type":"Feature","geometry":{"type":"MultiLineString","coordinates":[[[34.28777693765795,37.987511525842876],[34.055422570438736,38.1192146925157],[34.05901383830246,38.35162999999932],[33.995103233940824,38.46685394546739],[34.00151,38.51692],[34.03008131072659,38.567862065164945],[33.833775777745586,38.7473923980549],[33.680560000000696,38.91521],[33.485779605642904,39.239583907110784],[33.42418,39.29018],[33.331340000000694,39.30811999999975],[33.21735151490566,39.35411767660338],[33.08776000000046,39.476269999999204],[32.98723000000069,39.53994000000057],[32.951170000000275,39.605124595754035],[32.89488089694515,39.61827697874935],[32.853719999999214,39.65011000000055],[32.83366000000035,39.695359999999766],[32.82285000000053,39.824350000000834],[32.863499999999476,39.901879999999494],[32.8643200000007,39.95877],[32.731519999999364,39.96027999999933],[32.59660000000082,40.01031]]]},"properties":{}},{"type":"Feature","geometry":{"type":"MultiLineString","coordinates":[[[36.52625000000086,39.97535000000062],[36.54349999999977,39.91697000000033],[36.604859999999576,39.865110000000755]]]},"properties":{}},{"type":"Feature","geometry":{"type":"MultiLineString","coordinates":[[[36.5153387744881,38.49046201572969],[36.462190000000305,38.41973999999942],[36.442800000000716,38.34964000000036]]]},"properties":{}},{"type":"Feature","geometry":{"type":"MultiLineString","coordinates":[[[36.92143540424621,38.24630232339564],[36.94376999999986,38.384879999999725],[36.92230000000018,38.42807],[36.94335999999936,38.43966999999981],[36.78734000000077,38.51631000000083],[36.5153387744881,38.49046201572969],[36.408670000000825,38.63614000000052],[36.232527936640224,38.67493567885913],[36.0339000000003,38.67728],[35.90733,38.64367999999928],[35.88321,38.62404000000072]]]},"properties":{}},{"type":"Feature","geometry":{"type":"MultiLineString","coordinates":[[[29.519480000000954,37.15742999999935],[29.55119999999988,37.001930000000414],[29.631910000000175,36.97219000000052],[29.662920000000668,36.922130000000834],[29.659270000000163,36.89690999999954],[29.60751,36.83612999999963],[29.569740000000877,36.830959999999436]]]},"properties":{}},{"type":"Feature","geometry":{"type":"MultiLineString","coordinates":[[[29.989292339664416,36.275009529822455],[30.0153857773729,36.30321484822474],[30.017051400077037,36.331054541992955],[29.99492241272287,36.31201885394631],[29.991353221214126,36.281323806971045]]]},"properties":{}},{"type":"Feature","geometry":{"type":"MultiLineString","coordinates":[[[29.96375147354638,36.375074570600816],[29.945191677700905,36.34033443991564],[29.99206705951582,36.2953626269055]]]},"properties":{}},{"type":"Feature","geometry":{"type":"MultiLineString","coordinates":[[[30.17289999999963,36.34014000000025],[30.434509999999193,36.38397000000083],[30.45161999999982,36.40939000000071],[30.443139999999516,36.474399999999264],[30.543789999999774,36.5267700000004]]]},"properties":{}},{"type":"Feature","geometry":{"type":"MultiLineString","coordinates":[[[31.397000000000844,36.77521999999965],[31.46101000000101,36.79206999999957],[31.480890000000784,36.819219999999405],[31.57987,36.8720200000007]]]},"properties":{}},{"type":"Feature","geometry":{"type":"MultiLineString","coordinates":[[[-5.915793999999898,35.522244],[-5.910669999999324,35.603150000000916],[-5.87617,35.61922000000065],[-5.835119999999637,35.66978000000034]]]},"properties":{}},{"type":"Feature","geometry":{"type":"MultiLineString","coordinates":[[[-6.145640000000601,34.97944],[-6.120650000000707,35.18972000000031],[-6.093290000000674,35.264380000000635],[-6.043320000000583,35.302449999999276],[-6.01417000000038,35.355390000000675],[-6.005849999999478,35.40596000000012],[-6.030829999999368,35.46306000000014],[-5.996329999999829,35.50202999999975],[-5.920970371039643,35.52155682945567]]]},"properties":{}},{"type":"Feature","geometry":{"type":"MultiLineString","coordinates":[[[-5.814860000000352,35.433849999999545],[-5.906999999999242,35.33123999999964],[-5.918799999999464,35.242630000000645],[-5.957819999999629,35.17429000000084],[-5.905280000000801,35.00611000000032]]]},"properties":{}},{"type":"Feature","geometry":{"type":"MultiLineString","coordinates":[[[-5.835800000000745,34.13923000000079],[-5.723830000000817,34.18301000000065],[-5.664249999999811,34.17463999999927],[-5.557650000000649,34.11514999999969],[-5.555560000000696,34.08620999999954],[-5.57935,34.044809999999416]]]},"properties":{}},{"type":"Feature","geometry":{"type":"MultiLineString","coordinates":[[[-6.483519999999772,34.34334999999927],[-6.328310000000783,34.37065000000086],[-6.13509,34.35495000000088],[-6.014450000000521,34.31521000000059],[-5.950689999999611,34.27143000000081],[-5.937830000000758,34.26190999999932],[-5.95901000000049,34.18877000000077],[-5.835800000000745,34.1392300000008]]]},"properties":{}},{"type":"Feature","geometry":{"type":"MultiLineString","coordinates":[[[1.311449999999297,36.47950999999932],[1.266840000000229,36.45066000000054],[1.231439999999566,36.45721000000054],[1.105460000000676,36.43243000000086]]]},"properties":{}},{"type":"Feature","geometry":{"type":"MultiLineString","coordinates":[[[0.612620989248228,36.16905796563327],[0.60043814889832,36.141456217965526],[0.647245243805912,36.11295270530644]]]},"properties":{}},{"type":"Feature","geometry":{"type":"MultiLineString","coordinates":[[[0.612620989248228,36.16905796563327],[0.606339212192893,36.21855075455454],[0.542252741631444,36.248542832996975]]]},"properties":{}},{"type":"Feature","geometry":{"type":"MultiLineString","coordinates":[[[3.704077553671652,36.85306848067637],[3.719077123100476,36.75480608228588],[3.687302127793771,36.713936455990904]]]},"properties":{}},{"type":"Feature","geometry":{"type":"MultiLineString","coordinates":[[[3.719077123100476,36.76551365681212],[3.769491953161548,36.79287745837917],[3.791204534839721,36.83570775648411],[3.857234577751512,36.86069209704533],[3.861929999999177,36.90086464679325]]]},"properties":{}},{"type":"Feature","geometry":{"type":"MultiLineString","coordinates":[[[3.685810000000856,36.147720000000845],[3.821910000000628,36.05919999999969],[3.890439999999273,36.05158999999924],[4.059001874036881,35.96947924977485]]]},"properties":{}},{"type":"Feature","geometry":{"type":"MultiLineString","coordinates":[[[4.49976000000072,36.87787000000037],[4.503251657763485,36.88875493053877],[4.47149165776375,36.90017493053955],[4.424810000000434,36.89465005103807]]]},"properties":{}},{"type":"Feature","geometry":{"type":"MultiLineString","coordinates":[[[9.701240000000382,36.31884],[9.834489999999334,36.3492999999998],[9.903490000000659,36.39737000000059]]]},"properties":{}},{"type":"Feature","geometry":{"type":"MultiLineString","coordinates":[[[8.734990000000835,36.56241000000051],[8.684069999999451,36.669009999999616],[8.685020000000748,36.74896000000075],[8.69263,36.872690000000205],[8.75022,36.93169999999918],[8.750690000000816,36.95406999999983]]]},"properties":{}},{"type":"Feature","geometry":{"type":"MultiLineString","coordinates":[[[8.705770000000598,36.178359999999884],[8.788570000000618,36.275439999999435],[8.790479999999661,36.29781],[8.769060000000536,36.35159000000027],[8.68597000000051,36.45295000000084]]]},"properties":{}},{"type":"Feature","geometry":{"type":"MultiLineString","coordinates":[[[8.565656869246538,36.492176996673834],[8.418240000000822,36.45875999999964],[8.292120000000125,36.24841000000015]]]},"properties":{}},{"type":"Feature","geometry":{"type":"MultiLineString","coordinates":[[[8.565656869246538,36.492176996673834],[8.622390000000564,36.531569999999306],[8.734990000000835,36.56241000000051]]]},"properties":{}},{"type":"Feature","geometry":{"type":"MultiLineString","coordinates":[[[11.092650000000503,36.83947000000086],[11.028399999999294,36.80045000000064],[10.861469999999827,36.573449999999866]]]},"properties":{}},{"type":"Feature","geometry":{"type":"MultiLineString","coordinates":[[[10.640006184854087,35.83629835301224],[10.686714646793405,35.78381978154238],[10.87191783748176,35.67969914678332],[10.798839999999473,35.549049999999625],[10.71508,35.30444]],[[9.130170000000419,35.257799999999406],[9.295500000000175,35.29797999999943],[9.322620000000882,35.32462999999916],[9.572169999999517,35.4035999999997]],[[10.753249999999753,34.72738000000032],[10.862320000000182,34.8442500000001],[10.914670000000172,34.922769999999275],[10.931140000000653,34.97607000000062],[10.897349999999392,35.10218999999972],[10.844049999999697,35.19403000000062],[10.71485000000024,35.30392000000029]]]},"properties":{}},{"type":"Feature","geometry":{"type":"MultiLineString","coordinates":[[[8.367496651836404,36.23316078574311],[8.05950999999908,36.17503000000039],[7.892470000000685,36.11982999999964],[7.75922,36.13030000000083],[7.670700000000579,36.16313000000076]]]},"properties":{}},{"type":"Feature","geometry":{"type":"MultiLineString","coordinates":[[[8.565656869246538,36.492176996673834],[8.533310000000654,36.44247999999982],[8.522839999999633,36.356820000000994]]]},"properties":{}},{"type":"Feature","geometry":{"type":"MultiLineString","coordinates":[[[9.214879999999482,36.42402000000044],[9.101619999999514,36.378810000000215],[9.160630000000367,36.36500999999953]]]},"properties":{}},{"type":"Feature","geometry":{"type":"MultiLineString","coordinates":[[[9.850189999999316,37.26729999999952],[9.772619999999847,37.2416],[9.755489999999668,37.2149499999997],[9.75835,37.14880000000079],[9.73884,37.12405000000041],[9.683160000000498,37.12786000000051]]]},"properties":{}},{"type":"Feature","geometry":{"type":"MultiLineString","coordinates":[[[10.861469999999827,36.573449999999866],[10.78665,36.471610000000624],[10.630080000000817,36.40308000000016],[10.578789999999572,36.40165]]]},"properties":{}},{"type":"Feature","geometry":{"type":"MultiLineString","coordinates":[[[10.640006184854087,35.83629835301224],[10.637749999999869,35.78505000000047],[10.613960000000588,35.7555499999998],[10.620140000000845,35.67084000000074],[10.648699999999792,35.49856],[10.708179999999572,35.40719],[10.71485000000024,35.30392000000029]]]},"properties":{}},{"type":"Feature","geometry":{"type":"MultiLineString","coordinates":[[[9.571159999999566,35.40310999999929],[9.727370000000576,35.5985],[10.00101,35.64657000000079],[10.204209999999819,35.63895000000059],[10.336989999999844,35.67179000000033],[10.640006184854087,35.83629835301224]],[[9.572169999999517,35.4035999999997],[9.423129999999333,35.2837],[9.130170000000419,35.257799999999406]]]},"properties":{}},{"type":"Feature","geometry":{"type":"MultiLineString","coordinates":[[[9.746792490450082,35.58500023650223],[9.374970000000872,35.822690000000875],[9.478719999999157,35.652319999999236],[9.512500000000841,35.51001999999971],[9.570750000000828,35.40265],[9.330239999999321,35.45197],[9.086100000000556,35.55714000000091]]]},"properties":{}},{"type":"Feature","geometry":{"type":"MultiLineString","coordinates":[[[10.023450000000594,34.12577000000067],[10.025830000000553,34.15671],[9.999649999999747,34.201919999999575],[10.011430000000473,34.23843999999929],[10.062830000000758,34.242720000000304],[10.103279999999302,34.30553999999938],[10.180370000000153,34.37977999999936],[10.174660000000529,34.41784999999982],[10.279360000000509,34.44736000000023],[10.335989999999526,34.44736000000023],[10.429550000000802,34.499229999999386]]]},"properties":{}},{"type":"Feature","geometry":{"type":"MultiLineString","coordinates":[[[9.130170000000419,35.257799999999406],[9.535819999999262,35.05412000000075],[9.697630000000686,34.9998699999997]]]},"properties":{}},{"type":"Feature","geometry":{"type":"MultiLineString","coordinates":[[[8.591759999999283,34.985500000000684],[8.57287,35.07402999999982],[8.490780000000143,35.2203599999994],[8.49649,35.44273000000061],[8.461339999999836,35.57443000000063]]]},"properties":{}},{"type":"Feature","geometry":{"type":"MultiLineString","coordinates":[[[8.555210000000443,35.63939000000039],[8.72653,35.565679999999816],[8.901770000000454,35.57799999999958],[9.015059999999778,35.55147000000039],[9.08691,35.5566199999995]]]},"properties":{}},{"type":"Feature","geometry":{"type":"MultiLineString","coordinates":[[[9.21969,35.864999999999895],[9.090720000000204,35.8183599999993],[9.025519999999233,35.77362999999974]]]},"properties":{}},{"type":"Feature","geometry":{"type":"MultiLineString","coordinates":[[[10.753350000000921,34.72754],[10.806880000000149,35.249470000000656],[10.823539999999468,35.27385999999933],[11.04126,35.39938000000086]]]},"properties":{}},{"type":"Feature","geometry":{"type":"MultiLineString","coordinates":[[[9.781279999999242,33.87846],[9.722579999999653,33.94771000000031],[9.557847468714783,34.08518302701765]]]},"properties":{}},{"type":"Feature","geometry":{"type":"MultiLineString","coordinates":[[[5.539230000000259,34.63394999999957],[5.714809999999545,34.84260999999975],[5.80119000000019,35.04855],[6.356560000000229,35.34087000000011],[6.356780000000128,35.38422999999966],[6.333280000000855,35.40564000000097],[6.32971,35.43598000000026],[6.262246146866346,35.49045041242903]]]},"properties":{}},{"type":"Feature","geometry":{"type":"MultiLineString","coordinates":[[[7.422969999999623,34.681399999999485],[7.324930000000734,34.70043000000089],[7.248789999999701,34.74230999999969]]]},"properties":{}},{"type":"Feature","geometry":{"type":"MultiLineString","coordinates":[[[4.765569999999627,35.08683000000019],[4.751290000000267,35.1744],[4.784600000000864,35.25339999999966],[4.77984,35.297179999999685],[4.80069,35.3152599999994]]]},"properties":{}},{"type":"Feature","geometry":{"type":"MultiLineString","coordinates":[[[5.1983,35.048500000000786],[5.282530000000349,35.09132999999929],[5.383889999999155,35.11702999999943],[5.450989999999365,35.166279999999404]]]},"properties":{}},{"type":"Feature","geometry":{"type":"MultiLineString","coordinates":[[[7.119650000000604,35.879100000000165],[7.393760000000952,35.80057999999917],[7.433020000000397,35.75346999999965],[7.527959999999439,35.69279],[7.709989999999493,35.60142000000093],[7.809219999999129,35.570009999999456],[7.85347,35.51183],[7.945560000000114,35.44686999999982]]]},"properties":{}},{"type":"Feature","geometry":{"type":"MultiLineString","coordinates":[[[5.293555837266303,35.943510060614585],[5.283948399838494,35.84780947701006],[5.263960927389462,35.80926220871561],[5.144749930997421,35.71360787628117],[5.084073675348748,35.630802633278336]]]},"properties":{}},{"type":"Feature","geometry":{"type":"MultiLineString","coordinates":[[[5.014380000000585,35.674810000000434],[5.068660000000932,35.648629999999685],[5.165030000000229,35.522279999999284],[5.255381304404409,35.53741320303112],[5.348135511083115,35.58421440329391],[5.393821162395056,35.645604497244335],[5.392818520110154,35.677446588496025]]]},"properties":{}},{"type":"Feature","geometry":{"type":"MultiLineString","coordinates":[[[6.063210000000311,35.781000000000915],[6.063669999999604,35.84591000000012],[6.088649999999689,35.90360999999939],[6.088649999999689,36.0332899999994]]]},"properties":{}},{"type":"Feature","geometry":{"type":"MultiLineString","coordinates":[[[5.910330000000727,35.604180000000326],[5.914489999999262,35.53547000000083],[5.960300000000643,35.50750999999951],[6.064210000000401,35.4989299999998]]]},"properties":{}},{"type":"Feature","geometry":{"type":"MultiLineString","coordinates":[[[5.486355507514759,35.89725403506543],[5.340341625676501,36.03269359716313],[5.328920212848573,36.03840430357701],[5.315489648790503,36.01050692511831]]]},"properties":{}},{"type":"Feature","geometry":{"type":"MultiLineString","coordinates":[[[5.289315014332999,35.91993015397338],[5.367324713482788,35.846381800406505],[5.455840662899561,35.84995099191525],[5.552922671937381,35.81568675343135],[5.681413566252218,35.80069614909468]],[[5.681770485403149,35.80155275505666],[5.916623286678657,35.79569928098232],[6.002718195990099,35.765003079044504],[6.094440000000759,35.783380000000875],[6.195569999999861,35.76701999999938],[6.321679999999219,35.715570000000355],[6.353800000000831,35.67943000000025],[6.366,35.62768],[6.46666,35.5049]]]},"properties":{}},{"type":"Feature","geometry":{"type":"MultiLineString","coordinates":[[[7.4869,34.45292999999958],[7.25562,34.48195999999922],[7.072260000000881,34.56209999999925]]]},"properties":{}},{"type":"Feature","geometry":{"type":"MultiLineString","coordinates":[[[5.749762443732607,35.64399308839313],[5.676059778989099,35.61666863490359],[5.636798672392899,35.57098298359182]]]},"properties":{}},{"type":"Feature","geometry":{"type":"MultiLineString","coordinates":[[[5.841670264995003,35.87636300908002],[5.7545819921815,35.87921836228708],[5.717462400490604,35.86437052561064],[5.683912000308283,35.83224780203193],[5.681770485403149,35.80155275505666]]]},"properties":{}},{"type":"Feature","geometry":{"type":"MultiLineString","coordinates":[[[5.910330000000727,35.604180000000326],[5.920739999999626,35.645969999999636],[5.968629999999393,35.70129000000094],[5.972789999999861,35.73668],[6.002718195990099,35.765003079044504]]]},"properties":{}},{"type":"Feature","geometry":{"type":"MultiLineString","coordinates":[[[9.557847468714783,34.08518302701765],[9.529370000000256,34.12759999999986],[9.483679999999424,34.157100000000355],[9.173399999999674,34.22943999999927],[9.00589000000042,34.32461999999941],[8.883959999999263,34.35311],[8.793228083897516,34.40795808389689]]]},"properties":{}},{"type":"Feature","geometry":{"type":"MultiLineString","coordinates":[[[5.392818520110154,35.677446588496025],[5.455983430559797,35.71646322948823],[5.495458688646693,35.77442689959031]]]},"properties":{}},{"type":"Feature","geometry":{"type":"MultiLineString","coordinates":[[[5.7545819921815,35.87921836228708],[5.718890077094045,35.93918077963389],[5.726028460111536,36.00057087358442]]]},"properties":{}},{"type":"Feature","geometry":{"type":"MultiLineString","coordinates":[[[13.559730000000911,30.403379999999743],[13.781370000000607,30.17317000000014],[14.046270000000732,30.07144999999946],[14.20093000000088,30.06074000000092],[14.312770000000455,30.017320000000836]]]},"properties":{}},{"type":"Feature","geometry":{"type":"MultiLineString","coordinates":[[[13.661229999999762,32.75030999999939],[13.58120000000065,32.73735999999923],[13.400359999999637,32.81731000000042],[13.35182,32.820170000000985]]]},"properties":{}},{"type":"Feature","geometry":{"type":"MultiLineString","coordinates":[[[14.296029999999519,32.64057999999943],[14.426818485094032,32.52767999999918],[14.572089999999719,32.46414999999985]]]},"properties":{}},{"type":"Feature","geometry":{"type":"MultiLineString","coordinates":[[[10.10044000000022,33.880139999999415],[10.036669999999503,33.95152000000064],[10.015729999999223,33.9953000000005],[10.017873761849046,34.03204234932298]]]},"properties":{}},{"type":"Feature","geometry":{"type":"MultiLineString","coordinates":[[[10.79826,33.44881999999973],[10.893200000000434,33.47499000000073],[11.038350000000833,33.47737000000063]]]},"properties":{}},{"type":"Feature","geometry":{"type":"MultiLineString","coordinates":[[[10.275823583554995,33.66110899237606],[10.349809999999763,33.66693999999927],[10.351710000000821,33.555580000000134]]]},"properties":{}},{"type":"Feature","geometry":{"type":"MultiLineString","coordinates":[[[15.510200000000623,30.96521000000024],[15.697469191509015,31.055864748869737],[15.88021383830079,31.230760706413264],[15.962359999999592,31.28903]]]},"properties":{}},{"type":"Feature","geometry":{"type":"MultiLineString","coordinates":[[[10.342189999999334,30.19197],[10.415479999999604,30.192919999999617],[10.586799999999187,30.13962]]]},"properties":{}},{"type":"Feature","geometry":{"type":"MultiLineString","coordinates":[[[12.82222250066468,28.423302365716893],[12.681835030203615,28.45994129005601],[12.59403291908842,28.456372098547263],[12.420570211763334,28.392126651389844],[12.299217700465988,28.39498200459684],[12.251390534248856,28.333591910646476],[12.22140932557545,28.32359817442193],[11.89554214082699,28.437098464400094]]]},"properties":{}},{"type":"Feature","geometry":{"type":"MultiLineString","coordinates":[[[13.672319999999672,26.628870000000575],[13.667639999999722,26.520570000000646],[13.622660000000906,26.39921999999933],[13.73688000000044,26.263590000000477],[13.863939999999332,26.05014999999912],[13.924773255535229,25.916817981918427]]]},"properties":{}},{"type":"Feature","geometry":{"type":"MultiLineString","coordinates":[[[14.622550195494966,24.93885950852217],[14.882949999999255,24.98438999999962],[15.234870000000285,25.01865],[15.408470000000364,25.067909999999756],[16.150369999999384,25.202820000000486]]]},"properties":{}},{"type":"Feature","geometry":{"type":"MultiLineString","coordinates":[[[14.622550195494966,24.93885950852217],[14.529329999999504,24.778599999999585],[14.523390000000234,24.682230000000345],[14.468660000000511,24.471649999999556]]]},"properties":{}},{"type":"Feature","geometry":{"type":"MultiLineString","coordinates":[[[14.90726,27.2727500000002],[14.931459999999845,27.26750999999973],[15.071850000000325,27.139020000000585],[15.069470000000422,27.084290000000692],[14.95169,26.89751000000075],[14.95050000000083,26.827310000000693],[15.013549999999725,26.6500400000005],[15.006419999999707,26.62030000000061],[15.040919999999517,26.476339999999254],[15.036159999999654,26.389489999999682],[15.059642525934578,26.293965556678927],[15.124839757494271,26.16547466236409]]]},"properties":{}},{"type":"Feature","geometry":{"type":"MultiLineString","coordinates":[[[16.144850000000588,29.16158],[15.956399999999235,29.13112],[15.77542,29.067250000000115]]]},"properties":{}},{"type":"Feature","geometry":{"type":"MultiLineString","coordinates":[[[16.220799999999258,27.651799999999753],[16.072319999999422,27.50332],[16.018780000000447,27.48119000000048],[15.811050000000307,27.486899999999878],[15.58691,27.458350000000905],[15.287503568803913,27.31557464679247],[14.971555375219623,27.29424139142577],[14.895730000000299,27.26657999999952],[14.865859999999884,27.224210000000312],[14.82496,27.206360000000245],[14.749289999999746,27.223490000000425],[14.641499999999724,27.209930000000952],[14.602240000000108,27.185659999999245],[14.51515,27.063589999999863],[14.429459999999494,27.0594]]]},"properties":{}},{"type":"Feature","geometry":{"type":"MultiLineString","coordinates":[[[15.400960000000907,30.58711000000045],[15.354110000000333,30.786280000000204],[15.404560000000856,30.83671999999939],[15.464519999999538,30.946169999999256],[15.510200000000623,30.96521000000024]]]},"properties":{}},{"type":"Feature","geometry":{"type":"MultiLineString","coordinates":[[[16.144850000000588,29.16158],[16.114296229373963,29.2333840302515],[16.086932427806914,29.386859265127555],[16.073060000000623,29.59584],[16.02923049841553,29.690835408622377],[16.177050000000293,29.86947999999944],[16.22820026949762,30.127064326256743],[16.365924230740518,30.290459582091614],[16.478049999999712,30.621390000000304],[16.47328999999985,30.726090000000113],[16.528917309639894,30.921611613888103],[16.58477,31.210310000000504]]]},"properties":{}},{"type":"Feature","geometry":{"type":"MultiLineString","coordinates":[[[19.197562143045502,29.21648985711016],[19.58017947278296,29.163665822780672],[19.709384205399488,29.17437339730691],[19.856169999999167,29.14446],[19.954321514905587,29.141842323397043]]]},"properties":{}},{"type":"Feature","geometry":{"type":"MultiLineString","coordinates":[[[18.92223000000024,29.02787],[19.040010000000677,29.084969999999885],[19.119720000000655,29.17064000000022],[19.197562143045502,29.21648985711016]]]},"properties":{}},{"type":"Feature","geometry":{"type":"MultiLineString","coordinates":[[[20.8713800000005,32.49194999999963],[20.87209000000081,32.44841000000099],[20.910640000000114,32.38415999999961],[20.88708000000048,32.29135999999926],[20.987730000000738,32.04937000000069],[21.024849999999844,31.586090000000752]]]},"properties":{}},{"type":"Feature","geometry":{"type":"MultiLineString","coordinates":[[[19.967370000000358,30.676799999999275],[20.14083000000022,30.885239999999726],[20.194229999999152,31.001990000000717],[20.226590000000215,31.151420000000144],[20.196125353206867,31.285620000000563],[20.153179999999452,31.35374000000047],[20.12701000000021,31.460810000000606],[20.038969999999665,31.641649999999515],[20.008030000000872,31.79156],[20.008497783867597,31.94201690690778],[20.08774000000085,32.09732000000082],[20.07928674879105,32.128209730614]]]},"properties":{}},{"type":"Feature","geometry":{"type":"MultiLineString","coordinates":[[[21.301620000000185,29.185890000000654],[21.355,29.129769999999553],[21.46493000000015,29.05768],[21.522039999999777,29.03839999999957],[21.62162,29.05054000000024],[21.802939999999694,29.176170000000752],[22.11573999999939,29.287529999999663],[22.29491000000064,29.40388999999965],[22.370580000000814,29.41531000000043],[22.469800000000873,29.48384000000084],[22.71264999999954,29.585199999999645],[22.942859999999314,29.73510999999968],[23.032090000000608,29.762240000000133],[23.091839999999138,29.80649000000085]]]},"properties":{}},{"type":"Feature","geometry":{"type":"MultiLineString","coordinates":[[[22.64372999999989,32.77267000000029],[22.62718896769195,32.67434980385923],[22.525823928843636,32.602014189281874],[22.49838477767804,32.55248967421397],[22.423431755994386,32.370460907267955],[22.40745000000055,32.253710000000865],[22.28394999999921,32.14877999999965]]]},"properties":{}},{"type":"Feature","geometry":{"type":"MultiLineString","coordinates":[[[20.17185000000069,31.57056999999986],[20.288200000000927,31.56272],[20.45881,31.58628],[20.692230000000563,31.57485000000088],[20.774180000000456,31.597700000000373],[20.956210000000283,31.61412000000024],[21.024849999999844,31.586090000000752]]]},"properties":{}},{"type":"Feature","geometry":{"type":"MultiLineString","coordinates":[[[22.06776999999977,32.70441000000034],[22.1677,32.65445],[22.361150000000748,32.635889999999506],[22.518685545826145,32.59106866865517]]]},"properties":{}},{"type":"Feature","geometry":{"type":"MultiLineString","coordinates":[[[22.17663,32.77794],[22.185760000000357,32.79363999999987],[22.157919999999706,32.8835899999994]]]},"properties":{}},{"type":"Feature","geometry":{"type":"MultiLineString","coordinates":[[[19.954321514905587,29.141842323397043],[20.130759111746386,29.136850237105875],[20.439137258102107,29.189674271435365],[20.6033200675044,29.201809522565156],[20.87100943066031,29.201095684263464],[21.013063252708264,29.184677403323178],[21.20008888776664,29.201809522565156],[21.301453926614897,29.181108211814433],[21.36117839786118,29.21007814956039],[21.529043029810794,29.250588485095022],[21.57711000000029,29.27889999999934]]]},"properties":{}},{"type":"Feature","geometry":{"type":"MultiLineString","coordinates":[[[7.689029999999491,45.07406000000083],[7.776589999999544,45.05121999999949],[7.971709999999803,44.92796000000095],[8.199950000000172,44.904160000000104]]]},"properties":{}},{"type":"Feature","geometry":{"type":"MultiLineString","coordinates":[[[7.895759999999541,44.682870000000605],[8.028889999999592,44.69953],[8.199259999999413,44.903689999999244]],[[8.199950000000172,44.904160000000104],[8.274190000000203,44.915590000000634],[8.349379999999769,44.89132000000069],[8.47977,44.911780000000306],[8.530689999999709,44.89035999999942],[8.647290000000908,44.88227],[8.86096,44.901309999999285]]]},"properties":{}},{"type":"Feature","geometry":{"type":"MultiLineString","coordinates":[[[9.670243837979172,45.70718807067135],[9.597670277301347,45.70510604229128],[9.487917638407396,45.740500524752974],[9.451333425442783,45.76429513481128],[9.42515935437865,45.81158692230218],[9.363069999999482,45.830749999999284],[9.165519509516969,45.80703917745478],[9.08128658991069,45.81274988386889]]]},"properties":{}},{"type":"Feature","geometry":{"type":"MultiLineString","coordinates":[[[9.771049999999434,45.189510000000155],[9.336699999999894,45.16324],[9.144319999999482,45.19321999999926]]]},"properties":{}},{"type":"Feature","geometry":{"type":"MultiLineString","coordinates":[[[9.144319999999482,45.19321999999926],[9.203789999999572,45.261850000000834],[9.41772,45.31171999999975]]]},"properties":{}},{"type":"Feature","geometry":{"type":"MultiLineString","coordinates":[[[7.314239999999813,45.744300000000294],[7.281941151628132,45.79578333545521],[7.178791517025275,45.83254600799529],[7.153450257313295,45.869665599686186],[7.194139040512937,45.908569787131455],[7.203953080848521,45.97915232339602],[7.137388895523941,46.037774519748154],[7.141133080849272,46.072659293585446],[7.04584000000068,46.08194],[7.040119999999717,46.09194000000031],[7.07201,46.116570000000195]]]},"properties":{}},{"type":"Feature","geometry":{"type":"MultiLineString","coordinates":[[[9.141110000000538,45.182510000000605],[9.12419000000051,45.10050000000058],[9.137269999999376,45.07522000000074],[9.130429999999365,45.0246499999995]]]},"properties":{}},{"type":"Feature","geometry":{"type":"MultiLineString","coordinates":[[[8.62089558575542,45.4489233559828],[8.732856408550845,45.60346916041027],[8.857651955835536,45.729342835519844],[9.06414074300909,45.82013536476006]]]},"properties":{}},{"type":"Feature","geometry":{"type":"MultiLineString","coordinates":[[[9.670243837979172,45.70718807067135],[9.613434206464945,45.58638085252119],[9.396070443582232,45.53105838413563],[9.228233182927227,45.51070535320713],[9.17836859894851,45.47688896289583]]]},"properties":{}},{"type":"Feature","geometry":{"type":"MultiLineString","coordinates":[[[10.79522999999972,45.163090000000125],[10.69665999999961,45.15857999999946],[10.679060000000334,45.17189999999937],[10.660970000000873,45.25566000000083],[10.607200000000432,45.31752000000057],[10.340220000000159,45.442680000000166],[10.236846970189902,45.53792481421294]]]},"properties":{}},{"type":"Feature","geometry":{"type":"MultiLineString","coordinates":[[[10.236846970189902,45.53792481421294],[9.944099970908496,45.58123526809618],[9.753539999999816,45.69083999999941],[9.670243837979172,45.70718807067135]]]},"properties":{}},{"type":"Feature","geometry":{"type":"MultiLineString","coordinates":[[[10.236846970189902,45.53792481421294],[10.102279999999212,45.45744000000019],[10.005189999999857,45.30991],[9.98759000000058,45.23043999999936],[10.025659999999448,45.14286999999973]]]},"properties":{}},{"type":"Feature","geometry":{"type":"MultiLineString","coordinates":[[[10.326569999999265,44.8052100000005],[10.464579999999842,44.85232999999977],[10.510259999999164,44.903720000000305]]]},"properties":{}},{"type":"Feature","geometry":{"type":"MultiLineString","coordinates":[[[9.424469999999872,46.16660000000047],[9.325670000000287,46.10961],[9.289827509672023,46.022466653943866],[9.32745459575466,45.915922155977626],[9.403480000000798,45.85262999999952],[9.424267056501435,45.81158692230218]]]},"properties":{}},{"type":"Feature","geometry":{"type":"MultiLineString","coordinates":[[[11.287860000000364,44.51633000000044],[11.18167,44.64544000000018],[11.140059999999778,44.72105000000022]]]},"properties":{}},{"type":"Feature","geometry":{"type":"MultiLineString","coordinates":[[[10.938949999999693,44.648170000000505],[11.512619999999515,44.85829000000018],[11.6636926621714,45.232906603169965]]]},"properties":{}},{"type":"Feature","geometry":{"type":"MultiLineString","coordinates":[[[12.860269999999275,42.40588000000025],[12.795015495229848,42.43955872957042],[12.709592845120596,42.551393396844446],[12.630316739366151,42.55762242918075]]]},"properties":{}},{"type":"Feature","geometry":{"type":"MultiLineString","coordinates":[[[13.647122078852192,42.581902601234674],[13.643570947592366,42.631368270980715],[13.713635525555276,42.65732703884629]]]},"properties":{}},{"type":"Feature","geometry":{"type":"MultiLineString","coordinates":[[[12.888429168550317,43.1898822983639],[12.987890638594024,43.177984993334746],[13.077596318513827,43.22438448294844],[13.205730293677732,43.23866124898342],[13.264384007471506,43.275067002372566],[13.29198575513908,43.33193612041197]]]},"properties":{}},{"type":"Feature","geometry":{"type":"MultiLineString","coordinates":[[[13.205936667438664,43.238793157985356],[13.298648245955576,43.208680040309844],[13.400132257854125,43.19868630408547]]]},"properties":{}},{"type":"Feature","geometry":{"type":"MultiLineString","coordinates":[[[13.52563952385367,43.53585592498558],[13.461101980360183,43.45641167427931],[13.339392549912077,43.40287380164813]]]},"properties":{}},{"type":"Feature","geometry":{"type":"MultiLineString","coordinates":[[[12.73939955998685,42.74614256403896],[12.836481569024727,42.75006867469864],[12.926068275894295,42.82573553468404],[12.960332514378138,42.7961112451614],[13.089715706570189,42.794326649407026]]]},"properties":{}},{"type":"Feature","geometry":{"type":"MultiLineString","coordinates":[[[12.486870618872786,41.89480798526472],[12.802209999999889,41.82205000000073],[12.85471,41.78687999999971],[12.963154210456196,41.75595890945783]]]},"properties":{}},{"type":"Feature","geometry":{"type":"MultiLineString","coordinates":[[[12.4266445310741,41.90232117052685],[12.351660836425538,41.9312701569753],[12.326866852744786,41.968955862097346],[12.1141430388235,41.976379780435536],[12.10532713579687,41.991227617111804]]]},"properties":{}},{"type":"Feature","geometry":{"type":"MultiLineString","coordinates":[[[12.463715868457825,41.89723491343926],[12.412603591706898,41.95619481272297],[12.40245281105598,42.020326045752086]]]},"properties":{}},{"type":"Feature","geometry":{"type":"MultiLineString","coordinates":[[[13.104873989501073,41.92592871816794],[13.07327474734359,41.93221049522327],[13.000931802862851,42.02370090878077]]]},"properties":{}},{"type":"Feature","geometry":{"type":"MultiLineString","coordinates":[[[12.515382952573248,42.002416307429144],[12.553932888313227,42.022170545292965],[12.630099435109798,42.024811747009494]]]},"properties":{}},{"type":"Feature","geometry":{"type":"MultiLineString","coordinates":[[[12.232245976351635,41.82728331383919],[12.14721584212981,41.91939929257927],[12.100931708785708,41.9367369972523]]]},"properties":{}},{"type":"Feature","geometry":{"type":"MultiLineString","coordinates":[[[12.618111620912998,41.764234233361435],[12.635338754466488,41.82209056468815],[12.707203235764553,41.88877733883754]]]},"properties":{}},{"type":"Feature","geometry":{"type":"MultiLineString","coordinates":[[[12.96164615355923,41.43339979104269],[12.860971158402606,41.48251186620297],[12.824422637352995,41.59368028439553]]]},"properties":{}},{"type":"Feature","geometry":{"type":"MultiLineString","coordinates":[[[12.713159040720427,41.799170536858924],[12.800056956653236,41.82172782719425],[12.85269063410226,41.72388439063451],[12.821567284145999,41.585304581654896],[12.745995602600829,41.482797401523726],[12.744663104437677,41.45586190293767]]]},"properties":{}},{"type":"Feature","geometry":{"type":"MultiLineString","coordinates":[[[12.474296535936332,41.85148287824188],[12.479365099592599,41.78802276204664],[12.452953082427769,41.7184235276261],[12.481934917478895,41.68401652148185],[12.47190630270029,41.66801963558197]]]},"properties":{}},{"type":"Feature","geometry":{"type":"MultiLineString","coordinates":[[[12.625987486771862,41.718352143795926],[12.652725752917775,41.732666663536634],[12.52233816535778,41.699292661139225],[12.452029783273645,41.630445893531146]]]},"properties":{}},{"type":"Feature","geometry":{"type":"MultiLineString","coordinates":[[[12.476652514045838,41.650251969809005],[12.513772105736905,41.59485811759322],[12.50543788929565,41.583346321715965]]]},"properties":{}},{"type":"Feature","geometry":{"type":"MultiLineString","coordinates":[[[12.52605012452699,41.575513099615875],[12.513772105736905,41.59485811759322],[12.538429533219812,41.612237771242064]]]},"properties":{}},{"type":"Feature","geometry":{"type":"MultiLineString","coordinates":[[[12.625920134661499,41.71823331870269],[12.592006800724334,41.69409770289826],[12.63651223937751,41.67096696246057],[12.656023819625318,41.70037710049269]]]},"properties":{}},{"type":"Feature","geometry":{"type":"MultiLineString","coordinates":[[[12.656655354883185,41.72908292541456],[12.65983095723459,41.698568710128086],[12.702756433779768,41.722934390827845],[12.708847853954637,41.70580227158581]]]},"properties":{}},{"type":"Feature","geometry":{"type":"MultiLineString","coordinates":[[[12.645371203034017,41.75247461673308],[12.665929746124334,41.765395089994854],[12.68506061261121,41.73955414347148]]]},"properties":{}},{"type":"Feature","geometry":{"type":"MultiLineString","coordinates":[[[12.66949893763308,41.72306447870113],[12.69626787394867,41.74269503199923],[12.712614771058725,41.797946116554556]]]},"properties":{}},{"type":"Feature","geometry":{"type":"MultiLineString","coordinates":[[[12.69942518837155,41.68276908904943],[12.696624793099602,41.702434551780584],[12.668845760093973,41.71766475311199],[12.5744156758401,41.65689166812888],[12.54968717101599,41.61680001631379]]]},"properties":{}},{"type":"Feature","geometry":{"type":"MultiLineString","coordinates":[[[12.539239763905016,41.60503388246434],[12.63794728469577,41.63090795394521],[12.653299015145876,41.64914056975755],[12.63651223937751,41.67096696246057]]]},"properties":{}},{"type":"Feature","geometry":{"type":"MultiLineString","coordinates":[[[12.561066899597336,41.61998622792851],[12.616489305345056,41.64382842720681],[12.636571317775122,41.670910586023865]]]},"properties":{}},{"type":"Feature","geometry":{"type":"MultiLineString","coordinates":[[[12.804651587254227,41.61378868642839],[12.74200389051856,41.628479912277214],[12.696716036279895,41.59100758213208],[12.65323662003101,41.649598703751394]]]},"properties":{}},{"type":"Feature","geometry":{"type":"MultiLineString","coordinates":[[[12.620700951325489,41.646897931904334],[12.674881278428188,41.66831308095681],[12.655179341300027,41.64846837616824]]]},"properties":{}},{"type":"Feature","geometry":{"type":"MultiLineString","coordinates":[[[12.941573310435217,41.507513861217944],[12.9534665901067,41.557131774017364],[12.972526072763344,41.57062331792042],[12.986303151987158,41.54478237139722],[13.043981286768485,41.507305860555164],[13.124632126119081,41.517532585669926],[13.165606444639423,41.54615750157012],[13.145476204530098,41.573069205546005],[13.041255812474787,41.63353130970415],[13.02505168302497,41.69028145469315]]]},"properties":{}},{"type":"Feature","geometry":{"type":"MultiLineString","coordinates":[[[12.339466606866779,41.816486291660624],[12.284722104024752,41.83335709300735],[12.230755928412577,41.886323894997076],[12.29414476960784,41.9504265744942],[12.318415271867309,42.04351108904234]]]},"properties":{}},{"type":"Feature","geometry":{"type":"MultiLineString","coordinates":[[[12.121958643112407,41.96604416680589],[12.100931708785708,41.9367369972523],[12.127888252687853,41.940001866971954]]]},"properties":{}},{"type":"Feature","geometry":{"type":"MultiLineString","coordinates":[[[12.098217570926693,41.99818473634218],[12.045893223408655,41.96192175061327],[12.100931708785708,41.9367369972523],[12.098931409228612,41.99739951421026]]]},"properties":{}},{"type":"Feature","geometry":{"type":"MultiLineString","coordinates":[[[12.192343099664868,41.86967599606976],[12.277075706082542,41.89166221576369],[12.330582239326816,41.88788928183982]]]},"properties":{}},{"type":"Feature","geometry":{"type":"MultiLineString","coordinates":[[[12.345861164839164,41.822067740265084],[12.323874945145235,41.86289929112519],[12.351660836425538,41.9312701569753]]]},"properties":{}},{"type":"Feature","geometry":{"type":"MultiLineString","coordinates":[[[12.56678222192545,41.93093997858682],[12.545961938124435,41.96181348513761],[12.51598072945086,41.97180722136193]]]},"properties":{}},{"type":"Feature","geometry":{"type":"MultiLineString","coordinates":[[[12.504975722298866,41.97097441001],[12.533763850651667,41.93459824309241],[12.550899319711561,41.97692306252458],[12.547118939622578,42.02039585246183],[12.575586227646852,41.995125939219236]]]},"properties":{}},{"type":"Feature","geometry":{"type":"MultiLineString","coordinates":[[[12.617286281774113,42.00065818605782],[12.576062119848075,41.99351980304033],[12.597715215001244,42.0345655053909]]]},"properties":{}},{"type":"Feature","geometry":{"type":"MultiLineString","coordinates":[[[12.758007605659031,42.014708903297105],[12.742945617492126,42.02670138676649],[12.753653192018362,42.037337577462495]]]},"properties":{}},{"type":"Feature","geometry":{"type":"MultiLineString","coordinates":[[[12.99774518777673,42.024335040577625],[13.025030719733252,41.955704219005156],[12.9870545220802,41.944496957667695],[12.955859788293708,41.90602107320342],[12.976132796063496,41.88339239903786],[12.96849472623478,41.82207368891767]]]},"properties":{}},{"type":"Feature","geometry":{"type":"MultiLineString","coordinates":[[[12.722892605764002,41.676814921823905],[12.736598301157528,41.64331211086176],[12.773089651717271,41.675531381633675],[12.793906493164513,41.62201391331985]]]},"properties":{}},{"type":"Feature","geometry":{"type":"MultiLineString","coordinates":[[[12.77372408861038,41.68262080667819],[12.860235095020471,41.68347741264034],[12.906586995414102,41.643978359943446]]]},"properties":{}},{"type":"Feature","geometry":{"type":"MultiLineString","coordinates":[[[12.699725897175881,41.55237164717158],[12.756680952046793,41.51548746562861],[12.782093595589004,41.516344071590765],[12.892215050938887,41.57668720269851],[12.891050783711023,41.632587185907084]]]},"properties":{}},{"type":"Feature","geometry":{"type":"MultiLineString","coordinates":[[[13.030657335422347,41.68310229175455],[13.08961513598257,41.6729126057744],[13.101607619451954,41.651021564520704],[13.068866236011786,41.62989195078893],[13.08328954957966,41.60698499685509]]]},"properties":{}},{"type":"Feature","geometry":{"type":"MultiLineString","coordinates":[[[12.919340906405239,41.64045675765493],[12.980159929714375,41.57668720269851],[13.032603250282875,41.60961894301937],[13.07667896732346,41.608589004045996]]]},"properties":{}},{"type":"Feature","geometry":{"type":"MultiLineString","coordinates":[[[13.004240075093435,41.687950799331304],[12.985299565487026,41.66853439752367],[13.005191859495653,41.6230391030922],[13.077432295632718,41.574593277013435],[13.093993344233297,41.539091718806446],[13.065722800774722,41.50533678318294]]]},"properties":{}},{"type":"Feature","geometry":{"type":"MultiLineString","coordinates":[[[12.976828684306156,41.56926328436049],[13.022228800297398,41.5618393660223],[13.060014641069984,41.523863168369246],[13.05820625070561,41.498736060147564]]]},"properties":{}},{"type":"Feature","geometry":{"type":"MultiLineString","coordinates":[[[13.16575788816914,41.4900748220864],[13.101797976332477,41.47579805605142],[13.056873752542401,41.48807607484156],[12.996054729233265,41.51177550645963],[12.977005173112502,41.55490017200077]]]},"properties":{}},{"type":"Feature","geometry":{"type":"MultiLineString","coordinates":[[[12.972490926892647,41.57061005928978],[12.932730133485222,41.57739152315628],[12.891371246821507,41.54628291943857]]]},"properties":{}},{"type":"Feature","geometry":{"type":"MultiLineString","coordinates":[[[12.919340906405239,41.64045675765493],[12.903891066094502,41.635212425597956],[12.92173702363823,41.60323246967971],[12.961368787922993,41.58572343627236]]]},"properties":{}},{"type":"Feature","geometry":{"type":"MultiLineString","coordinates":[[[12.954948350627035,41.59486271559166],[12.963443026417906,41.61285144079568],[13.005276357837829,41.6229794572036]]]},"properties":{}},{"type":"Feature","geometry":{"type":"MultiLineString","coordinates":[[[12.9214157964023,41.64483090099293],[12.896669401941779,41.66291480463735],[12.898572970746443,41.69594172339828]]]},"properties":{}},{"type":"Feature","geometry":{"type":"MultiLineString","coordinates":[[[12.785025091548277,41.694514046794836],[12.852173096398019,41.69891876981137],[12.876700965180817,41.72402342817969]]]},"properties":{}},{"type":"Feature","geometry":{"type":"MultiLineString","coordinates":[[[12.559113617265552,41.919657418539884],[12.578875860972062,41.83648880979899],[12.694898503569448,41.89252180093541],[12.641302208820946,41.913718004970065]]]},"properties":{}},{"type":"Feature","geometry":{"type":"MultiLineString","coordinates":[[[12.578852726929654,41.83629125650083],[12.553820797148433,41.753295656617524],[12.592006800724334,41.69409770289826],[12.579233440690643,41.675439692506814]]]},"properties":{}},{"type":"Feature","geometry":{"type":"MultiLineString","coordinates":[[[12.512056497573951,41.79492670637558],[12.497589374658503,41.777984944014065],[12.501872404469168,41.73353661242521]]]},"properties":{}},{"type":"Feature","geometry":{"type":"MultiLineString","coordinates":[[[12.465038348098801,41.74000874636101],[12.514435958579782,41.722876627119035],[12.536904313899527,41.67292006310248]]]},"properties":{}},{"type":"Feature","geometry":{"type":"MultiLineString","coordinates":[[[12.46161192425052,41.70774325512184],[12.482170467340836,41.72268627023851],[12.571862581102891,41.71759486969364]]]},"properties":{}},{"type":"Feature","geometry":{"type":"MultiLineString","coordinates":[[[12.570115346116324,41.73486911058842],[12.569353918594402,41.761423895413486],[12.593566802112093,41.78648741598391]]]},"properties":{}},{"type":"Feature","geometry":{"type":"MultiLineString","coordinates":[[[12.412100099641066,41.783124579786715],[12.395063158839264,41.75990104036981],[12.38917339491843,41.68359151804492]]]},"properties":{}},{"type":"Feature","geometry":{"type":"MultiLineString","coordinates":[[[12.41144,41.800380000000644],[12.510181482301505,41.76228526029763],[12.610404379866907,41.760000977732034]]]},"properties":{}},{"type":"Feature","geometry":{"type":"MultiLineString","coordinates":[[[12.41181456432031,41.81746496102272],[12.4250919567329,41.83645305984936],[12.425805795034762,41.941387290206364]]]},"properties":{}},{"type":"Feature","geometry":{"type":"MultiLineString","coordinates":[[[12.1141430388235,41.976379780435536],[12.150997428809887,41.93873122848987],[12.163256067651332,42.00070725308166],[12.203231012549395,42.043037864375435]]]},"properties":{}},{"type":"Feature","geometry":{"type":"MultiLineString","coordinates":[[[12.279234804213047,41.83806502570775],[12.353890393271172,41.84847516760823],[12.459679163985413,41.89208937814061]]]},"properties":{}},{"type":"Feature","geometry":{"type":"MultiLineString","coordinates":[[[12.637538801393134,41.824717700936276],[12.58658102591977,41.8563778572954],[12.56433109747394,41.921418266330875]]]},"properties":{}},{"type":"Feature","geometry":{"type":"MultiLineString","coordinates":[[[12.566077305610975,41.921733465779596],[12.593063819841007,41.90364194786014],[12.609496948617846,41.80881224143195],[12.633692007277546,41.7800417349049]]]},"properties":{}},{"type":"Feature","geometry":{"type":"MultiLineString","coordinates":[[[12.677943191413362,41.8133351209118],[12.681208687019023,41.75644239555339],[12.71925215732972,41.731847908949305]]]},"properties":{}},{"type":"Feature","geometry":{"type":"MultiLineString","coordinates":[[[12.856295405570052,41.82697914067609],[12.885543359539895,41.846427522439626],[12.836093210559852,41.87537395111087],[12.821167708276334,41.951132182398965],[12.860818285049902,41.93680973071264],[12.892930729357147,41.891430173264496],[12.898056659434303,41.85622709464593],[12.863230487439182,41.85396565490612]]]},"properties":{}},{"type":"Feature","geometry":{"type":"MultiLineString","coordinates":[[[12.901825725667493,41.86647895480053],[12.951426637297004,41.86391598976172],[12.956511891208834,41.895698197530976]]]},"properties":{}},{"type":"Feature","geometry":{"type":"MultiLineString","coordinates":[[[12.893835305253106,41.83843710202524],[12.93001834109208,41.84326150680363],[12.944810817508653,41.8638361742415]]]},"properties":{}},{"type":"Feature","geometry":{"type":"MultiLineString","coordinates":[[[12.703723604448669,41.73426011133864],[12.742620367975746,41.73154638365071],[12.788904501319792,41.75069324011548],[12.792673567552981,41.776775178449384],[12.842551448233394,41.79496857413801]]]},"properties":{}},{"type":"Feature","geometry":{"type":"MultiLineString","coordinates":[[[12.777898827918762,41.828034479221515],[12.7410109032935,41.8848502736335],[12.702668265903412,41.87853996674687]]]},"properties":{}},{"type":"Feature","geometry":{"type":"MultiLineString","coordinates":[[[12.694823743017878,41.892525071709656],[12.670970195539326,41.924196120912086],[12.700859114111438,41.89444542625097]]]},"properties":{}},{"type":"Feature","geometry":{"type":"MultiLineString","coordinates":[[[12.75498290522063,42.04309739848992],[12.759355022051182,41.995305638652496],[12.77569458136935,41.989962229941966]]]},"properties":{}},{"type":"Feature","geometry":{"type":"MultiLineString","coordinates":[[[12.792372042254385,42.04324816113922],[12.800211700019474,42.0210860516878],[12.782723232697322,41.98701369293934],[12.801719326512796,41.967414548526506]]]},"properties":{}},{"type":"Feature","geometry":{"type":"MultiLineString","coordinates":[[[12.786040010982617,41.9318948683445],[12.775354632378821,41.98998078785792],[12.785415970226325,41.99942970511296]]]},"properties":{}},{"type":"Feature","geometry":{"type":"MultiLineString","coordinates":[[[12.629107666728942,41.9172002423071],[12.62637128657235,41.95959027159722],[12.643846071041935,41.97914223796084]]]},"properties":{}},{"type":"Feature","geometry":{"type":"MultiLineString","coordinates":[[[12.948907225912592,41.929252143772885],[12.918259768157554,41.91157274849962],[12.815578753116483,41.899010578530124]]]},"properties":{}},{"type":"Feature","geometry":{"type":"MultiLineString","coordinates":[[[12.831883491511121,41.92944683851607],[12.80842384812837,41.92946629526341],[12.789362500843993,41.958025270202086]]]},"properties":{}},{"type":"Feature","geometry":{"type":"MultiLineString","coordinates":[[[12.669356330238884,41.92470295371942],[12.69544703957149,41.935748072318916],[12.703346850110904,41.91195346226061],[12.681259969698658,41.921431940481]]]},"properties":{}},{"type":"Feature","geometry":{"type":"MultiLineString","coordinates":[[[12.695637396451957,41.935748072318916],[12.729996813376204,41.92927593838289],[12.761233826806347,41.957149455013166]]]},"properties":{}},{"type":"Feature","geometry":{"type":"MultiLineString","coordinates":[[[12.703346850110904,41.91195346226061],[12.720764504673639,41.89548759210027],[12.728949850533581,41.91576059986983]]]},"properties":{}},{"type":"Feature","geometry":{"type":"MultiLineString","coordinates":[[[12.700017630939442,41.892297839112985],[12.753029995912584,41.92461219481146],[12.838080926777991,41.82756303849027]]]},"properties":{}},{"type":"Feature","geometry":{"type":"MultiLineString","coordinates":[[[12.793890252195808,41.75438053514779],[12.769305509192463,41.715409983178915],[12.77584058247055,41.688838013798886]]]},"properties":{}},{"type":"Feature","geometry":{"type":"MultiLineString","coordinates":[[[12.541757653204911,41.60447951108705],[12.597793959892215,41.595199613164425],[12.646592818641238,41.61997771703]]]},"properties":{}},{"type":"Feature","geometry":{"type":"MultiLineString","coordinates":[[[12.755008829129167,41.94335593454548],[12.752940425068857,41.92812577831671],[12.771500220914334,41.93823848759149]]]},"properties":{}},{"type":"Feature","geometry":{"type":"MultiLineString","coordinates":[[[12.727334991333066,41.89552766116657],[12.782174605454713,41.909502693780894],[12.819350437201535,41.89832820935226]]]},"properties":{}},{"type":"Feature","geometry":{"type":"MultiLineString","coordinates":[[[12.756152697426671,41.92324788325476],[12.827774473702277,41.89005440222343],[12.885046270978137,41.90024764734551]]]},"properties":{}},{"type":"Feature","geometry":{"type":"MultiLineString","coordinates":[[[13.146538967348306,41.74755443123672],[13.049575931360721,41.808230686885395],[13.056952260478738,41.837260111156525],[13.013051204921112,41.90376604626954],[13.0204275340393,41.917210000952366],[12.985812314076725,41.93819013328266]]]},"properties":{}},{"type":"Feature","geometry":{"type":"MultiLineString","coordinates":[[[12.88432236450575,41.96634587072282],[12.931316719370898,41.96813046647719],[12.942017308950312,41.9504793057161]]]},"properties":{}},{"type":"Feature","geometry":{"type":"MultiLineString","coordinates":[[[12.890271017020325,41.96824943952748],[12.868261002716395,41.98038469065716],[12.827585435980438,41.954398052183535]]]},"properties":{}},{"type":"Feature","geometry":{"type":"MultiLineString","coordinates":[[[12.799395435439294,41.96255856195506],[12.81581371637958,41.95304071793174],[12.88432236450575,41.96634587072282]]]},"properties":{}},{"type":"Feature","geometry":{"type":"MultiLineString","coordinates":[[[13.169071471631355,41.84279890151288],[13.037534867228999,41.82214517998216],[12.909900578876318,41.82766552951574]]]},"properties":{}},{"type":"Feature","geometry":{"type":"MultiLineString","coordinates":[[[13.033834382007285,41.65681840143037],[13.053624724866495,41.687475003293855],[13.00003926301531,41.72754512663221],[13.000419976776243,41.78512808297313],[12.971873119463226,41.82021802509155]]]},"properties":{}},{"type":"Feature","geometry":{"type":"MultiLineString","coordinates":[[[13.16817197768728,41.76178557050605],[13.073064921284129,41.709841936748774],[12.99998939985693,41.72953965297182],[12.947905272377511,41.71260211151554],[12.913355498572969,41.721644063337635]]]},"properties":{}},{"type":"Feature","geometry":{"type":"MultiLineString","coordinates":[[[12.919732454068537,41.64569166803159],[12.918875848106381,41.666821281763305],[12.93543689670696,41.67357895101986],[12.912213357290057,41.721739241777925]]]},"properties":{}},{"type":"Feature","geometry":{"type":"MultiLineString","coordinates":[[[12.915163888937343,41.71640924912481],[12.907454435278396,41.70689140510149],[12.920394089826118,41.70303126334181]]]},"properties":{}},{"type":"Feature","geometry":{"type":"MultiLineString","coordinates":[[[12.955072208926993,41.71317318215699],[12.998283220792928,41.688141252375544],[13.02036461892709,41.692614639066505]]]},"properties":{}},{"type":"Feature","geometry":{"type":"MultiLineString","coordinates":[[[13.169047619337334,41.83105881876867],[13.128001916986761,41.81725794493491],[13.139727987880406,41.7537882090549]]]},"properties":{}},{"type":"Feature","geometry":{"type":"MultiLineString","coordinates":[[[13.097687583772426,41.92828359546695],[13.095974371848286,41.88840382900929],[13.169261770827859,41.85280709236207]]]},"properties":{}},{"type":"Feature","geometry":{"type":"MultiLineString","coordinates":[[[13.112820955769564,41.91990789272654],[13.146038231410955,41.914292364752725],[13.169642484588792,41.887547223047136]]]},"properties":{}},{"type":"Feature","geometry":{"type":"MultiLineString","coordinates":[[[12.6652081000463,41.458875981706626],[12.730550068945035,41.50823766257099],[12.744040269327968,41.47923280063566]]]},"properties":{}},{"type":"Feature","geometry":{"type":"MultiLineString","coordinates":[[[12.725781385278424,41.541262527227104],[12.730550068945035,41.50823766257099],[12.740781751270106,41.51133096187857]]]},"properties":{}},{"type":"Feature","geometry":{"type":"MultiLineString","coordinates":[[[12.676423169160046,41.718353145909475],[12.707171465808301,41.741129651670576],[12.694234947946711,41.74061692986385]]]},"properties":{}},{"type":"Feature","geometry":{"type":"MultiLineString","coordinates":[[[12.707457001129,41.74098688401028],[12.697894773610756,41.77861257396279],[12.666961780534962,41.77491900850805]]]},"properties":{}},{"type":"Feature","geometry":{"type":"MultiLineString","coordinates":[[[12.41172357717329,41.80016316320484],[12.447701027581445,41.81187011135347],[12.443835112457805,41.82973402775457]]]},"properties":{}},{"type":"Feature","geometry":{"type":"MultiLineString","coordinates":[[[12.40626826015506,42.0436006864399],[12.410551289965497,42.01599893877216],[12.49087787201654,41.99566711969726]]]},"properties":{}},{"type":"Feature","geometry":{"type":"MultiLineString","coordinates":[[[-6.144926235447606,36.50219996456753],[-6.149729051793097,36.48108011999319],[-6.221946660627571,36.43664511490441]]]},"properties":{}},{"type":"Feature","geometry":{"type":"MultiLineString","coordinates":[[[-5.71719999999898,43.06294],[-5.825709999999075,43.12576000000098],[-5.82499,43.177159999999425],[-5.795028763518332,43.20336978058937]]]},"properties":{}},{"type":"Feature","geometry":{"type":"MultiLineString","coordinates":[[[1.368930000000834,44.26474000000061],[1.374640000000101,44.30972],[1.431749999999819,44.37396000000072],[1.442975,44.447304],[1.394270000000789,44.502450000000145],[1.317519806244164,44.53393590421518]]]},"properties":{}},{"type":"Feature","geometry":{"type":"MultiLineString","coordinates":[[[3.313203759974727,43.737230339422865],[3.336470000000132,43.70610999999923],[3.428602213236502,43.675134522150195]]]},"properties":{}},{"type":"Feature","geometry":{"type":"MultiLineString","coordinates":[[[3.313203759974738,43.737230339422865],[3.33647000000017,43.70610999999925],[3.428602213236507,43.67513452215018]]]},"properties":{}},{"type":"Feature","geometry":{"type":"MultiLineString","coordinates":[[[3.41566313921331,43.40501537677624],[3.420620000000825,43.46981000000057],[3.478800000000812,43.63542000000056],[3.412850000000708,43.68469],[3.33647000000017,43.70610999999926],[3.31320418330565,43.73723040300399]]]},"properties":{}},{"type":"Feature","geometry":{"type":"MultiLineString","coordinates":[[[4.976090093315038,43.80716202085809],[4.898660000000836,43.785710000000115],[4.769449999999851,43.79106],[4.70039,43.77678000000021]]]},"properties":{}},{"type":"Feature","geometry":{"type":"MultiLineString","coordinates":[[[-5.38246000000062,42.44661000000086],[-5.548619999999544,42.44600999999978],[-5.670690000000806,42.50883000000075],[-5.751350000000456,42.525250000000604],[-5.880199999999563,42.466710000000646],[-6.063532,42.458776]]]},"properties":{}},{"type":"Feature","geometry":{"type":"MultiLineString","coordinates":[[[-4.331340000000671,42.4143299999996],[-4.31207,42.51070000000077],[-4.322117424078316,42.599404982299504]]]},"properties":{}},{"type":"Feature","geometry":{"type":"MultiLineString","coordinates":[[[1.23071,41.11620000000044],[1.160040000000804,41.38746],[0.981093053435643,41.43050069822774]]]},"properties":{}},{"type":"Feature","geometry":{"type":"MultiLineString","coordinates":[[[0.981093053435667,41.43050069822777],[0.874869999999769,41.52237000000051],[0.625938000000139,41.615953500000124]]]},"properties":{}},{"type":"Feature","geometry":{"type":"MultiLineString","coordinates":[[[-8.42494000000057,41.54623],[-8.460629999999503,41.60405],[-8.540580000000565,41.679],[-8.597690000000496,41.796790000000414],[-8.596653682159882,41.833115147020074]]]},"properties":{}},{"type":"Feature","geometry":{"type":"MultiLineString","coordinates":[[[-8.596653682159882,41.83311514702006],[-8.622670000000614,41.88744000000072],[-8.607679999999016,41.920990000000586],[-8.645510000000197,41.94455000000025],[-8.645101372568343,42.04815337809888]]]},"properties":{}},{"type":"Feature","geometry":{"type":"MultiLineString","coordinates":[[[-5.743259999999224,41.51456999999947],[-5.651180000000636,41.54098999999945],[-5.522689999999671,41.54527000000064],[-5.399900000000287,41.52814000000047],[-5.337799999999334,41.5816699999997],[-5.30425,41.63735000000094],[-5.255709999999453,41.656629999999616],[-5.161130000000412,41.65877],[-4.830980000000636,41.592380000000155],[-4.772440000000643,41.51029000000024],[-4.758159999999407,41.44319],[-4.733889999999519,41.4082099999996],[-4.688920000000508,41.38109000000084],[-4.637880000000223,41.313270000000564],[-4.530810000000145,41.22333000000076]]]},"properties":{}},{"type":"Feature","geometry":{"type":"MultiLineString","coordinates":[[[-8.625570000000145,40.03808000000027],[-8.564889999999618,40.05450000000027],[-8.493909,40.099889]]]},"properties":{}},{"type":"Feature","geometry":{"type":"MultiLineString","coordinates":[[[-6.891637390203927,39.72497927851092],[-6.965889999999464,39.78370999999968],[-7.090099999999327,39.82940000000057],[-7.176470000000261,39.947899999999215],[-7.182189999999421,39.99215000000021],[-7.236590830947205,40.03126979048801],[-7.239819631298327,40.063901527683726],[-7.368402184832906,40.19821772070722]]]},"properties":{}},{"type":"Feature","geometry":{"type":"MultiLineString","coordinates":[[[-0.871757007705305,41.64972330931468],[-0.977409808115408,41.63473329306857],[-1.212986024103458,41.63759339610332],[-1.317558840158535,41.54122303058298],[-1.430351839066796,41.48982285029686],[-1.562415362592317,41.387032453505654],[-1.623446970826982,41.37632242338906],[-1.696978916779738,41.33992228592239],[-1.839032651983396,41.3220722386282],[-1.918984761629611,41.28210208188923],[-2.138102505729717,41.29734817538964],[-2.188076126897519,41.2472833587947],[-2.378356814646904,41.196441759216775],[-2.462949030914394,41.132911487150984],[-2.634273508110667,41.0729412250021],[-2.689234938878164,41.01584097397022],[-2.829508585474247,40.924460563777544],[-3.07222490241533,40.89877042066253],[-3.116486043317984,40.85879023707716]]]},"properties":{}},{"type":"Feature","geometry":{"type":"MultiLineString","coordinates":[[[-3.11624603714144,40.85903023817756],[-3.159077128219528,40.78407989857541],[-3.209048367550906,40.607759100244905],[-3.271149954098176,40.54707881362352],[-3.37109251369125,40.482838499633395],[-3.424983864858908,40.38717804970411],[-3.504225865187536,40.29366759885582],[-3.579897732051551,40.13090682184146],[-3.563057282496579,40.096286664944294],[-3.581617715069922,40.00919625052935],[-3.676560117691253,39.95423596173152],[-4.022068895625122,39.86143539363579]]]},"properties":{}},{"type":"Feature","geometry":{"type":"MultiLineString","coordinates":[[[-0.515639000000115,38.988847],[-0.44352000000062,39.130699999999756],[-0.375710000000171,39.43194000000043]]]},"properties":{}},{"type":"Feature","geometry":{"type":"MultiLineString","coordinates":[[[-0.133485898329018,39.85699456350234],[-0.148709999999311,39.82027000000025],[-0.275887,39.676219],[-0.291796336930387,39.64829067295606],[-0.290049999999502,39.592559999999146],[-0.34144,39.53331000000073],[-0.363107793370629,39.47379119176047]]]},"properties":{}},{"type":"Feature","geometry":{"type":"MultiLineString","coordinates":[[[0.625938,41.61595350000007],[0.829890000000818,41.60874999999942],[1.054748298784443,41.569696484239344]]]},"properties":{}},{"type":"Feature","geometry":{"type":"MultiLineString","coordinates":[[[2.282769999999863,41.5980400000008],[2.385560000000661,41.55020999999953],[2.447864,41.539531]]]},"properties":{}},{"type":"Feature","geometry":{"type":"MultiLineString","coordinates":[[[-9.212325647800157,38.76336699602703],[-9.135507,38.707166],[-9.12630999999955,38.763279999999426],[-9.145787986694423,38.82390954652712]]]},"properties":{}},{"type":"Feature","geometry":{"type":"MultiLineString","coordinates":[[[-7.954760000000504,38.52485999999958],[-8.073969999999454,38.50487000000067],[-8.2517200000001,38.44705000000079]]]},"properties":{}},{"type":"Feature","geometry":{"type":"MultiLineString","coordinates":[[[-6.35788244394934,38.609344965545965],[-6.377150000000261,38.87409],[-6.340100666669994,38.91609650000005]]]},"properties":{}},{"type":"Feature","geometry":{"type":"MultiLineString","coordinates":[[[-6.193036080355495,37.44058253837949],[-6.093919999999263,37.419830000000836],[-6.070369999999363,37.42483],[-6.033960000000609,37.47052000000083]]]},"properties":{}},{"type":"Feature","geometry":{"type":"MultiLineString","coordinates":[[[-6.658026309422583,37.375238092537096],[-6.401589999999438,37.44695999999942],[-6.193036080355435,37.44058253837949]]]},"properties":{}},{"type":"Feature","geometry":{"type":"MultiLineString","coordinates":[[[-1.722773,38.918645],[-1.672749999999614,38.87800000000061],[-1.512140000000632,38.822330000000896],[-1.379720000000806,38.81589999999961],[-1.331889999999495,38.74309],[-1.165209999999037,38.6795600000006],[-1.094539999999794,38.67312999999933],[-1.029580000000464,38.69883],[-0.874320000000718,38.82732000000037],[-0.757250000000477,38.87228999999939],[-0.5823600000002,38.97009000000087],[-0.515639000000112,38.98884700000015]]]},"properties":{}},{"type":"Feature","geometry":{"type":"MultiLineString","coordinates":[[[-2.694845,38.692191],[-2.376550000000837,38.91633],[-2.353783,38.94902]]]},"properties":{}},{"type":"Feature","geometry":{"type":"MultiLineString","coordinates":[[[-1.702431016175829,38.71090675379162],[-1.731840000000273,38.88780000000061],[-1.722773,38.918645]]]},"properties":{}},{"type":"Feature","geometry":{"type":"MultiLineString","coordinates":[[[-5.927867,36.467791],[-5.85822,36.37763000000089],[-5.73329,36.313379999999746],[-5.603380000000421,36.295539999999164],[-5.489159999999065,36.185610000000494],[-5.43562,36.17847000000088]]]},"properties":{}},{"type":"Feature","geometry":{"type":"MultiLineString","coordinates":[[[-3.063616653605383,37.579081197792924],[-3.107229999999579,37.535480000000575],[-3.165769999999384,37.378430000000854],[-3.130600000000356,37.29522999999977],[-3.0685,37.35018999999925],[-2.939290000000103,37.41729],[-2.664469999999637,37.53364999999956],[-2.407129999999492,37.55292000000014]]]},"properties":{}},{"type":"Feature","geometry":{"type":"MultiLineString","coordinates":[[[-2.407129999999492,37.55292000000014],[-2.139789999999198,37.63145000000095],[-2.047710000000678,37.677850000000106]]]},"properties":{}},{"type":"Feature","geometry":{"type":"MultiLineString","coordinates":[[[-8.645560000000804,42.048179999999775],[-8.553480000000338,42.09528999999947],[-8.519210000000234,42.13955],[-8.518500000000103,42.414370000000524],[-8.56204000000069,42.63494999999985],[-8.543396724494832,42.782257242638885]]]},"properties":{}},{"type":"Feature","geometry":{"type":"MultiLineString","coordinates":[[[-0.45755977550598,44.167007055447606],[-0.33273,44.26146999999946],[-0.24136,44.37710999999945],[-0.217800000000352,44.42994]]]},"properties":{}},{"type":"Feature","geometry":{"type":"MultiLineString","coordinates":[[[-0.609469999999379,43.17877000000047],[-0.578059999999792,43.24445000000023],[-0.434654999999795,43.332678]]]},"properties":{}},{"type":"Feature","geometry":{"type":"MultiLineString","coordinates":[[[-0.732959999999338,42.83756],[-0.688700000000599,42.90894],[-0.59804000000064,42.95463000000016]]]},"properties":{}},{"type":"Feature","geometry":{"type":"MultiLineString","coordinates":[[[-9.243749999999634,39.10722999999973],[-9.295860000000118,39.08153999999922],[-9.230190000000164,39.1157999999997],[-9.182360000000699,39.18647000000062],[-9.168799999999408,39.25143000000037],[-9.192349999999294,39.341370000000154]]]},"properties":{}},{"type":"Feature","geometry":{"type":"MultiLineString","coordinates":[[[-9.182699999999206,39.02383000000015],[-9.182699999999363,39.060949999999025],[-9.211970000000266,39.08592999999938]]]},"properties":{}},{"type":"Feature","geometry":{"type":"MultiLineString","coordinates":[[[-6.340100666670028,38.91609650000008],[-6.39988000000087,38.93988000000017],[-6.548720000000414,38.886339999999144],[-6.67649,38.8813499999998],[-6.78571,38.92418000000014],[-7.016639999999818,38.94487999999924],[-7.060180000000401,38.967720000000725],[-7.127964746855649,39.03765943223709]]]},"properties":{}},{"type":"Feature","geometry":{"type":"MultiLineString","coordinates":[[[-6.340100666670034,38.91609650000016],[-6.377150000000274,38.87409],[-6.358759999999083,38.58839000000099]]]},"properties":{}},{"type":"Feature","geometry":{"type":"MultiLineString","coordinates":[[[-5.077409999999784,37.5386299999992],[-5.14522000000016,37.47509999999957],[-5.173769999999392,37.41371000000076],[-5.163780000000591,37.36516999999903],[-5.12809,37.32091000000045],[-5.099275,37.246621]]]},"properties":{}},{"type":"Feature","geometry":{"type":"MultiLineString","coordinates":[[[-5.044579999999639,37.12358999999932],[-4.843989999999359,37.279210000000646],[-4.690269999999135,37.23170000000018],[-4.647440000000642,37.17030999999963],[-4.626019999999631,37.04967000000045],[-4.591759999999124,37.04396000000106],[-4.551069999999547,37.01182999999946]]]},"properties":{}},{"type":"Feature","geometry":{"type":"MultiLineString","coordinates":[[[-5.099275,37.246621],[-5.050289999998972,37.16285000000083],[-5.044579999999722,37.12358999999932]]]},"properties":{}},{"type":"Feature","geometry":{"type":"MultiLineString","coordinates":[[[-5.996699999999699,37.38271],[-5.96529,37.33274999999969],[-5.982420000000181,37.280640000000965]]]},"properties":{}},{"type":"Feature","geometry":{"type":"MultiLineString","coordinates":[[[-5.982420000000181,37.280640000000965],[-5.913889999999784,37.172850000000814],[-5.869640000000798,37.14214999999977],[-5.811100000000714,37.06006],[-5.808960000000261,37.01366000000068],[-5.829329999999895,36.990065]]]},"properties":{}},{"type":"Feature","geometry":{"type":"MultiLineString","coordinates":[[[-4.617862282301036,36.715777498438186],[-4.534649999999523,36.70132000000028],[-4.450419999999107,36.72986999999928],[-4.404730000000161,36.72914999999926]]]},"properties":{}},{"type":"Feature","geometry":{"type":"MultiLineString","coordinates":[[[-5.810419,35.787168],[-5.805379999999786,35.72867000000046],[-5.835119999999637,35.66978000000034]]]},"properties":{}},{"type":"Feature","geometry":{"type":"MultiLineString","coordinates":[[[-5.835800000000745,34.1392300000008],[-5.766610000000583,34.05657000000059],[-5.57935,34.04480999999942]]]},"properties":{}}]}