{"type":"FeatureCollection","features":[{"type":"Feature","geometry":{"type":"MultiLineString","coordinates":[[[26.15629000000081,34.94115000000056],[26.15629000000081,34.94115000000056]]]},"properties":{}},{"type":"Feature","geometry":{"type":"MultiLineString","coordinates":[[[23.59756326676245,35.628154978602026],[23.597610000000714,35.62817]],[[23.59756326676245,35.628154978602026],[23.65781000000061,35.4974299999995],[23.721419999999853,35.514080000000774],[23.735660000000337,35.69573999999915],[23.790339999999674,35.54041999999936],[23.993860000000552,35.512399999999616],[24.08168,35.5940300000002],[24.17259000000024,35.58972],[24.181479999999283,35.50367999999986],[24.064029999999548,35.48967000000084],[24.239530000000684,35.475819999999715],[24.290310000000318,35.353740000000585],[24.97372999999976,35.432670000000144],[25.05211000000054,35.34216000000026],[25.43113000000085,35.29442000000029],[25.77397000000019,35.34172000000041],[25.712630000000104,35.16652000000062],[25.810820000000604,35.11006000000094],[26.0245699999997,35.22977],[26.16034000000036,35.19932999999946],[26.31308,35.31828999999931],[26.266470000000538,35.265489999999716],[26.316849999999363,35.17815999999954],[26.233210000000327,35.03442],[26.11737,34.99547],[25.97352,35.03813000000093],[24.73600000000073,34.920690000000945],[24.739830000000552,35.082050000001004],[24.3889,35.19308],[23.588180000000648,35.23008999999922],[23.514499999999373,35.305790000000286],[23.59756326676245,35.628154978602026]],[[23.59734000000026,35.62844000000052],[23.59756326676245,35.628154978602026]]]},"properties":{}},{"type":"Feature","geometry":{"type":"MultiLineString","coordinates":[[[25.717490000000907,34.868430000000444],[25.717490000000907,34.868430000000444]]]},"properties":{}},{"type":"Feature","geometry":{"type":"MultiLineString","coordinates":[[[25.148059999999532,31.64857999999913],[25.0,31.959000000000742]]]},"properties":{}},{"type":"Feature","geometry":{"type":"MultiLineString","coordinates":[[[30.374630000000252,31.462289999999484],[30.97031000000061,31.58242000000064],[30.545749999999316,31.390559999999823],[30.729310000000623,31.38568999999916],[30.79186,31.446029999999155],[30.89575,31.411529999999402],[31.02180000000044,31.51657999999952],[31.147290000000794,31.50332999999955],[31.046990000000733,31.57054000000062],[31.073060000000623,31.603250000000116],[31.563969999999244,31.441059999999197],[31.899419999999736,31.535400000000664],[32.04449000000022,31.370709999999235],[32.604629999999815,31.058390000000145]],[[30.114260000000286,31.327769999999873],[30.141939999999522,31.271500000000742],[30.252469999999448,31.298969999999827],[30.374369999999544,31.462030000000595]],[[32.01845999999932,31.311369999999442],[32.027179999999134,31.30703]],[[30.123240000000806,31.37061],[30.123240000000806,31.37061]],[[30.019210000000385,31.295959999999468],[30.019469999999274,31.29621000000043]],[[29.79308999999921,31.147220000000743],[29.79360000000088,31.146969999999783]],[[29.78744,31.145689999999377],[29.78770000000077,31.145940000000337]],[[29.77693,31.14208999999937],[29.777179999999134,31.14184000000023]],[[29.133190000000468,30.81567],[29.538000000000466,30.964529999999286],[30.114509999999427,31.328279999999722]]]},"properties":{}},{"type":"Feature","geometry":{"type":"MultiLineString","coordinates":[[[25.148059999999532,31.64857999999913],[25.16921999999977,31.537469999999303],[25.276490000000194,31.506869999999253],[25.91661000000022,31.62658999999985],[27.33570999999938,31.372729999999137],[27.443450000000666,31.2163],[27.690529999999853,31.177999999999884],[27.86186000000089,31.245639999999185],[27.936579999999594,31.09433],[28.430560000000696,31.088910000000396],[29.133190000000468,30.81567]]]},"properties":{}},{"type":"Feature","geometry":{"type":"MultiLineString","coordinates":[[[35.9331600000005,36.880489999999554],[35.79335,36.76550999999927],[35.5623599999999,36.71308999999928],[35.55991,36.60494],[35.33936,36.53886000000057],[35.33285000000069,36.660579999999754],[34.993389999999636,36.78917]]]},"properties":{}},{"type":"Feature","geometry":{"type":"MultiLineString","coordinates":[[[35.91706999999951,35.92828],[35.98154000000068,36.00884000000042],[35.77963000000091,36.32113000000027],[36.21407,36.65475999999944],[36.20481,36.7878],[36.12183,36.8807199999992],[36.02720000000045,36.93181],[35.93231000000014,36.87973000000056]]]},"properties":{}},{"type":"Feature","geometry":{"type":"MultiLineString","coordinates":[[[35.91706999999951,35.92828],[35.79932999999983,35.854989999999816],[35.8432499999999,35.73975000000064],[35.7189699999999,35.579859999999826],[35.91444000000047,35.41599999999926],[35.93267999999989,35.257949999999255]]]},"properties":{}},{"type":"Feature","geometry":{"type":"MultiLineString","coordinates":[[[34.01737999999932,34.98063999999982],[34.07135000000011,34.96140000000025]],[[33.9013699999997,34.96255000000019],[34.01719000000048,34.98063999999982]],[[34.07115999999951,34.96101000000101],[34.07345999999973,34.9941]],[[33.716089999999895,34.98025000000064],[33.901079999999695,34.96274000000096]],[[33.27069999999918,34.70881999999983],[33.60373000000078,34.81579000000056],[33.60247999999967,34.90871999999939],[33.62344999999925,34.84754000000066],[33.716280000000665,34.98025000000064]],[[32.30844000000076,35.00210999999956],[32.40194,34.75333999999941],[32.63926,34.662570000000414]],[[32.638680000000136,34.66275999999925],[32.757100000000776,34.65179999999958]],[[33.018570000000295,34.64853000000045],[33.27108000000044,34.70881999999983]],[[32.75652000000093,34.65179999999958],[33.01818,34.64853000000045]],[[33.65279000000015,35.35958000000022],[33.075899999999876,35.35304],[32.91995999999938,35.404790000000446],[32.93361999999985,35.261839999999154]],[[32.93419999999969,35.261459999999715],[32.83964000000026,35.14351999999974],[32.56221,35.17041000000063]],[[32.56258999999966,35.17041000000063],[32.40681000000052,35.03886000000057],[32.28266000000076,35.105809999999224],[32.30844000000076,35.00249000000082]],[[34.07327000000089,34.99390999999929],[33.907240000000456,35.15783000000016],[33.90569999999934,35.256530000000566],[34.594080000000815,35.69745999999935],[33.652219999999886,35.35958000000022]],[[34.41909999999916,35.64794000000086],[34.41891000000027,35.64794000000086]],[[34.182070000000806,35.56481999999971],[34.1822599999997,35.56502000000012]],[[34.16860000000099,35.559240000000614],[34.168990000000235,35.559240000000614]],[[34.05384000000049,35.48539999999957],[34.05384000000049,35.485020000000134]],[[32.310359999999605,34.90186999999963],[32.310359999999605,34.901680000000795]]]},"properties":{}},{"type":"Feature","geometry":{"type":"MultiLineString","coordinates":[[[35.93267999999989,35.257949999999255],[35.86148999999932,34.9136],[35.971410000000105,34.64324999999917]]]},"properties":{}},{"type":"Feature","geometry":{"type":"MultiLineString","coordinates":[[[35.97095000000081,34.64465000000018],[35.98655999999937,34.52806000000055],[35.8074400000005,34.456060000000434],[35.65259999999944,34.225500000000466]]]},"properties":{}},{"type":"Feature","geometry":{"type":"MultiLineString","coordinates":[[[35.65259999999944,34.225500000000466],[35.64307999999983,33.9999200000002],[35.548399999999674,33.903259999999136]]]},"properties":{}},{"type":"Feature","geometry":{"type":"MultiLineString","coordinates":[[[35.548399999999674,33.903259999999136],[35.46991999999955,33.900509999999485],[35.482889999999315,33.85743]]]},"properties":{}},{"type":"Feature","geometry":{"type":"MultiLineString","coordinates":[[[35.482889999999315,33.85743],[35.382550000000265,33.58122999999978]]]},"properties":{}},{"type":"Feature","geometry":{"type":"MultiLineString","coordinates":[[[35.382550000000265,33.58122999999989],[35.106270000000336,33.088879999999335]]]},"properties":{}},{"type":"Feature","geometry":{"type":"MultiLineString","coordinates":[[[35.10627000000022,33.088879999999335],[35.070879999999306,32.86631]]]},"properties":{}},{"type":"Feature","geometry":{"type":"MultiLineString","coordinates":[[[35.070879999999306,32.86631],[34.95427000000018,32.821029999999155],[34.867560000000594,32.41087999999945]]]},"properties":{}},{"type":"Feature","geometry":{"type":"MultiLineString","coordinates":[[[34.800750000000335,32.192259999999806],[34.867560000000594,32.41087999999945]]]},"properties":{}},{"type":"Feature","geometry":{"type":"MultiLineString","coordinates":[[[34.733759999999165,32.01388000000043],[34.800750000000335,32.192259999999806]]]},"properties":{}},{"type":"Feature","geometry":{"type":"MultiLineString","coordinates":[[[34.670210000000225,31.874980000000505],[34.733759999999165,32.01388000000043]]]},"properties":{}},{"type":"Feature","geometry":{"type":"MultiLineString","coordinates":[[[34.64799999999923,31.830309999999372],[34.670210000000225,31.874980000000505]]]},"properties":{}},{"type":"Feature","geometry":{"type":"MultiLineString","coordinates":[[[34.64799999999923,31.830309999999372],[34.64021999999932,31.81572000000051]]]},"properties":{}},{"type":"Feature","geometry":{"type":"MultiLineString","coordinates":[[[34.64021999999932,31.81572000000051],[34.48947000000044,31.594059999999445]]]},"properties":{}},{"type":"Feature","geometry":{"type":"MultiLineString","coordinates":[[[34.48947000000044,31.594059999999445],[34.21826999999939,31.327110000000175]]]},"properties":{}},{"type":"Feature","geometry":{"type":"MultiLineString","coordinates":[[[27.063620000000924,31.41740000000027],[27.063620000000924,31.41740000000027]]]},"properties":{}},{"type":"Feature","geometry":{"type":"MultiLineString","coordinates":[[[27.079700000000344,31.4071399999994],[27.079700000000344,31.4071399999994]]]},"properties":{}},{"type":"Feature","geometry":{"type":"MultiLineString","coordinates":[[[26.992480000000796,31.444760000000315],[26.99214000000029,31.44510000000082]]]},"properties":{}},{"type":"Feature","geometry":{"type":"MultiLineString","coordinates":[[[27.004109999999855,31.439969999999448],[27.004790000000867,31.439969999999448]]]},"properties":{}},{"type":"Feature","geometry":{"type":"MultiLineString","coordinates":[[[26.6299199999994,31.52035000000069],[26.6299199999994,31.52035000000069]]]},"properties":{}},{"type":"Feature","geometry":{"type":"MultiLineString","coordinates":[[[26.611109999999826,31.52650999999969],[26.61077,31.526850000000195]]]},"properties":{}},{"type":"Feature","geometry":{"type":"MultiLineString","coordinates":[[[26.598449999999502,31.52582000000075],[26.598799999999756,31.526169999999183]]]},"properties":{}},{"type":"Feature","geometry":{"type":"MultiLineString","coordinates":[[[23.120670000000246,32.4051500000005],[23.120670000000246,32.4054500000002]]]},"properties":{}},{"type":"Feature","geometry":{"type":"MultiLineString","coordinates":[[[20.006579999999303,30.800610000000233],[20.006579999999303,30.800310000000536]]]},"properties":{}},{"type":"Feature","geometry":{"type":"MultiLineString","coordinates":[[[19.95568,30.75988999999936],[19.955980000000636,30.760190000000875]]]},"properties":{}},{"type":"Feature","geometry":{"type":"MultiLineString","coordinates":[[[19.92993000000024,30.724560000000565],[19.93023,30.72395999999935]]]},"properties":{}},{"type":"Feature","geometry":{"type":"MultiLineString","coordinates":[[[10.31500000000051,34.37591000000066],[10.314700000000812,34.37591000000066]]]},"properties":{}},{"type":"Feature","geometry":{"type":"MultiLineString","coordinates":[[[10.289549999999508,34.35316000000057],[10.290150000000722,34.35375000000022]]]},"properties":{}},{"type":"Feature","geometry":{"type":"MultiLineString","coordinates":[[[11.16468999999961,35.221190000000206],[11.164989999999307,35.2199899999996]]]},"properties":{}},{"type":"Feature","geometry":{"type":"MultiLineString","coordinates":[[[11.017400000000634,35.64870999999948],[11.017099999999118,35.64901]]]},"properties":{}},{"type":"Feature","geometry":{"type":"MultiLineString","coordinates":[[[10.335329999999885,37.18691000000035],[10.335629999999583,37.18691000000035]]]},"properties":{}},{"type":"Feature","geometry":{"type":"MultiLineString","coordinates":[[[8.87692000000061,37.49990000000071],[8.877619999999297,37.500239999999394]]]},"properties":{}},{"type":"Feature","geometry":{"type":"MultiLineString","coordinates":[[[7.162399999999252,37.08208000000013],[7.162599999999657,37.08208000000013]]]},"properties":{}},{"type":"Feature","geometry":{"type":"MultiLineString","coordinates":[[[6.885570000000371,36.9388],[6.885570000000371,36.9388]]]},"properties":{}},{"type":"Feature","geometry":{"type":"MultiLineString","coordinates":[[[5.652249999999185,36.80181000000084],[5.652249999999185,36.80181000000084]]]},"properties":{}},{"type":"Feature","geometry":{"type":"MultiLineString","coordinates":[[[5.608720000000176,36.78569000000061],[5.608720000000176,36.78569000000061]]]},"properties":{}},{"type":"Feature","geometry":{"type":"MultiLineString","coordinates":[[[5.4789,36.679949999999735],[5.4789,36.67974999999933]]]},"properties":{}},{"type":"Feature","geometry":{"type":"MultiLineString","coordinates":[[[4.997950000000856,36.82872999999927],[4.997950000000856,36.82872999999927]]]},"properties":{}},{"type":"Feature","geometry":{"type":"MultiLineString","coordinates":[[[3.356540000000678,36.78557],[3.356739999999263,36.78557]]]},"properties":{}},{"type":"Feature","geometry":{"type":"MultiLineString","coordinates":[[[1.523370000000796,36.54598000000078],[1.523170000000391,36.54598000000078]]]},"properties":{}},{"type":"Feature","geometry":{"type":"MultiLineString","coordinates":[[[-1.478740000000471,35.32474],[-1.478740000000471,35.32474]]]},"properties":{}},{"type":"Feature","geometry":{"type":"MultiLineString","coordinates":[[[-2.440629999999146,35.18283],[-2.44094000000041,35.183139999999185]]]},"properties":{}},{"type":"Feature","geometry":{"type":"MultiLineString","coordinates":[[[-5.414730000000418,35.91532],[-5.414730000000418,35.91509000000042]]]},"properties":{}},{"type":"Feature","geometry":{"type":"MultiLineString","coordinates":[[[-0.986450000000332,37.56637000000046],[-0.985989999999219,37.56637000000046]]]},"properties":{}},{"type":"Feature","geometry":{"type":"MultiLineString","coordinates":[[[0.22987,38.757009999999354],[0.229639999999563,38.756789999999455]]]},"properties":{}},{"type":"Feature","geometry":{"type":"MultiLineString","coordinates":[[[1.583629999999175,38.98934999999983],[1.583800000000338,38.98934999999983]]]},"properties":{}},{"type":"Feature","geometry":{"type":"MultiLineString","coordinates":[[[1.589830000000802,39.006719999999405],[1.589830000000802,39.006719999999405]]]},"properties":{}},{"type":"Feature","geometry":{"type":"MultiLineString","coordinates":[[[1.436970000000656,38.892040000000634],[1.43714,38.89186999999947]]]},"properties":{}},{"type":"Feature","geometry":{"type":"MultiLineString","coordinates":[[[1.21306,38.87391000000025],[1.213229999999385,38.87391000000025]]]},"properties":{}},{"type":"Feature","geometry":{"type":"MultiLineString","coordinates":[[[-8.778809999999794,42.62156999999934],[-8.778809999999794,42.62183999999979]]]},"properties":{}},{"type":"Feature","geometry":{"type":"MultiLineString","coordinates":[[[-6.02794,36.16986],[-6.028169999999591,36.16986]]]},"properties":{}},{"type":"Feature","geometry":{"type":"MultiLineString","coordinates":[[[-6.471299999999246,36.74893999999949],[-6.471299999999246,36.74893999999949]]]},"properties":{}},{"type":"Feature","geometry":{"type":"MultiLineString","coordinates":[[[-9.511070000000473,39.418470000000525],[-9.511070000000473,39.418470000000525]]]},"properties":{}},{"type":"Feature","geometry":{"type":"MultiLineString","coordinates":[[[5.336010000000897,43.21292999999969],[5.335810000000492,43.21292999999969]]]},"properties":{}},{"type":"Feature","geometry":{"type":"MultiLineString","coordinates":[[[5.363289999999324,43.20087000000058],[5.363499999999476,43.20108000000073]]]},"properties":{}},{"type":"Feature","geometry":{"type":"MultiLineString","coordinates":[[[5.384830000000875,43.1908199999998],[5.384620000000723,43.1908199999998]]]},"properties":{}},{"type":"Feature","geometry":{"type":"MultiLineString","coordinates":[[[5.3723200000004,43.179330000000846],[5.3723200000004,43.17953999999918]]]},"properties":{}},{"type":"Feature","geometry":{"type":"MultiLineString","coordinates":[[[5.616099999999278,43.16292000000067],[5.615889999999126,43.16292000000067]]]},"properties":{}},{"type":"Feature","geometry":{"type":"MultiLineString","coordinates":[[[5.746139999999286,43.12978],[5.746139999999286,43.12978]]]},"properties":{}},{"type":"Feature","geometry":{"type":"MultiLineString","coordinates":[[[6.14185,43.01959],[6.14185,43.019790000000285]]]},"properties":{}},{"type":"Feature","geometry":{"type":"MultiLineString","coordinates":[[[7.055340000000797,43.50920000000042],[7.055749999999534,43.50941000000057]]]},"properties":{}},{"type":"Feature","geometry":{"type":"MultiLineString","coordinates":[[[8.225119999999151,44.027570000000196],[8.225119999999151,44.027570000000196]]]},"properties":{}},{"type":"Feature","geometry":{"type":"MultiLineString","coordinates":[[[9.845789999999397,44.046290000000226],[9.846059999999852,44.046290000000226]]]},"properties":{}},{"type":"Feature","geometry":{"type":"MultiLineString","coordinates":[[[9.851800000000367,44.027969999999186],[9.851800000000367,44.028519999999844]]]},"properties":{}},{"type":"Feature","geometry":{"type":"MultiLineString","coordinates":[[[10.471310000000813,42.868060000000696],[10.471310000000813,42.8687000000009]]]},"properties":{}},{"type":"Feature","geometry":{"type":"MultiLineString","coordinates":[[[10.5468,42.86168],[10.547119999999268,42.86198999999942]]]},"properties":{}},{"type":"Feature","geometry":{"type":"MultiLineString","coordinates":[[[14.164520000000266,40.79874000000018],[14.164520000000266,40.79874000000018]]]},"properties":{}},{"type":"Feature","geometry":{"type":"MultiLineString","coordinates":[[[14.439449999999852,40.72161000000051],[14.439210000000458,40.72161000000051]]]},"properties":{}},{"type":"Feature","geometry":{"type":"MultiLineString","coordinates":[[[14.435380000000805,40.58324],[14.435139999999592,40.58347999999933]]]},"properties":{}},{"type":"Feature","geometry":{"type":"MultiLineString","coordinates":[[[14.429159999999683,40.58157000000028],[14.429159999999683,40.58133000000089]]]},"properties":{}},{"type":"Feature","geometry":{"type":"MultiLineString","coordinates":[[[14.900390000000698,40.25647000000026],[14.900110000000495,40.25674000000072]]]},"properties":{}},{"type":"Feature","geometry":{"type":"MultiLineString","coordinates":[[[16.182590000000346,41.88963999999942],[16.182590000000346,41.88963999999942]]]},"properties":{}},{"type":"Feature","geometry":{"type":"MultiLineString","coordinates":[[[15.89499000000069,41.5658999999996],[15.895200000000841,41.56610999999975]]]},"properties":{}},{"type":"Feature","geometry":{"type":"MultiLineString","coordinates":[[[16.288189999999304,41.33503000000019],[16.288609999999608,41.33524000000034]]]},"properties":{}},{"type":"Feature","geometry":{"type":"MultiLineString","coordinates":[[[17.96766000000025,40.66299000000072],[17.96766000000025,40.66299000000072]]]},"properties":{}},{"type":"Feature","geometry":{"type":"MultiLineString","coordinates":[[[16.12795,38.72689999999966],[16.128160000000207,38.72710999999981]]]},"properties":{}},{"type":"Feature","geometry":{"type":"MultiLineString","coordinates":[[[15.801799999999275,39.70046999999977],[15.80138000000079,39.700259999999616]]]},"properties":{}},{"type":"Feature","geometry":{"type":"MultiLineString","coordinates":[[[15.770570000000589,39.876280000000406],[15.770570000000589,39.87648000000081]]]},"properties":{}},{"type":"Feature","geometry":{"type":"MultiLineString","coordinates":[[[15.715360000000146,39.96512000000075],[15.715360000000146,39.965330000000904]]]},"properties":{}},{"type":"Feature","geometry":{"type":"MultiLineString","coordinates":[[[15.165979999999763,37.56259999999929],[15.165979999999763,37.56238999999914]]]},"properties":{}},{"type":"Feature","geometry":{"type":"MultiLineString","coordinates":[[[15.282900000000154,37.00409000000036],[15.282900000000154,37.00409000000036]]]},"properties":{}},{"type":"Feature","geometry":{"type":"MultiLineString","coordinates":[[[15.144710000000487,36.686719999999696],[15.144710000000487,36.686719999999696]]]},"properties":{}},{"type":"Feature","geometry":{"type":"MultiLineString","coordinates":[[[13.93377,37.09238],[13.933979999999792,37.09238]]]},"properties":{}},{"type":"Feature","geometry":{"type":"MultiLineString","coordinates":[[[13.658649999999398,37.19318000000021],[13.658439999999246,37.19318000000021]]]},"properties":{}},{"type":"Feature","geometry":{"type":"MultiLineString","coordinates":[[[12.466990000000806,37.870709999999235],[12.466990000000806,37.87091999999939]]]},"properties":{}},{"type":"Feature","geometry":{"type":"MultiLineString","coordinates":[[[12.42634,37.99181999999928],[12.425709999999526,37.99181999999928]]]},"properties":{}},{"type":"Feature","geometry":{"type":"MultiLineString","coordinates":[[[12.413979999999356,37.99160999999913],[12.413979999999356,37.99119000000064]]]},"properties":{}},{"type":"Feature","geometry":{"type":"MultiLineString","coordinates":[[[12.496639999999388,38.011389999999665],[12.497059999999692,38.01096999999936]]]},"properties":{}},{"type":"Feature","geometry":{"type":"MultiLineString","coordinates":[[[13.23968000000059,38.20902000000024],[13.23968000000059,38.20917]]]},"properties":{}},{"type":"Feature","geometry":{"type":"MultiLineString","coordinates":[[[13.229699999999866,38.21534000000065],[13.22984,38.21534000000065]]]},"properties":{}},{"type":"Feature","geometry":{"type":"MultiLineString","coordinates":[[[13.712219999999434,37.985640000000785],[13.712219999999434,37.985640000000785]]]},"properties":{}},{"type":"Feature","geometry":{"type":"MultiLineString","coordinates":[[[15.225169999999707,38.27162999999928],[15.225169999999707,38.27143000000069]]]},"properties":{}},{"type":"Feature","geometry":{"type":"MultiLineString","coordinates":[[[9.3732600000003,41.56380999999965],[9.37351999999919,41.56355000000076]]]},"properties":{}},{"type":"Feature","geometry":{"type":"MultiLineString","coordinates":[[[9.363349999999627,41.55258999999933],[9.363090000000739,41.55258999999933]]]},"properties":{}},{"type":"Feature","geometry":{"type":"MultiLineString","coordinates":[[[9.402179999999134,41.29664000000048],[9.4024100000006,41.29664000000048]]]},"properties":{}},{"type":"Feature","geometry":{"type":"MultiLineString","coordinates":[[[9.401729999999588,41.28705000000082],[9.401729999999588,41.28705000000082]]]},"properties":{}},{"type":"Feature","geometry":{"type":"MultiLineString","coordinates":[[[9.532740000000558,39.09029999999984],[9.5320499999998,39.09008]]]},"properties":{}},{"type":"Feature","geometry":{"type":"MultiLineString","coordinates":[[[8.400209999999788,39.33489],[8.400209999999788,39.33489]]]},"properties":{}},{"type":"Feature","geometry":{"type":"MultiLineString","coordinates":[[[13.728789999999208,45.550429999999324],[13.728789999999208,45.55003000000033]]]},"properties":{}},{"type":"Feature","geometry":{"type":"MultiLineString","coordinates":[[[13.650439999999435,45.54402999999911],[13.650439999999435,45.543830000000526]]]},"properties":{}},{"type":"Feature","geometry":{"type":"MultiLineString","coordinates":[[[13.578799999999319,45.19391999999971],[13.578799999999319,45.1937199999993]]]},"properties":{}},{"type":"Feature","geometry":{"type":"MultiLineString","coordinates":[[[13.588589999999385,45.139680000000226],[13.5883900000008,45.139680000000226]]]},"properties":{}},{"type":"Feature","geometry":{"type":"MultiLineString","coordinates":[[[16.342399999999543,42.37989000000016],[16.342399999999543,42.37989000000016]]]},"properties":{}},{"type":"Feature","geometry":{"type":"MultiLineString","coordinates":[[[33.155220000000554,36.11534000000029],[33.15546,36.11629999999968]]]},"properties":{}},{"type":"Feature","geometry":{"type":"MultiLineString","coordinates":[[[33.37759,36.1204],[33.37594,36.1200000000008]]]},"properties":{}},{"type":"Feature","geometry":{"type":"MultiLineString","coordinates":[[[19.9159,39.63966000000073],[19.916119999999864,39.63944000000083]]]},"properties":{}},{"type":"Feature","geometry":{"type":"MultiLineString","coordinates":[[[20.208259999999427,39.407390000000305],[20.208520000000135,39.407649999999194]]]},"properties":{}},{"type":"Feature","geometry":{"type":"MultiLineString","coordinates":[[[20.87343999999939,38.967749999999796],[20.87369000000035,38.967749999999796]]]},"properties":{}},{"type":"Feature","geometry":{"type":"MultiLineString","coordinates":[[[21.17273000000023,38.356879999999364],[21.17246999999952,38.356879999999364]]]},"properties":{}},{"type":"Feature","geometry":{"type":"MultiLineString","coordinates":[[[23.529959999999846,37.4375600000003],[23.530179999999746,37.4375600000003]]]},"properties":{}},{"type":"Feature","geometry":{"type":"MultiLineString","coordinates":[[[23.53651,37.44117],[23.536959999999453,37.44139]]]},"properties":{}},{"type":"Feature","geometry":{"type":"MultiLineString","coordinates":[[[23.252000000000407,37.82207000000017],[23.252000000000407,37.82155000000057]]]},"properties":{}},{"type":"Feature","geometry":{"type":"MultiLineString","coordinates":[[[23.537050000000818,37.99647999999979],[23.537050000000818,37.99620999999934]]]},"properties":{}},{"type":"Feature","geometry":{"type":"MultiLineString","coordinates":[[[23.89921999999933,37.714599999999336],[23.899489999999787,37.714599999999336]]]},"properties":{}},{"type":"Feature","geometry":{"type":"MultiLineString","coordinates":[[[25.732029999999213,35.20154],[25.732029999999213,35.20154]]]},"properties":{}},{"type":"Feature","geometry":{"type":"MultiLineString","coordinates":[[[23.68354,35.2241699999995],[23.68354,35.2241699999995]]]},"properties":{}},{"type":"Feature","geometry":{"type":"MultiLineString","coordinates":[[[23.47624999999971,35.5895500000006],[23.475979999999254,35.589280000000144]]]},"properties":{}},{"type":"Feature","geometry":{"type":"MultiLineString","coordinates":[[[23.57618999999977,35.648810000000594],[23.576460000000225,35.64854000000014]]]},"properties":{}},{"type":"Feature","geometry":{"type":"MultiLineString","coordinates":[[[23.577540000000226,35.61460000000079],[23.57834,35.61460000000079]]]},"properties":{}},{"type":"Feature","geometry":{"type":"MultiLineString","coordinates":[[[23.57726999999977,35.5925100000004],[23.577540000000226,35.59278000000086]]]},"properties":{}},{"type":"Feature","geometry":{"type":"MultiLineString","coordinates":[[[2.976559999999154,39.170029999999315],[2.976800000000367,39.170029999999315]]]},"properties":{}},{"type":"Feature","geometry":{"type":"MultiLineString","coordinates":[[[37.60656000000017,45.64531999999963],[37.625739999999496,45.491900000000896],[37.60625000000073,45.64531999999963]]]},"properties":{}},{"type":"Feature","geometry":{"type":"MultiLineString","coordinates":[[[-1.15582,45.58083000000079],[-1.156100000000151,45.58110999999917]]]},"properties":{}},{"type":"Feature","geometry":{"type":"MultiLineString","coordinates":[[[33.05667,31.19991999999911],[32.92753000000084,31.144280000000435],[33.10657999999967,31.23029999999926],[33.26467000000048,31.21147000000019],[33.05667,31.19991999999911]]]},"properties":{}},{"type":"Feature","geometry":{"type":"MultiLineString","coordinates":[[[33.3429500000002,31.19728000000032],[33.47193999999945,31.134140000000116],[33.26714,31.211499999999432],[33.3429500000002,31.19728000000032]]]},"properties":{}},{"type":"Feature","geometry":{"type":"MultiLineString","coordinates":[[[33.137440000000424,31.11131000000023],[33.137440000000424,31.11131000000023]]]},"properties":{}},{"type":"Feature","geometry":{"type":"MultiLineString","coordinates":[[[33.33350000000064,31.11235999999917],[33.33350000000064,31.11235999999917]]]},"properties":{}},{"type":"Feature","geometry":{"type":"MultiLineString","coordinates":[[[33.36427999999978,31.103610000000117],[33.36427999999978,31.103610000000117]]]},"properties":{}},{"type":"Feature","geometry":{"type":"MultiLineString","coordinates":[[[33.287529999999606,31.097309999999197],[33.287529999999606,31.097309999999197]]]},"properties":{}},{"type":"Feature","geometry":{"type":"MultiLineString","coordinates":[[[33.383169999999154,31.101780000000872],[33.383169999999154,31.101780000000872]]]},"properties":{}},{"type":"Feature","geometry":{"type":"MultiLineString","coordinates":[[[32.88463000000047,31.09795],[32.88463000000047,31.09795]]]},"properties":{}},{"type":"Feature","geometry":{"type":"MultiLineString","coordinates":[[[33.37428,31.098110000000815],[33.37428,31.098110000000815]]]},"properties":{}},{"type":"Feature","geometry":{"type":"MultiLineString","coordinates":[[[34.21846,31.32690999999977],[33.8705800000007,31.160359999999855],[33.305309999999736,31.09675000000061],[33.36141999999927,31.060670000000755],[33.14169000000038,31.038500000000568],[33.10855000000083,31.18974999999955],[32.954390000000785,31.10131],[33.06416999999965,31.12343999999939],[33.01289,31.04714000000058],[32.92656999999963,31.102489999999307],[32.66469999999936,31.044690000000628],[32.91983000000073,31.14322],[32.604629999999815,31.05859000000055]]]},"properties":{}},{"type":"Feature","geometry":{"type":"MultiLineString","coordinates":[[[-2.017799999999625,50.6910599999992],[-2.017799999999625,50.6910599999992]]]},"properties":{}},{"type":"Feature","geometry":{"type":"MultiLineString","coordinates":[[[5.455110000000786,52.514579999999114],[5.455110000000786,52.514579999999114]]]},"properties":{}},{"type":"Feature","geometry":{"type":"MultiLineString","coordinates":[[[5.447969999999259,52.491729999999734],[5.447969999999259,52.491729999999734]]]},"properties":{}},{"type":"Feature","geometry":{"type":"MultiLineString","coordinates":[[[49.466889999999694,40.0],[49.388310000000274,39.79092],[49.419809999999416,39.69669000000067],[49.33280999999988,39.644749999999476],[49.27788999999939,39.496030000000246],[49.43928000000051,39.273919999999634],[49.256830000000264,39.3174199999994],[49.196029999999155,39.02277999999933],[49.10044000000016,38.9388],[49.054,38.955700000000434],[49.20628000000033,39.094279999999344],[49.09742,39.099529999999504],[49.019389999999476,39.21578000000045],[48.94539000000077,39.15733],[48.93633000000045,38.93902999999955],[48.82152999999926,38.867809999999736],[48.87942,38.4369999999999]]]},"properties":{}},{"type":"Feature","geometry":{"type":"MultiLineString","coordinates":[[[48.87942,38.4369999999999],[48.9325800000006,37.9008900000008],[49.07481,37.653190000000905],[49.46263999999974,37.47436000000016],[49.94344,37.467280000000756],[50.19944000000032,37.38536000000022],[50.29903000000013,37.1554500000002],[50.60135000000082,36.9677300000003]]]},"properties":{}},{"type":"Feature","geometry":{"type":"MultiLineString","coordinates":[[[25.690710000000763,36.879909999999654],[25.69067,36.879829999999856]]]},"properties":{}},{"type":"Feature","geometry":{"type":"MultiLineString","coordinates":[[[25.606879999999364,36.91595000000052],[25.606879999999364,36.91595000000052]]]},"properties":{}},{"type":"Feature","geometry":{"type":"MultiLineString","coordinates":[[[25.64046000000053,36.87241999999969],[25.64046000000053,36.87241999999969]]]},"properties":{}},{"type":"Feature","geometry":{"type":"MultiLineString","coordinates":[[[25.639569999999367,36.98884999999973],[25.639569999999367,36.98863]]]},"properties":{}},{"type":"Feature","geometry":{"type":"MultiLineString","coordinates":[[[25.521810000000187,36.85099000000082],[25.521810000000187,36.85099000000082]]]},"properties":{}},{"type":"Feature","geometry":{"type":"MultiLineString","coordinates":[[[25.52556999999979,36.837069999999585],[25.52556999999979,36.837069999999585]]]},"properties":{}},{"type":"Feature","geometry":{"type":"MultiLineString","coordinates":[[[32.64528000000064,29.786079999999856],[32.5646799999995,29.95310000000063]]]},"properties":{}},{"type":"Feature","geometry":{"type":"MultiLineString","coordinates":[[[34.96632999999929,29.547609999999622],[34.9032100000004,29.491540000000896]]]},"properties":{}},{"type":"Feature","geometry":{"type":"MultiLineString","coordinates":[[[34.9032100000004,29.491540000000896],[34.89006999999947,29.48934]]]},"properties":{}},{"type":"Feature","geometry":{"type":"MultiLineString","coordinates":[[[34.96632999999929,29.547609999999622],[34.957979999999225,29.35740000000078]]]},"properties":{}},{"type":"Feature","geometry":{"type":"MultiLineString","coordinates":[[[32.564000000000306,29.95310000000063],[32.477530000000115,29.936030000000756],[32.50819000000047,29.855170000000726],[32.34132999999929,29.588439999999537],[32.57288999999946,29.37380999999914],[32.65781000000061,29.119489999999132]]]},"properties":{}},{"type":"Feature","geometry":{"type":"MultiLineString","coordinates":[[[34.82577999999921,28.88525],[34.957979999999225,29.35740000000078]]]},"properties":{}},{"type":"Feature","geometry":{"type":"MultiLineString","coordinates":[[[34.622699999999895,28.027140000000145],[34.57829999999922,28.113250000000335],[34.65949999999975,28.168610000000626],[34.806249999999636,28.523559999999634],[34.82577999999921,28.88525]]]},"properties":{}},{"type":"Feature","geometry":{"type":"MultiLineString","coordinates":[[[34.55067000000054,27.913829999999507],[34.5018,28.001580000000104],[34.58495000000039,27.96828]]]},"properties":{}},{"type":"Feature","geometry":{"type":"MultiLineString","coordinates":[[[34.89006999999947,29.48934],[34.69000000000051,29.154560000000856],[34.628749999999854,28.730279999999766],[34.41424999999981,28.32256000000052],[34.44311000000016,28.025970000000598],[34.36217000000033,27.913500000000568]]]},"properties":{}},{"type":"Feature","geometry":{"type":"MultiLineString","coordinates":[[[33.69441999999981,27.76763000000028],[33.694760000000315,27.76763000000028]]]},"properties":{}},{"type":"Feature","geometry":{"type":"MultiLineString","coordinates":[[[33.60755000000063,27.755999999999403],[33.60755000000063,27.755999999999403]]]},"properties":{}},{"type":"Feature","geometry":{"type":"MultiLineString","coordinates":[[[33.70910999999978,27.751389999999446],[33.70910999999978,27.751389999999446]]]},"properties":{}},{"type":"Feature","geometry":{"type":"MultiLineString","coordinates":[[[32.64528000000064,29.786079999999856],[32.7172300000002,29.447369999999864],[33.17902999999933,29.000640000000203],[33.24136,28.55233000000044],[33.56414000000041,28.29169],[33.763639999999214,28.01994999999988],[34.245530000000144,27.72372]]]},"properties":{}},{"type":"Feature","geometry":{"type":"MultiLineString","coordinates":[[[33.694439999999304,27.681829999999536],[33.67499999999927,27.71994000000086],[33.694439999999304,27.681829999999536]]]},"properties":{}},{"type":"Feature","geometry":{"type":"MultiLineString","coordinates":[[[33.795029999999315,27.66744],[33.795029999999315,27.66744]]]},"properties":{}},{"type":"Feature","geometry":{"type":"MultiLineString","coordinates":[[[33.64178,27.65266999999949],[33.64178,27.65266999999949]]]},"properties":{}},{"type":"Feature","geometry":{"type":"MultiLineString","coordinates":[[[33.705330000000686,27.645440000000235],[33.73508000000038,27.70646999999917],[33.705330000000686,27.645440000000235]]]},"properties":{}},{"type":"Feature","geometry":{"type":"MultiLineString","coordinates":[[[33.67732000000069,27.633560000000216],[33.67732000000069,27.63321]]]},"properties":{}},{"type":"Feature","geometry":{"type":"MultiLineString","coordinates":[[[33.80550000000039,27.621390000000247],[33.79356,27.662140000000363],[33.80550000000039,27.621390000000247]]]},"properties":{}},{"type":"Feature","geometry":{"type":"MultiLineString","coordinates":[[[33.78982999999971,27.616830000000846],[33.78982999999971,27.616830000000846]]]},"properties":{}},{"type":"Feature","geometry":{"type":"MultiLineString","coordinates":[[[33.88789,27.574080000000322],[33.88789,27.574080000000322]]]},"properties":{}},{"type":"Feature","geometry":{"type":"MultiLineString","coordinates":[[[25.486899999999878,36.857169999999314],[25.486899999999878,36.857169999999314]]]},"properties":{}},{"type":"Feature","geometry":{"type":"MultiLineString","coordinates":[[[25.109529999999722,36.98244999999952],[25.109529999999722,36.98244999999952]]]},"properties":{}},{"type":"Feature","geometry":{"type":"MultiLineString","coordinates":[[[25.292030000000523,37.12739],[25.292030000000523,37.12739]]]},"properties":{}},{"type":"Feature","geometry":{"type":"MultiLineString","coordinates":[[[25.26506999999947,37.13357999999971],[25.26506999999947,37.13357999999971]]]},"properties":{}},{"type":"Feature","geometry":{"type":"MultiLineString","coordinates":[[[25.24218,36.9962200000009],[25.24218,36.9962200000009]]]},"properties":{}},{"type":"Feature","geometry":{"type":"MultiLineString","coordinates":[[[25.25822,37.00166999999965],[25.25822,37.00166999999965]]]},"properties":{}},{"type":"Feature","geometry":{"type":"MultiLineString","coordinates":[[[25.270580000000336,37.16201],[25.270580000000336,37.16201]]]},"properties":{}},{"type":"Feature","geometry":{"type":"MultiLineString","coordinates":[[[25.298220000000583,37.15342000000055],[25.298220000000583,37.15342000000055]]]},"properties":{}},{"type":"Feature","geometry":{"type":"MultiLineString","coordinates":[[[25.09101,37.06460999999945],[25.09101,37.06441000000086]]]},"properties":{}},{"type":"Feature","geometry":{"type":"MultiLineString","coordinates":[[[28.196970000000874,36.96346000000085],[28.196970000000874,36.96346000000085]]]},"properties":{}},{"type":"Feature","geometry":{"type":"MultiLineString","coordinates":[[[28.21048999999948,36.99435000000085],[28.21025,36.994590000000244]]]},"properties":{}},{"type":"Feature","geometry":{"type":"MultiLineString","coordinates":[[[28.023999999999432,36.8693600000006],[28.023999999999432,36.8693600000006]]]},"properties":{}},{"type":"Feature","geometry":{"type":"MultiLineString","coordinates":[[[27.46457,36.77479999999923],[27.46457,36.77479999999923]]]},"properties":{}},{"type":"Feature","geometry":{"type":"MultiLineString","coordinates":[[[27.41597,36.7379],[27.41597,36.7379]]]},"properties":{}},{"type":"Feature","geometry":{"type":"MultiLineString","coordinates":[[[27.775879999999233,36.756680000000415],[27.775879999999233,36.756680000000415]]]},"properties":{}},{"type":"Feature","geometry":{"type":"MultiLineString","coordinates":[[[33.87217000000055,27.556000000000495],[33.87217000000055,27.556000000000495]]]},"properties":{}},{"type":"Feature","geometry":{"type":"MultiLineString","coordinates":[[[33.77650999999969,27.550579999999172],[33.76043000000027,27.62822000000051],[33.77616999999918,27.55160000000069]]]},"properties":{}},{"type":"Feature","geometry":{"type":"MultiLineString","coordinates":[[[33.75223,27.56770999999935],[33.75223,27.56770999999935]]]},"properties":{}},{"type":"Feature","geometry":{"type":"MultiLineString","coordinates":[[[33.85507999999936,27.543830000000526],[33.85507999999936,27.543830000000526]]]},"properties":{}},{"type":"Feature","geometry":{"type":"MultiLineString","coordinates":[[[33.77765,27.545270000000528],[33.77765,27.545270000000528]]]},"properties":{}},{"type":"Feature","geometry":{"type":"MultiLineString","coordinates":[[[33.74939000000086,27.513639999999214],[33.74939000000086,27.513639999999214]]]},"properties":{}},{"type":"Feature","geometry":{"type":"MultiLineString","coordinates":[[[33.72835999999916,27.50857999999971],[33.72835999999916,27.50857999999971]]]},"properties":{}},{"type":"Feature","geometry":{"type":"MultiLineString","coordinates":[[[34.04247000000032,27.45464],[33.917419999999765,27.5263900000009],[34.030220000000554,27.445550000000367]]]},"properties":{}},{"type":"Feature","geometry":{"type":"MultiLineString","coordinates":[[[32.65781000000061,29.119489999999132],[32.62010999999984,28.980830000000424],[32.813389999999345,28.763170000000173],[32.86614,28.571169999999256],[33.5622199999998,27.88803],[33.58872999999949,27.791579999999158],[33.469709999999395,27.81086999999934],[33.59657999999945,27.641499999999724],[33.49741999999969,27.648890000000392],[33.65364000000045,27.44514]]]},"properties":{}},{"type":"Feature","geometry":{"type":"MultiLineString","coordinates":[[[36.182300000000396,23.594279999999344],[36.182300000000396,23.594279999999344]]]},"properties":{}},{"type":"Feature","geometry":{"type":"MultiLineString","coordinates":[[[36.24178000000029,23.56531],[36.24178000000029,23.56531]]]},"properties":{}},{"type":"Feature","geometry":{"type":"MultiLineString","coordinates":[[[34.73166999999921,28.061499999999796],[34.73166999999921,28.061499999999796]]]},"properties":{}},{"type":"Feature","geometry":{"type":"MultiLineString","coordinates":[[[35.08992000000035,28.06442000000061],[35.08992000000035,28.06442000000061]]]},"properties":{}},{"type":"Feature","geometry":{"type":"MultiLineString","coordinates":[[[34.77311,28.057080000000497],[34.77311,28.057080000000497]]]},"properties":{}},{"type":"Feature","geometry":{"type":"MultiLineString","coordinates":[[[35.03328,28.049800000000687],[35.03328,28.049800000000687]]]},"properties":{}},{"type":"Feature","geometry":{"type":"MultiLineString","coordinates":[[[34.707469999999375,28.042059999999765],[34.707469999999375,28.042059999999765]]]},"properties":{}},{"type":"Feature","geometry":{"type":"MultiLineString","coordinates":[[[35.07402,28.038699999999153],[35.074360000000524,28.03903999999966]]]},"properties":{}},{"type":"Feature","geometry":{"type":"MultiLineString","coordinates":[[[35.20074000000022,28.0263900000009],[35.01690000000053,28.120790000000852]]]},"properties":{}},{"type":"Feature","geometry":{"type":"MultiLineString","coordinates":[[[34.622699999999895,28.027140000000145],[34.687949999999546,28.136389999999665],[34.7415,28.061999999999898],[35.01723999999922,28.120790000000852]]]},"properties":{}},{"type":"Feature","geometry":{"type":"MultiLineString","coordinates":[[[34.67172000000028,28.047169999999824],[34.67172000000028,28.047169999999824]]]},"properties":{}},{"type":"Feature","geometry":{"type":"MultiLineString","coordinates":[[[34.69158000000061,28.019000000000233],[34.69158000000061,28.019000000000233]]]},"properties":{}},{"type":"Feature","geometry":{"type":"MultiLineString","coordinates":[[[34.90186,27.926919999999882],[34.90186,27.926919999999882]]]},"properties":{}},{"type":"Feature","geometry":{"type":"MultiLineString","coordinates":[[[35.20564000000013,27.9213],[35.1587,27.994720000000598],[35.20564000000013,27.9213]]]},"properties":{}},{"type":"Feature","geometry":{"type":"MultiLineString","coordinates":[[[34.58495000000039,27.96828],[34.62321999999949,27.918470000000525],[34.55067000000054,27.913829999999507]]]},"properties":{}},{"type":"Feature","geometry":{"type":"MultiLineString","coordinates":[[[34.7186899999997,27.904749999999694],[34.663080000000264,27.94672],[34.7186899999997,27.904749999999694]]]},"properties":{}},{"type":"Feature","geometry":{"type":"MultiLineString","coordinates":[[[35.07206000000042,27.89622000000054],[35.07206000000042,27.89622000000054]]]},"properties":{}},{"type":"Feature","geometry":{"type":"MultiLineString","coordinates":[[[35.31869999999981,27.81369000000086],[35.28766999999971,27.85592],[35.31869999999981,27.81369000000086]]]},"properties":{}},{"type":"Feature","geometry":{"type":"MultiLineString","coordinates":[[[35.10461000000032,27.811750000000757],[35.10461000000032,27.811750000000757]]]},"properties":{}},{"type":"Feature","geometry":{"type":"MultiLineString","coordinates":[[[35.176219999999375,27.7802],[35.176219999999375,27.7802]]]},"properties":{}},{"type":"Feature","geometry":{"type":"MultiLineString","coordinates":[[[35.14680000000044,27.771419999999125],[35.14680000000044,27.771419999999125]]]},"properties":{}},{"type":"Feature","geometry":{"type":"MultiLineString","coordinates":[[[35.19536,27.76300000000083],[35.19536,27.76300000000083]]]},"properties":{}},{"type":"Feature","geometry":{"type":"MultiLineString","coordinates":[[[35.19850000000042,27.740030000000843],[35.19850000000042,27.740030000000843]]]},"properties":{}},{"type":"Feature","geometry":{"type":"MultiLineString","coordinates":[[[34.36217000000033,27.913500000000568],[34.20679000000018,27.78628000000026],[34.245530000000144,27.72372]]]},"properties":{}},{"type":"Feature","geometry":{"type":"MultiLineString","coordinates":[[[35.38433000000077,27.67222000000038],[35.38433000000077,27.67222000000038]]]},"properties":{}},{"type":"Feature","geometry":{"type":"MultiLineString","coordinates":[[[35.35443999999916,27.633610000000772],[35.30981000000065,27.66779999999926],[35.35443999999916,27.633610000000772]]]},"properties":{}},{"type":"Feature","geometry":{"type":"MultiLineString","coordinates":[[[34.030220000000554,27.445550000000367],[34.04247000000032,27.45464]]]},"properties":{}},{"type":"Feature","geometry":{"type":"MultiLineString","coordinates":[[[33.870740000000296,27.205879999999524],[33.870740000000296,27.206560000000536]]]},"properties":{}},{"type":"Feature","geometry":{"type":"MultiLineString","coordinates":[[[33.98041000000012,27.186980000000403],[33.98041000000012,27.186980000000403]]]},"properties":{}},{"type":"Feature","geometry":{"type":"MultiLineString","coordinates":[[[33.90049999999974,27.235969999999725],[33.96133,27.186639999999898],[33.90049999999974,27.23632]]]},"properties":{}},{"type":"Feature","geometry":{"type":"MultiLineString","coordinates":[[[33.97958,27.16194],[33.97958,27.16194]]]},"properties":{}},{"type":"Feature","geometry":{"type":"MultiLineString","coordinates":[[[33.86731999999938,27.155749999999898],[33.86731999999938,27.155749999999898]]]},"properties":{}},{"type":"Feature","geometry":{"type":"MultiLineString","coordinates":[[[35.78669000000082,27.07767000000058],[35.72564000000057,27.16669],[35.78669000000082,27.07767000000058]]]},"properties":{}},{"type":"Feature","geometry":{"type":"MultiLineString","coordinates":[[[35.81492000000071,26.941580000000613],[35.81492000000071,26.941580000000613]]]},"properties":{}},{"type":"Feature","geometry":{"type":"MultiLineString","coordinates":[[[35.84675000000061,26.92778],[35.84675000000061,26.92778]]]},"properties":{}},{"type":"Feature","geometry":{"type":"MultiLineString","coordinates":[[[35.89147000000048,26.817300000000614],[35.89147000000048,26.817300000000614]]]},"properties":{}},{"type":"Feature","geometry":{"type":"MultiLineString","coordinates":[[[33.98005999999987,26.816059999999197],[33.98005999999987,26.816059999999197]]]},"properties":{}},{"type":"Feature","geometry":{"type":"MultiLineString","coordinates":[[[35.98631000000023,26.792359999999462],[35.98631000000023,26.792359999999462]]]},"properties":{}},{"type":"Feature","geometry":{"type":"MultiLineString","coordinates":[[[36.045829999999114,26.733969999999317],[36.045829999999114,26.733969999999317]]]},"properties":{}},{"type":"Feature","geometry":{"type":"MultiLineString","coordinates":[[[33.99468999999954,26.706389999999374],[33.95660999999927,26.790059999999357],[33.99468999999954,26.706389999999374]]]},"properties":{}},{"type":"Feature","geometry":{"type":"MultiLineString","coordinates":[[[36.089200000000346,26.67703000000074],[36.089200000000346,26.67703000000074]]]},"properties":{}},{"type":"Feature","geometry":{"type":"MultiLineString","coordinates":[[[33.96480999999949,26.652780000000348],[33.96480999999949,26.652780000000348]]]},"properties":{}},{"type":"Feature","geometry":{"type":"MultiLineString","coordinates":[[[36.11521999999968,26.589830000000802],[36.01539000000048,26.64292000000023],[36.11521999999968,26.589830000000802]]]},"properties":{}},{"type":"Feature","geometry":{"type":"MultiLineString","coordinates":[[[36.10671999999977,26.53867],[36.10671999999977,26.53867]]]},"properties":{}},{"type":"Feature","geometry":{"type":"MultiLineString","coordinates":[[[36.427809999999226,26.179190000000744],[36.36197,26.18547000000035],[36.427809999999226,26.179190000000744]]]},"properties":{}},{"type":"Feature","geometry":{"type":"MultiLineString","coordinates":[[[36.457360000000335,26.128059999999095],[36.46039000000019,26.178110000000743],[36.40839000000051,26.168859999999768],[36.457360000000335,26.128059999999095]]]},"properties":{}},{"type":"Feature","geometry":{"type":"MultiLineString","coordinates":[[[36.47114,26.106830000000627],[36.47114,26.106830000000627]]]},"properties":{}},{"type":"Feature","geometry":{"type":"MultiLineString","coordinates":[[[36.490750000000844,26.05796999999984],[36.490750000000844,26.05796999999984]]]},"properties":{}},{"type":"Feature","geometry":{"type":"MultiLineString","coordinates":[[[36.63247000000047,25.95894000000044],[36.63247000000047,25.95894000000044]]]},"properties":{}},{"type":"Feature","geometry":{"type":"MultiLineString","coordinates":[[[36.60363999999936,25.875389999999243],[36.60363999999936,25.875389999999243]]]},"properties":{}},{"type":"Feature","geometry":{"type":"MultiLineString","coordinates":[[[36.60946999999942,25.826639999999315],[36.60946999999942,25.826639999999315]]]},"properties":{}},{"type":"Feature","geometry":{"type":"MultiLineString","coordinates":[[[36.62538999999924,25.752109999999448],[36.62538999999924,25.752109999999448]]]},"properties":{}},{"type":"Feature","geometry":{"type":"MultiLineString","coordinates":[[[36.642359999999826,25.707860000000437],[36.642359999999826,25.707860000000437]]]},"properties":{}},{"type":"Feature","geometry":{"type":"MultiLineString","coordinates":[[[36.776889999999185,25.699029999999766],[36.776889999999185,25.699029999999766]]]},"properties":{}},{"type":"Feature","geometry":{"type":"MultiLineString","coordinates":[[[36.603220000000874,25.69557999999961],[36.54750000000058,25.770249999999578],[36.58986,25.86724999999933],[36.534309999999095,25.793079999999463],[36.603220000000874,25.69557999999961]]]},"properties":{}},{"type":"Feature","geometry":{"type":"MultiLineString","coordinates":[[[36.77038999999968,25.69670000000042],[36.77038999999968,25.69670000000042]]]},"properties":{}},{"type":"Feature","geometry":{"type":"MultiLineString","coordinates":[[[36.76094000000012,25.6935799999992],[36.76094000000012,25.6935799999992]]]},"properties":{}},{"type":"Feature","geometry":{"type":"MultiLineString","coordinates":[[[36.68082999999933,25.68246999999974],[36.68082999999933,25.68246999999974]]]},"properties":{}},{"type":"Feature","geometry":{"type":"MultiLineString","coordinates":[[[36.74785999999949,25.673109999999724],[36.74785999999949,25.673109999999724]]]},"properties":{}},{"type":"Feature","geometry":{"type":"MultiLineString","coordinates":[[[36.759470000000874,25.649579999999332],[36.759470000000874,25.649579999999332]]]},"properties":{}},{"type":"Feature","geometry":{"type":"MultiLineString","coordinates":[[[36.941609999999855,25.617780000000494],[36.941609999999855,25.617780000000494]]]},"properties":{}},{"type":"Feature","geometry":{"type":"MultiLineString","coordinates":[[[36.85088999999971,25.61053],[36.85088999999971,25.61053]]]},"properties":{}},{"type":"Feature","geometry":{"type":"MultiLineString","coordinates":[[[36.94521999999961,25.605330000000322],[36.94521999999961,25.605330000000322]]]},"properties":{}},{"type":"Feature","geometry":{"type":"MultiLineString","coordinates":[[[36.89256000000023,25.60385999999926],[36.89256000000023,25.60385999999926]]]},"properties":{}},{"type":"Feature","geometry":{"type":"MultiLineString","coordinates":[[[36.69189,25.585950000000594],[36.69189,25.585950000000594]]]},"properties":{}},{"type":"Feature","geometry":{"type":"MultiLineString","coordinates":[[[36.94922000000042,25.582580000000235],[36.94922000000042,25.582580000000235]]]},"properties":{}},{"type":"Feature","geometry":{"type":"MultiLineString","coordinates":[[[36.94118999999955,25.567940000000817],[36.94118999999955,25.567940000000817]]]},"properties":{}},{"type":"Feature","geometry":{"type":"MultiLineString","coordinates":[[[36.668610000000626,25.54414],[36.53089,25.631690000000162],[36.539779999999155,25.71061],[36.49152999999933,25.620999999999185],[36.668610000000626,25.54414]]]},"properties":{}},{"type":"Feature","geometry":{"type":"MultiLineString","coordinates":[[[36.84072000000015,25.528669999999693],[36.85038999999961,25.57217],[36.84072000000015,25.528669999999693]]]},"properties":{}},{"type":"Feature","geometry":{"type":"MultiLineString","coordinates":[[[36.95816999999988,25.517250000000786],[36.95816999999988,25.517250000000786]]]},"properties":{}},{"type":"Feature","geometry":{"type":"MultiLineString","coordinates":[[[36.91554999999971,25.563669999999547],[36.91916999999921,25.60678],[36.938169999999445,25.51611000000048],[36.91554999999971,25.563669999999547]]]},"properties":{}},{"type":"Feature","geometry":{"type":"MultiLineString","coordinates":[[[36.76649999999972,25.500500000000102],[36.76649999999972,25.500500000000102]]]},"properties":{}},{"type":"Feature","geometry":{"type":"MultiLineString","coordinates":[[[36.965360000000146,25.490390000000843],[36.965360000000146,25.490390000000843]]]},"properties":{}},{"type":"Feature","geometry":{"type":"MultiLineString","coordinates":[[[36.750309999999445,25.47768999999971],[36.68974999999955,25.55428000000029],[36.7865299999994,25.524639999999636],[36.698529999999664,25.56981000000087],[36.750309999999445,25.47768999999971]]]},"properties":{}},{"type":"Feature","geometry":{"type":"MultiLineString","coordinates":[[[37.01988999999958,25.464889999999286],[37.01988999999958,25.464889999999286]]]},"properties":{}},{"type":"Feature","geometry":{"type":"MultiLineString","coordinates":[[[36.83589000000029,25.488750000000437],[36.7756700000009,25.505919999999605],[36.83589000000029,25.488750000000437]]]},"properties":{}},{"type":"Feature","geometry":{"type":"MultiLineString","coordinates":[[[37.05019,25.445690000000468],[37.05019,25.445690000000468]]]},"properties":{}},{"type":"Feature","geometry":{"type":"MultiLineString","coordinates":[[[37.05953000000045,25.44766999999956],[37.05953000000045,25.44766999999956]]]},"properties":{}},{"type":"Feature","geometry":{"type":"MultiLineString","coordinates":[[[36.93160999999964,25.442940000000817],[36.93160999999964,25.442940000000817]]]},"properties":{}},{"type":"Feature","geometry":{"type":"MultiLineString","coordinates":[[[36.87797,25.438720000000103],[36.87797,25.438720000000103]]]},"properties":{}},{"type":"Feature","geometry":{"type":"MultiLineString","coordinates":[[[36.9644700000008,25.430609999999433],[36.9644700000008,25.430609999999433]]]},"properties":{}},{"type":"Feature","geometry":{"type":"MultiLineString","coordinates":[[[36.9648300000008,25.455],[37.02186000000074,25.427890000000843],[36.9648300000008,25.455]]]},"properties":{}},{"type":"Feature","geometry":{"type":"MultiLineString","coordinates":[[[36.66475,25.41961000000083],[36.586779999999635,25.556140000000596],[36.66475,25.41961000000083]]]},"properties":{}},{"type":"Feature","geometry":{"type":"MultiLineString","coordinates":[[[37.071169999999256,25.37817],[36.99318999999923,25.419749999999112],[37.071169999999256,25.37817]]]},"properties":{}},{"type":"Feature","geometry":{"type":"MultiLineString","coordinates":[[[36.89725,25.35128000000077],[36.96099999999933,25.412529999999606],[36.9074700000001,25.378469999999652],[36.782499999999345,25.485640000000785],[36.89725,25.35128000000077]]]},"properties":{}},{"type":"Feature","geometry":{"type":"MultiLineString","coordinates":[[[36.77153,25.33444000000054],[36.77153,25.33444000000054]]]},"properties":{}},{"type":"Feature","geometry":{"type":"MultiLineString","coordinates":[[[36.96308999999928,25.336530000000494],[36.96308999999928,25.336530000000494]]]},"properties":{}},{"type":"Feature","geometry":{"type":"MultiLineString","coordinates":[[[36.93833000000086,25.23394],[36.93833000000086,25.23394]]]},"properties":{}},{"type":"Feature","geometry":{"type":"MultiLineString","coordinates":[[[35.201059999999416,28.025359999999637],[35.17110999999932,27.993609999999535],[35.43517000000065,27.76433],[35.59747000000061,27.42743999999948],[35.80342000000019,27.23567],[35.80478000000039,27.113219999999274],[36.253280000000814,26.60858],[36.498170000000755,26.11555000000044],[36.70442,26.02968999999939],[36.64780000000064,25.852720000000772],[36.71596999999929,25.739779999999882],[36.798689999999624,25.708889999999883],[36.80185999999958,25.75822],[36.935670000000755,25.64703],[37.248310000000856,25.16878],[37.279780000000756,25.0]]]},"properties":{}},{"type":"Feature","geometry":{"type":"MultiLineString","coordinates":[[[34.998460000000705,24.966089999999895],[34.998460000000705,24.966089999999895]]]},"properties":{}},{"type":"Feature","geometry":{"type":"MultiLineString","coordinates":[[[37.06085999999959,24.95752999999968],[37.11642000000029,24.954530000000887],[37.06085999999959,24.95752999999968]]]},"properties":{}},{"type":"Feature","geometry":{"type":"MultiLineString","coordinates":[[[37.180560000000696,24.936499999999796],[37.180560000000696,24.936499999999796]]]},"properties":{}},{"type":"Feature","geometry":{"type":"MultiLineString","coordinates":[[[37.13836000000083,24.893669999999474],[37.13836000000083,24.893669999999474]]]},"properties":{}},{"type":"Feature","geometry":{"type":"MultiLineString","coordinates":[[[33.65364000000045,27.44514],[33.71529,27.316349999999147],[33.84743999999955,27.249470000000656],[33.83274999999958,27.11053],[33.99510999999984,26.898670000000493],[33.936499999999796,26.667859999999564],[34.63853000000017,25.57871999999952],[35.0,24.821389999999155]]]},"properties":{}},{"type":"Feature","geometry":{"type":"MultiLineString","coordinates":[[[35.14675999999963,24.686289999999644],[35.14675999999963,24.686289999999644]]]},"properties":{}},{"type":"Feature","geometry":{"type":"MultiLineString","coordinates":[[[35.17288,24.659719999999652],[35.17339,24.65998000000036]]]},"properties":{}},{"type":"Feature","geometry":{"type":"MultiLineString","coordinates":[[[37.279780000000756,25.0],[37.26188999999977,24.86403000000064],[37.1515,24.83314000000064],[37.38355000000047,24.53943000000072]]]},"properties":{}},{"type":"Feature","geometry":{"type":"MultiLineString","coordinates":[[[37.4056099999998,24.452830000000176],[37.4056099999998,24.452830000000176]]]},"properties":{}},{"type":"Feature","geometry":{"type":"MultiLineString","coordinates":[[[37.42713999999978,24.423829999999725],[37.42713999999978,24.423829999999725]]]},"properties":{}},{"type":"Feature","geometry":{"type":"MultiLineString","coordinates":[[[37.44391999999971,24.422889999999825],[37.44391999999971,24.422889999999825]]]},"properties":{}},{"type":"Feature","geometry":{"type":"MultiLineString","coordinates":[[[37.42244000000028,24.400030000000697],[37.42244000000028,24.400030000000697]]]},"properties":{}},{"type":"Feature","geometry":{"type":"MultiLineString","coordinates":[[[35.37335999999959,24.39538999999968],[35.37335999999959,24.39538999999968]]]},"properties":{}},{"type":"Feature","geometry":{"type":"MultiLineString","coordinates":[[[35.4038,24.343109999999797],[35.4038,24.343109999999797]]]},"properties":{}},{"type":"Feature","geometry":{"type":"MultiLineString","coordinates":[[[35.3820199999991,24.32064],[35.3820199999991,24.32064]]]},"properties":{}},{"type":"Feature","geometry":{"type":"MultiLineString","coordinates":[[[35.396559999999226,24.319250000000466],[35.396559999999226,24.319250000000466]]]},"properties":{}},{"type":"Feature","geometry":{"type":"MultiLineString","coordinates":[[[35.38328,24.2963],[35.34599999999955,24.33],[35.38328,24.2963]]]},"properties":{}},{"type":"Feature","geometry":{"type":"MultiLineString","coordinates":[[[38.14853000000039,23.99725000000035],[38.14853000000039,23.99725000000035]]]},"properties":{}},{"type":"Feature","geometry":{"type":"MultiLineString","coordinates":[[[38.19286,23.968779999999242],[38.248610000000554,23.942940000000817],[38.19286,23.968779999999242]]]},"properties":{}},{"type":"Feature","geometry":{"type":"MultiLineString","coordinates":[[[38.16697000000022,23.89494999999988],[38.22175000000061,23.868469999999434],[38.16697000000022,23.89494999999988]]]},"properties":{}},{"type":"Feature","geometry":{"type":"MultiLineString","coordinates":[[[35.80925000000025,23.831609999999273],[35.80925000000025,23.831609999999273]]]},"properties":{}},{"type":"Feature","geometry":{"type":"MultiLineString","coordinates":[[[37.90368999999919,23.829579999999623],[37.90368999999919,23.829579999999623]]]},"properties":{}},{"type":"Feature","geometry":{"type":"MultiLineString","coordinates":[[[35.60172000000057,23.81261000000086],[35.60172000000057,23.81261000000086]]]},"properties":{}},{"type":"Feature","geometry":{"type":"MultiLineString","coordinates":[[[37.927999999999884,23.818699999999808],[37.927999999999884,23.818699999999808]]]},"properties":{}},{"type":"Feature","geometry":{"type":"MultiLineString","coordinates":[[[38.269829999999274,23.824749999999767],[38.269829999999274,23.824749999999767]]]},"properties":{}},{"type":"Feature","geometry":{"type":"MultiLineString","coordinates":[[[35.50358000000051,23.798940000000584],[35.50358000000051,23.798940000000584]]]},"properties":{}},{"type":"Feature","geometry":{"type":"MultiLineString","coordinates":[[[37.93558999999914,23.787109999999302],[37.93558999999914,23.787109999999302]]]},"properties":{}},{"type":"Feature","geometry":{"type":"MultiLineString","coordinates":[[[37.969279999999344,23.752940000000308],[37.969279999999344,23.752940000000308]]]},"properties":{}},{"type":"Feature","geometry":{"type":"MultiLineString","coordinates":[[[35.0,24.821389999999155],[35.168330000000424,24.56355000000076],[35.14235,24.506419999999707],[35.49893999999949,24.10411000000022],[35.79397000000063,23.907030000000304],[35.51405999999952,23.926079999999274],[35.5576400000009,23.96103000000039],[35.51032999999916,23.97867000000042],[35.50203,23.730690000000322]]]},"properties":{}},{"type":"Feature","geometry":{"type":"MultiLineString","coordinates":[[[35.50308000000041,23.724920000000566],[35.50203,23.730690000000322]]]},"properties":{}},{"type":"Feature","geometry":{"type":"MultiLineString","coordinates":[[[35.50749999999971,23.707829999999376],[35.50308000000041,23.724920000000566]]]},"properties":{}},{"type":"Feature","geometry":{"type":"MultiLineString","coordinates":[[[35.50891000000047,23.697690000000875],[35.50749999999971,23.707829999999376]]]},"properties":{}},{"type":"Feature","geometry":{"type":"MultiLineString","coordinates":[[[38.384110000000874,23.710440000000744],[38.384110000000874,23.710440000000744]]]},"properties":{}},{"type":"Feature","geometry":{"type":"MultiLineString","coordinates":[[[38.367889999999534,23.686610000000655],[38.367889999999534,23.686610000000655]]]},"properties":{}},{"type":"Feature","geometry":{"type":"MultiLineString","coordinates":[[[38.45181000000048,23.583559999999125],[38.45181000000048,23.583559999999125]]]},"properties":{}},{"type":"Feature","geometry":{"type":"MultiLineString","coordinates":[[[38.410719999999856,23.54914],[38.410719999999856,23.54914]]]},"properties":{}},{"type":"Feature","geometry":{"type":"MultiLineString","coordinates":[[[38.35936000000038,23.527640000000247],[38.35936000000038,23.527640000000247]]]},"properties":{}},{"type":"Feature","geometry":{"type":"MultiLineString","coordinates":[[[38.23830000000089,23.51003],[38.23830000000089,23.51003]]]},"properties":{}},{"type":"Feature","geometry":{"type":"MultiLineString","coordinates":[[[38.415390000000116,23.52050000000054],[38.415390000000116,23.52050000000054]]]},"properties":{}},{"type":"Feature","geometry":{"type":"MultiLineString","coordinates":[[[38.52922000000035,23.45466999999917],[38.52922000000035,23.45466999999917]]]},"properties":{}},{"type":"Feature","geometry":{"type":"MultiLineString","coordinates":[[[38.55364,23.44572],[38.55364,23.44572]]]},"properties":{}},{"type":"Feature","geometry":{"type":"MultiLineString","coordinates":[[[38.550139999999374,23.43511000000035],[38.550139999999374,23.43511000000035]]]},"properties":{}},{"type":"Feature","geometry":{"type":"MultiLineString","coordinates":[[[37.38355000000047,24.53943000000072],[37.518920000000435,24.27030999999988],[37.691500000000815,24.294309999999314],[37.86367000000064,24.14789000000019],[37.94744,24.206420000000435],[37.93389000000025,24.159639999999854],[37.98855999999978,24.156530000000203],[37.936139999999796,24.137360000000626],[38.35786,23.87227999999959],[38.459860000000845,23.770669999999882],[38.532859999999346,23.543719999999666],[38.6001899999992,23.57172],[38.6389,23.42202]]]},"properties":{}},{"type":"Feature","geometry":{"type":"MultiLineString","coordinates":[[[38.6203000000005,23.4015],[38.6203000000005,23.4015]]]},"properties":{}},{"type":"Feature","geometry":{"type":"MultiLineString","coordinates":[[[38.62283000000025,23.38803],[38.62283000000025,23.38803]]]},"properties":{}},{"type":"Feature","geometry":{"type":"MultiLineString","coordinates":[[[38.63789,23.36247],[38.63789,23.36247]]]},"properties":{}},{"type":"Feature","geometry":{"type":"MultiLineString","coordinates":[[[38.65049999999974,23.34661000000051],[38.66853000000083,23.309250000000247],[38.65049999999974,23.34661000000051]]]},"properties":{}},{"type":"Feature","geometry":{"type":"MultiLineString","coordinates":[[[38.66222000000016,23.302],[38.66222000000016,23.302]]]},"properties":{}},{"type":"Feature","geometry":{"type":"MultiLineString","coordinates":[[[38.67353,23.282279999999446],[38.67353,23.282279999999446]]]},"properties":{}},{"type":"Feature","geometry":{"type":"MultiLineString","coordinates":[[[38.67475000000013,23.26372000000083],[38.67475000000013,23.26372000000083]]]},"properties":{}},{"type":"Feature","geometry":{"type":"MultiLineString","coordinates":[[[38.616939999999886,23.24895],[38.616939999999886,23.24895]]]},"properties":{}},{"type":"Feature","geometry":{"type":"MultiLineString","coordinates":[[[38.696,23.251329999999143],[38.696,23.251329999999143]]]},"properties":{}},{"type":"Feature","geometry":{"type":"MultiLineString","coordinates":[[[38.69909,23.232669999999416],[38.7193900000002,23.19503000000077],[38.69909,23.232669999999416]]]},"properties":{}},{"type":"Feature","geometry":{"type":"MultiLineString","coordinates":[[[35.72085999999945,23.191109999999753],[35.69228,23.240359999999782],[35.58403,23.22592000000077],[35.72085999999945,23.191109999999753]]]},"properties":{}},{"type":"Feature","geometry":{"type":"MultiLineString","coordinates":[[[38.70644,23.238059999999678],[38.74283,23.178830000000744],[38.70644,23.238059999999678]]]},"properties":{}},{"type":"Feature","geometry":{"type":"MultiLineString","coordinates":[[[38.74772,23.161889999999403],[38.74772,23.161889999999403]]]},"properties":{}},{"type":"Feature","geometry":{"type":"MultiLineString","coordinates":[[[35.62335999999959,23.14689],[35.48739000000023,23.492889999999534],[35.50891000000047,23.697690000000875]]]},"properties":{}},{"type":"Feature","geometry":{"type":"MultiLineString","coordinates":[[[38.743860000000495,23.14256000000023],[38.743860000000495,23.14256000000023]]]},"properties":{}},{"type":"Feature","geometry":{"type":"MultiLineString","coordinates":[[[38.7761100000007,23.132359999999608],[38.7761100000007,23.132359999999608]]]},"properties":{}},{"type":"Feature","geometry":{"type":"MultiLineString","coordinates":[[[38.792530000000625,23.10888999999952],[38.77493999999933,23.03542000000016],[38.792530000000625,23.10888999999952]]]},"properties":{}},{"type":"Feature","geometry":{"type":"MultiLineString","coordinates":[[[38.6389,23.42202],[38.79932999999983,23.124579999999696],[38.81495,22.974029999999402],[38.914670000000115,22.964780000000246]]]},"properties":{}},{"type":"Feature","geometry":{"type":"MultiLineString","coordinates":[[[38.85544999999911,22.96553],[38.85544999999911,22.96553]]]},"properties":{}},{"type":"Feature","geometry":{"type":"MultiLineString","coordinates":[[[38.759140000000116,22.938060000000405],[38.759140000000116,22.938060000000405]]]},"properties":{}},{"type":"Feature","geometry":{"type":"MultiLineString","coordinates":[[[36.242809999999736,22.904640000000654],[36.242809999999736,22.904640000000654]]]},"properties":{}},{"type":"Feature","geometry":{"type":"MultiLineString","coordinates":[[[36.2821100000001,22.907719999999244],[36.2821100000001,22.907719999999244]]]},"properties":{}},{"type":"Feature","geometry":{"type":"MultiLineString","coordinates":[[[35.731799999999566,22.891610000000583],[35.731799999999566,22.891610000000583]]]},"properties":{}},{"type":"Feature","geometry":{"type":"MultiLineString","coordinates":[[[35.725500000000466,22.88813999999911],[35.725500000000466,22.88813999999911]]]},"properties":{}},{"type":"Feature","geometry":{"type":"MultiLineString","coordinates":[[[38.92547000000013,22.89075000000048],[38.92547000000013,22.89075000000048]]]},"properties":{}},{"type":"Feature","geometry":{"type":"MultiLineString","coordinates":[[[36.19139,22.78903],[36.24453,22.78385999999955],[36.19139,22.78903]]]},"properties":{}},{"type":"Feature","geometry":{"type":"MultiLineString","coordinates":[[[36.26120000000083,22.775030000000697],[36.26120000000083,22.775030000000697]]]},"properties":{}},{"type":"Feature","geometry":{"type":"MultiLineString","coordinates":[[[36.10639000000083,22.75944999999956],[36.10639000000083,22.75944999999956]]]},"properties":{}},{"type":"Feature","geometry":{"type":"MultiLineString","coordinates":[[[36.31075000000055,22.751749999999447],[36.31075000000055,22.751749999999447]]]},"properties":{}},{"type":"Feature","geometry":{"type":"MultiLineString","coordinates":[[[36.154640000000654,22.75461],[36.154640000000654,22.75461]]]},"properties":{}},{"type":"Feature","geometry":{"type":"MultiLineString","coordinates":[[[36.0931700000001,22.72422],[36.0931700000001,22.72422]]]},"properties":{}},{"type":"Feature","geometry":{"type":"MultiLineString","coordinates":[[[36.142610000000786,22.725609999999506],[36.142610000000786,22.725609999999506]]]},"properties":{}},{"type":"Feature","geometry":{"type":"MultiLineString","coordinates":[[[36.0578600000008,22.76228000000083],[36.037860000000364,22.71969],[36.0578600000008,22.76228000000083]]]},"properties":{}},{"type":"Feature","geometry":{"type":"MultiLineString","coordinates":[[[36.18447000000015,22.712170000000697],[36.18447000000015,22.712170000000697]]]},"properties":{}},{"type":"Feature","geometry":{"type":"MultiLineString","coordinates":[[[36.063420000000406,22.70089],[36.063420000000406,22.70089]]]},"properties":{}},{"type":"Feature","geometry":{"type":"MultiLineString","coordinates":[[[36.097499999999854,22.699580000000424],[36.13467,22.721809999999095],[36.097499999999854,22.699580000000424]]]},"properties":{}},{"type":"Feature","geometry":{"type":"MultiLineString","coordinates":[[[36.0895500000006,22.69578],[36.0895500000006,22.69578]]]},"properties":{}},{"type":"Feature","geometry":{"type":"MultiLineString","coordinates":[[[36.125889999999345,22.683720000000903],[36.125889999999345,22.683720000000903]]]},"properties":{}},{"type":"Feature","geometry":{"type":"MultiLineString","coordinates":[[[36.36492,22.66633],[36.318639999999505,22.704890000000887],[36.36492,22.66633]]]},"properties":{}},{"type":"Feature","geometry":{"type":"MultiLineString","coordinates":[[[38.98474999999962,22.68533000000025],[38.98474999999962,22.68533000000025]]]},"properties":{}},{"type":"Feature","geometry":{"type":"MultiLineString","coordinates":[[[36.17019000000073,22.675639999999476],[36.17019000000073,22.675639999999476]]]},"properties":{}},{"type":"Feature","geometry":{"type":"MultiLineString","coordinates":[[[36.236580000000686,22.64099999999962],[36.236580000000686,22.64099999999962]]]},"properties":{}},{"type":"Feature","geometry":{"type":"MultiLineString","coordinates":[[[36.25875000000087,22.607640000000174],[36.25875000000087,22.607640000000174]]]},"properties":{}},{"type":"Feature","geometry":{"type":"MultiLineString","coordinates":[[[36.36161,22.57582999999977],[36.36161,22.57582999999977]]]},"properties":{}},{"type":"Feature","geometry":{"type":"MultiLineString","coordinates":[[[38.92274999999972,22.557670000000144],[38.92274999999972,22.557670000000144]]]},"properties":{}},{"type":"Feature","geometry":{"type":"MultiLineString","coordinates":[[[38.94619000000057,22.429889999999432],[38.94619000000057,22.429889999999432]]]},"properties":{}},{"type":"Feature","geometry":{"type":"MultiLineString","coordinates":[[[36.5062199999993,22.40517],[36.5062199999993,22.40517]]]},"properties":{}},{"type":"Feature","geometry":{"type":"MultiLineString","coordinates":[[[36.53950000000077,22.404249999999593],[36.53950000000077,22.404249999999593]]]},"properties":{}},{"type":"Feature","geometry":{"type":"MultiLineString","coordinates":[[[36.52864000000045,22.40397],[36.55969999999979,22.370310000000245],[36.52864000000045,22.40397]]]},"properties":{}},{"type":"Feature","geometry":{"type":"MultiLineString","coordinates":[[[36.61836000000039,22.352810000000318],[36.61836000000039,22.352810000000318]]]},"properties":{}},{"type":"Feature","geometry":{"type":"MultiLineString","coordinates":[[[36.604419999999664,22.327470000000176],[36.604419999999664,22.327470000000176]]]},"properties":{}},{"type":"Feature","geometry":{"type":"MultiLineString","coordinates":[[[36.62642000000051,22.284859999999753],[36.62642000000051,22.284859999999753]]]},"properties":{}},{"type":"Feature","geometry":{"type":"MultiLineString","coordinates":[[[39.07603000000017,22.281639999999243],[39.07603000000017,22.281639999999243]]]},"properties":{}},{"type":"Feature","geometry":{"type":"MultiLineString","coordinates":[[[39.06261000000086,22.29536],[39.06035999999949,22.251529999999548],[39.06261000000086,22.29536]]]},"properties":{}},{"type":"Feature","geometry":{"type":"MultiLineString","coordinates":[[[36.62774999999965,22.251389999999446],[36.62774999999965,22.251389999999446]]]},"properties":{}},{"type":"Feature","geometry":{"type":"MultiLineString","coordinates":[[[39.027609999999186,22.242060000000492],[39.027609999999186,22.242060000000492]]]},"properties":{}},{"type":"Feature","geometry":{"type":"MultiLineString","coordinates":[[[36.83158,22.152500000000146],[36.83158,22.152500000000146]]]},"properties":{}},{"type":"Feature","geometry":{"type":"MultiLineString","coordinates":[[[36.86489000000074,22.112139999999272],[36.86489000000074,22.112139999999272]]]},"properties":{}},{"type":"Feature","geometry":{"type":"MultiLineString","coordinates":[[[39.00964000000022,22.045889999999417],[39.00964000000022,22.045889999999417]]]},"properties":{}},{"type":"Feature","geometry":{"type":"MultiLineString","coordinates":[[[38.99417,22.04141999999956],[38.99417,22.04141999999956]]]},"properties":{}},{"type":"Feature","geometry":{"type":"MultiLineString","coordinates":[[[38.9678899999999,21.99611],[38.9678899999999,21.99611]]]},"properties":{}},{"type":"Feature","geometry":{"type":"MultiLineString","coordinates":[[[38.94836000000032,21.948080000000118],[38.94100000000071,22.02788999999939],[38.94836000000032,21.948080000000118]]]},"properties":{}},{"type":"Feature","geometry":{"type":"MultiLineString","coordinates":[[[39.11636,21.33310999999958],[39.11636,21.33310999999958]]]},"properties":{}},{"type":"Feature","geometry":{"type":"MultiLineString","coordinates":[[[35.62335999999959,23.14689],[35.66907999999967,22.941000000000713],[35.75992000000042,22.845110000000204],[35.71696999999949,22.921189999999115],[35.758669999999256,22.909170000000813],[35.8436700000002,22.762440000000424],[35.94597000000067,22.6821400000008],[36.18449999999939,22.655860000000757],[36.434440000000905,22.360749999999825],[36.89111000000048,22.064140000000407],[36.88550000000032,21.640470000000278],[37.01317000000017,21.42617000000064],[36.97257999999965,21.395920000000842],[37.055529999999635,21.36131000000023],[36.999219999999696,21.349280000000363],[37.15777999999955,21.24069000000054]]]},"properties":{}},{"type":"Feature","geometry":{"type":"MultiLineString","coordinates":[[[37.13558000000012,21.14264],[37.13558000000012,21.14264]]]},"properties":{}},{"type":"Feature","geometry":{"type":"MultiLineString","coordinates":[[[38.914670000000115,22.964780000000246],[38.954939999999624,22.842140000000654],[38.83097000000089,22.964250000000902],[38.98094999999921,22.738750000000437],[39.024639999999636,22.75775000000067],[38.986360000000786,22.72530999999981],[39.08170000000064,22.550810000000638],[39.069830000000366,22.400690000000395],[39.09245,22.360140000000683],[39.13746999999967,22.399810000000798],[38.97494999999981,21.9728099999993],[39.04442000000017,21.83368999999948],[38.946169999999256,21.913109999999506],[39.08146999999917,21.70233],[39.13750000000073,21.76241999999911],[39.08599999999933,21.680809999999838],[39.19117,21.40839000000051],[39.10664,21.29736000000048],[39.28144000000066,20.96122],[39.36982999999964,20.902169999999387]]]},"properties":{}},{"type":"Feature","geometry":{"type":"MultiLineString","coordinates":[[[37.15777999999955,21.24069000000054],[37.31500000000051,21.063889999999446],[37.24953,20.998610000000554],[37.23269000000073,21.137029999999868],[37.105530000000726,21.21660999999949],[37.087390000000596,21.055920000000697],[37.23735999999917,20.53939],[37.185199999999895,20.451859999999215],[37.175530000000435,20.007799999999406],[37.266670000000886,19.840609999999288],[37.22233000000051,19.621859999999288]]]},"properties":{}},{"type":"Feature","geometry":{"type":"MultiLineString","coordinates":[[[48.40422000000035,29.408830000000307],[48.27036000000044,29.4317800000008],[48.31518999999935,29.47264],[48.40422000000035,29.408830000000307]]]},"properties":{}},{"type":"Feature","geometry":{"type":"MultiLineString","coordinates":[[[47.918470000000525,29.358389999999417],[47.918470000000525,29.358389999999417]]]},"properties":{}},{"type":"Feature","geometry":{"type":"MultiLineString","coordinates":[[[48.01095999999961,29.370950000000448],[47.86015000000043,29.318740000000616]]]},"properties":{}},{"type":"Feature","geometry":{"type":"MultiLineString","coordinates":[[[47.86015000000043,29.318740000000616],[47.8215,29.359329999999318],[47.87325000000055,29.385529999999562],[47.70428,29.3757999999998],[47.97581,29.56999999999971],[48.194830000000366,29.512140000000727]]]},"properties":{}},{"type":"Feature","geometry":{"type":"MultiLineString","coordinates":[[[28.03571000000011,36.87178999999924],[28.03571000000011,36.87178999999924]]]},"properties":{}},{"type":"Feature","geometry":{"type":"MultiLineString","coordinates":[[[28.044990000000325,36.874219999999696],[28.044990000000325,36.874219999999696]]]},"properties":{}},{"type":"Feature","geometry":{"type":"MultiLineString","coordinates":[[[28.03924999999981,36.88571000000047],[28.03924999999981,36.88571000000047]]]},"properties":{}},{"type":"Feature","geometry":{"type":"MultiLineString","coordinates":[[[27.7655,36.754469999999856],[27.7655,36.754469999999856]]]},"properties":{}},{"type":"Feature","geometry":{"type":"MultiLineString","coordinates":[[[28.036379999999554,36.76153999999951],[28.036379999999554,36.76153999999951]]]},"properties":{}},{"type":"Feature","geometry":{"type":"MultiLineString","coordinates":[[[28.0052199999991,36.71846],[28.0052199999991,36.71846]]]},"properties":{}},{"type":"Feature","geometry":{"type":"MultiLineString","coordinates":[[[27.99836999999934,36.70961999999963],[27.99836999999934,36.70961999999963]]]},"properties":{}},{"type":"Feature","geometry":{"type":"MultiLineString","coordinates":[[[27.989980000000287,36.70586],[27.989980000000287,36.70586]]]},"properties":{}},{"type":"Feature","geometry":{"type":"MultiLineString","coordinates":[[[28.04366999999911,36.6851000000006],[28.04366999999911,36.6851000000006]]]},"properties":{}},{"type":"Feature","geometry":{"type":"MultiLineString","coordinates":[[[28.03770000000077,36.665650000000824],[28.037920000000668,36.665429999999105]]]},"properties":{}},{"type":"Feature","geometry":{"type":"MultiLineString","coordinates":[[[28.04124000000047,36.67250000000058],[28.04124000000047,36.67250000000058]]]},"properties":{}},{"type":"Feature","geometry":{"type":"MultiLineString","coordinates":[[[28.063109999999142,36.64731000000029],[28.06333000000086,36.64731000000029]]]},"properties":{}},{"type":"Feature","geometry":{"type":"MultiLineString","coordinates":[[[28.060680000000502,36.64863999999943],[28.060680000000502,36.64863999999943]]]},"properties":{}},{"type":"Feature","geometry":{"type":"MultiLineString","coordinates":[[[28.05272999999943,36.628749999999854],[28.05272999999943,36.628749999999854]]]},"properties":{}},{"type":"Feature","geometry":{"type":"MultiLineString","coordinates":[[[28.056930000000648,36.619699999999284],[28.056930000000648,36.619699999999284]]]},"properties":{}},{"type":"Feature","geometry":{"type":"MultiLineString","coordinates":[[[28.03903,36.5633600000001],[28.03903,36.5633600000001]]]},"properties":{}},{"type":"Feature","geometry":{"type":"MultiLineString","coordinates":[[[28.03549000000021,36.5589400000008],[28.03549000000021,36.5589400000008]]]},"properties":{}},{"type":"Feature","geometry":{"type":"MultiLineString","coordinates":[[[48.11084999999912,29.21332000000075],[48.10132999999951,29.347830000000613],[48.01095999999961,29.370950000000448]]]},"properties":{}},{"type":"Feature","geometry":{"type":"MultiLineString","coordinates":[[[48.431469999999536,28.53564],[48.39885999999933,28.737530000000334],[48.3073600000007,28.766139999999723],[48.29319000000032,28.874690000000555],[48.18822,28.95291999999972],[48.11084999999912,29.21332000000075]]]},"properties":{}},{"type":"Feature","geometry":{"type":"MultiLineString","coordinates":[[[48.65085999999974,28.183689999999842],[48.6247199999998,28.151309999999285],[48.65085999999974,28.183689999999842]]]},"properties":{}},{"type":"Feature","geometry":{"type":"MultiLineString","coordinates":[[[48.82217,27.769000000000233],[48.82217,27.769000000000233]]]},"properties":{}},{"type":"Feature","geometry":{"type":"MultiLineString","coordinates":[[[48.87133,27.798440000000483],[48.84677999999985,27.72211000000061],[48.888779999999315,27.83314000000064],[48.75033000000076,27.95930000000044],[48.79754999999932,27.994810000000143],[48.63191999999981,28.073420000000624],[48.635190000000875,28.19753],[48.51780999999937,28.327390000000378],[48.54600000000028,28.403689999999187],[48.47353,28.379000000000815],[48.52299999999923,28.41721999999936],[48.431469999999536,28.53564]]]},"properties":{}},{"type":"Feature","geometry":{"type":"MultiLineString","coordinates":[[[49.620530000000144,27.06474999999955],[49.58597,27.178439999999682],[49.5046999999995,27.160970000000816],[49.539310000000114,27.10858],[49.3796399999992,27.124690000000555],[49.42100000000028,27.194279999999708],[49.33446999999978,27.176139999999577],[49.32536000000073,27.323669999999765],[49.22933000000012,27.311170000000857],[49.279420000000755,27.383169999999154],[49.13666999999987,27.40769],[49.305169999999634,27.460559999999532],[49.31572000000051,27.41711000000032],[49.25922,27.52408],[48.97264,27.621030000000246],[48.90897000000041,27.55847],[48.92108,27.62133],[48.850689999999304,27.60092000000077],[48.89071999999942,27.682220000000598],[48.79069999999956,27.71111000000019],[48.81728,27.817080000000715],[48.87133,27.798440000000483]]]},"properties":{}},{"type":"Feature","geometry":{"type":"MultiLineString","coordinates":[[[29.7769700000008,45.435310000000754],[29.7769700000008,45.435310000000754]]]},"properties":{}},{"type":"Feature","geometry":{"type":"MultiLineString","coordinates":[[[29.675719999999274,45.216920000000755],[29.610399999999572,45.162239999999656],[29.67485999999917,45.1628]]]},"properties":{}},{"type":"Feature","geometry":{"type":"MultiLineString","coordinates":[[[29.650110000000495,45.0],[29.67485999999917,45.1628]]]},"properties":{}},{"type":"Feature","geometry":{"type":"MultiLineString","coordinates":[[[0.512150000000474,52.96158],[0.331949999999779,52.69514999999956],[0.289779999999155,52.747269999999844],[0.15737000000081,52.69919999999911],[0.121380000000499,52.79900000000089],[-0.095789999999397,52.811649999999645],[-0.142589999999473,52.95305999999982],[0.008789999999863,52.949570000000676],[0.334619999999632,53.1281999999992],[0.316059999999197,53.28753999999935],[0.158910000000105,53.4750499999991],[-0.30213,53.71018],[-0.694579999999405,53.691070000000764]]]},"properties":{}},{"type":"Feature","geometry":{"type":"MultiLineString","coordinates":[[[-4.784429999999702,52.75351000000046],[-4.784429999999702,52.75351000000046]]]},"properties":{}},{"type":"Feature","geometry":{"type":"MultiLineString","coordinates":[[[-3.073609999999462,53.25214000000051],[-3.31420000000071,53.356620000000476],[-3.622110000000248,53.291839999999866],[-3.877360000000408,53.33995],[-3.811139999999796,53.23454],[-3.84577,53.29733],[-4.200419999999212,53.2119500000008],[-4.343179999999847,53.11984999999913],[-4.356069999999818,53.032900000000154],[-4.767009999999573,52.794190000000526],[-4.60333,52.82502000000022],[-4.528899999999339,52.77707999999984],[-4.391139999999723,52.895730000000185],[-4.056699999999182,52.92323000000033],[-4.151200000000244,52.89715000000069],[-4.151700000000346,52.81064999999944],[-4.054249999999229,52.7199899999996],[-3.935639999999694,52.74988999999914],[-4.130139999999301,52.61336999999912],[-4.025719999999637,52.54594999999972]]]},"properties":{}},{"type":"Feature","geometry":{"type":"MultiLineString","coordinates":[[[-6.988300000000891,52.27100000000064],[-6.999110000000655,52.27186000000074]]]},"properties":{}},{"type":"Feature","geometry":{"type":"MultiLineString","coordinates":[[[-6.362629999999626,52.17253999999957],[-6.40063,52.182810000000245]]]},"properties":{}},{"type":"Feature","geometry":{"type":"MultiLineString","coordinates":[[[-6.40063,52.182810000000245],[-6.804050000000643,52.212139999999636],[-6.760780000000523,52.26447],[-6.93055,52.1241399999999],[-6.90303,52.201059999999416],[-6.996440000000803,52.280249999999796]]]},"properties":{}},{"type":"Feature","geometry":{"type":"MultiLineString","coordinates":[[[-6.605949999999211,52.12185],[-6.605949999999211,52.12185]]]},"properties":{}},{"type":"Feature","geometry":{"type":"MultiLineString","coordinates":[[[-7.865859999999884,52.00210999999945],[-7.83072,51.94175],[-7.727310000000216,51.94122000000061],[-7.537560000000667,52.05428000000029],[-7.645609999999579,52.06214],[-7.639610000000175,52.10511000000042],[-7.109329999999318,52.17019000000073],[-7.021810000000187,52.13369000000057],[-6.948720000000321,52.178610000000845],[-6.988300000000891,52.27100000000064]]]},"properties":{}},{"type":"Feature","geometry":{"type":"MultiLineString","coordinates":[[[-4.02596000000085,52.54571000000033],[-3.94463,52.55724],[-4.059020000000601,52.53046],[-4.211900000000242,52.26188999999977],[-4.687400000000707,52.12917000000016],[-4.680169999999634,52.08676999999989],[-4.727860000000874,52.11737],[-4.831920000000537,52.02067999999963],[-5.07148000000052,52.029490000000806],[-5.086380000000645,51.9696299999996],[-5.314350000000559,51.90317999999934]]]},"properties":{}},{"type":"Feature","geometry":{"type":"MultiLineString","coordinates":[[[-5.332809999999881,51.85421999999926],[-5.332809999999881,51.85421999999926]]]},"properties":{}},{"type":"Feature","geometry":{"type":"MultiLineString","coordinates":[[[-8.310499999999593,51.89139000000068],[-8.319830000000366,51.845139999999446],[-8.207500000000437,51.87766999999985],[-8.310499999999593,51.89139000000068]]]},"properties":{}},{"type":"Feature","geometry":{"type":"MultiLineString","coordinates":[[[-8.310499999999593,51.89139000000068],[-8.17497,51.9012500000008],[-8.260220000000118,51.79546999999911],[-8.069279999999708,51.81116],[-7.871610000000146,51.88283000000047],[-7.931780000000799,51.90342000000055],[-7.848,51.9440799999993],[-7.86967,52.005810000000565]]]},"properties":{}},{"type":"Feature","geometry":{"type":"MultiLineString","coordinates":[[[-5.296860000000379,51.74539],[-5.296860000000379,51.74539]]]},"properties":{}},{"type":"Feature","geometry":{"type":"MultiLineString","coordinates":[[[-5.272880000000441,51.70238000000063],[-5.272880000000441,51.70238000000063]]]},"properties":{}},{"type":"Feature","geometry":{"type":"MultiLineString","coordinates":[[[-5.314350000000559,51.90317999999934],[-5.319330000000264,51.86126999999942],[-5.119800000000396,51.84922],[-5.10786,51.77519000000029],[-5.252420000000711,51.74015999999938],[-5.176170000000639,51.68218999999954],[-5.167709999999715,51.72530999999981],[-4.932129999999233,51.70966000000044]]]},"properties":{}},{"type":"Feature","geometry":{"type":"MultiLineString","coordinates":[[[-8.53375000000051,51.666049999999814],[-8.510469999999259,51.70481],[-8.637500000000728,51.74102999999923],[-8.494109999999637,51.67739000000074],[-8.341420000000653,51.720470000000205],[-8.278829999999289,51.81116],[-8.39108,51.8167799999992],[-8.296140000000378,51.81043999999929],[-8.436309999999139,51.90505999999914],[-8.310499999999593,51.89139000000068]]]},"properties":{}},{"type":"Feature","geometry":{"type":"MultiLineString","coordinates":[[[-4.701419999999416,51.64208999999937],[-4.701419999999416,51.64208999999937]]]},"properties":{}},{"type":"Feature","geometry":{"type":"MultiLineString","coordinates":[[[-4.925149999999121,51.59614],[-4.922500000000582,51.610749999999825]]]},"properties":{}},{"type":"Feature","geometry":{"type":"MultiLineString","coordinates":[[[-4.932129999999233,51.70966000000044],[-4.887930000000779,51.732640000000174],[-4.938159999999698,51.76939999999922],[-4.85722,51.78601999999955],[-4.89552,51.740490000000136],[-4.840840000000753,51.693999999999505],[-5.124589999999444,51.680669999999736],[-4.925149999999121,51.59614]]]},"properties":{}},{"type":"Feature","geometry":{"type":"MultiLineString","coordinates":[[[-9.343440000000555,51.52946999999949],[-9.343440000000555,51.52946999999949]]]},"properties":{}},{"type":"Feature","geometry":{"type":"MultiLineString","coordinates":[[[-9.461139999999432,51.52317000000039],[-9.461139999999432,51.52317000000039]]]},"properties":{}},{"type":"Feature","geometry":{"type":"MultiLineString","coordinates":[[[-9.495779999999286,51.51703000000089],[-9.495779999999286,51.51703000000089]]]},"properties":{}},{"type":"Feature","geometry":{"type":"MultiLineString","coordinates":[[[-9.580939999999828,51.498139999999694],[-9.538829999999507,51.50744999999915],[-9.580939999999828,51.498139999999694]]]},"properties":{}},{"type":"Feature","geometry":{"type":"MultiLineString","coordinates":[[[-9.395080000000235,51.502300000000105],[-9.395080000000235,51.502300000000105]]]},"properties":{}},{"type":"Feature","geometry":{"type":"MultiLineString","coordinates":[[[-9.39039000000048,51.496139999999286],[-9.39039000000048,51.496139999999286]]]},"properties":{}},{"type":"Feature","geometry":{"type":"MultiLineString","coordinates":[[[-9.428169999999227,51.5044999999991],[-9.428169999999227,51.5044999999991]]]},"properties":{}},{"type":"Feature","geometry":{"type":"MultiLineString","coordinates":[[[-9.41986,51.48063999999977],[-9.41986,51.48063999999977]]]},"properties":{}},{"type":"Feature","geometry":{"type":"MultiLineString","coordinates":[[[-3.171340000000782,51.445480000000316],[-2.980589999999211,51.566969999999856],[-2.904699999999139,51.53241],[-2.660410000000411,51.616869999999835]]]},"properties":{}},{"type":"Feature","geometry":{"type":"MultiLineString","coordinates":[[[-9.81214,51.45305999999982],[-9.45669000000089,51.566249999999854],[-9.39636000000064,51.54781],[-9.41475,51.499470000000656],[-9.323080000000118,51.550170000000435],[-9.38357999999971,51.4728899999991],[-9.2325,51.483249999999316],[-9.11053,51.54169],[-9.14849999999933,51.58336000000054],[-8.954309999999168,51.53361000000041],[-8.851580000000467,51.605530000000726],[-8.886220000000321,51.626580000000104],[-8.715640000000349,51.57282999999916],[-8.683890000000247,51.63858000000073],[-8.758830000000671,51.649390000000494],[-8.535889999999199,51.60925],[-8.53375000000051,51.666049999999814]]]},"properties":{}},{"type":"Feature","geometry":{"type":"MultiLineString","coordinates":[[[-9.52781,51.4335800000008],[-9.465690000000905,51.45239000000038],[-9.52781,51.4335800000008]]]},"properties":{}},{"type":"Feature","geometry":{"type":"MultiLineString","coordinates":[[[-3.171340000000782,51.445480000000316],[-3.264890000000378,51.386529999999766],[-3.558279999999286,51.40027],[-3.72027,51.48034],[-3.835450000000492,51.62750000000051],[-3.982949999999619,51.56450000000041],[-4.297300000000178,51.558820000000196],[-4.24719,51.64682999999968],[-4.077489999999671,51.65816000000086],[-4.322469999999157,51.67852999999923],[-4.38847,51.72975000000042],[-4.318849999999657,51.725790000000416],[-4.37666,51.74915999999939],[-4.346310000000813,51.797819999999774],[-4.922500000000582,51.610749999999825]]]},"properties":{}},{"type":"Feature","geometry":{"type":"MultiLineString","coordinates":[[[-2.660410000000411,51.616869999999835],[-2.412029999999504,51.77244000000064],[-2.440169999999853,51.817769999999655],[-2.351150000000416,51.807849999999235],[-2.4362,51.814549999999144],[-2.386529999999766,51.76138],[-2.559600000000501,51.66745000000083],[-2.699060000000827,51.49121000000014],[-2.978610000000117,51.38876],[-3.013300000000527,51.29862999999932]]]},"properties":{}},{"type":"Feature","geometry":{"type":"MultiLineString","coordinates":[[[-4.669239999999263,51.195519999999306],[-4.669239999999263,51.195519999999306]]]},"properties":{}},{"type":"Feature","geometry":{"type":"MultiLineString","coordinates":[[[-3.100010000000111,51.209500000000844],[-3.397129999999379,51.1830000000009],[-3.783980000000156,51.24611],[-4.202509999999165,51.20087000000058],[-4.262010000000373,51.14427000000069],[-4.213830000000598,51.07512999999926],[-4.078219999999419,51.08043],[-4.196239999999307,51.03451999999925]]]},"properties":{}},{"type":"Feature","geometry":{"type":"MultiLineString","coordinates":[[[-4.521090000000186,51.022469999999885],[-4.196239999999307,51.03451999999925]]]},"properties":{}},{"type":"Feature","geometry":{"type":"MultiLineString","coordinates":[[[-0.937519999999495,50.77994000000035],[-0.96774,50.83516000000054],[-1.026270000000295,50.79349999999977],[-0.937519999999495,50.77994000000035]]]},"properties":{}},{"type":"Feature","geometry":{"type":"MultiLineString","coordinates":[[[0.00346,50.78850000000057],[-0.279660000000149,50.834210000000894],[-0.763720000000831,50.77318000000014],[-0.789000000000669,50.72285000000011],[-0.915160000000469,50.78096],[-0.808000000000902,50.83175999999912],[-1.003360000000612,50.8463499999998],[-1.07913,50.7778500000004],[-1.102380000000267,50.84568000000036],[-1.173909999999523,50.84552000000076],[-1.13811,50.774020000000746],[-1.313529999999446,50.8467]]]},"properties":{}},{"type":"Feature","geometry":{"type":"MultiLineString","coordinates":[[[-1.973959999999352,50.69613000000027],[-1.973959999999352,50.69613000000027]]]},"properties":{}},{"type":"Feature","geometry":{"type":"MultiLineString","coordinates":[[[-1.10772,50.69402000000082],[-1.277169999999387,50.76606999999967],[-1.289899999999761,50.70574999999917],[-1.317139999999199,50.767110000000685],[-1.58256000000074,50.661990000000515],[-1.292970000000423,50.574570000000676],[-1.181529999999839,50.59867999999915],[-1.10772,50.69402000000082]]]},"properties":{}},{"type":"Feature","geometry":{"type":"MultiLineString","coordinates":[[[-4.912979999999152,50.53199999999924],[-4.84433,50.52501999999913],[-4.93534,50.58792999999969],[-4.790129999999408,50.60282],[-4.56286,50.782030000000304],[-4.521090000000186,51.022469999999885]]]},"properties":{}},{"type":"Feature","geometry":{"type":"MultiLineString","coordinates":[[[-1.313529999999446,50.8467],[-1.472859999999855,50.91611000000012],[-1.30555,50.8130000000001],[-1.445390000000771,50.818279999999504],[-1.390219999999317,50.776420000000144],[-1.530140000000756,50.75967],[-1.547969999999623,50.705190000000584],[-1.94686,50.68389000000025],[-2.042219999999361,50.73144999999931],[-2.078859999999622,50.6867000000002],[-1.924189999999726,50.64021999999932],[-2.053749999999127,50.57635999999911],[-2.421500000000378,50.63706],[-2.45687,50.51246],[-2.622110000000248,50.657859999999346],[-2.904280000000654,50.73233000000073],[-3.359109999999419,50.605970000000525],[-3.477829999999813,50.688609999999244],[-3.424300000000585,50.60916],[-3.496119999999792,50.54090999999971]]]},"properties":{}},{"type":"Feature","geometry":{"type":"MultiLineString","coordinates":[[[-4.212600000000748,50.39222999999947],[-4.300300000000789,50.390369999999166],[-4.210370000000694,50.424370000000636]]]},"properties":{}},{"type":"Feature","geometry":{"type":"MultiLineString","coordinates":[[[-3.495709999999235,50.53734000000077],[-3.481260000000475,50.46125000000029],[-3.559830000000147,50.42202999999972],[-3.48265,50.400110000000495],[-3.55229,50.3384700000006]]]},"properties":{}},{"type":"Feature","geometry":{"type":"MultiLineString","coordinates":[[[-4.210370000000694,50.424370000000636],[-4.224070000000211,50.4695499999998],[-4.156619999999748,50.458950000000186],[-4.203820000000633,50.39667999999983],[-4.07858,50.31524]]]},"properties":{}},{"type":"Feature","geometry":{"type":"MultiLineString","coordinates":[[[-4.642959999999221,50.32918000000063],[-4.660299999999552,50.393739999999525],[-4.636930000000575,50.32532999999967],[-4.387280000000828,50.363900000000285],[-4.18902,50.31833999999981],[-4.212600000000748,50.39222999999947]]]},"properties":{}},{"type":"Feature","geometry":{"type":"MultiLineString","coordinates":[[[-3.896269999999276,50.28187000000071],[-3.932469999999739,50.332619999999224],[-4.07858,50.31524]]]},"properties":{}},{"type":"Feature","geometry":{"type":"MultiLineString","coordinates":[[[-3.779430000000502,50.217570000000705],[-3.896269999999276,50.28187000000071]]]},"properties":{}},{"type":"Feature","geometry":{"type":"MultiLineString","coordinates":[[[-3.5638,50.33702000000085],[-3.642659999999523,50.22351999999955],[-3.766279999999824,50.22163],[-3.760720000000219,50.27618000000075],[-3.779430000000502,50.217570000000705]]]},"properties":{}},{"type":"Feature","geometry":{"type":"MultiLineString","coordinates":[[[-5.059020000000601,50.195019999999204],[-5.037050000000818,50.20916000000034]]]},"properties":{}},{"type":"Feature","geometry":{"type":"MultiLineString","coordinates":[[[-4.642959999999221,50.32918000000063],[-4.755189999999857,50.33155000000079],[-4.798049999999421,50.2203499999996],[-5.006559999999808,50.13923000000068],[-5.032209999999395,50.204789999999775],[-4.961880000000747,50.23853000000054],[-5.04522,50.25659000000087],[-5.037050000000818,50.20916000000034]]]},"properties":{}},{"type":"Feature","geometry":{"type":"MultiLineString","coordinates":[[[-5.05883,50.19434999999976],[-5.106770000000324,50.20759999999973],[-5.040329999999813,50.14711999999963],[-5.089299999999639,50.10303000000022],[-5.208300000000236,50.0927],[-5.12327,50.0953499999996]]]},"properties":{}},{"type":"Feature","geometry":{"type":"MultiLineString","coordinates":[[[-5.715539999999237,50.062990000000354],[-5.673950000000332,50.167020000000775],[-5.497230000000854,50.22038000000066],[-5.436260000000402,50.177630000000136],[-5.153619999999137,50.34908],[-5.044019999999364,50.4420599999994],[-5.03306,50.55055],[-4.912979999999152,50.53199999999924]]]},"properties":{}},{"type":"Feature","geometry":{"type":"MultiLineString","coordinates":[[[-5.715539999999237,50.062990000000354],[-5.575269999999364,50.05232000000069],[-5.491809999999532,50.12916000000041],[-5.284900000000562,50.085080000000744],[-5.19938,49.95933999999943],[-5.056399999999485,50.05335000000014],[-5.12359,50.09574000000066]]]},"properties":{}},{"type":"Feature","geometry":{"type":"MultiLineString","coordinates":[[[-6.292750000000524,49.973579999999856],[-6.292750000000524,49.973579999999856]]]},"properties":{}},{"type":"Feature","geometry":{"type":"MultiLineString","coordinates":[[[-6.355190000000221,49.963550000000396],[-6.355190000000221,49.963550000000396]]]},"properties":{}},{"type":"Feature","geometry":{"type":"MultiLineString","coordinates":[[[-6.337579999999434,49.953419999999824],[-6.337579999999434,49.953419999999824]]]},"properties":{}},{"type":"Feature","geometry":{"type":"MultiLineString","coordinates":[[[-6.294060000000172,49.93571999999949],[-6.326499999999214,49.90999000000011],[-6.294060000000172,49.93571999999949]]]},"properties":{}},{"type":"Feature","geometry":{"type":"MultiLineString","coordinates":[[[-6.345799999999144,49.89594000000034],[-6.345799999999144,49.89594000000034]]]},"properties":{}},{"type":"Feature","geometry":{"type":"MultiLineString","coordinates":[[[-2.180749999999534,49.73697],[-2.239939999999478,49.710689999999886],[-2.180749999999534,49.73697]]]},"properties":{}},{"type":"Feature","geometry":{"type":"MultiLineString","coordinates":[[[-2.455060000000231,49.48761000000013],[-2.455060000000231,49.48761000000013]]]},"properties":{}},{"type":"Feature","geometry":{"type":"MultiLineString","coordinates":[[[-2.524830000000293,49.48867000000064],[-2.682469999999739,49.43511000000035],[-2.545029999999315,49.422920000000886],[-2.524830000000293,49.48867000000064]]]},"properties":{}},{"type":"Feature","geometry":{"type":"MultiLineString","coordinates":[[[-2.369919999999183,49.45284],[-2.385529999999562,49.41306000000077],[-2.369919999999183,49.45284]]]},"properties":{}},{"type":"Feature","geometry":{"type":"MultiLineString","coordinates":[[[-1.181360000000495,49.39326000000074],[-1.142390000000887,49.31623000000036],[-1.097610000000714,49.38721000000078],[-0.958049999999275,49.39737000000059],[-0.407970000000205,49.33690000000024],[-0.25594,49.26014000000032],[-0.00083000000086,49.32570999999916]]]},"properties":{}},{"type":"Feature","geometry":{"type":"MultiLineString","coordinates":[[[-2.035060000000158,49.19904999999926],[-2.09994,49.25916999999936],[-2.258830000000671,49.25663999999961],[-2.23392000000058,49.180420000000595],[-2.035060000000158,49.19904999999926]]]},"properties":{}},{"type":"Feature","geometry":{"type":"MultiLineString","coordinates":[[[-1.824529999999868,48.87461000000076],[-1.824529999999868,48.87461000000076]]]},"properties":{}},{"type":"Feature","geometry":{"type":"MultiLineString","coordinates":[[[-3.195460000000821,48.87482000000091],[-3.195460000000821,48.87482000000091]]]},"properties":{}},{"type":"Feature","geometry":{"type":"MultiLineString","coordinates":[[[-2.98668,48.86501999999928],[-2.98668,48.86501999999928]]]},"properties":{}},{"type":"Feature","geometry":{"type":"MultiLineString","coordinates":[[[-3.005240000000413,48.85150000000067],[-3.005240000000413,48.85150000000067]]]},"properties":{}},{"type":"Feature","geometry":{"type":"MultiLineString","coordinates":[[[-3.084199999999328,48.819620000000214],[-3.072609999999258,48.88523999999961],[-3.192779999999402,48.83549999999923]]]},"properties":{}},{"type":"Feature","geometry":{"type":"MultiLineString","coordinates":[[[-3.565749999999753,48.80618999999933],[-3.565749999999753,48.80618999999933]]]},"properties":{}},{"type":"Feature","geometry":{"type":"MultiLineString","coordinates":[[[-4.000879999999597,48.74136],[-4.000879999999597,48.74136]]]},"properties":{}},{"type":"Feature","geometry":{"type":"MultiLineString","coordinates":[[[-3.925080000000889,48.69671000000017],[-3.925080000000889,48.69671000000017]]]},"properties":{}},{"type":"Feature","geometry":{"type":"MultiLineString","coordinates":[[[-1.55964,48.60266000000047],[-1.358060000000478,48.631390000000465],[-1.500089999999545,48.682119999999486],[-1.612999999999374,48.83256000000074],[-1.55703,49.023230000000694],[-1.50331,49.02000000000044],[-1.582350000000588,49.00268],[-1.60959,49.08302999999978],[-1.612339999999676,49.21705],[-1.546809999999823,49.2188100000003],[-1.629059999999299,49.2122],[-1.686170000000857,49.32763999999952],[-1.806339999999182,49.371250000000146],[-1.88767,49.530759999999646],[-1.847030000000814,49.62786000000051],[-1.948210000000472,49.717070000000604],[-1.612890000000334,49.642219999999725],[-1.267700000000332,49.698200000000725],[-1.22983000000022,49.607819999999265],[-1.311229999999341,49.54656000000068],[-1.179700000000594,49.388310000000274]]]},"properties":{}},{"type":"Feature","geometry":{"type":"MultiLineString","coordinates":[[[-3.203620000000228,48.83843999999954],[-3.511570000000575,48.83678999999938],[-3.581599999999526,48.788080000000264],[-3.519959999999628,48.732490000000325],[-3.574699999999211,48.67504999999983],[-3.820330000000467,48.71874000000025],[-3.855589999999211,48.6216600000007],[-3.987339999999676,48.72808000000077],[-4.552700000000186,48.627300000000105]]]},"properties":{}},{"type":"Feature","geometry":{"type":"MultiLineString","coordinates":[[[-2.02191,48.61946],[-1.991050000000541,48.6839600000003],[-1.845579999999245,48.71204000000034],[-1.83849,48.61434],[-1.55964,48.60266000000047]]]},"properties":{}},{"type":"Feature","geometry":{"type":"MultiLineString","coordinates":[[[-4.540329999999813,48.600029999999606],[-4.552700000000186,48.627300000000105]]]},"properties":{}},{"type":"Feature","geometry":{"type":"MultiLineString","coordinates":[[[-4.54110000000037,48.597820000000866],[-4.604530000000523,48.60552],[-4.585279999999329,48.5629399999998]]]},"properties":{}},{"type":"Feature","geometry":{"type":"MultiLineString","coordinates":[[[-2.030220000000554,48.61955999999918],[-2.14883,48.63304000000062],[-2.220230000000811,48.5600400000003],[-2.247059999999692,48.64331999999922],[-2.343479999999545,48.616509999999835],[-2.318400000000111,48.68740000000071],[-2.489509999999427,48.64542000000074],[-2.685170000000653,48.49857999999949],[-2.95118,48.772070000000895],[-3.041230000000724,48.7842899999996],[-3.010840000000826,48.821350000000166],[-3.077040000000125,48.8174199999994]]]},"properties":{}},{"type":"Feature","geometry":{"type":"MultiLineString","coordinates":[[[-4.584709999999177,48.561219999999594],[-4.705659999999625,48.570739999999205],[-4.756709999999657,48.4749699999993]]]},"properties":{}},{"type":"Feature","geometry":{"type":"MultiLineString","coordinates":[[[-5.113830000000235,48.464749999999185],[-5.036130000000412,48.462250000000495],[-5.113830000000235,48.464749999999185]]]},"properties":{}},{"type":"Feature","geometry":{"type":"MultiLineString","coordinates":[[[-4.96112,48.39156],[-4.96112,48.39156]]]},"properties":{}},{"type":"Feature","geometry":{"type":"MultiLineString","coordinates":[[[-4.857350000000224,48.34167999999954],[-4.857350000000224,48.34167999999954]]]},"properties":{}},{"type":"Feature","geometry":{"type":"MultiLineString","coordinates":[[[-4.515429999999469,48.29941999999937],[-4.515429999999469,48.29941999999937]]]},"properties":{}},{"type":"Feature","geometry":{"type":"MultiLineString","coordinates":[[[-4.754829999999856,48.47292000000016],[-4.772670000000289,48.32856999999967],[-4.289979999999559,48.436719999999696],[-4.458679999999731,48.326639999999315],[-4.26591,48.35736],[-4.336629999999786,48.31470000000081],[-4.187480000000505,48.29709],[-4.279669999999896,48.28471]]]},"properties":{}},{"type":"Feature","geometry":{"type":"MultiLineString","coordinates":[[[-4.858720000000176,48.04247000000032],[-4.858720000000176,48.04247000000032]]]},"properties":{}},{"type":"Feature","geometry":{"type":"MultiLineString","coordinates":[[[-4.177620000000388,47.85589000000073],[-4.177620000000388,47.85589000000073]]]},"properties":{}},{"type":"Feature","geometry":{"type":"MultiLineString","coordinates":[[[-4.276920000000246,48.28792000000067],[-4.573019999999815,48.330659999999625],[-4.63026,48.2779900000005],[-4.546319999999469,48.2499200000002],[-4.554439999999886,48.167530000000625],[-4.4330800000007,48.23523000000023],[-4.304159999999683,48.1948799999991],[-4.287469999999303,48.10405999999966],[-4.73892,48.04022000000077],[-4.534589999999298,48.032460000000356],[-4.364809999999125,47.892610000000786],[-4.376770000000761,47.81598999999915]]]},"properties":{}},{"type":"Feature","geometry":{"type":"MultiLineString","coordinates":[[[-3.423370000000432,47.6200000000008],[-3.513629999999466,47.65027999999984],[-3.423370000000432,47.620279999999184]]]},"properties":{}},{"type":"Feature","geometry":{"type":"MultiLineString","coordinates":[[[-2.726300000000265,47.592749999999796],[-2.726300000000265,47.592749999999796]]]},"properties":{}},{"type":"Feature","geometry":{"type":"MultiLineString","coordinates":[[[-2.807510000000548,47.57795000000078],[-2.807510000000548,47.57795000000078]]]},"properties":{}},{"type":"Feature","geometry":{"type":"MultiLineString","coordinates":[[[-2.860520000000179,47.563529999999446],[-2.839490000000296,47.60495000000083],[-2.860520000000179,47.563529999999446]]]},"properties":{}},{"type":"Feature","geometry":{"type":"MultiLineString","coordinates":[[[-3.12699000000066,47.58005000000048],[-3.018570000000182,47.567880000000514],[-3.0306700000001,47.63083],[-2.929190000000744,47.553830000000744],[-2.97469,47.64139000000068],[-2.923329999999623,47.66338999999971],[-2.892110000000685,47.574469999999565],[-2.793530000000828,47.64338999999927],[-2.657999999999447,47.61696999999913],[-2.733780000000479,47.53975],[-2.904780000000756,47.55913999999939],[-2.836139999999432,47.49332999999933],[-2.47775,47.51272000000063]]]},"properties":{}},{"type":"Feature","geometry":{"type":"MultiLineString","coordinates":[[[-4.376770000000761,47.81598999999915],[-4.179729999999836,47.79893000000084],[-4.193489999999656,47.87109000000055],[-4.11341,47.86201000000074],[-4.171469999999317,47.899209999999584],[-4.101849999999104,47.97291000000041],[-4.140929999999571,47.90582],[-4.097719999999754,47.861189999999624],[-3.948570000000473,47.89839000000029],[-3.851979999999458,47.78853],[-3.693880000000718,47.82926000000043],[-3.6520500000006,47.82209999999941],[-3.71672000000035,47.79183000000012],[-3.53881,47.7609],[-3.52339000000029,47.803029999999126],[-3.446760000000722,47.69485999999961],[-3.351109999999608,47.73517],[-3.378360000000612,47.78874999999971],[-3.345939999999246,47.73899999999958],[-3.286860000000161,47.78506000000016],[-3.36008000000038,47.707510000000184],[-3.281919999999445,47.6888],[-3.359800000000178,47.689080000000104],[-3.213260000000446,47.64432999999917],[-3.188469999999143,47.740750000000844],[-3.136500000000524,47.739330000000336],[-3.206930000000284,47.63817000000017],[-3.08489,47.469859999999244],[-3.12699000000066,47.58005000000048]]]},"properties":{}},{"type":"Feature","geometry":{"type":"MultiLineString","coordinates":[[[-2.48358,47.4947800000009],[-2.46111000000019,47.44865000000027]]]},"properties":{}},{"type":"Feature","geometry":{"type":"MultiLineString","coordinates":[[[-2.990490000000136,47.39878999999928],[-2.940269999999146,47.394319999999425],[-2.990490000000136,47.39878999999928]]]},"properties":{}},{"type":"Feature","geometry":{"type":"MultiLineString","coordinates":[[[-2.890199999999822,47.33208000000013],[-2.890199999999822,47.33208000000013]]]},"properties":{}},{"type":"Feature","geometry":{"type":"MultiLineString","coordinates":[[[-3.095230000000811,47.280140000000756],[-3.23596,47.30206],[-3.24798,47.38428000000022],[-3.060289999999441,47.31411999999909],[-3.095230000000811,47.280140000000756]]]},"properties":{}},{"type":"Feature","geometry":{"type":"MultiLineString","coordinates":[[[-2.283949999999095,46.68920000000071],[-2.39966,46.724669999999605],[-2.284499999999753,46.688930000000255]]]},"properties":{}},{"type":"Feature","geometry":{"type":"MultiLineString","coordinates":[[[-1.481470000000627,46.24747000000025],[-1.56297000000086,46.244080000000395],[-1.25324,46.16313000000082],[-1.481470000000627,46.24747000000025]]]},"properties":{}},{"type":"Feature","geometry":{"type":"MultiLineString","coordinates":[[[-1.176250000000437,46.00972],[-1.176250000000437,46.00972]]]},"properties":{}},{"type":"Feature","geometry":{"type":"MultiLineString","coordinates":[[[-1.113359999999375,45.954069999999774],[-1.113359999999375,45.954069999999774]]]},"properties":{}},{"type":"Feature","geometry":{"type":"MultiLineString","coordinates":[[[-1.194610000000466,45.866470000000845],[-1.244029999999839,45.99008],[-1.408999999999651,46.04838000000018],[-1.240920000000187,45.80149999999958],[-1.194610000000466,45.866470000000845]]]},"properties":{}},{"type":"Feature","geometry":{"type":"MultiLineString","coordinates":[[[-0.713359999999739,45.23957999999948],[-0.719859999999244,45.27995],[-0.713359999999739,45.23957999999948]],[[-0.704330000000482,45.17756999999983],[-0.711830000000191,45.21703999999954],[-0.704330000000482,45.17756999999983]],[[-0.681230000000141,45.12810999999965],[-0.694059999999808,45.179],[-0.681230000000141,45.12810999999965]],[[-2.202509999999165,47.250239999999394],[-2.202230000000782,47.249690000000555]],[[-2.192880000000514,47.2585],[-2.192880000000514,47.25931999999921]],[[-2.207739999999831,47.241439999999784],[-2.207739999999831,47.24171000000024]],[[-2.46111000000019,47.44865000000027],[-2.432940000000599,47.41444000000047],[-2.557640000000902,47.37463000000025],[-2.491529999999329,47.26980999999978],[-1.95387,47.29152000000067]],[[-2.218940000000657,46.97686000000067],[-2.30381,47.02377999999953],[-2.154109999999491,46.89761],[-2.218940000000657,46.97686000000067]],[[-1.954149999999572,47.28382000000056],[-2.13467,47.26454999999987],[-2.244450000000143,47.13436],[-1.985640000000785,47.03230000000076],[-2.154070000000502,46.88782],[-2.143889999999374,46.820120000000315],[-1.857830000000831,46.607669999999416],[-1.808709999999337,46.49033000000054],[-1.292589999999109,46.29054999999971],[-1.130629999999655,46.302120000000286]],[[-1.129440000000614,46.30225000000064],[-1.240859999999884,46.15845000000081],[-1.159309999999095,46.15460999999959],[-1.058419999999387,46.0359499999995],[-1.107579999999871,45.991939999999886],[-0.9955800000007,45.92736],[-1.00598,45.97133000000031],[-1.088079999999536,45.94964000000073],[-1.16172,45.85419],[-1.042579999999361,45.73631000000023],[-1.22797,45.789419999999154],[-1.234640000000581,45.68884000000071],[-0.812659999999596,45.439109999999346],[-0.635710000000472,45.07437000000027],[-0.560589999999138,45.038870000000315]],[[-0.59994,45.013559999999416],[-0.86096,45.42303999999967],[-1.065839999999298,45.56366],[-1.13278,45.51539000000048],[-1.261630000000878,44.63572000000022],[-1.164440000000468,44.773300000000745],[-1.02006000000074,44.65530000000035],[-1.198529999999664,44.654749999999694],[-1.317769999999655,44.12832999999955]]]},"properties":{}},{"type":"Feature","geometry":{"type":"MultiLineString","coordinates":[[[-0.565640000000712,45.030399999999645],[-0.558919999999489,45.03404000000046]]]},"properties":{}},{"type":"Feature","geometry":{"type":"MultiLineString","coordinates":[[[-0.564329999999245,45.02806000000055],[-0.587110000000393,45.02088999999978]]]},"properties":{}},{"type":"Feature","geometry":{"type":"MultiLineString","coordinates":[[[-0.598930000000109,45.01582000000053],[-0.675629999999728,45.0918700000002],[-0.598930000000109,45.01582000000053]]]},"properties":{}},{"type":"Feature","geometry":{"type":"MultiLineString","coordinates":[[[-9.511529999999766,52.81047000000035],[-9.511529999999766,52.81047000000035]]]},"properties":{}},{"type":"Feature","geometry":{"type":"MultiLineString","coordinates":[[[-9.019469999999274,52.72243999999955],[-9.019469999999274,52.72243999999955]]]},"properties":{}},{"type":"Feature","geometry":{"type":"MultiLineString","coordinates":[[[-8.989470000000438,52.71814000000086],[-8.989470000000438,52.71814000000086]]]},"properties":{}},{"type":"Feature","geometry":{"type":"MultiLineString","coordinates":[[[-8.95644,52.70922000000064],[-8.95644,52.70922000000064]]]},"properties":{}},{"type":"Feature","geometry":{"type":"MultiLineString","coordinates":[[[-8.969859999999244,52.7122],[-8.969859999999244,52.7122]]]},"properties":{}},{"type":"Feature","geometry":{"type":"MultiLineString","coordinates":[[[-9.039860000000772,52.69267000000036],[-9.039860000000772,52.69267000000036]]]},"properties":{}},{"type":"Feature","geometry":{"type":"MultiLineString","coordinates":[[[-9.034890000000814,52.6833000000006],[-9.034890000000814,52.6833000000006]]]},"properties":{}},{"type":"Feature","geometry":{"type":"MultiLineString","coordinates":[[[-9.105439999999362,52.63053000000036],[-9.105439999999362,52.63053000000036]]]},"properties":{}},{"type":"Feature","geometry":{"type":"MultiLineString","coordinates":[[[-9.058559999999488,52.63894000000073],[-9.058559999999488,52.63894000000073]]]},"properties":{}},{"type":"Feature","geometry":{"type":"MultiLineString","coordinates":[[[-9.512609999999768,52.6208000000006],[-9.512609999999768,52.6208000000006]]]},"properties":{}},{"type":"Feature","geometry":{"type":"MultiLineString","coordinates":[[[-9.495999999999185,52.58202999999958],[-9.495999999999185,52.58202999999958]]]},"properties":{}},{"type":"Feature","geometry":{"type":"MultiLineString","coordinates":[[[-9.893,52.556580000000395],[-9.549000000000888,52.644140000000334],[-9.584720000000743,52.67046999999911],[-9.418110000000524,52.60747000000083],[-9.266610000000583,52.64405000000079],[-9.31761,52.59094999999979],[-9.16367,52.620419999999285],[-8.958109999999579,52.79922000000079],[-8.962970000000496,52.68733000000066],[-8.849500000000262,52.69686]]]},"properties":{}},{"type":"Feature","geometry":{"type":"MultiLineString","coordinates":[[[-9.071439999999711,53.15922],[-9.281670000000304,53.14581],[-9.476080000000366,52.94391999999971],[-9.347579999999653,52.9310600000008],[-9.498499999999694,52.754329999999754],[-9.941080000000511,52.56107999999949],[-9.893,52.556580000000395]]]},"properties":{}},{"type":"Feature","geometry":{"type":"MultiLineString","coordinates":[[[-9.877780000000712,52.28361000000041],[-9.877780000000712,52.28361000000041]]]},"properties":{}},{"type":"Feature","geometry":{"type":"MultiLineString","coordinates":[[[-8.849500000000262,52.69686],[-8.622810000000754,52.670060000000376],[-9.479390000000421,52.54903000000013],[-9.623419999999896,52.58302999999978],[-9.689249999999447,52.48661],[-9.634280000000217,52.4695499999998],[-9.95118999999977,52.412280000000464],[-9.83527999999933,52.38375000000087],[-9.8790599999993,52.276920000000246],[-9.723330000000715,52.258780000000115],[-9.957749999999578,52.23432999999932],[-10.01597000000038,52.3175],[-10.106330000000526,52.245530000000144],[-10.182919999999285,52.23269000000073],[-10.176750000000538,52.293330000000424],[-10.355059999999867,52.23833000000013]]]},"properties":{}},{"type":"Feature","geometry":{"type":"MultiLineString","coordinates":[[[-10.570890000000873,52.13789],[-10.570890000000873,52.13789]]]},"properties":{}},{"type":"Feature","geometry":{"type":"MultiLineString","coordinates":[[[-10.514440000000832,52.11146999999983],[-10.57789000000048,52.07416999999987],[-10.514440000000832,52.11146999999983]]]},"properties":{}},{"type":"Feature","geometry":{"type":"MultiLineString","coordinates":[[[-10.601919999999154,52.063749999999345],[-10.601919999999154,52.063749999999345]]]},"properties":{}},{"type":"Feature","geometry":{"type":"MultiLineString","coordinates":[[[-10.61197,52.04961],[-10.61197,52.04961]]]},"properties":{}},{"type":"Feature","geometry":{"type":"MultiLineString","coordinates":[[[-10.303610000000845,51.935199999999895],[-10.303610000000845,51.935199999999895]]]},"properties":{}},{"type":"Feature","geometry":{"type":"MultiLineString","coordinates":[[[-10.350309999999808,51.93858],[-10.42886,51.88614000000052],[-10.286330000000817,51.92986000000019],[-10.350309999999808,51.93858]]]},"properties":{}},{"type":"Feature","geometry":{"type":"MultiLineString","coordinates":[[[-10.355059999999867,52.23833000000013],[-10.372750000000451,52.17425],[-10.470859999999448,52.18289],[-10.47722000000067,52.10958000000028],[-9.751360000000204,52.14961000000039],[-10.25811000000067,51.993389999999636],[-10.322249999999258,51.95572],[-10.18383,51.96444],[-10.398059999999532,51.84555]]]},"properties":{}},{"type":"Feature","geometry":{"type":"MultiLineString","coordinates":[[[-10.398059999999532,51.84555],[-10.398059999999532,51.84555]]]},"properties":{}},{"type":"Feature","geometry":{"type":"MultiLineString","coordinates":[[[-9.902529999999388,51.81039000000055],[-9.902529999999388,51.81039000000055]]]},"properties":{}},{"type":"Feature","geometry":{"type":"MultiLineString","coordinates":[[[-10.217249999999694,51.745419999999285],[-10.217249999999694,51.745419999999285]]]},"properties":{}},{"type":"Feature","geometry":{"type":"MultiLineString","coordinates":[[[-10.247439999999187,51.73956],[-10.247439999999187,51.73956]]]},"properties":{}},{"type":"Feature","geometry":{"type":"MultiLineString","coordinates":[[[-9.50569,51.68978000000061],[-9.50569,51.68978000000061]]]},"properties":{}},{"type":"Feature","geometry":{"type":"MultiLineString","coordinates":[[[-9.806329999999434,51.63975000000028],[-9.924220000000787,51.623419999999896],[-9.806329999999434,51.63975000000028]]]},"properties":{}},{"type":"Feature","geometry":{"type":"MultiLineString","coordinates":[[[-10.159309999999095,51.61217000000033],[-9.976000000000568,51.69086000000061],[-9.980639999999767,51.73805999999968],[-9.560999999999694,51.884],[-10.132670000000871,51.74114],[-10.225309999999808,51.78163999999924],[-10.173720000000685,51.8080000000009],[-10.207080000000133,51.848],[-10.34158000000025,51.7867499999993],[-10.33585999999923,51.84853],[-10.398059999999532,51.84555]]]},"properties":{}},{"type":"Feature","geometry":{"type":"MultiLineString","coordinates":[[[-10.159309999999095,51.61217000000033],[-10.238499999999476,51.5871700000007],[-10.159309999999095,51.61217000000033]]]},"properties":{}},{"type":"Feature","geometry":{"type":"MultiLineString","coordinates":[[[-10.159309999999095,51.61217000000033],[-9.456809999999678,51.73582999999962],[-9.464809999999488,51.68355999999949],[-9.857939999999871,51.54620000000068],[-9.544749999999112,51.61960999999974],[-9.8393300000007,51.487419999999474],[-9.81214,51.45305999999982]]]},"properties":{}},{"type":"Feature","geometry":{"type":"MultiLineString","coordinates":[[[5.456539999999222,52.531230000000505],[5.456539999999222,52.531230000000505]]]},"properties":{}},{"type":"Feature","geometry":{"type":"MultiLineString","coordinates":[[[5.740719999999783,52.64704999999958],[5.740719999999783,52.64704999999958]]]},"properties":{}},{"type":"Feature","geometry":{"type":"MultiLineString","coordinates":[[[6.19679,53.36030000000028],[5.935639999999694,53.382190000000264],[5.780979999999545,53.32818000000043],[5.71911,53.26864000000023],[5.749799999999595,53.090039999999135],[5.649869999999282,53.04925999999978],[5.60894,53.06377000000066],[5.713869999999588,53.163800000000265],[5.591329999999289,53.25351000000046],[5.380950000000666,53.154780000000756],[5.486119999999573,53.042419999999765],[5.408789999999499,53.12212999999974],[5.037710000000516,53.06049999999959],[4.987030000000232,53.12594],[4.656520000000455,53.01339],[4.548609999999826,52.837069999999585],[4.58966,52.61164],[4.701020000000426,52.42960999999923],[4.97965,52.36298999999963]]]},"properties":{}},{"type":"Feature","geometry":{"type":"MultiLineString","coordinates":[[[4.97965,52.36298999999963],[5.170599999999467,52.44627000000037],[5.138010000000577,52.4733899999992],[5.222120000000359,52.504329999999754],[5.170959999999468,52.568569999999454],[5.333479999999327,52.64266999999927],[5.30278,52.7541199999996],[5.126109999999244,52.7162900000003],[5.107309999999416,52.77815999999984],[5.33419,52.83407000000079],[5.50956000000042,52.756030000000464],[5.720499999999447,52.7879099999991]]]},"properties":{}},{"type":"Feature","geometry":{"type":"MultiLineString","coordinates":[[[5.720499999999447,52.7879099999991],[5.673619999999573,52.73913],[5.710030000000188,52.68797000000086],[5.961660000000848,52.69962999999916],[5.856480000000374,52.65704]]]},"properties":{}},{"type":"Feature","geometry":{"type":"MultiLineString","coordinates":[[[5.856480000000374,52.65704],[5.979740000000675,52.63420000000042],[5.828879999999117,52.611360000000786],[5.870759999999791,52.56305000000066],[5.73454,52.6004099999991]]]},"properties":{}},{"type":"Feature","geometry":{"type":"MultiLineString","coordinates":[[[5.846009999999296,52.66418],[5.937389999999141,52.69867999999951],[5.846009999999296,52.663940000000366]]]},"properties":{}},{"type":"Feature","geometry":{"type":"MultiLineString","coordinates":[[[5.658509999999296,52.72223999999915],[5.589749999999185,52.679410000000644],[5.658509999999296,52.72223999999915]]]},"properties":{}},{"type":"Feature","geometry":{"type":"MultiLineString","coordinates":[[[5.326499999999214,52.27781999999934],[4.729610000000321,52.3907],[4.599340000000666,52.580149999999776],[4.50713,52.40012000000024]]]},"properties":{}},{"type":"Feature","geometry":{"type":"MultiLineString","coordinates":[[[5.524799999999232,52.57755],[5.53042,52.66834000000017],[5.733159999999771,52.6244999999999],[5.524799999999232,52.57755]]]},"properties":{}},{"type":"Feature","geometry":{"type":"MultiLineString","coordinates":[[[5.73454,52.6004099999991],[5.638409999999567,52.58423000000039],[5.735650000000533,52.48578000000089],[5.620360000000801,52.41345],[5.458199999999124,52.41820999999982],[5.530059999999139,52.31826999999976],[5.326499999999214,52.27781999999934]]]},"properties":{}},{"type":"Feature","geometry":{"type":"MultiLineString","coordinates":[[[1.43243000000075,52.02455999999984],[1.432909999999538,52.02360000000044]],[[1.626539999999295,52.70662000000084],[1.68895,52.72091],[1.734769999999116,52.642799999999625],[1.587740000000849,52.65567999999985],[1.626259999999093,52.70689999999922]],[[1.352720000000772,51.94724999999926],[1.587600000000748,52.09821000000011],[1.757540000000517,52.480540000000474],[1.705250000000888,52.58934000000045],[1.644529999999577,52.56768999999986],[1.651840000000448,52.46002000000044],[1.535169999999198,52.54413000000022],[1.607420000000275,52.59473000000071],[1.540510000000722,52.68440999999984],[1.644809999999779,52.760879999999815],[1.345129999999699,52.9182]]]},"properties":{}},{"type":"Feature","geometry":{"type":"MultiLineString","coordinates":[[[0.902869999999893,51.7821100000001],[1.00295,51.800999999999476],[0.902869999999893,51.7821100000001]]]},"properties":{}},{"type":"Feature","geometry":{"type":"MultiLineString","coordinates":[[[0.776990000000296,51.72653999999966],[0.776990000000296,51.72653999999966]]]},"properties":{}},{"type":"Feature","geometry":{"type":"MultiLineString","coordinates":[[[0.723920000000362,51.72941],[0.723920000000362,51.72941]]]},"properties":{}},{"type":"Feature","geometry":{"type":"MultiLineString","coordinates":[[[4.50713,52.40012000000024],[4.120109999999841,52.03756000000067],[4.320970000000671,51.880740000000515],[4.241540000000896,51.85482000000047],[4.281209999999191,51.74669999999969]]]},"properties":{}},{"type":"Feature","geometry":{"type":"MultiLineString","coordinates":[[[3.818890000000465,51.79708000000028],[3.658869999999297,51.68359000000055],[4.13825,51.556290000000445],[4.275840000000244,51.77936000000045],[4.210069999999178,51.91172],[4.04001000000062,51.96625999999924],[3.818890000000465,51.79708000000028]]]},"properties":{}},{"type":"Feature","geometry":{"type":"MultiLineString","coordinates":[[[0.616900000000896,51.533299999999144],[0.616900000000896,51.533299999999144]]]},"properties":{}},{"type":"Feature","geometry":{"type":"MultiLineString","coordinates":[[[0.543900000000576,51.51864000000023],[0.637559999999212,51.522469999999885],[0.543900000000576,51.51864000000023]]]},"properties":{}},{"type":"Feature","geometry":{"type":"MultiLineString","coordinates":[[[4.281209999999191,51.74669999999969],[4.165220000000772,51.545210000000225],[4.29758000000038,51.424950000000536],[4.309499999999389,51.26003],[4.386549999999261,51.240490000000136]]]},"properties":{}},{"type":"Feature","geometry":{"type":"MultiLineString","coordinates":[[[0.635220000000118,51.41817000000083],[0.635220000000118,51.41817000000083]]]},"properties":{}},{"type":"Feature","geometry":{"type":"MultiLineString","coordinates":[[[0.65672000000086,51.42105000000083],[0.65672000000086,51.42105000000083]]]},"properties":{}},{"type":"Feature","geometry":{"type":"MultiLineString","coordinates":[[[0.564979999999196,51.40777999999955],[0.564979999999196,51.40777999999955]]]},"properties":{}},{"type":"Feature","geometry":{"type":"MultiLineString","coordinates":[[[0.674759999999878,51.40827],[0.674759999999878,51.40827]]]},"properties":{}},{"type":"Feature","geometry":{"type":"MultiLineString","coordinates":[[[0.612370000000737,51.403589999999895],[0.612370000000737,51.403589999999895]]]},"properties":{}},{"type":"Feature","geometry":{"type":"MultiLineString","coordinates":[[[0.748040000000401,51.447949999999764],[0.949119999999311,51.37185999999929],[0.76854,51.36987000000045],[0.748040000000401,51.447949999999764]]]},"properties":{}},{"type":"Feature","geometry":{"type":"MultiLineString","coordinates":[[[4.386829999999463,51.23609000000033],[4.294910000000527,51.2603],[4.276669999999285,51.42465000000084],[4.134400000000824,51.54464],[3.746649999999136,51.60914000000048],[3.490599999999176,51.60418000000027],[3.371989999999641,51.469890000000305],[3.385749999999462,51.37605000000076],[3.25297,51.36696999999913]]]},"properties":{}},{"type":"Feature","geometry":{"type":"MultiLineString","coordinates":[[[1.215399236844856,51.37911707466728],[0.894550000000891,51.34150000000045],[0.762580000000526,51.361440000000584],[0.728390000000218,51.42328000000089],[0.674279999999271,51.37580999999955],[0.54486,51.40891999999985],[0.70161,51.47107999999935],[0.3485,51.4465],[0.551830000000336,51.547889999999825],[0.811690000000453,51.53658]]]},"properties":{}},{"type":"Feature","geometry":{"type":"MultiLineString","coordinates":[[[3.25297,51.36696999999913],[2.62004,51.1227600000002]]]},"properties":{}},{"type":"Feature","geometry":{"type":"MultiLineString","coordinates":[[[2.62004,51.1227600000002],[2.367000000000189,51.03124000000025],[1.92794,50.98957999999948]]]},"properties":{}},{"type":"Feature","geometry":{"type":"MultiLineString","coordinates":[[[1.001169999999604,51.07114999999976],[0.809020000000658,51.01800999999978],[0.86975,50.99828999999954],[0.84754000000072,50.955599999999436],[1.026050000000453,51.05033999999972],[0.841350000000659,50.94571]]]},"properties":{}},{"type":"Feature","geometry":{"type":"MultiLineString","coordinates":[[[1.655650000000605,50.46952000000056],[1.790670000000318,50.46070999999938],[1.58028000000013,50.56574999999975],[1.576479999999719,50.86082999999962],[1.754469999999856,50.94837]]]},"properties":{}},{"type":"Feature","geometry":{"type":"MultiLineString","coordinates":[[[1.366969999999128,50.0654799999993],[1.559509999999136,50.18963000000076],[1.672189999999318,50.18549999999959],[1.655650000000605,50.46952000000056]]]},"properties":{}},{"type":"Feature","geometry":{"type":"MultiLineString","coordinates":[[[0.661550000000716,49.4981800000005],[0.066549999999552,49.51579],[0.208269999999175,49.7160700000004],[0.585600000000341,49.85541999999987],[1.101210000000719,49.93808999999965],[1.366969999999128,50.0654799999993]]]},"properties":{}},{"type":"Feature","geometry":{"type":"MultiLineString","coordinates":[[[0.313430000000153,49.41783000000032],[0.508410000000367,49.40242000000035],[0.668700000000172,49.49872999999934]]]},"properties":{}},{"type":"Feature","geometry":{"type":"MultiLineString","coordinates":[[[0.0,49.32681000000048],[0.313430000000153,49.41783000000032]]]},"properties":{}},{"type":"Feature","geometry":{"type":"MultiLineString","coordinates":[[[14.41621,44.994839999999385],[14.320470000000569,45.17245],[14.273999999999432,45.12178],[14.357280000000173,44.99649999999929]]]},"properties":{}},{"type":"Feature","geometry":{"type":"MultiLineString","coordinates":[[[14.79862,44.9972],[14.721779999999796,44.93736],[14.617640000000506,44.97811999999982],[14.626720000000205,45.03789999999947],[14.5237400000006,45.015639999999735],[14.425769999999886,45.07987999999938],[14.523859999999331,45.123040000000515],[14.579369999999528,45.241389999999285],[14.597900000000777,45.15272999999985],[14.67209,45.15341000000086],[14.677009999999427,45.07920000000013],[14.79682,44.9962]]]},"properties":{}},{"type":"Feature","geometry":{"type":"MultiLineString","coordinates":[[[13.553610000000845,45.72813999999926],[13.514250000000175,45.7459400000007],[13.553610000000845,45.72813999999926]]]},"properties":{}},{"type":"Feature","geometry":{"type":"MultiLineString","coordinates":[[[13.721079999999347,45.59447],[13.808940000000803,45.61295000000064],[13.54803,45.79731],[13.523189999999886,45.75206000000071],[13.447969999999259,45.779529999999795],[13.551719999999477,45.725109999999404],[13.43260999999984,45.680169999999634],[13.218539999999848,45.71371999999974],[13.101119999999355,45.64675999999963]]]},"properties":{}},{"type":"Feature","geometry":{"type":"MultiLineString","coordinates":[[[12.20434000000023,45.27425000000039],[12.20434000000023,45.27425000000039]],[[12.532310000000507,45.54694000000018],[12.532310000000507,45.54694000000018]],[[12.54947,45.544190000000526],[12.54947,45.544190000000526]],[[12.558170000000246,45.52874999999949],[12.558170000000246,45.52874999999949]],[[12.49691999999959,45.544299999999566],[12.49691999999959,45.544299999999566]],[[12.494609999999739,45.483109999999215],[12.494609999999739,45.483109999999215]],[[12.455110000000786,45.47516999999971],[12.455110000000786,45.47516999999971]],[[12.34778,45.45313999999962],[12.34778,45.45313999999962]],[[12.39703,45.462830000000395],[12.39703,45.462830000000395]],[[12.375280000000203,45.43539000000055],[12.375280000000203,45.43539000000055]],[[12.324749999999767,45.42547000000013],[12.324749999999767,45.42547000000013]],[[12.242609999999331,45.39135999999962],[12.242609999999331,45.39135999999962]],[[12.241809999999532,45.386609999999564],[12.241809999999532,45.386609999999564]],[[12.21064,45.38369000000057],[12.21064,45.38369000000057]],[[12.204610000000685,45.36503000000084],[12.204610000000685,45.36503000000084]],[[12.247110000000248,45.37018999999964],[12.247110000000248,45.37018999999964]],[[12.22961000000032,45.36672],[12.22961000000032,45.36672]],[[12.214389999999185,45.37003],[12.214389999999185,45.37003]],[[12.403689999999187,45.429809999999634],[12.3125,45.340469999999186],[12.403689999999187,45.429809999999634]],[[12.199029999999766,45.3491699999995],[12.199029999999766,45.3491699999995]],[[12.205690000000686,45.341449999999895],[12.205690000000686,45.341449999999895]],[[12.216440000000148,45.31919000000016],[12.216440000000148,45.31919000000016]],[[12.207029999999577,45.33322000000044],[12.207029999999577,45.33322000000044]],[[12.202499999999418,45.30091],[12.202499999999418,45.30091]],[[12.191829999999754,45.30080000000089],[12.191829999999754,45.30080000000089]],[[12.225580000000264,45.30524999999943],[12.225580000000264,45.30524999999943]],[[12.18858,45.28391999999985],[12.18858,45.28391999999985]],[[12.232669999999416,45.28892000000087],[12.232669999999416,45.28892000000087]],[[12.212470000000394,45.28136000000086],[12.212470000000394,45.28136000000086]],[[12.323809999999867,45.33491999999933],[12.289919999999256,45.24070000000029],[12.323809999999867,45.33491999999933]],[[12.242710000000443,45.06536000000051],[12.262039999999615,45.11029000000053]],[[12.265009999999165,45.11684000000059],[12.290440000000672,45.17771]],[[12.243220000000292,45.05787000000055],[12.211129999999685,44.932919999999285]],[[12.186519999999291,44.89538],[12.180249999999432,44.86974]],[[12.21379,44.927],[12.13630000000012,44.74736999999914],[12.23862,44.690850000000864],[12.238419999999678,44.62209000000075],[12.11168,44.65128],[12.105929999999717,44.60541000000012],[12.188850000000457,44.55645999999979],[12.23142,44.61341999999968],[12.234019999999873,44.404959999999846],[12.100599999999758,44.37248999999974],[12.22726,44.40140000000065],[12.319639999999708,44.306940000000395]],[[12.881199999999808,45.60157000000072],[12.529399999999441,45.4945000000007],[12.586919999999736,45.545969999999215],[12.464889999999286,45.55514000000039],[12.378749999999854,45.51477999999952],[12.44564,45.4734499999995],[12.286889999999403,45.47419000000082],[12.364359999999579,45.42591],[12.27981,45.462610000000495],[12.15114,45.39003000000048],[12.156849999999395,45.25826000000052],[12.218730000000505,45.26365000000078],[12.243560000000798,45.189000000000306],[12.303669999999329,45.22847999999976],[12.293410000000222,45.18426]]]},"properties":{}},{"type":"Feature","geometry":{"type":"MultiLineString","coordinates":[[[13.721079999999347,45.59447],[13.75956000000042,45.54614000000038],[13.566500000000815,45.53088000000025],[13.590360000000146,45.48568999999952]]]},"properties":{}},{"type":"Feature","geometry":{"type":"MultiLineString","coordinates":[[[13.590360000000146,45.48568999999952],[13.490649999999732,45.48811000000023],[13.538319999999658,45.33007],[13.609080000000176,45.313239999999496],[13.591389999999592,45.14926999999989],[13.735720000000583,45.13314],[13.603479999999763,45.12020999999913],[13.729999999999563,45.0]]]},"properties":{}},{"type":"Feature","geometry":{"type":"MultiLineString","coordinates":[[[14.05037000000084,44.99797000000035],[14.048370000000432,45.03982999999971],[14.078639999999723,45.0]]]},"properties":{}},{"type":"Feature","geometry":{"type":"MultiLineString","coordinates":[[[14.170500000000175,45.0],[14.1569,45.077760000000126],[14.331560000000536,45.35431000000062],[14.57014,45.28900000000067],[14.843829999999798,45.113139999999476],[14.899590000000899,44.99553999999989]]]},"properties":{}},{"type":"Feature","geometry":{"type":"MultiLineString","coordinates":[[[29.389429999999265,45.475249999999505],[29.483790000000226,45.56333000000086],[29.57162000000062,45.57438],[29.627290000000357,45.508309999999256],[29.704289999999673,45.57512999999926],[29.597900000000664,45.56240000000071],[29.626640000000407,45.824360000000524],[29.696169999999256,45.80258999999933],[29.73286999999982,45.62545999999929],[29.865889999999126,45.669599999999264],[29.72411,45.587219999999434],[30.0,45.741330000000744]]]},"properties":{}},{"type":"Feature","geometry":{"type":"MultiLineString","coordinates":[[[29.75869000000057,45.461419999999634],[29.71622000000025,45.47127999999975]]]},"properties":{}},{"type":"Feature","geometry":{"type":"MultiLineString","coordinates":[[[29.389429999999265,45.475249999999505],[29.483840000000782,45.532250000000204],[29.653000000000247,45.44478],[29.71622000000025,45.47127999999975]]]},"properties":{}},{"type":"Feature","geometry":{"type":"MultiLineString","coordinates":[[[29.75869000000057,45.461419999999634],[29.71828,45.23420000000078]]]},"properties":{}},{"type":"Feature","geometry":{"type":"MultiLineString","coordinates":[[[29.702300000000832,45.23892],[29.71828,45.23420000000078]]]},"properties":{}},{"type":"Feature","geometry":{"type":"MultiLineString","coordinates":[[[29.675719999999274,45.216920000000755],[29.702300000000832,45.23892]]]},"properties":{}},{"type":"Feature","geometry":{"type":"MultiLineString","coordinates":[[[37.67625000000044,47.08352999999988],[37.67625000000044,47.08352999999988]]]},"properties":{}},{"type":"Feature","geometry":{"type":"MultiLineString","coordinates":[[[38.673979999999574,46.87104999999974],[39.09621999999945,47.03399999999965],[39.29711999999927,47.02117],[39.237639999999374,47.2548599999991],[39.09086000000025,47.28969999999936],[38.95864000000074,47.26361],[38.95780999999988,47.19123000000036],[38.23447999999917,47.118860000000495]]]},"properties":{}},{"type":"Feature","geometry":{"type":"MultiLineString","coordinates":[[[37.038360000000466,46.872009999999136],[37.24323999999979,46.950989999999365],[37.31033000000025,46.86744],[37.59053,47.09627999999975],[38.063060000000405,47.11161],[38.13293,47.07373],[38.0944,47.0263900000009],[38.23447999999917,47.118860000000495]]]},"properties":{}},{"type":"Feature","geometry":{"type":"MultiLineString","coordinates":[[[38.344279999999344,46.75287000000026],[38.344279999999344,46.75287000000026]]]},"properties":{}},{"type":"Feature","geometry":{"type":"MultiLineString","coordinates":[[[31.18822999999975,46.6315799999993],[31.412560000000667,46.625449999999546],[31.49064,46.72953000000052],[31.417279999999664,46.8137200000001],[31.50792,46.73370000000068],[31.591440000000148,46.851440000000366],[31.50442,46.66306000000077],[31.430280000000494,46.63289000000077],[31.87894000000051,46.63407999999981],[31.87703,46.79999999999927],[31.975080000000162,46.8789199999992],[31.96531,46.72686000000067]]]},"properties":{}},{"type":"Feature","geometry":{"type":"MultiLineString","coordinates":[[[32.29911,46.508420000000115],[32.29911,46.508420000000115]]]},"properties":{}},{"type":"Feature","geometry":{"type":"MultiLineString","coordinates":[[[31.96531,46.72686000000067],[32.13955999999962,46.55889000000025],[32.31223999999929,46.60956000000078],[32.280249999999796,46.545],[32.35150000000067,46.514719999999215],[32.29103000000032,46.48905999999988],[32.42400000000089,46.49025000000074],[31.513890000000174,46.57514000000083],[31.70394,46.437659999999596],[31.76094000000012,46.49105000000054],[32.04478000000017,46.411190000000715]]]},"properties":{}},{"type":"Feature","geometry":{"type":"MultiLineString","coordinates":[[[31.748470000000452,46.38017000000036],[31.73869999999988,46.425499999999374],[31.748470000000452,46.38017000000036]]]},"properties":{}},{"type":"Feature","geometry":{"type":"MultiLineString","coordinates":[[[31.73211000000083,46.27980000000025],[31.73211000000083,46.27980000000025]]]},"properties":{}},{"type":"Feature","geometry":{"type":"MultiLineString","coordinates":[[[31.70219,46.27707999999984],[31.81833,46.34100000000035],[31.70219,46.27707999999984]]]},"properties":{}},{"type":"Feature","geometry":{"type":"MultiLineString","coordinates":[[[31.679109999999127,46.26058000000012],[31.679109999999127,46.26058000000012]]]},"properties":{}},{"type":"Feature","geometry":{"type":"MultiLineString","coordinates":[[[34.90943999999945,46.245059999999285],[35.09743999999955,46.29443999999967]]]},"properties":{}},{"type":"Feature","geometry":{"type":"MultiLineString","coordinates":[[[34.99455999999918,46.24903000000086],[34.94189,46.24208],[34.99455999999918,46.24903000000086]]]},"properties":{}},{"type":"Feature","geometry":{"type":"MultiLineString","coordinates":[[[31.94503000000077,46.187809999999445],[31.606190000000424,46.25631000000067],[31.518690000000788,46.373719999999594],[31.59399999999914,46.2560799999992],[31.94503000000077,46.187809999999445]]]},"properties":{}},{"type":"Feature","geometry":{"type":"MultiLineString","coordinates":[[[32.03471999999965,46.17742],[31.98699999999917,46.18561000000045],[32.03471999999965,46.17742]]]},"properties":{}},{"type":"Feature","geometry":{"type":"MultiLineString","coordinates":[[[34.89564000000064,46.24092000000019],[34.81178,46.16019000000051]]]},"properties":{}},{"type":"Feature","geometry":{"type":"MultiLineString","coordinates":[[[34.81178,46.16019000000051],[34.81600000000071,46.14849999999933]]]},"properties":{}},{"type":"Feature","geometry":{"type":"MultiLineString","coordinates":[[[32.186359999999695,46.14524999999958],[32.045140000000174,46.17583000000013],[32.186359999999695,46.14524999999958]]]},"properties":{}},{"type":"Feature","geometry":{"type":"MultiLineString","coordinates":[[[35.09743999999955,46.29443999999967],[35.206490000000485,46.38984999999957],[35.17913000000044,46.50343000000066],[35.277249999999185,46.436110000000554],[35.26361,46.360969999999725],[35.363180000000284,46.36196000000018],[35.22233000000051,46.18944999999985],[34.98853000000054,46.08302999999978],[35.17682000000059,46.143700000000536],[35.45443999999952,46.43425000000025],[35.85449999999946,46.67085000000043],[36.24525,46.63953000000038],[36.225249999999505,46.54958000000079],[36.115859999999884,46.48625],[36.387660000000324,46.713920000000144],[36.606729999999516,46.77635],[36.8185799999992,46.720359999999346],[36.76235000000088,46.6304],[36.900079999999434,46.81064999999944],[37.038360000000466,46.872009999999136]]]},"properties":{}},{"type":"Feature","geometry":{"type":"MultiLineString","coordinates":[[[32.04478000000017,46.411190000000715],[31.758610000000772,46.30533],[31.940389999999752,46.300059999999576],[32.23892,46.18399999999929],[32.22617,46.137549999999464],[32.48178,46.07933000000048],[33.14169000000038,46.133889999999155],[33.22791999999936,46.22207999999955],[33.19996999999967,46.11503000000084],[33.27897,46.13911],[33.29081000000042,46.07791999999972],[33.33414000000084,46.1190000000006],[33.42391999999927,46.0373],[33.57242000000042,46.081969999999274],[33.506939999999304,46.12366],[33.58194,46.16316999999981],[33.61996,46.12299999999959]]]},"properties":{}},{"type":"Feature","geometry":{"type":"MultiLineString","coordinates":[[[32.93433,46.01639000000068],[32.55358999999953,46.07324999999946],[33.062079999999696,46.02461000000039],[32.93433,46.01639000000068]]]},"properties":{}},{"type":"Feature","geometry":{"type":"MultiLineString","coordinates":[[[33.529889999999796,45.873639999999796],[33.529889999999796,45.873639999999796]]]},"properties":{}},{"type":"Feature","geometry":{"type":"MultiLineString","coordinates":[[[30.0,45.741330000000744],[30.26376,45.87357999999949],[30.398240000000442,45.99673000000075],[30.297049999999217,45.95036000000073],[30.370919999999387,46.05307],[30.4750499999991,46.07459000000017],[30.36161,46.199360000000524],[30.118459999999686,46.31119000000035],[30.150649999999587,46.38486000000012],[30.23939000000064,46.393560000000434],[30.286480000000665,46.310349999999744],[30.32359,46.37612000000081],[30.329390000000785,46.29544999999962],[30.504189999999653,46.14694000000054],[30.48233000000073,46.08733000000029],[30.753199999999197,46.376759999999194],[30.751029999999446,46.54274000000078],[31.18822999999975,46.6315799999993]]]},"properties":{}},{"type":"Feature","geometry":{"type":"MultiLineString","coordinates":[[[36.57894999999917,45.24228000000039],[36.517250000000786,45.286449999999604],[36.57894999999917,45.24228000000039]]]},"properties":{}},{"type":"Feature","geometry":{"type":"MultiLineString","coordinates":[[[36.91148361487319,45.26492820088794],[37.31409871631274,45.28335],[37.16200871631298,45.338170000001014],[37.5663087163133,45.33043],[37.55058871631377,45.39048],[37.73466871631291,45.40337],[37.67524871631326,45.53353000000067],[37.70511871631362,45.68851999999964],[38.052038716313575,45.8028300000006],[38.17247871631241,45.728559999999675],[38.26126871631209,45.77259000000049],[38.24952871631223,45.83424],[38.306038716312514,45.8426799999998],[38.21687871631309,45.85332000000017],[38.156328716312885,45.94439000000051],[38.08624871631332,45.82881000000094],[38.28981871631299,46.26417000000043],[38.10120871631369,46.39444],[37.904398716312585,46.41200000000026],[37.7022087163125,46.69625000000099],[37.97167871631365,46.63386],[38.2947487163122,46.74020000000013],[38.329428716312805,46.66669],[38.50870871631321,46.64360999999923],[38.592098716312876,46.660939999999755],[38.59071871631323,46.713229999999385],[38.39750871631384,46.71760999999975],[38.41762871631306,46.81890000000021],[38.674128716312566,46.871049999999855]]]},"properties":{}},{"type":"Feature","geometry":{"type":"MultiLineString","coordinates":[[[36.449829999999565,45.09363999999914],[36.4023300000008,45.17489000000023],[36.43996999999945,45.268200000000434],[36.354810000000725,45.28112999999939],[36.47927999999956,45.30045000000064],[36.49358000000029,45.35932999999932],[36.608720000000176,45.34494000000086],[36.64797,45.376000000000204],[36.59444000000076,45.43419],[36.19822000000022,45.46700000000055],[35.99739000000045,45.36521999999968],[35.83475,45.467640000000756],[35.72732999999971,45.33144],[35.49124999999913,45.28860999999961],[35.04041999999936,45.67233],[34.82753000000048,46.138559999999416],[34.80271,46.08173],[34.68279000000075,46.102890000000116],[34.83093,46.00835999999981],[34.823710000000574,45.81936999999925],[34.901089999999385,45.85985000000073],[35.09203999999954,45.584609999999884],[35.46816000000035,45.28331000000071],[35.40328000000045,45.2482],[35.08365000000049,45.35413999999946],[35.017579999999725,45.42855000000054],[35.11519000000044,45.48450000000048],[35.062809999999445,45.602709999999206],[34.8771,45.71401999999944],[34.79859000000033,45.65687000000071],[34.87954,45.74913000000015],[34.692049999999654,45.66580000000067],[34.65574000000015,45.7146100000009],[34.78669000000082,45.79436999999962],[34.75633000000016,45.82353999999941],[34.577830000000176,45.737230000000636],[34.789129999999204,45.89984],[34.49151999999958,45.786159999999654],[34.64509,45.95103000000017],[34.57246999999916,45.980789999999615],[34.58854000000065,45.9177],[34.48258999999962,45.8754399999998],[34.45104,45.94449],[34.39984999999979,45.88496],[34.36117000000013,45.90342000000055],[34.43735000000015,45.95282000000043],[34.352890000000116,45.98626999999942],[34.3749200000002,46.02614999999969],[34.321350000000166,45.99163000000044],[34.26836999999978,46.051149999999325],[34.2499200000002,45.98270000000048],[34.11421,46.06840999999986],[34.22193999999945,45.94758],[34.15051999999923,45.938060000000405],[34.10052,45.98270000000048],[34.17849000000024,46.00710000000072],[34.08373000000029,46.08209999999963],[33.945050000000265,46.09401000000071],[34.020039999999426,46.0618599999998],[33.877189999999246,46.0327],[33.8111200000003,46.099959999999555],[33.853979999999865,46.16899999999987],[33.80695000000014,46.18091],[33.80337999999938,46.12257999999929],[33.64470000000074,46.23650000000089],[33.95362000000023,46.22341000000051],[34.03814000000057,46.123999999999796],[34.1518300000007,46.11924],[34.036949999999706,46.19662000000062],[34.20955999999933,46.17400000000089],[34.09588000000076,46.25972],[34.17504,46.29067000000032],[34.31968000000052,46.11090999999942],[34.298249999999825,46.26923999999963],[34.48283000000083,46.14127],[34.54294999999911,46.19841000000088],[34.57449000000088,46.08532000000014],[34.47390000000087,46.125200000000405],[34.48222999999962,46.04484000000048],[34.418540000000576,46.028770000000804],[34.48461,45.957940000000235],[34.60425000000032,46.029959999999846],[34.62984999999935,46.17340999999942],[34.81600000000071,46.14849999999933]]]},"properties":{}},{"type":"Feature","geometry":{"type":"MultiLineString","coordinates":[[[33.61996,46.12299999999959],[33.6257999999998,45.949580000000424],[33.76579999999922,45.93018999999913],[33.68583000000035,45.91156000000046],[33.68655000000035,45.84928000000036],[33.61249999999927,45.89338999999927],[33.24605999999949,45.756499999999505],[33.17711000000054,45.80717],[33.139250000000175,45.727419999999256],[32.48292000000038,45.39582999999948],[32.65042,45.31839000000036],[32.782359999999244,45.36910999999964],[32.98725000000013,45.32879999999932],[32.94647000000077,45.35932999999932],[33.25744999999915,45.4958600000009],[32.99410999999964,45.32594000000063],[33.263199999999415,45.15258],[33.47709000000032,45.168030000000726],[33.60974999999962,45.0]]]},"properties":{}},{"type":"Feature","geometry":{"type":"MultiLineString","coordinates":[[[35.400470000000496,45.0],[35.40933000000041,45.06653],[35.5643,45.12794000000031],[35.845030000000406,45.00036],[36.449829999999565,45.09363999999914]]]},"properties":{}},{"type":"Feature","geometry":{"type":"MultiLineString","coordinates":[[[36.63702999999987,45.13472],[36.89187999999922,45.10634000000027],[37.11888,45.17108999999982],[37.20572,45.14086999999927],[37.16200000000026,45.06182000000081],[36.897759999999835,45.10441],[37.21680000000015,45.0]]]},"properties":{}},{"type":"Feature","geometry":{"type":"MultiLineString","coordinates":[[[49.16681000000062,46.35961],[49.216780000000654,46.288109999999506],[49.04578000000038,46.36475000000064],[49.0894700000008,46.29433000000063],[49.029420000000755,46.15956],[48.9128299999993,46.08511],[48.86435999999958,46.14307999999983],[48.92468999999983,46.0675],[48.82928,46.074280000000726],[48.8184999999994,46.02088999999978]]]},"properties":{}},{"type":"Feature","geometry":{"type":"MultiLineString","coordinates":[[[48.83671999999933,45.980499999999665],[48.9415599999993,45.983000000000175],[48.83671999999933,45.980499999999665]]]},"properties":{}},{"type":"Feature","geometry":{"type":"MultiLineString","coordinates":[[[48.51325,45.842829999999594],[48.529389999999694,45.762660000000324],[48.51325,45.842829999999594]]]},"properties":{}},{"type":"Feature","geometry":{"type":"MultiLineString","coordinates":[[[48.58150000000023,45.64636000000064],[48.55533,45.77335999999923],[48.58150000000023,45.64636000000064]]]},"properties":{}},{"type":"Feature","geometry":{"type":"MultiLineString","coordinates":[[[47.66006000000016,45.64596999999958],[47.66525,45.64530999999988]]]},"properties":{}},{"type":"Feature","geometry":{"type":"MultiLineString","coordinates":[[[47.65314000000035,45.6292799999992],[47.63610999999946,45.59649999999965]]]},"properties":{}},{"type":"Feature","geometry":{"type":"MultiLineString","coordinates":[[[47.5623599999999,45.56414000000041],[47.563640000000305,45.57188999999926]]]},"properties":{}},{"type":"Feature","geometry":{"type":"MultiLineString","coordinates":[[[47.63610999999946,45.59649999999965],[47.58908,45.572000000000116]]]},"properties":{}},{"type":"Feature","geometry":{"type":"MultiLineString","coordinates":[[[48.8184999999994,46.02088999999978],[48.82907999999952,45.91400000000067],[48.7139700000007,45.91454999999951],[48.76417000000038,45.79113999999936],[48.701419999999416,45.61319],[48.61369000000013,45.71755999999914],[48.73795000000064,45.80095000000074],[48.54764000000068,45.95636000000013],[48.44850000000042,45.85139],[48.51742000000013,45.67994],[48.459639999999126,45.701390000000174],[48.432919999999285,45.84639000000061],[48.35888999999952,45.82300000000032],[48.44708,45.73450000000048],[48.42511000000013,45.66527999999926],[48.331529999999475,45.71321999999964],[48.41817000000083,45.59585999999945],[48.26894,45.74731000000065],[48.098470000000816,45.66432999999961],[48.06600000000071,45.732749999999214],[47.97694000000047,45.68341999999939],[47.85413999999946,45.7228099999993],[47.865859999999884,45.4741699999995],[47.762660000000324,45.68145],[47.748030000000654,45.49468999999954],[47.6877800000002,45.645440000000235]]]},"properties":{}},{"type":"Feature","geometry":{"type":"MultiLineString","coordinates":[[[47.57749999999942,45.55366999999933],[47.58796000000075,45.47285000000011]]]},"properties":{}},{"type":"Feature","geometry":{"type":"MultiLineString","coordinates":[[[48.0,45.50439],[47.94497000000047,45.66164000000026],[47.92216,45.52658],[47.990529999999126,45.4435799999992],[48.0,45.50439]]]},"properties":{}},{"type":"Feature","geometry":{"type":"MultiLineString","coordinates":[[[48.2202,45.41272000000026],[48.2202,45.41272000000026]]]},"properties":{}},{"type":"Feature","geometry":{"type":"MultiLineString","coordinates":[[[48.0,45.23214],[47.98889000000054,45.17892000000029],[48.04786000000058,45.1862],[48.0,45.23214]]]},"properties":{}},{"type":"Feature","geometry":{"type":"MultiLineString","coordinates":[[[47.469059999999445,45.14034],[47.469059999999445,45.14034]]]},"properties":{}},{"type":"Feature","geometry":{"type":"MultiLineString","coordinates":[[[47.58796000000075,45.47285000000011],[47.57869000000028,45.402280000000246],[47.511969999999565,45.438640000000305],[47.48708000000079,45.341449999999895],[47.4429999999993,45.35119999999915],[47.40339,45.14933000000019],[47.37656000000061,45.21364],[47.30955999999969,45.17605999999978],[47.24928,45.0]]]},"properties":{}},{"type":"Feature","geometry":{"type":"MultiLineString","coordinates":[[[-0.002609999999549,39.92036999999982],[-0.185320000000502,39.724239999999554],[-0.328810000000885,39.42721999999958],[-0.17729,39.0287900000003],[0.0,38.86774999999943]]]},"properties":{}},{"type":"Feature","geometry":{"type":"MultiLineString","coordinates":[[[-0.46666,38.162350000000515],[-0.46666,38.162350000000515]]]},"properties":{}},{"type":"Feature","geometry":{"type":"MultiLineString","coordinates":[[[-0.760190000000875,37.84607],[-0.641939999999522,38.00256000000081],[-0.625889999999345,38.157030000000304],[-0.513689999999769,38.196],[-0.505890000000363,38.33100000000013],[0.002200000000812,38.62832999999955]]]},"properties":{}},{"type":"Feature","geometry":{"type":"MultiLineString","coordinates":[[[-0.73106,37.7445000000007],[-0.73106,37.7445000000007]]]},"properties":{}},{"type":"Feature","geometry":{"type":"MultiLineString","coordinates":[[[-0.773670000000493,37.688860000000204],[-0.773670000000493,37.688860000000204]]]},"properties":{}},{"type":"Feature","geometry":{"type":"MultiLineString","coordinates":[[[-1.628059999999095,37.37198999999964],[-1.32697,37.5604000000003],[-1.111689999999726,37.5337899999995],[-0.993169999999736,37.5997499999994],[-0.923370000000432,37.55466999999953],[-0.716220000000249,37.60994000000028],[-0.73733,37.74047000000064],[-0.732749999999214,37.63136999999915],[-0.85892000000058,37.719279999999344],[-0.782670000000508,37.81689],[-0.745810000000347,37.785719999999856],[-0.760190000000875,37.84607]]]},"properties":{}},{"type":"Feature","geometry":{"type":"MultiLineString","coordinates":[[[-5.343919999999343,36.11253000000033],[-5.353220000000874,36.1598099999992]]]},"properties":{}},{"type":"Feature","geometry":{"type":"MultiLineString","coordinates":[[[-5.340029999999388,36.15975000000071],[-5.343919999999343,36.11253000000033]]]},"properties":{}},{"type":"Feature","geometry":{"type":"MultiLineString","coordinates":[[[-5.613009999999122,35.99681000000055],[-5.613009999999122,35.99681000000055]]]},"properties":{}},{"type":"Feature","geometry":{"type":"MultiLineString","coordinates":[[[-3.03719,35.93766999999934],[-3.03719,35.93766999999934]]]},"properties":{}},{"type":"Feature","geometry":{"type":"MultiLineString","coordinates":[[[-5.382040000000416,35.91349000000082],[-5.282489999999598,35.90316999999959]]]},"properties":{}},{"type":"Feature","geometry":{"type":"MultiLineString","coordinates":[[[-5.282489999999598,35.90316999999959],[-5.336970000000292,35.87739]]]},"properties":{}},{"type":"Feature","geometry":{"type":"MultiLineString","coordinates":[[[-0.11421,35.789269999999306],[0.001710000000458,35.84401000000071]]]},"properties":{}},{"type":"Feature","geometry":{"type":"MultiLineString","coordinates":[[[-5.92316000000028,35.79297000000042],[-5.782779999999548,35.776920000000246],[-5.382040000000416,35.91349000000082]]]},"properties":{}},{"type":"Feature","geometry":{"type":"MultiLineString","coordinates":[[[-0.899520000000848,35.77239],[-0.899520000000848,35.77239]]]},"properties":{}},{"type":"Feature","geometry":{"type":"MultiLineString","coordinates":[[[-1.131090000000768,35.71843000000081],[-1.131090000000768,35.71843000000081]]]},"properties":{}},{"type":"Feature","geometry":{"type":"MultiLineString","coordinates":[[[-1.040769999999611,35.672490000000835],[-0.796249999999418,35.774890000000596],[-0.62971,35.71158],[-0.38436,35.9103099999993],[-0.11421,35.789269999999306]]]},"properties":{}},{"type":"Feature","geometry":{"type":"MultiLineString","coordinates":[[[-1.194760000000315,35.57798999999977],[-1.040769999999611,35.672490000000835]]]},"properties":{}},{"type":"Feature","geometry":{"type":"MultiLineString","coordinates":[[[-1.362220000000889,35.31770999999935],[-1.263580000000729,35.386529999999766],[-1.194760000000315,35.57798999999977]]]},"properties":{}},{"type":"Feature","geometry":{"type":"MultiLineString","coordinates":[[[-2.96011,35.32890000000043],[-2.922490000000835,35.27079000000049]]]},"properties":{}},{"type":"Feature","geometry":{"type":"MultiLineString","coordinates":[[[-3.80242,35.205949999999575],[-3.70975,35.289450000000215],[-3.494119999999384,35.20075],[-3.20097,35.223690000000715],[-3.06747,35.29679000000033],[-2.991620000000694,35.4365600000001],[-2.96011,35.32890000000043]]]},"properties":{}},{"type":"Feature","geometry":{"type":"MultiLineString","coordinates":[[[-2.420920000000478,35.17915999999968],[-2.420920000000478,35.17915999999968]]]},"properties":{}},{"type":"Feature","geometry":{"type":"MultiLineString","coordinates":[[[-5.337079999999332,35.87771000000066],[-5.333640000000742,35.71484000000055],[-5.243270000000848,35.55276000000049],[-4.783880000000863,35.23911000000044],[-4.523600000000442,35.17733000000044]]]},"properties":{}},{"type":"Feature","geometry":{"type":"MultiLineString","coordinates":[[[-4.523600000000442,35.17733000000044],[-4.358140000000276,35.148880000000645],[-3.931640000000698,35.263450000000375],[-3.80242,35.205949999999575]]]},"properties":{}},{"type":"Feature","geometry":{"type":"MultiLineString","coordinates":[[[-2.922490000000835,35.27079000000049],[-2.904300000000148,35.15445],[-2.813770000000659,35.103979999999865],[-2.747400000000198,35.111940000000686],[-2.903229999999894,35.242959999999584],[-2.65488,35.093220000000656],[-2.423199999999269,35.1553100000001],[-2.20651,35.08465000000069]]]},"properties":{}},{"type":"Feature","geometry":{"type":"MultiLineString","coordinates":[[[-2.20651,35.08465000000069],[-1.759509999999864,35.12809000000016],[-1.5575000000008,35.26908],[-1.362220000000889,35.31770999999935]]]},"properties":{}},{"type":"Feature","geometry":{"type":"MultiLineString","coordinates":[[[-9.81344,31.003469999999652],[-9.814549999999144,30.883229999999458]]]},"properties":{}},{"type":"Feature","geometry":{"type":"MultiLineString","coordinates":[[[-9.814549999999144,30.883229999999458],[-9.889779999999519,30.626389999999446],[-9.78592000000026,30.604559999999765],[-9.603170000000318,30.395920000000842],[-9.724060000000463,30.0]]]},"properties":{}},{"type":"Feature","geometry":{"type":"MultiLineString","coordinates":[[[-1.177,44.69118999999955],[-1.177,44.69118999999955]]]},"properties":{}},{"type":"Feature","geometry":{"type":"MultiLineString","coordinates":[[[-7.867790000000241,43.77428999999938],[-7.88947,43.66827999999987],[-7.6749,43.78741000000082],[-7.704610000000685,43.71084999999948],[-7.63836000000083,43.75373000000036],[-7.598809999999503,43.657939999999144],[-7.54385,43.73338999999942],[-7.466889999999694,43.72643000000062],[-7.261560000000827,43.54536],[-7.042289999999412,43.558460000000196],[-7.044949999999517,43.48746000000028]]]},"properties":{}},{"type":"Feature","geometry":{"type":"MultiLineString","coordinates":[[[-7.044949999999517,43.48746000000028],[-7.023020000000542,43.56135],[-6.944439999999304,43.574469999999565],[-6.35494,43.55278999999973],[-6.240490000000136,43.59696000000076],[-6.078530000000683,43.56457000000046],[-6.102080000000569,43.48532999999952],[-6.072899999999208,43.5643],[-5.846419999999853,43.65799999999945],[-5.688469999999143,43.543690000000424],[-5.412050000000818,43.556000000000495],[-5.217160000000149,43.47595],[-4.510840000000826,43.38746999999967]]]},"properties":{}},{"type":"Feature","geometry":{"type":"MultiLineString","coordinates":[[[-1.51267,43.52726000000075],[-1.78853,43.355499999999665]]]},"properties":{}},{"type":"Feature","geometry":{"type":"MultiLineString","coordinates":[[[-4.510840000000826,43.38746999999967],[-3.78197,43.492050000000745],[-3.812579999999798,43.39430999999968],[-3.587250000000495,43.51397],[-3.430039999999281,43.46314999999959],[-3.519829999999274,43.42635999999948],[-3.43347,43.36752999999953],[-3.450769999999466,43.43377],[-3.1503100000009,43.35471999999936]]]},"properties":{}},{"type":"Feature","geometry":{"type":"MultiLineString","coordinates":[[[-3.1503100000009,43.35471999999936],[-2.97831000000042,43.31047000000035],[-3.029660000000149,43.3781999999992],[-2.753249999999753,43.45578000000023],[-2.663140000000567,43.34541999999965],[-2.639279999999417,43.41432999999961],[-2.326919999999518,43.29905999999937],[-1.78853,43.355499999999665]]]},"properties":{}},{"type":"Feature","geometry":{"type":"MultiLineString","coordinates":[[[-8.25731000000087,43.36946],[-8.20516999999927,43.282390000000305],[-8.221170000000711,43.38803999999982],[-8.17298,43.416950000000725],[-8.311120000000301,43.44506],[-8.160400000000664,43.506100000000515],[-8.338830000000598,43.45871000000079],[-8.322500000000218,43.56580000000031],[-7.86859,43.77428999999938]]]},"properties":{}},{"type":"Feature","geometry":{"type":"MultiLineString","coordinates":[[[-8.86125,42.52542],[-8.873719999999594,42.574029999999766],[-8.86125,42.52542]]]},"properties":{}},{"type":"Feature","geometry":{"type":"MultiLineString","coordinates":[[[-8.74647,42.652969999999186],[-8.838910000000396,42.6718],[-8.856449999999313,42.60728000000017],[-8.897139999999126,42.63832999999977],[-9.04198,42.518669999999474],[-9.090159999999742,42.57648999999947],[-9.02886000000035,42.70017999999982],[-8.875889999999345,42.82431],[-9.08842,42.73819],[-9.129650000000765,42.90871999999945],[-9.188819999999396,42.94915000000037],[-9.280909999999494,42.888639999999214],[-9.29483000000073,43.0557000000008],[-9.130450000000565,43.13300999999956],[-9.194170000000668,43.123639999999796],[-9.173290000000634,43.1881599999997],[-8.92713,43.22436000000016],[-8.985759999999573,43.281919999999445],[-8.84173,43.34483],[-8.704470000000583,43.28872000000047],[-8.405220000000554,43.38712999999916],[-8.3709400000007,43.32396999999946],[-8.32865,43.403190000000905],[-8.25731000000087,43.36946]]]},"properties":{}},{"type":"Feature","geometry":{"type":"MultiLineString","coordinates":[[[-8.84929000000011,42.48364000000038],[-8.84929000000011,42.48364000000038]]]},"properties":{}},{"type":"Feature","geometry":{"type":"MultiLineString","coordinates":[[[-9.01008,42.46371999999974],[-9.01008,42.46371999999974]]]},"properties":{}},{"type":"Feature","geometry":{"type":"MultiLineString","coordinates":[[[-8.943409999999858,42.356439999999566],[-8.922769999999218,42.39889000000039],[-8.943409999999858,42.356439999999566]]]},"properties":{}},{"type":"Feature","geometry":{"type":"MultiLineString","coordinates":[[[-8.90607000000091,42.22451],[-8.90607000000091,42.22451]]]},"properties":{}},{"type":"Feature","geometry":{"type":"MultiLineString","coordinates":[[[-8.912809999999808,42.21143999999913],[-8.912809999999808,42.21143999999913]]]},"properties":{}},{"type":"Feature","geometry":{"type":"MultiLineString","coordinates":[[[-8.904490000000806,42.19140999999945],[-8.904490000000806,42.19140999999945]]]},"properties":{}},{"type":"Feature","geometry":{"type":"MultiLineString","coordinates":[[[-8.837419999999838,41.88556000000062],[-8.837419999999838,41.88556000000062]]]},"properties":{}},{"type":"Feature","geometry":{"type":"MultiLineString","coordinates":[[[-8.740529999999126,42.6518300000007],[-8.830480000000534,42.57098000000042],[-8.821920000000318,42.45318000000043],[-8.86729000000014,42.50002999999924],[-8.93931,42.46362000000045],[-8.837980000000243,42.38517999999931],[-8.665170000000217,42.420249999999214],[-8.83288999999968,42.34048000000075],[-8.863139999999476,42.24864999999954],[-8.612699999999677,42.34422000000086],[-8.61164,42.285970000000816],[-8.846809999999095,42.156450000000405],[-8.817359999999098,42.11469000000034],[-8.897139999999126,42.11201000000074],[-8.880810000000565,41.87814000000071],[-8.801830000000336,41.91436000000067]]]},"properties":{}},{"type":"Feature","geometry":{"type":"MultiLineString","coordinates":[[[-8.79889,41.90757999999914],[-8.876259999999093,41.832360000000335],[-8.85779,41.700370000000476],[-8.707940000000235,41.71366999999918],[-8.83302999999978,41.6822200000006],[-8.810540000000401,41.61208000000079]]]},"properties":{}},{"type":"Feature","geometry":{"type":"MultiLineString","coordinates":[[[-8.810540000000401,41.61208000000079],[-8.772119999999632,41.46807000000081]]]},"properties":{}},{"type":"Feature","geometry":{"type":"MultiLineString","coordinates":[[[-8.772119999999632,41.46807000000081],[-8.717529999999897,41.20561000000089],[-8.644749999999476,41.14763999999923]]]},"properties":{}},{"type":"Feature","geometry":{"type":"MultiLineString","coordinates":[[[-8.643079999999827,41.14517],[-8.646350000000893,41.018599999999424]]]},"properties":{}},{"type":"Feature","geometry":{"type":"MultiLineString","coordinates":[[[-8.71292,40.69316000000072],[-8.71292,40.69316000000072]]]},"properties":{}},{"type":"Feature","geometry":{"type":"MultiLineString","coordinates":[[[-8.699189999999362,40.68471999999929],[-8.699189999999362,40.68471999999929]]]},"properties":{}},{"type":"Feature","geometry":{"type":"MultiLineString","coordinates":[[[-8.71083,40.66417],[-8.680560000000696,40.69405],[-8.71083,40.66417]]]},"properties":{}},{"type":"Feature","geometry":{"type":"MultiLineString","coordinates":[[[-8.646350000000893,41.018599999999424],[-8.75144,40.64624999999978],[-8.656220000000758,40.85842000000048],[-8.67483,40.738470000000234],[-8.608329999999114,40.726080000000366],[-8.677970000000641,40.71614000000045],[-8.659970000000612,40.64646999999968],[-8.724200000000565,40.65634999999929],[-8.75058,40.579170000000886],[-8.748279999999795,40.638810000000376],[-8.783690000000206,40.51961999999912]]]},"properties":{}},{"type":"Feature","geometry":{"type":"MultiLineString","coordinates":[[[-8.783690000000206,40.51961999999912],[-8.908830000000307,40.1876400000001],[-8.754859999999098,40.13832999999977],[-8.86283,40.14264],[-8.894329999999172,40.04505000000063]]]},"properties":{}},{"type":"Feature","geometry":{"type":"MultiLineString","coordinates":[[[-8.894329999999172,40.04505000000063],[-9.073099999999613,39.593049999999494],[-9.228119999999763,39.43464],[-9.193390000000363,39.38044000000082],[-9.24124,39.42480000000069],[-9.406559999999445,39.364809999999125],[-9.345209999999497,39.29213999999956]]]},"properties":{}},{"type":"Feature","geometry":{"type":"MultiLineString","coordinates":[[[-8.849500000000262,39.03124000000025],[-8.718890000000101,39.11330000000089],[-8.85462,39.023989999999685]]]},"properties":{}},{"type":"Feature","geometry":{"type":"MultiLineString","coordinates":[[[-9.004000000000815,38.88632999999936],[-9.004000000000815,38.88632999999936]]]},"properties":{}},{"type":"Feature","geometry":{"type":"MultiLineString","coordinates":[[[-8.992529999999533,38.85916999999972],[-8.992529999999533,38.85916999999972]]]},"properties":{}},{"type":"Feature","geometry":{"type":"MultiLineString","coordinates":[[[-8.85462,39.023989999999685],[-8.98855999999978,38.92733000000044],[-8.96788000000015,38.83489]]]},"properties":{}},{"type":"Feature","geometry":{"type":"MultiLineString","coordinates":[[[-9.06567,38.83136000000013],[-9.03399999999965,38.86405999999988],[-9.06567,38.83136000000013]]]},"properties":{}},{"type":"Feature","geometry":{"type":"MultiLineString","coordinates":[[[-8.96788000000015,38.83489],[-8.924199999999473,38.7585]]]},"properties":{}},{"type":"Feature","geometry":{"type":"MultiLineString","coordinates":[[[-9.345209999999497,39.29213999999956],[-9.475749999999607,38.698920000000726],[-9.130279999999402,38.705770000000484],[-8.933779999999388,39.01561000000038],[-8.849500000000262,39.03124000000025]]]},"properties":{}},{"type":"Feature","geometry":{"type":"MultiLineString","coordinates":[[[-8.732560000000376,38.491579999999885],[-8.732560000000376,38.491579999999885]]]},"properties":{}},{"type":"Feature","geometry":{"type":"MultiLineString","coordinates":[[[-8.831609999999273,38.473330000000715],[-8.831609999999273,38.473330000000715]]]},"properties":{}},{"type":"Feature","geometry":{"type":"MultiLineString","coordinates":[[[-8.7145,38.42595000000074],[-8.7145,38.42595000000074]]]},"properties":{}},{"type":"Feature","geometry":{"type":"MultiLineString","coordinates":[[[-8.924199999999473,38.7585],[-9.045029999999315,38.7142500000009],[-8.95347000000038,38.6875],[-9.080949999999575,38.66359000000011],[-9.043939999999566,38.60275],[-9.147619999999733,38.68866],[-9.266139999999723,38.66856],[-9.183709999999337,38.5318900000002],[-9.221910000000207,38.413080000000264],[-8.88587,38.51985000000059],[-8.768280000000232,38.472750000000815],[-8.743529999999737,38.559440000000905],[-8.756419999999707,38.456389999999374],[-8.62225000000035,38.4061099999999],[-8.793330000000424,38.44503000000077],[-8.800359999999273,38.40402999999969],[-8.906220000000758,38.48983000000044],[-8.77984,38.30734999999913],[-8.889170000000377,37.95702999999958],[-8.8067800000008,37.924450000000434],[-8.792999999999665,37.82072]]]},"properties":{}},{"type":"Feature","geometry":{"type":"MultiLineString","coordinates":[[[-8.792999999999665,37.82072],[-8.812169999999242,37.7437800000007],[-8.725280000000566,37.67870000000039],[-8.793610000000626,37.706669999999576],[-8.800929999999425,37.44383000000016]]]},"properties":{}},{"type":"Feature","geometry":{"type":"MultiLineString","coordinates":[[[-6.914559999999256,37.17396999999983],[-6.914559999999256,37.17396999999983]]]},"properties":{}},{"type":"Feature","geometry":{"type":"MultiLineString","coordinates":[[[-7.457420000000639,37.410219999999754],[-7.404609999999593,37.17088999999942],[-7.620119999999588,37.11566999999923]]]},"properties":{}},{"type":"Feature","geometry":{"type":"MultiLineString","coordinates":[[[-7.710100000000239,37.06271000000015],[-7.620119999999588,37.11566999999923]]]},"properties":{}},{"type":"Feature","geometry":{"type":"MultiLineString","coordinates":[[[-7.73344,37.04306],[-7.710100000000239,37.06271000000015]]]},"properties":{}},{"type":"Feature","geometry":{"type":"MultiLineString","coordinates":[[[-7.783890000000611,37.01621999999952],[-7.73344,37.04306]]]},"properties":{}},{"type":"Feature","geometry":{"type":"MultiLineString","coordinates":[[[-7.855110000000423,37.0001400000001],[-7.855110000000423,37.0001400000001]]]},"properties":{}},{"type":"Feature","geometry":{"type":"MultiLineString","coordinates":[[[-8.800929999999425,37.44383000000016],[-8.997880000000805,37.023950000000696],[-8.948200000000725,36.99231999999938],[-8.50344000000041,37.1519700000008],[-8.511249999999563,37.10239],[-8.166579999999158,37.08499999999913],[-7.958060000000842,36.98092],[-7.783890000000611,37.01621999999952]]]},"properties":{}},{"type":"Feature","geometry":{"type":"MultiLineString","coordinates":[[[-7.864820000000691,36.975179999999455],[-7.864820000000691,36.975179999999455]]]},"properties":{}},{"type":"Feature","geometry":{"type":"MultiLineString","coordinates":[[[-7.886329999999305,36.961250000000405],[-7.960440000000744,36.99803000000071],[-7.886329999999305,36.961250000000405]]]},"properties":{}},{"type":"Feature","geometry":{"type":"MultiLineString","coordinates":[[[-2.189920000000711,36.72113],[-1.902079999999842,36.93858],[-1.774310000000696,37.238030000000435],[-1.823360000000321,37.269860000000335],[-1.767669999999271,37.24647],[-1.628059999999095,37.37198999999964]]]},"properties":{}},{"type":"Feature","geometry":{"type":"MultiLineString","coordinates":[[[-7.457420000000639,37.410219999999754],[-7.379049999999552,37.17173999999977],[-7.06358,37.207909999999174],[-7.167610000000423,37.23957999999948],[-6.954260000000431,37.17674000000079],[-7.001879999999801,37.23358999999982],[-6.974050000000716,37.365889999999126],[-6.932199999999284,37.232959999999366],[-6.671099999999569,37.3645],[-6.907569999999396,37.18972000000031],[-6.527040000000852,37.00287000000026],[-6.443100000000413,37.04918],[-6.563739999999598,37.147109999999884],[-6.425240000000485,37.11904999999933],[-6.073210000000472,37.266530000000785],[-5.875659999999698,37.139649999999165],[-5.949130000000878,37.14168000000063],[-5.89408,37.029529999999795],[-6.105299999999261,36.92015999999967],[-6.055819999999585,36.8416500000003],[-6.22657000000072,36.7505199999996],[-6.1443,36.85419],[-6.220040000000154,36.87336999999934],[-6.29515,36.76466000000073],[-6.331280000000334,36.80775],[-6.447159999999712,36.75264000000061],[-6.363090000000739,36.61569000000054],[-6.142879999999423,36.60823999999957],[-6.195299999999406,36.40223],[-6.03567,36.182740000000194]]]},"properties":{}},{"type":"Feature","geometry":{"type":"MultiLineString","coordinates":[[[-5.340029999999388,36.15975000000071],[-5.177719999999681,36.41408000000047],[-4.904169999999795,36.506530000000566],[-4.637800000000425,36.50688000000082],[-4.409330000000409,36.720439999999144],[-3.832889999999679,36.7536999999993],[-3.436859999999797,36.6945199999991],[-2.922230000000127,36.751179999999295],[-2.767509999999675,36.68556999999964],[-2.652309999999488,36.70588999999927],[-2.55533,36.81632],[-2.367120000000796,36.841560000000754],[-2.189920000000711,36.72113]]]},"properties":{}},{"type":"Feature","geometry":{"type":"MultiLineString","coordinates":[[[-6.03567,36.182740000000194],[-5.918750000000728,36.18630999999914],[-5.608599999999569,36.00886999999966],[-5.42816,36.07322000000022],[-5.426289999999426,36.17609000000084],[-5.353220000000874,36.1598099999992]]]},"properties":{}},{"type":"Feature","geometry":{"type":"MultiLineString","coordinates":[[[-5.92316000000028,35.79297000000042],[-6.12961,35.20896],[-6.670040000000881,34.27053999999953],[-6.630590000000666,34.28729000000021],[-6.831140000000232,34.04416999999921],[-7.087519999999131,33.86141999999927]]]},"properties":{}},{"type":"Feature","geometry":{"type":"MultiLineString","coordinates":[[[-7.087519999999131,33.86141999999927],[-8.514999999999418,33.26477999999952],[-9.053649999999834,32.73507000000063]]]},"properties":{}},{"type":"Feature","geometry":{"type":"MultiLineString","coordinates":[[[-9.788940000000366,31.49106000000029],[-9.788940000000366,31.49106000000029]]]},"properties":{}},{"type":"Feature","geometry":{"type":"MultiLineString","coordinates":[[[-9.053649999999834,32.73507000000063],[-9.27781,32.550859999999375],[-9.231669999999212,32.47875000000022],[-9.284999999999854,32.38047],[-9.254329999999754,32.20253000000048],[-9.344810000000507,32.03650000000016],[-9.675939999999173,31.699440000000322],[-9.846690000000308,31.39383000000089],[-9.800419999999576,31.333220000000438],[-9.81344,31.003469999999652]]]},"properties":{}},{"type":"Feature","geometry":{"type":"MultiLineString","coordinates":[[[15.002800000000263,44.48042],[14.917030000000523,44.54670000000078],[15.077260000000138,44.47602999999987],[14.73344,44.70397000000048],[14.903580000000147,44.48825000000039],[15.114809999999125,44.37796],[15.106939999999724,44.32056000000023],[15.255409999999756,44.328649999999584],[15.002800000000263,44.48042]]]},"properties":{}},{"type":"Feature","geometry":{"type":"MultiLineString","coordinates":[[[10.024779999999737,44.04215],[9.83806,44.111220000000685],[9.830470000000787,44.050390000000334],[9.237139999999272,44.34795],[9.209109999999782,44.30035999999927],[9.100529999999708,44.37250999999924],[8.741029999999228,44.427700000000186],[8.450720000000729,44.28766999999971],[8.424489999999423,44.19453000000067],[8.277729999999792,44.145510000000286],[8.068100000000413,43.88890999999967],[7.524639999999636,43.78512000000046]]]},"properties":{}},{"type":"Feature","geometry":{"type":"MultiLineString","coordinates":[[[7.453879999999117,43.75928000000022],[7.524639999999636,43.78512000000046]]]},"properties":{}},{"type":"Feature","geometry":{"type":"MultiLineString","coordinates":[[[7.407110000000102,43.719279999999344],[7.453879999999117,43.75928000000022]]]},"properties":{}},{"type":"Feature","geometry":{"type":"MultiLineString","coordinates":[[[7.407110000000102,43.719279999999344],[7.162720000000263,43.6563100000003]]]},"properties":{}},{"type":"Feature","geometry":{"type":"MultiLineString","coordinates":[[[7.059440000000905,43.514939999999115],[7.059030000000348,43.514939999999115]]]},"properties":{}},{"type":"Feature","geometry":{"type":"MultiLineString","coordinates":[[[4.240180000000692,43.46041999999943],[4.316380000000208,43.45754999999917]]]},"properties":{}},{"type":"Feature","geometry":{"type":"MultiLineString","coordinates":[[[9.89955,43.42077000000063],[9.89955,43.42077000000063]]]},"properties":{}},{"type":"Feature","geometry":{"type":"MultiLineString","coordinates":[[[4.316380000000208,43.45754999999917],[4.588569999999891,43.45738999999958],[4.774919999999838,43.370419999999285]]]},"properties":{}},{"type":"Feature","geometry":{"type":"MultiLineString","coordinates":[[[4.774919999999838,43.370419999999285],[4.893780000000334,43.430270000000746],[4.982490000000325,43.4029900000005]]]},"properties":{}},{"type":"Feature","geometry":{"type":"MultiLineString","coordinates":[[[5.310369999999239,43.281230000000505],[5.310369999999239,43.281230000000505]]]},"properties":{}},{"type":"Feature","geometry":{"type":"MultiLineString","coordinates":[[[5.28802,43.26049000000057],[5.28802,43.26049000000057]]]},"properties":{}},{"type":"Feature","geometry":{"type":"MultiLineString","coordinates":[[[5.779990000000907,43.071319999999105],[5.779780000000756,43.07172999999966]]]},"properties":{}},{"type":"Feature","geometry":{"type":"MultiLineString","coordinates":[[[7.162720000000263,43.6563100000003],[7.136669999999867,43.54432000000088],[6.966829999999391,43.54385999999977],[6.855859999999666,43.41198000000077],[6.73351,43.43761000000086],[6.71515,43.34704000000056],[6.584489999999278,43.27462999999989],[6.697099999999409,43.26581000000078],[6.645000000000437,43.16715],[6.402760000000853,43.14962999999989],[6.365229999999428,43.08658],[6.19672,43.112419999999474],[6.159079999999449,43.02800000000025],[5.907569999999396,43.12613000000056],[5.951049999999668,43.07114999999976],[5.830749999999171,43.048179999999775],[5.684499999999389,43.17953999999918],[5.34176,43.2151900000008],[5.373960000000807,43.29559],[5.325349999999162,43.356589999999414],[5.049670000000333,43.32561999999962],[4.99131,43.39499000000069]]]},"properties":{}},{"type":"Feature","geometry":{"type":"MultiLineString","coordinates":[[[6.442160000000513,43.00547],[6.512689999999566,43.04682999999932],[6.442160000000513,43.00547]]]},"properties":{}},{"type":"Feature","geometry":{"type":"MultiLineString","coordinates":[[[9.813410000000658,43.007400000000416],[9.82427,43.07231999999931],[9.813410000000658,43.007400000000416]]]},"properties":{}},{"type":"Feature","geometry":{"type":"MultiLineString","coordinates":[[[6.361740000000282,43.00497],[6.361740000000282,43.00497]]]},"properties":{}},{"type":"Feature","geometry":{"type":"MultiLineString","coordinates":[[[9.35500999999931,43.00551000000087],[9.436879999999292,43.00192000000061]]]},"properties":{}},{"type":"Feature","geometry":{"type":"MultiLineString","coordinates":[[[10.50786,42.99591999999939],[10.527500000000146,43.23500000000058],[10.299440000000686,43.539049999999406],[10.326569999999265,43.717790000000605],[10.187239999999292,43.93892000000051],[10.024779999999737,44.04215]]]},"properties":{}},{"type":"Feature","geometry":{"type":"MultiLineString","coordinates":[[[6.391879999999219,42.99453999999969],[6.391879999999219,42.99453999999969]]]},"properties":{}},{"type":"Feature","geometry":{"type":"MultiLineString","coordinates":[[[6.21313,42.98483999999917],[6.161239999999452,43.00187],[6.241640000000189,43.02421999999933],[6.212929999999687,42.98483999999917]]]},"properties":{}},{"type":"Feature","geometry":{"type":"MultiLineString","coordinates":[[[3.164810000000216,42.44081],[3.045120000000679,42.56088000000091],[3.060030000000552,42.92120000000068],[2.981579999999667,42.95469000000048],[3.0348,42.94598000000042],[3.0386,43.10668000000078],[3.079560000000129,43.07883000000038],[3.366149999999834,43.28347000000031],[3.515810000000783,43.274139999999534],[3.993839999999182,43.54833999999937],[4.112390000000232,43.57701000000088],[4.240180000000692,43.46041999999943]]]},"properties":{}},{"type":"Feature","geometry":{"type":"MultiLineString","coordinates":[[[3.202509999999165,41.89484000000084],[3.22751000000062,41.97146000000066],[3.132830000000467,42.03385999999955],[3.213289999999688,42.05999999999949],[3.104030000000421,42.20682999999917],[3.03903,42.174839999999676],[3.153650000000198,42.26231999999982],[3.264559999999619,42.23708000000079],[3.322910000000775,42.3171399999992],[3.195250000000669,42.336639999999534],[3.164810000000216,42.44081]]]},"properties":{}},{"type":"Feature","geometry":{"type":"MultiLineString","coordinates":[[[9.35500999999931,43.00551000000087],[9.299230000000534,42.67468],[9.165020000000368,42.74035999999978],[8.791699999999764,42.560709999999744],[8.725259999999253,42.58513999999923],[8.659499999999753,42.42370999999912],[8.544190000000526,42.37736000000041],[8.690319999999701,42.264610000000175],[8.54168000000027,42.23971999999958],[8.559830000000147,42.148300000000745],[8.739809999999125,42.061250000000655],[8.593020000000251,41.96654999999919],[8.61112999999932,41.90656999999919],[8.803540000000794,41.891349999999875],[8.659540000000561,41.74309],[8.905070000000705,41.67794]]]},"properties":{}},{"type":"Feature","geometry":{"type":"MultiLineString","coordinates":[[[8.905070000000705,41.67794],[8.792499999999563,41.63090000000011],[8.789080000000467,41.55724],[9.07963000000018,41.47732],[9.094380000000456,41.39481999999953]]]},"properties":{}},{"type":"Feature","geometry":{"type":"MultiLineString","coordinates":[[[9.094380000000456,41.39481999999953],[9.20850000000064,41.36613000000034],[9.25988999999936,41.41333999999915],[9.210590000000593,41.442300000000614],[9.37065000000075,41.596410000000105],[9.284610000000612,41.606330000000526],[9.40574000000015,41.7091],[9.40063999999984,41.96357999999964],[9.55638,42.13983],[9.51673,42.126000000000204],[9.5615600000001,42.27897],[9.535060000000158,42.54497000000083],[9.445620000000417,42.64834999999948],[9.493730000000141,42.80443000000014],[9.436879999999292,43.00192000000061]]]},"properties":{}},{"type":"Feature","geometry":{"type":"MultiLineString","coordinates":[[[9.26604000000043,41.36314999999922],[9.26604000000043,41.36314999999922]]]},"properties":{}},{"type":"Feature","geometry":{"type":"MultiLineString","coordinates":[[[9.25974,41.33408000000054],[9.25974,41.33408000000054]]]},"properties":{}},{"type":"Feature","geometry":{"type":"MultiLineString","coordinates":[[[9.35378,41.293439999999464],[9.354009999999107,41.293439999999464]]]},"properties":{}},{"type":"Feature","geometry":{"type":"MultiLineString","coordinates":[[[9.353559999999561,41.27889999999934],[9.353559999999561,41.27889999999934]]]},"properties":{}},{"type":"Feature","geometry":{"type":"MultiLineString","coordinates":[[[9.34296,41.22907999999916],[9.34296,41.22907999999916]]]},"properties":{}},{"type":"Feature","geometry":{"type":"MultiLineString","coordinates":[[[9.389859999999317,41.21074000000044],[9.420910000000731,41.269469999999274],[9.389859999999317,41.21074000000044]]]},"properties":{}},{"type":"Feature","geometry":{"type":"MultiLineString","coordinates":[[[9.415909999999712,41.18846999999914],[9.415909999999712,41.18846999999914]]]},"properties":{}},{"type":"Feature","geometry":{"type":"MultiLineString","coordinates":[[[9.447920000000522,41.20027999999911],[9.479310000000623,41.23972999999933],[9.447920000000522,41.20027999999911]]]},"properties":{}},{"type":"Feature","geometry":{"type":"MultiLineString","coordinates":[[[8.248310000000856,40.98501000000033],[8.224309999999605,41.04254000000037],[8.31956,41.12206999999944],[8.334619999999632,41.05352],[8.265030000000479,41.05662999999913],[8.248310000000856,40.98501000000033]]]},"properties":{}},{"type":"Feature","geometry":{"type":"MultiLineString","coordinates":[[[8.220139999999446,40.96722000000045],[8.220139999999446,40.96722000000045]]]},"properties":{}},{"type":"Feature","geometry":{"type":"MultiLineString","coordinates":[[[9.697550000000774,40.88962],[9.736689999999726,40.926470000000336],[9.697550000000774,40.88962]]]},"properties":{}},{"type":"Feature","geometry":{"type":"MultiLineString","coordinates":[[[9.731939999999668,40.85983],[9.731939999999668,40.85983]]]},"properties":{}},{"type":"Feature","geometry":{"type":"MultiLineString","coordinates":[[[3.202509999999165,41.89484000000084],[2.929749999999331,41.71718999999939],[2.779409999999189,41.65422000000035],[2.733829999999216,41.69722],[2.77275,41.64756],[2.27006000000074,41.462219999999434],[2.118560000000798,41.29733],[0.993179999999484,41.04245000000083],[0.656559999999445,40.70767999999953]]]},"properties":{}},{"type":"Feature","geometry":{"type":"MultiLineString","coordinates":[[[0.656559999999445,40.70767999999953],[0.519039999999222,40.5313299999998]]]},"properties":{}},{"type":"Feature","geometry":{"type":"MultiLineString","coordinates":[[[9.699800000000323,39.999799999999595],[9.734440000000177,40.08523000000059],[9.623690000000352,40.24917],[9.828390000000581,40.529200000000856],[9.656569999999192,40.787210000000414],[9.72667,40.840729999999894],[9.644130000000587,40.92156000000068],[9.501879999999801,40.919050000000425],[9.66400000000067,40.9992000000002],[9.506900000000314,41.011749999999665],[9.569690000000264,41.1014899999991],[9.525970000000598,41.1571100000001],[9.441440000000512,41.08540999999968],[9.422759999999471,41.178250000000844],[9.139180000000124,41.23881000000074]]]},"properties":{}},{"type":"Feature","geometry":{"type":"MultiLineString","coordinates":[[[0.519039999999222,40.5313299999998],[-0.003070000000662,39.920140000000174]]]},"properties":{}},{"type":"Feature","geometry":{"type":"MultiLineString","coordinates":[[[4.286620000000767,39.81828999999931],[4.250899999999206,39.8978900000003],[4.322340000000736,39.87879000000072],[4.267169999999226,39.99777],[4.166129999999555,40.06464000000062],[3.78356,40.018099999999436],[3.820579999999666,39.92367999999988],[4.013419999999371,39.92597000000035],[4.286620000000767,39.81828999999931]]]},"properties":{}},{"type":"Feature","geometry":{"type":"MultiLineString","coordinates":[[[9.139380000000529,41.239009999999325],[9.161130000000412,41.16225999999915],[8.578229999999166,40.836999999999534],[8.323200000000725,40.843989999999394],[8.234360000000379,40.95564000000013],[8.177999999999884,40.93833000000086],[8.220970000000307,40.88683999999921],[8.131129999999757,40.730939999999464],[8.204680000000735,40.68643999999949],[8.148460000000341,40.569980000000214],[8.196159999999509,40.61902],[8.204550000000381,40.56801000000087],[8.307150000000547,40.58346999999958],[8.398549999999886,40.42518000000018],[8.381760000000213,40.33820000000014],[8.483060000000478,40.28375000000051],[8.487820000000283,40.07784],[8.372170000000551,40.034669999999096],[8.431060000000798,39.860389999999825],[8.487779999999475,39.918910000000324],[8.555239999999685,39.85309000000052],[8.50728,39.719310000000405],[8.55631,39.69160000000011],[8.494049999999334,39.72530999999981]]]},"properties":{}},{"type":"Feature","geometry":{"type":"MultiLineString","coordinates":[[[2.306979999999385,39.57136999999966],[2.306979999999385,39.57136999999966]]]},"properties":{}},{"type":"Feature","geometry":{"type":"MultiLineString","coordinates":[[[3.114579999999478,39.8162799999991],[3.235860000000685,39.73128],[3.348089999999502,39.790030000000115],[3.472820000000866,39.71536999999989],[3.239620000000286,39.37065000000075],[3.066199999999299,39.26317000000017],[2.9639700000007,39.35938999999962],[2.786529999999402,39.36377999999968],[2.677260000000388,39.55776999999944],[2.544110000000728,39.522580000000744],[2.522689999999784,39.45536],[2.34944,39.56478000000061],[2.77736,39.85511000000042],[3.209810000000289,39.957829999999376],[3.081560000000536,39.9015500000005],[3.202279999999519,39.88760999999977],[3.114579999999478,39.8162799999991]]]},"properties":{}},{"type":"Feature","geometry":{"type":"MultiLineString","coordinates":[[[2.964289999999892,39.17492999999922],[2.964289999999892,39.17492999999922]]]},"properties":{}},{"type":"Feature","geometry":{"type":"MultiLineString","coordinates":[[[2.936299999999392,39.12293999999929],[2.97599000000082,39.15702000000056],[2.918359999999666,39.161050000000614],[2.936299999999392,39.12293999999929]]]},"properties":{}},{"type":"Feature","geometry":{"type":"MultiLineString","coordinates":[[[9.087999999999738,39.230030000000625],[9.148230000000694,39.18231999999989],[9.29606000000058,39.212830000000395],[9.51858,39.09706],[9.558310000000347,39.13244999999915],[9.633429999999862,39.29639999999927],[9.600389999999607,39.376500000000306],[9.700000000000728,40.0]]]},"properties":{}},{"type":"Feature","geometry":{"type":"MultiLineString","coordinates":[[[8.309670000000551,39.12461000000076],[8.307860000000801,39.186139999999796],[8.2181700000001,39.14835999999923],[8.309670000000551,39.12461000000076]]]},"properties":{}},{"type":"Feature","geometry":{"type":"MultiLineString","coordinates":[[[8.50449,39.084349999999176],[8.50449,39.084349999999176]]]},"properties":{}},{"type":"Feature","geometry":{"type":"MultiLineString","coordinates":[[[1.647370000000592,39.030109999999695],[1.647370000000592,39.030109999999695]]]},"properties":{}},{"type":"Feature","geometry":{"type":"MultiLineString","coordinates":[[[1.216669999999795,38.978220000000874],[1.216669999999795,38.978220000000874]]]},"properties":{}},{"type":"Feature","geometry":{"type":"MultiLineString","coordinates":[[[1.190559999999095,38.956640000000334],[1.190559999999095,38.956640000000334]]]},"properties":{}},{"type":"Feature","geometry":{"type":"MultiLineString","coordinates":[[[8.642700000000332,38.864260000000286],[8.727179999999862,38.932300000000396],[8.85950000000048,38.87727000000086],[9.016939999999522,38.98800999999912],[9.012969999999768,39.14089000000058],[9.07847000000038,39.22091]]]},"properties":{}},{"type":"Feature","geometry":{"type":"MultiLineString","coordinates":[[[8.642700000000332,38.864260000000286],[8.582990000000791,39.04805999999917],[8.490669999999227,39.08625000000029],[8.41563,38.95568],[8.347130000000107,39.08035000000018],[8.485720000000583,39.093590000000404],[8.365959999999177,39.2284],[8.433090000000448,39.282970000000205],[8.375550000000658,39.3762200000001],[8.469170000000304,39.60158000000047],[8.450810000000274,39.769179999999324],[8.494049999999334,39.72530999999981]]]},"properties":{}},{"type":"Feature","geometry":{"type":"MultiLineString","coordinates":[[[1.195920000000115,38.862779999999475],[1.195920000000115,38.862779999999475]]]},"properties":{}},{"type":"Feature","geometry":{"type":"MultiLineString","coordinates":[[[1.40272,38.84941000000072],[1.24678,38.85808],[1.218189999999595,38.959059999999226],[1.30775,38.975280000000566],[1.357889999999315,39.07370000000083],[1.593269999999393,39.098],[1.62062,39.0277100000003],[1.40272,38.84941000000072]]]},"properties":{}},{"type":"Feature","geometry":{"type":"MultiLineString","coordinates":[[[0.0,38.86774999999943],[0.193579999999201,38.79972000000089]]]},"properties":{}},{"type":"Feature","geometry":{"type":"MultiLineString","coordinates":[[[1.480670000000828,38.78592000000026],[1.480670000000828,38.78592000000026]]]},"properties":{}},{"type":"Feature","geometry":{"type":"MultiLineString","coordinates":[[[1.429700000000594,38.77629999999954],[1.429700000000594,38.77629999999954]]]},"properties":{}},{"type":"Feature","geometry":{"type":"MultiLineString","coordinates":[[[1.571110000000772,38.65058999999928],[1.4319200000009,38.75825000000077],[1.383750000000873,38.64478000000054]]]},"properties":{}},{"type":"Feature","geometry":{"type":"MultiLineString","coordinates":[[[1.383750000000873,38.64478000000054],[1.571110000000772,38.65058999999928]]]},"properties":{}},{"type":"Feature","geometry":{"type":"MultiLineString","coordinates":[[[0.002200000000812,38.62832999999955],[0.23056,38.73302999999942],[0.193579999999201,38.79972000000089]]]},"properties":{}},{"type":"Feature","geometry":{"type":"MultiLineString","coordinates":[[[8.94152000000031,37.54181000000062],[8.901719999999841,37.51637],[8.94152000000031,37.54181000000062]]]},"properties":{}},{"type":"Feature","geometry":{"type":"MultiLineString","coordinates":[[[9.787940000000162,37.2188299999998],[9.787940000000162,37.2188299999998]]]},"properties":{}},{"type":"Feature","geometry":{"type":"MultiLineString","coordinates":[[[10.793939999999566,37.11823],[10.793939999999566,37.11823]]]},"properties":{}},{"type":"Feature","geometry":{"type":"MultiLineString","coordinates":[[[10.220850176192084,37.16876216190634],[10.281750000000102,37.17884000000049],[10.06663,37.268340000000535],[9.879660000000513,37.26773999999932],[9.827869999999166,37.227929999999105],[9.936540000000605,37.184509999999136],[9.81358999999975,37.14082000000053],[9.75886,37.221519999999146],[9.873970000000554,37.26804000000084],[9.866340000000491,37.32899999999972],[9.7397,37.34577],[9.213820000000851,37.23869999999988],[9.080819999999221,37.15841999999975]]]},"properties":{}},{"type":"Feature","geometry":{"type":"MultiLineString","coordinates":[[[10.195200000000114,37.12178],[10.194820000000618,37.12176999999974]]]},"properties":{}},{"type":"Feature","geometry":{"type":"MultiLineString","coordinates":[[[10.87547000000086,37.109769999999116],[10.87547000000086,37.109769999999116]]]},"properties":{}},{"type":"Feature","geometry":{"type":"MultiLineString","coordinates":[[[9.080819999999221,37.15841999999975],[8.896769999999378,37.01937]]]},"properties":{}},{"type":"Feature","geometry":{"type":"MultiLineString","coordinates":[[[8.896769999999378,37.01937],[8.645430000000488,36.9445199999991]]]},"properties":{}},{"type":"Feature","geometry":{"type":"MultiLineString","coordinates":[[[3.997180000000299,36.90193],[4.60477,36.883959999999206]]]},"properties":{}},{"type":"Feature","geometry":{"type":"MultiLineString","coordinates":[[[6.237269999999626,36.919850000000224],[6.261920000000828,37.02513999999974],[6.466440000000148,37.08958999999959],[6.593899999999849,36.9677300000003],[6.847830000000613,36.95767],[6.931169999999838,36.881209999999555],[7.131639999999607,36.908330000000205],[7.255569999999352,37.01840000000084],[7.169089999999414,37.080700000000434],[7.262450000000172,37.073819999999614]]]},"properties":{}},{"type":"Feature","geometry":{"type":"MultiLineString","coordinates":[[[7.262640000000829,37.073630000000776],[7.39285000000018,37.08345999999983],[7.623400000000402,36.962540000000445],[7.79157,36.970869999999195],[7.769420000000537,36.87477000000035]]]},"properties":{}},{"type":"Feature","geometry":{"type":"MultiLineString","coordinates":[[[7.770319999999629,36.87386999999944],[7.949919999999111,36.84639000000061],[8.227929999999105,36.955],[8.425380000000587,36.89662],[8.645730000000185,36.9445199999991]]]},"properties":{}},{"type":"Feature","geometry":{"type":"MultiLineString","coordinates":[[[10.221342415252536,36.78964422781428],[10.20673999999974,36.827639999999576],[10.307408178598905,36.830498229402735]]]},"properties":{}},{"type":"Feature","geometry":{"type":"MultiLineString","coordinates":[[[3.185670000000755,36.74980999999934],[3.226640000000771,36.81522000000041],[3.49186,36.77023999999983],[3.734399999999368,36.887580000000526],[3.997180000000299,36.90193]]]},"properties":{}},{"type":"Feature","geometry":{"type":"MultiLineString","coordinates":[[[2.96111000000019,36.81281999999919],[3.085310000000391,36.7486200000003]]]},"properties":{}},{"type":"Feature","geometry":{"type":"MultiLineString","coordinates":[[[3.085310000000391,36.7486200000003],[3.185670000000755,36.74980999999934]]]},"properties":{}},{"type":"Feature","geometry":{"type":"MultiLineString","coordinates":[[[12.017700000000332,36.73290000000088],[12.052009999999427,36.799849999999424],[11.932810000000245,36.83115],[12.017700000000332,36.73290000000088]]]},"properties":{}},{"type":"Feature","geometry":{"type":"MultiLineString","coordinates":[[[11.045930000000226,37.0842200000007],[10.91165,37.04948999999954],[10.738009999999122,36.8929100000006],[10.608519999999885,36.883030000000986],[10.540287358483003,36.75912358705484]]]},"properties":{}},{"type":"Feature","geometry":{"type":"MultiLineString","coordinates":[[[12.426559999999881,37.79975000000013],[12.662420000000566,37.56496999999945],[12.914559999999256,37.57811000000038],[13.022590000000491,37.4945000000007],[13.173349999999118,37.48989000000074],[13.75137,37.14938000000075],[14.246890000000349,37.06508000000031],[14.493769999999131,36.7867499999993],[14.994160000000193,36.70000000000073]]]},"properties":{}},{"type":"Feature","geometry":{"type":"MultiLineString","coordinates":[[[5.433100000000195,36.664810000000216],[5.687630000000354,36.81812],[6.237269999999626,36.919850000000224]]]},"properties":{}},{"type":"Feature","geometry":{"type":"MultiLineString","coordinates":[[[4.60477,36.883959999999206],[4.921599999999671,36.85114000000067],[5.107330000000729,36.77665],[5.087480000000141,36.70845],[5.19686,36.65342000000055],[5.432909999999538,36.66501000000062]]]},"properties":{}},{"type":"Feature","geometry":{"type":"MultiLineString","coordinates":[[[1.727380000000267,36.556399999999485],[2.34836,36.64473],[2.612059999999474,36.60577999999987],[2.96111000000019,36.81281999999919]]]},"properties":{}},{"type":"Feature","geometry":{"type":"MultiLineString","coordinates":[[[11.045930000000226,37.08422000000064],[11.122869999999239,36.83751999999913],[10.994329999999536,36.7508600000001],[10.81214,36.45945000000029],[10.52981,36.35095999999976]]]},"properties":{}},{"type":"Feature","geometry":{"type":"MultiLineString","coordinates":[[[0.733159999999771,36.3318],[1.081190000000788,36.49366999999984],[1.727380000000267,36.556399999999485]]]},"properties":{}},{"type":"Feature","geometry":{"type":"MultiLineString","coordinates":[[[14.260220000000118,36.07128999999986],[14.33372000000054,36.0287900000003],[14.188120000000708,36.03515999999945],[14.260220000000118,36.07128999999986]]]},"properties":{}},{"type":"Feature","geometry":{"type":"MultiLineString","coordinates":[[[14.33926000000065,36.00503000000026],[14.33926000000065,36.005230000000665]]]},"properties":{}},{"type":"Feature","geometry":{"type":"MultiLineString","coordinates":[[[14.307119999999486,44.498530000000756],[14.307119999999486,44.498530000000756]]]},"properties":{}},{"type":"Feature","geometry":{"type":"MultiLineString","coordinates":[[[14.55999999999949,44.49366],[14.55999999999949,44.49366]]]},"properties":{}},{"type":"Feature","geometry":{"type":"MultiLineString","coordinates":[[[14.53341999999975,44.47849999999926],[14.341099999999642,44.712359999999535],[14.367210000000341,44.565199999999095],[14.53341999999975,44.47849999999926]]]},"properties":{}},{"type":"Feature","geometry":{"type":"MultiLineString","coordinates":[[[14.870849999999336,44.46719999999914],[14.870849999999336,44.46719999999914]]]},"properties":{}},{"type":"Feature","geometry":{"type":"MultiLineString","coordinates":[[[14.57608000000073,44.44275000000016],[14.530510000000504,44.45447000000058],[14.57608000000073,44.44275000000016]]]},"properties":{}},{"type":"Feature","geometry":{"type":"MultiLineString","coordinates":[[[14.961600000000544,44.40220000000045],[14.88479,44.452760000000126],[14.961600000000544,44.40220000000045]]]},"properties":{}},{"type":"Feature","geometry":{"type":"MultiLineString","coordinates":[[[14.866330000000744,44.37261000000035],[14.866330000000744,44.37261000000035]]]},"properties":{}},{"type":"Feature","geometry":{"type":"MultiLineString","coordinates":[[[14.72679000000062,44.34849000000031],[14.668180000000575,44.41113000000041],[14.72679000000062,44.34849000000031]]]},"properties":{}},{"type":"Feature","geometry":{"type":"MultiLineString","coordinates":[[[14.79479,44.342459999999846],[14.760940000000119,44.41581000000042],[14.794550000000527,44.3427]]]},"properties":{}},{"type":"Feature","geometry":{"type":"MultiLineString","coordinates":[[[14.662860000000364,44.305560000000696],[14.58367,44.349780000000464],[14.662860000000364,44.305560000000696]]]},"properties":{}},{"type":"Feature","geometry":{"type":"MultiLineString","coordinates":[[[14.71443,44.27225],[14.71443,44.27249]]]},"properties":{}},{"type":"Feature","geometry":{"type":"MultiLineString","coordinates":[[[14.763220000000729,44.255049999999756],[14.763220000000729,44.255049999999756]]]},"properties":{}},{"type":"Feature","geometry":{"type":"MultiLineString","coordinates":[[[14.829970000000685,44.19894000000022],[14.909610000000612,44.21091999999953],[14.79055999999946,44.25942000000032],[14.829970000000685,44.19894000000022]]]},"properties":{}},{"type":"Feature","geometry":{"type":"MultiLineString","coordinates":[[[14.944649999999456,44.14601000000039],[14.891289999999572,44.17581000000064],[14.944649999999456,44.14601000000039]]]},"properties":{}},{"type":"Feature","geometry":{"type":"MultiLineString","coordinates":[[[15.0,44.161079999999856],[14.939109999999346,44.199580000000424],[15.0,44.13704999999936]]]},"properties":{}},{"type":"Feature","geometry":{"type":"MultiLineString","coordinates":[[[15.0,44.08408000000054],[14.817880000000514,44.155899999999804],[15.224190000000874,43.88207999999946],[15.0,44.08408000000054]]]},"properties":{}},{"type":"Feature","geometry":{"type":"MultiLineString","coordinates":[[[12.754240000000209,43.96911999999975],[13.626570000000356,43.54956999999922],[13.910900000000765,42.90180999999939]]]},"properties":{}},{"type":"Feature","geometry":{"type":"MultiLineString","coordinates":[[[10.173129999999219,42.73588000000018],[10.106610000000728,42.78871000000072],[10.44247,42.84669000000031],[10.386580000000322,42.757799999999406],[10.423360000000685,42.70759999999973],[10.343689999999697,42.76397],[10.173129999999219,42.73588000000018]]]},"properties":{}},{"type":"Feature","geometry":{"type":"MultiLineString","coordinates":[[[10.090159999999742,42.56803000000036],[10.08288,42.61902999999984],[10.046329999999216,42.58325],[10.090159999999742,42.56803000000036]]]},"properties":{}},{"type":"Feature","geometry":{"type":"MultiLineString","coordinates":[[[10.50786,42.99591999999939],[10.529409999999189,42.92027000000053],[10.76656,42.914020000000164],[10.731449999999313,42.80134999999973],[10.787630000000718,42.77357999999913],[11.07258,42.831780000000435],[11.107700000000477,42.75188999999955],[10.896950000000288,42.75928000000022],[11.046809999999823,42.69767999999931],[11.188360000000102,42.525330000000395],[11.099829999999201,42.39314000000013],[11.45458999999937,42.37674]]]},"properties":{}},{"type":"Feature","geometry":{"type":"MultiLineString","coordinates":[[[10.92265000000043,42.31982000000062],[10.884529999999359,42.38934],[10.922959999999875,42.32046000000082]]]},"properties":{}},{"type":"Feature","geometry":{"type":"MultiLineString","coordinates":[[[10.310279999999693,42.3116399999999],[10.30334000000039,42.35281000000032],[10.310279999999693,42.3116399999999]]]},"properties":{}},{"type":"Feature","geometry":{"type":"MultiLineString","coordinates":[[[11.104859999999462,42.2395],[11.104859999999462,42.2395]]]},"properties":{}},{"type":"Feature","geometry":{"type":"MultiLineString","coordinates":[[[13.910900000000765,42.90180999999939],[13.951499999999214,42.72436000000016],[14.142809999999372,42.5313100000003],[14.515719999999419,42.247699999999895],[14.715910000000804,42.17294000000038],[14.76166000000012,42.07820999999967]]]},"properties":{}},{"type":"Feature","geometry":{"type":"MultiLineString","coordinates":[[[14.76166000000012,42.07820999999967],[14.999379999999292,41.99651000000085]]]},"properties":{}},{"type":"Feature","geometry":{"type":"MultiLineString","coordinates":[[[11.45458999999937,42.37674],[11.649639999999636,42.28144000000066],[11.836699999999837,42.029529999999795],[12.137080000000424,41.92182999999932],[12.621940000000905,41.444250000000466],[12.893959999999424,41.4016100000008],[13.047860000000583,41.225469999999405],[13.27828000000045,41.29592000000048],[13.551680000000488,41.20660999999927],[13.618280000000595,41.26006000000052],[13.73733,41.23725000000013]]]},"properties":{}},{"type":"Feature","geometry":{"type":"MultiLineString","coordinates":[[[13.05142,40.9628900000007],[13.05142,40.9628900000007]]]},"properties":{}},{"type":"Feature","geometry":{"type":"MultiLineString","coordinates":[[[12.847219999999652,35.86702999999943],[12.847219999999652,35.86702999999943]]]},"properties":{}},{"type":"Feature","geometry":{"type":"MultiLineString","coordinates":[[[0.001710000000458,35.84401000000071],[0.218899999999849,36.11767999999938],[0.733159999999771,36.3318]]]},"properties":{}},{"type":"Feature","geometry":{"type":"MultiLineString","coordinates":[[[14.517620000000534,35.893850000000384],[14.56141000000025,35.81912999999986],[14.414679999999862,35.82891000000018],[14.319890000000669,35.973729999999705],[14.368599999999788,35.99778999999944],[14.517620000000534,35.893850000000384]]]},"properties":{}},{"type":"Feature","geometry":{"type":"MultiLineString","coordinates":[[[11.03442,35.79642000000058],[11.03442,35.79642000000058]]]},"properties":{}},{"type":"Feature","geometry":{"type":"MultiLineString","coordinates":[[[10.52981,36.35095999999976],[10.476039999999557,36.083660000000236],[10.685970000000452,35.79092999999921]]]},"properties":{}},{"type":"Feature","geometry":{"type":"MultiLineString","coordinates":[[[11.015830000000278,35.769609999999375],[11.015830000000278,35.769609999999375]]]},"properties":{}},{"type":"Feature","geometry":{"type":"MultiLineString","coordinates":[[[11.04493,35.63334000000032],[11.04493,35.63334000000032]]]},"properties":{}},{"type":"Feature","geometry":{"type":"MultiLineString","coordinates":[[[11.03266000000076,35.56926000000021],[11.047029999999722,35.628059999999095],[10.826530000000275,35.70440000000053],[10.834919999999329,35.79182000000037],[10.685970000000452,35.79092999999921]]]},"properties":{}},{"type":"Feature","geometry":{"type":"MultiLineString","coordinates":[[[12.60186000000067,35.492200000000594],[12.515359999999419,35.519829999999274],[12.60186000000067,35.492200000000594]]]},"properties":{}},{"type":"Feature","geometry":{"type":"MultiLineString","coordinates":[[[11.161169999999402,35.23352999999952],[11.038350000000719,35.334059999999226],[11.08386000000064,35.50728],[11.03266000000076,35.56926000000021]]]},"properties":{}},{"type":"Feature","geometry":{"type":"MultiLineString","coordinates":[[[11.161169999999402,35.23352999999952],[11.02203,35.08556999999928]]]},"properties":{}},{"type":"Feature","geometry":{"type":"MultiLineString","coordinates":[[[11.315119999999297,34.81939000000057],[11.315119999999297,34.81939000000057]]]},"properties":{}},{"type":"Feature","geometry":{"type":"MultiLineString","coordinates":[[[11.221589999999196,34.799339999999575],[11.221589999999196,34.799339999999575]]]},"properties":{}},{"type":"Feature","geometry":{"type":"MultiLineString","coordinates":[[[11.30760999999984,34.76387000000068],[11.30760999999984,34.76387000000068]]]},"properties":{}},{"type":"Feature","geometry":{"type":"MultiLineString","coordinates":[[[11.3143,34.745020000000295],[11.3143,34.745020000000295]]]},"properties":{}},{"type":"Feature","geometry":{"type":"MultiLineString","coordinates":[[[11.16779999999926,34.731840000000375],[11.246800000000803,34.828670000000784],[11.317740000000413,34.80294999999933],[11.300219999999172,34.73358],[11.1268,34.66613999999936],[11.16779999999926,34.731840000000375]]]},"properties":{}},{"type":"Feature","geometry":{"type":"MultiLineString","coordinates":[[[11.017429999999877,34.63025000000016],[11.117790000000241,34.66655999999966],[10.969820000000254,34.65264000000025],[11.017429999999877,34.63025000000016]]]},"properties":{}},{"type":"Feature","geometry":{"type":"MultiLineString","coordinates":[[[11.02203,35.08556999999928],[10.88076,34.803680000000895],[10.725829999999405,34.65114],[10.363950000000841,34.42398999999932],[10.24569,34.43387000000075],[10.26025,34.37275000000045],[10.182989999999336,34.41503999999986],[10.17778,34.336810000000696],[10.011319999999614,34.23371000000043],[10.020249999999578,34.15675999999985]]]},"properties":{}},{"type":"Feature","geometry":{"type":"MultiLineString","coordinates":[[[10.77383,33.69494999999915],[10.77383,33.69494999999915]]]},"properties":{}},{"type":"Feature","geometry":{"type":"MultiLineString","coordinates":[[[10.020249999999578,34.15675999999985],[10.013139999999112,34.006830000000264],[10.180560000000696,33.81640999999945],[10.427309999999125,33.66902999999911]]]},"properties":{}},{"type":"Feature","geometry":{"type":"MultiLineString","coordinates":[[[10.91914,33.686830000000555],[11.065029999999751,33.8305],[10.94192,33.89600000000064],[10.747639999999592,33.89099999999962],[10.742780000000494,33.727170000000115],[10.828190000000177,33.74116999999933],[10.887140000000727,33.63781000000017],[10.91914,33.686830000000555]]]},"properties":{}},{"type":"Feature","geometry":{"type":"MultiLineString","coordinates":[[[10.492669999999634,33.638049999999566],[10.427309999999125,33.66902999999911]]]},"properties":{}},{"type":"Feature","geometry":{"type":"MultiLineString","coordinates":[[[10.868280000000595,33.59819000000061],[10.868280000000595,33.59819000000061]]]},"properties":{}},{"type":"Feature","geometry":{"type":"MultiLineString","coordinates":[[[10.80667,33.51822],[10.80667,33.51822]]]},"properties":{}},{"type":"Feature","geometry":{"type":"MultiLineString","coordinates":[[[11.132229999999254,33.37794000000031],[11.132229999999254,33.37794000000031]]]},"properties":{}},{"type":"Feature","geometry":{"type":"MultiLineString","coordinates":[[[11.10808,33.36852999999974],[11.11555000000044,33.54097],[11.050279999999475,33.6221000000005],[10.93231999999989,33.6218000000008],[10.92109999999957,33.52690000000075],[10.757180000000517,33.47810000000027],[10.68441999999959,33.54680999999982],[10.724850000000515,33.70802999999978],[10.492669999999634,33.638049999999566]]]},"properties":{}},{"type":"Feature","geometry":{"type":"MultiLineString","coordinates":[[[11.140919999999824,33.31783],[11.296770000000834,33.278519999999844],[11.10808,33.36852999999974]]]},"properties":{}},{"type":"Feature","geometry":{"type":"MultiLineString","coordinates":[[[11.140919999999824,33.31783],[11.14564000000064,33.26583000000028]]]},"properties":{}},{"type":"Feature","geometry":{"type":"MultiLineString","coordinates":[[[11.14564000000064,33.265230000000884],[11.18485999999939,33.20116000000053],[11.449880000000121,33.19081]]]},"properties":{}},{"type":"Feature","geometry":{"type":"MultiLineString","coordinates":[[[11.5659799999994,33.16500000000087],[11.331550000000789,33.263810000000376],[11.449880000000121,33.19081]]]},"properties":{}},{"type":"Feature","geometry":{"type":"MultiLineString","coordinates":[[[11.5659799999994,33.16500000000087],[12.292299999999159,32.84015999999974],[12.558639999999286,32.79912999999942]]]},"properties":{}},{"type":"Feature","geometry":{"type":"MultiLineString","coordinates":[[[12.558639999999286,32.79912999999942],[13.022730000000593,32.84379000000081]]]},"properties":{}},{"type":"Feature","geometry":{"type":"MultiLineString","coordinates":[[[13.022730000000593,32.84379000000081],[13.276390000000902,32.91171000000031],[13.607920000000377,32.79247000000032],[13.94076,32.775729999999385]]]},"properties":{}},{"type":"Feature","geometry":{"type":"MultiLineString","coordinates":[[[13.94076,32.775729999999385],[14.238390000000436,32.695560000000114],[14.447000000000116,32.530290000000605]]]},"properties":{}},{"type":"Feature","geometry":{"type":"MultiLineString","coordinates":[[[14.447000000000116,32.530290000000605],[14.725280000000566,32.45005999999921]]]},"properties":{}},{"type":"Feature","geometry":{"type":"MultiLineString","coordinates":[[[14.725580000000264,32.45005999999921],[15.000420000000304,32.418320000000676]]]},"properties":{}},{"type":"Feature","geometry":{"type":"MultiLineString","coordinates":[[[14.543050000000221,44.9537],[14.48794000000089,44.97855999999956],[14.543050000000221,44.9537]]]},"properties":{}},{"type":"Feature","geometry":{"type":"MultiLineString","coordinates":[[[14.078639999999723,45.0],[14.067359999999098,44.946970000000874],[14.170500000000175,45.0]]]},"properties":{}},{"type":"Feature","geometry":{"type":"MultiLineString","coordinates":[[[13.746349999999438,44.93176999999923],[13.746349999999438,44.93176999999923]]]},"properties":{}},{"type":"Feature","geometry":{"type":"MultiLineString","coordinates":[[[13.787809999999808,44.9006100000006],[13.787809999999808,44.9006100000006]]]},"properties":{}},{"type":"Feature","geometry":{"type":"MultiLineString","coordinates":[[[13.76253,44.905829999999696],[13.76253,44.905829999999696]]]},"properties":{}},{"type":"Feature","geometry":{"type":"MultiLineString","coordinates":[[[14.770249999999578,44.92667000000074],[14.833109999999579,44.886500000000524],[14.770249999999578,44.92667000000074]]]},"properties":{}},{"type":"Feature","geometry":{"type":"MultiLineString","coordinates":[[[14.776120000000446,44.85498],[14.737919999999576,44.87422999999944],[14.776120000000446,44.85498]]]},"properties":{}},{"type":"Feature","geometry":{"type":"MultiLineString","coordinates":[[[14.824800000000323,44.825450000000274],[14.824800000000323,44.825450000000274]]]},"properties":{}},{"type":"Feature","geometry":{"type":"MultiLineString","coordinates":[[[13.729999999999563,45.0],[13.920760000000882,44.766569999999774],[13.883990000000267,44.8215],[14.000560000000405,44.804],[13.982819999999265,44.901159999999436],[14.05037000000084,44.99797000000035]]]},"properties":{}},{"type":"Feature","geometry":{"type":"MultiLineString","coordinates":[[[14.311939999999595,44.76093000000037],[14.31171,44.76093000000037]]]},"properties":{}},{"type":"Feature","geometry":{"type":"MultiLineString","coordinates":[[[14.734780000000683,44.767980000000534],[14.86564,44.70586999999978],[14.760420000000522,44.84181999999964],[14.67881,44.84261999999944],[14.72581,44.80284000000029],[14.656460000000152,44.78802999999971],[14.734780000000683,44.767980000000534]]]},"properties":{}},{"type":"Feature","geometry":{"type":"MultiLineString","coordinates":[[[14.836250000000291,44.689759999999296],[14.77225,44.74228000000039],[14.836250000000291,44.689759999999296]]]},"properties":{}},{"type":"Feature","geometry":{"type":"MultiLineString","coordinates":[[[14.582809999999881,44.66447],[14.582809999999881,44.66447]]]},"properties":{}},{"type":"Feature","geometry":{"type":"MultiLineString","coordinates":[[[14.357280000000173,44.99649999999929],[14.398859999999331,44.90969000000041],[14.318590000000768,44.94916999999987],[14.296200000000681,44.90825000000041],[14.49587000000065,44.60449999999946],[14.544379999999364,44.63155999999981],[14.462040000000343,44.720110000000204],[14.482640000000174,44.960580000000846],[14.41621,44.994839999999385]]]},"properties":{}},{"type":"Feature","geometry":{"type":"MultiLineString","coordinates":[[[14.279860000000554,44.60382000000027],[14.277420000000347,44.68862000000081],[14.23286999999982,44.6263799999997],[14.279860000000554,44.60382000000027]]]},"properties":{}},{"type":"Feature","geometry":{"type":"MultiLineString","coordinates":[[[14.317639999999301,44.574029999999766],[14.317639999999301,44.574029999999766]]]},"properties":{}},{"type":"Feature","geometry":{"type":"MultiLineString","coordinates":[[[14.899590000000899,44.99553999999989],[14.887000000000626,44.7169300000005],[15.0,44.56725]]]},"properties":{}},{"type":"Feature","geometry":{"type":"MultiLineString","coordinates":[[[14.430480000000898,44.54344999999921],[14.430480000000898,44.54344999999921]]]},"properties":{}},{"type":"Feature","geometry":{"type":"MultiLineString","coordinates":[[[12.852170000000115,40.925349999999526],[12.852170000000115,40.925349999999526]]]},"properties":{}},{"type":"Feature","geometry":{"type":"MultiLineString","coordinates":[[[12.950249999999869,40.87802999999985],[12.993000000000393,40.93605000000025],[12.950249999999869,40.87802999999985]]]},"properties":{}},{"type":"Feature","geometry":{"type":"MultiLineString","coordinates":[[[13.415479999999661,40.785540000000765],[13.415479999999661,40.785540000000765]]]},"properties":{}},{"type":"Feature","geometry":{"type":"MultiLineString","coordinates":[[[13.99166999999943,40.73856999999953],[14.03586,40.76434999999947],[13.99166999999943,40.73856999999953]]]},"properties":{}},{"type":"Feature","geometry":{"type":"MultiLineString","coordinates":[[[13.928369999999632,40.700189999999566],[13.852919999999358,40.70939],[13.86073000000033,40.7558599999993],[13.96400999999969,40.73474999999962],[13.928369999999632,40.700189999999566]]]},"properties":{}},{"type":"Feature","geometry":{"type":"MultiLineString","coordinates":[[[14.209510000000591,40.53700000000026],[14.266429999999673,40.554729999999836],[14.209510000000591,40.53700000000026]]]},"properties":{}},{"type":"Feature","geometry":{"type":"MultiLineString","coordinates":[[[13.73733,41.23725000000013],[14.02256,40.916660000000775],[14.032849999999598,40.78968999999961],[14.275470000000496,40.844460000000254],[14.470569999999498,40.742669999999634],[14.327540000000226,40.568639999999505],[14.751619999999093,40.67789000000084],[14.818250000000262,40.64352999999937],[14.979600000000573,40.48058999999921],[14.9979000000003,40.358720000000176],[14.90374999999949,40.25227000000086],[15.00293000000056,40.20757000000049]]]},"properties":{}},{"type":"Feature","geometry":{"type":"MultiLineString","coordinates":[[[9.60519000000022,39.13458],[9.60519000000022,39.13458]]]},"properties":{}},{"type":"Feature","geometry":{"type":"MultiLineString","coordinates":[[[13.158810000000813,38.696640000000116],[13.158810000000813,38.696640000000116]]]},"properties":{}},{"type":"Feature","geometry":{"type":"MultiLineString","coordinates":[[[14.582829999999376,38.55316999999923],[14.542390000000523,38.58483999999953],[14.582829999999376,38.55316999999923]]]},"properties":{}},{"type":"Feature","geometry":{"type":"MultiLineString","coordinates":[[[14.83419,38.58114000000023],[14.79947,38.5570800000005],[14.870080000000598,38.53633000000082],[14.83419,38.58114000000023]]]},"properties":{}},{"type":"Feature","geometry":{"type":"MultiLineString","coordinates":[[[14.356690000000526,38.53069999999934],[14.356690000000526,38.53069999999934]]]},"properties":{}},{"type":"Feature","geometry":{"type":"MultiLineString","coordinates":[[[14.957169999999678,38.45919],[14.90922,38.51625000000058],[14.962390000000596,38.52104],[14.957169999999678,38.45919]]]},"properties":{}},{"type":"Feature","geometry":{"type":"MultiLineString","coordinates":[[[15.0,38.39135999999962],[14.9375,38.405580000000555],[15.0,38.39135999999962]]]},"properties":{}},{"type":"Feature","geometry":{"type":"MultiLineString","coordinates":[[[12.331260000000839,37.98598999999922],[12.330840000000535,37.98619999999937]]]},"properties":{}},{"type":"Feature","geometry":{"type":"MultiLineString","coordinates":[[[12.047679999999673,37.956850000000486],[12.091549999999188,37.94739999999911],[12.047679999999673,37.956850000000486]]]},"properties":{}},{"type":"Feature","geometry":{"type":"MultiLineString","coordinates":[[[12.367770000000746,37.905290000000605],[12.270409999999174,37.93442999999934],[12.367770000000746,37.905290000000605]]]},"properties":{}},{"type":"Feature","geometry":{"type":"MultiLineString","coordinates":[[[12.463270000000193,37.8773999999994],[12.463270000000193,37.8773999999994]]]},"properties":{}},{"type":"Feature","geometry":{"type":"MultiLineString","coordinates":[[[14.999990000000253,38.150760000000446],[14.9141,38.19283],[14.499359999999797,38.03860999999961],[14.02513,38.04271999999946],[13.74568,37.97126000000026],[13.567909999999756,38.04022000000077],[13.537389999999505,38.113649999999325],[13.38105,38.110860000000685],[13.31891,38.226339999999254],[13.106509999999616,38.19253000000026],[13.050100000000384,38.14128999999957],[13.07680000000073,38.0884700000006],[12.89477000000079,38.02399999999943],[12.730279999999766,38.1899599999997],[12.71097,38.11054999999942],[12.492449999999735,38.01579],[12.426559999999881,37.79975000000013]]]},"properties":{}},{"type":"Feature","geometry":{"type":"MultiLineString","coordinates":[[[29.61022000000048,44.89705999999933],[29.650110000000495,45.0]]]},"properties":{}},{"type":"Feature","geometry":{"type":"MultiLineString","coordinates":[[[29.62917000000016,44.87175000000025],[29.62917000000016,44.87175000000025]]]},"properties":{}},{"type":"Feature","geometry":{"type":"MultiLineString","coordinates":[[[29.620810000000347,44.84814],[29.620810000000347,44.84814]]]},"properties":{}},{"type":"Feature","geometry":{"type":"MultiLineString","coordinates":[[[29.59458000000086,44.813860000000204],[29.540750000000116,44.79764000000068],[29.59458000000086,44.813860000000204]]]},"properties":{}},{"type":"Feature","geometry":{"type":"MultiLineString","coordinates":[[[29.61022000000048,44.89705999999933],[29.564280000000508,44.834500000000844],[29.14350000000013,44.77806000000055],[28.953079999999318,44.626360000000204],[28.944789999999557,44.69477],[28.810030000000552,44.58804000000055],[28.768780000000334,44.62219999999979],[28.76361,44.46988000000056],[28.940080000000307,44.60886000000028]]]},"properties":{}},{"type":"Feature","geometry":{"type":"MultiLineString","coordinates":[[[28.940080000000307,44.60886000000028],[28.62377000000015,44.29617],[28.66719000000012,43.99124999999913],[28.575779999999213,43.73255000000063]]]},"properties":{}},{"type":"Feature","geometry":{"type":"MultiLineString","coordinates":[[[28.575779999999213,43.73255000000063],[28.607190000000628,43.54061],[28.465659999999843,43.36062999999922],[28.146409999999378,43.40404999999919],[28.015160000000833,43.228259999999864],[27.89672000000064,43.20550999999978],[27.94771000000037,43.16655999999966],[27.884169999999358,42.84339999999975]]]},"properties":{}},{"type":"Feature","geometry":{"type":"MultiLineString","coordinates":[[[27.883390000000873,42.84339999999975],[27.89672000000064,42.69724999999926],[27.72703999999976,42.70875999999953],[27.625860000000102,42.5921500000004]]]},"properties":{}},{"type":"Feature","geometry":{"type":"MultiLineString","coordinates":[[[27.625860000000102,42.5921500000004],[27.64494999999988,42.552410000000236],[27.523629999999685,42.55841999999939],[27.482589999999618,42.48992],[27.342179999999644,42.497660000000906],[27.46716000000015,42.42586999999912]]]},"properties":{}},{"type":"Feature","geometry":{"type":"MultiLineString","coordinates":[[[28.03252000000066,41.98219000000063],[27.749789999999848,42.25331],[27.793190000000322,42.31056999999964],[27.717889999999898,42.351880000000165],[27.728870000000825,42.41201],[27.586380000000645,42.463519999999335],[27.467420000000857,42.42533999999978]]]},"properties":{}},{"type":"Feature","geometry":{"type":"MultiLineString","coordinates":[[[28.03252000000066,41.98219000000063],[28.056950000000143,41.88254000000052],[27.990100000000893,41.89038000000073],[27.983679999999367,41.82085999999981],[28.265160000000833,41.502479999999196]]]},"properties":{}},{"type":"Feature","geometry":{"type":"MultiLineString","coordinates":[[[28.265509999999267,41.502660000000105],[29.11413,41.23478000000068]]]},"properties":{}},{"type":"Feature","geometry":{"type":"MultiLineString","coordinates":[[[29.149929999999586,41.2163500000006],[29.86132,41.144099999999526]]]},"properties":{}},{"type":"Feature","geometry":{"type":"MultiLineString","coordinates":[[[29.86132,41.144099999999526],[29.99337000000014,41.138310000000274]]]},"properties":{}},{"type":"Feature","geometry":{"type":"MultiLineString","coordinates":[[[29.11413,41.23478000000068],[29.036410000000615,41.05255000000034],[28.942119999999704,41.05671000000075]]]},"properties":{}},{"type":"Feature","geometry":{"type":"MultiLineString","coordinates":[[[28.13774999999987,41.067950000000565],[28.542789999999513,40.984379999999874],[28.546580000000176,41.08948000000055],[28.60247999999956,40.96690999999919],[28.81495,40.95444999999927],[28.983640000000378,41.0037599999996],[28.942119999999704,41.05671000000075]]]},"properties":{}},{"type":"Feature","geometry":{"type":"MultiLineString","coordinates":[[[29.04918,40.901630000000296],[29.04954,40.900760000000446]]]},"properties":{}},{"type":"Feature","geometry":{"type":"MultiLineString","coordinates":[[[29.057950000000346,40.88607000000047],[29.0580800000007,40.88643000000047]]]},"properties":{}},{"type":"Feature","geometry":{"type":"MultiLineString","coordinates":[[[29.150159999999232,41.21658000000025],[29.005590000000666,41.01025999999911],[29.262329999999565,40.86554000000069]]]},"properties":{}},{"type":"Feature","geometry":{"type":"MultiLineString","coordinates":[[[29.08698,40.87889],[29.086629999999786,40.87934999999925]]]},"properties":{}},{"type":"Feature","geometry":{"type":"MultiLineString","coordinates":[[[29.146849999999176,40.84607999999935],[29.146849999999176,40.84607999999935]]]},"properties":{}},{"type":"Feature","geometry":{"type":"MultiLineString","coordinates":[[[29.12343999999939,40.87444999999934],[29.12417,40.87507]]]},"properties":{}},{"type":"Feature","geometry":{"type":"MultiLineString","coordinates":[[[29.281370000000607,40.79600000000028],[29.281370000000607,40.79600000000028]]]},"properties":{}},{"type":"Feature","geometry":{"type":"MultiLineString","coordinates":[[[29.26188,40.86576000000059],[29.25616000000082,40.80376000000069],[29.348540000000867,40.80767999999989],[29.35682000000088,40.75496000000021],[29.943859999999404,40.73892],[29.419780000000173,40.6896]]]},"properties":{}},{"type":"Feature","geometry":{"type":"MultiLineString","coordinates":[[[27.48670999999922,40.63719999999921],[27.48670999999922,40.63719999999921]]]},"properties":{}},{"type":"Feature","geometry":{"type":"MultiLineString","coordinates":[[[29.419780000000173,40.68937],[28.903200000000652,40.59002999999939]]]},"properties":{}},{"type":"Feature","geometry":{"type":"MultiLineString","coordinates":[[[27.018270000000484,40.58085000000028],[27.309339999999793,40.70305999999982],[27.511249999999563,40.97400000000016],[27.75520999999935,41.014320000000225],[27.9631700000009,40.9648300000008],[28.138269999999466,41.067950000000565]]]},"properties":{}},{"type":"Feature","geometry":{"type":"MultiLineString","coordinates":[[[27.606550000000425,40.57488999999987],[27.7446400000008,40.63141999999971],[27.528840000000855,40.64673000000039],[27.606669999999212,40.57524999999987]]]},"properties":{}},{"type":"Feature","geometry":{"type":"MultiLineString","coordinates":[[[27.466449999999895,40.53802999999971],[27.50828999999976,40.55229],[27.466459999999643,40.53802999999971]]]},"properties":{}},{"type":"Feature","geometry":{"type":"MultiLineString","coordinates":[[[28.526050000000396,40.51043000000027],[28.555179999999382,40.56515000000036],[28.526050000000396,40.51043000000027]]]},"properties":{}},{"type":"Feature","geometry":{"type":"MultiLineString","coordinates":[[[27.577590000000782,40.49467],[27.577590000000782,40.49467]]]},"properties":{}},{"type":"Feature","geometry":{"type":"MultiLineString","coordinates":[[[27.49467,40.469419999999445],[27.551550000000134,40.52138999999988],[27.49467,40.46910000000025]]]},"properties":{}},{"type":"Feature","geometry":{"type":"MultiLineString","coordinates":[[[28.074650000000474,40.45423999999912],[28.074650000000474,40.45423999999912]]]},"properties":{}},{"type":"Feature","geometry":{"type":"MultiLineString","coordinates":[[[27.664989999999307,40.44481000000087],[27.599089999999705,40.50871],[27.579750000000786,40.463079999999536],[27.664989999999307,40.44481000000087]]]},"properties":{}},{"type":"Feature","geometry":{"type":"MultiLineString","coordinates":[[[17.152749999999287,40.44607999999971],[17.152749999999287,40.44607999999971]]]},"properties":{}},{"type":"Feature","geometry":{"type":"MultiLineString","coordinates":[[[28.20465999999942,40.39926000000014],[28.4663,40.390079999999216]]]},"properties":{}},{"type":"Feature","geometry":{"type":"MultiLineString","coordinates":[[[28.90342000000055,40.59045999999944],[28.77988,40.52182999999968],[29.15440999999919,40.425970000000234],[28.97401,40.35646000000088],[28.42309000000023,40.376469999999244],[28.467490000000907,40.390079999999216]]]},"properties":{}},{"type":"Feature","geometry":{"type":"MultiLineString","coordinates":[[[27.576789999999164,40.30782],[27.87942,40.373859999999695],[27.688459999999395,40.47160000000076],[27.736119999999573,40.52650999999969],[28.03328,40.48005999999987],[27.895650000000387,40.385340000000724],[27.95278,40.354559999999765],[28.205250000000888,40.39925000000039]]]},"properties":{}},{"type":"Feature","geometry":{"type":"MultiLineString","coordinates":[[[16.8423700000003,40.395010000000184],[16.60558999999921,40.08007]]]},"properties":{}},{"type":"Feature","geometry":{"type":"MultiLineString","coordinates":[[[26.17449999999917,40.044019999999364],[26.381170000000566,40.13969],[26.360819999999876,40.20231000000058],[26.587499999999636,40.31895000000077],[26.701709999999366,40.455110000000786],[27.01934000000074,40.58102999999937]]]},"properties":{}},{"type":"Feature","geometry":{"type":"MultiLineString","coordinates":[[[17.94010999999955,40.042750000000524],[17.94010999999955,40.042750000000524]]]},"properties":{}},{"type":"Feature","geometry":{"type":"MultiLineString","coordinates":[[[26.19087000000036,40.003129999999146],[26.328779999999824,40.0249500000009],[26.4045100000003,40.19765],[26.522820000000138,40.220149999999194],[26.73877999999968,40.40073999999913],[27.032649999999194,40.39028],[27.279309999999896,40.47574],[27.331239999999525,40.36215000000084],[27.577100000000428,40.3086000000003]]]},"properties":{}},{"type":"Feature","geometry":{"type":"MultiLineString","coordinates":[[[15.00293000000056,40.20757000000049],[15.150649999999587,40.188490000000456],[15.35371,39.999910000000455],[15.506960000000618,40.07143],[15.642879999999423,40.04176]]]},"properties":{}},{"type":"Feature","geometry":{"type":"MultiLineString","coordinates":[[[15.642879999999423,40.04176],[15.767219999999725,39.932849999999235]]]},"properties":{}},{"type":"Feature","geometry":{"type":"MultiLineString","coordinates":[[[18.3700000000008,39.795749999999316],[18.04765000000043,39.92836999999963],[17.973579999999856,40.054299999999785],[18.009830000000875,40.10627000000022],[17.861790000000838,40.282240000000456],[17.507250000000568,40.29565],[17.19996,40.4103099999993],[17.244800000000396,40.463739999999234],[17.10682000000088,40.52701999999954],[16.963799999999537,40.50083000000086],[16.8423700000003,40.395010000000184]]]},"properties":{}},{"type":"Feature","geometry":{"type":"MultiLineString","coordinates":[[[19.981470000000627,39.701639999999315],[20.00840000000062,39.69297]]]},"properties":{}},{"type":"Feature","geometry":{"type":"MultiLineString","coordinates":[[[19.938060000000462,39.74511],[19.843249999999898,39.6584399999993],[19.931940000000395,39.6241699999992],[19.938690000000918,39.472550000000524],[20.073080000000232,39.45896999999974],[20.109319999999514,39.36108000000064],[19.86924,39.45600000000019],[19.846240000000762,39.55261000000064],[19.632369999999355,39.75374000000011],[19.848949999999718,39.82451000000037],[19.938060000000462,39.74511]]]},"properties":{}},{"type":"Feature","geometry":{"type":"MultiLineString","coordinates":[[[20.18399,39.17760000000089],[20.1251400000001,39.237230000000636],[20.184250000000247,39.17735]]]},"properties":{}},{"type":"Feature","geometry":{"type":"MultiLineString","coordinates":[[[20.238970000000336,39.13527000000067],[20.238970000000336,39.13527000000067]]]},"properties":{}},{"type":"Feature","geometry":{"type":"MultiLineString","coordinates":[[[20.00840000000062,39.69297],[20.185929999999644,39.62529],[20.136630000000878,39.52690000000075],[20.258589999999458,39.51027000000067],[20.211349999999584,39.49091000000044],[20.27382000000034,39.45399999999972],[20.213159999999334,39.44409000000087],[20.28621000000021,39.325769999999466],[20.473990000000413,39.27776000000085],[20.735860000000685,38.94549999999981],[20.832389999999577,38.95996000000014],[20.75728,39.00203],[20.79522999999972,39.06011000000035],[20.917960000000676,39.00434999999925],[21.084580000000642,39.04608]]]},"properties":{}},{"type":"Feature","geometry":{"type":"MultiLineString","coordinates":[[[15.214470000000802,38.77066999999988],[15.243220000000292,38.80355000000054],[15.214470000000802,38.77066999999988]]]},"properties":{}},{"type":"Feature","geometry":{"type":"MultiLineString","coordinates":[[[20.735090000000127,38.70885000000089],[20.73483,38.7086]]]},"properties":{}},{"type":"Feature","geometry":{"type":"MultiLineString","coordinates":[[[20.745279999999184,38.68691000000035],[20.745279999999184,38.686649999999645]]]},"properties":{}},{"type":"Feature","geometry":{"type":"MultiLineString","coordinates":[[[15.11053,38.66583],[15.11053,38.66583]]]},"properties":{}},{"type":"Feature","geometry":{"type":"MultiLineString","coordinates":[[[15.0607,38.626290000000154],[15.0607,38.626290000000154]]]},"properties":{}},{"type":"Feature","geometry":{"type":"MultiLineString","coordinates":[[[20.79192999999941,38.66489999999976],[20.756380000000718,38.6271799999995],[20.80804999999964,38.58956000000035],[20.73381999999947,38.64005999999972],[20.79192999999941,38.66489999999976]]]},"properties":{}},{"type":"Feature","geometry":{"type":"MultiLineString","coordinates":[[[20.798969999999827,38.58201],[20.79845000000023,38.58201]]]},"properties":{}},{"type":"Feature","geometry":{"type":"MultiLineString","coordinates":[[[20.8748599999999,38.575520000000324],[20.961670000000595,38.65071999999964],[20.8748599999999,38.575520000000324]]]},"properties":{}},{"type":"Feature","geometry":{"type":"MultiLineString","coordinates":[[[20.606410000000324,38.78551999999945],[20.54110000000037,38.56042999999954],[20.597889999999097,38.634509999999864],[20.64221,38.57798999999977],[20.722820000000866,38.62615],[20.711460000000443,38.83559000000059],[20.606410000000324,38.78551999999945]]]},"properties":{}},{"type":"Feature","geometry":{"type":"MultiLineString","coordinates":[[[20.905650000000605,38.54206999999951],[20.937379999999393,38.60429],[20.905650000000605,38.54206999999951]]]},"properties":{}},{"type":"Feature","geometry":{"type":"MultiLineString","coordinates":[[[20.713219999999637,38.53780999999981],[20.713219999999637,38.53780999999981]]]},"properties":{}},{"type":"Feature","geometry":{"type":"MultiLineString","coordinates":[[[21.02936000000045,38.473219999999856],[21.02936000000045,38.473219999999856]]]},"properties":{}},{"type":"Feature","geometry":{"type":"MultiLineString","coordinates":[[[20.806969999999637,38.47762999999941],[20.80671000000075,38.47737000000052]]]},"properties":{}},{"type":"Feature","geometry":{"type":"MultiLineString","coordinates":[[[21.04543999999987,38.45469000000048],[21.04543999999987,38.45469000000048]]]},"properties":{}},{"type":"Feature","geometry":{"type":"MultiLineString","coordinates":[[[21.070630000000165,38.45007000000078],[21.070630000000165,38.45007000000078]]]},"properties":{}},{"type":"Feature","geometry":{"type":"MultiLineString","coordinates":[[[20.998209999999744,38.36242999999922],[20.998209999999744,38.36242999999922]]]},"properties":{}},{"type":"Feature","geometry":{"type":"MultiLineString","coordinates":[[[22.0629399999998,38.37511000000086],[22.0629399999998,38.37511000000086]]]},"properties":{}},{"type":"Feature","geometry":{"type":"MultiLineString","coordinates":[[[21.023409999999785,38.37453],[21.023409999999785,38.37453]]]},"properties":{}},{"type":"Feature","geometry":{"type":"MultiLineString","coordinates":[[[21.038249999999607,38.47737000000052],[21.038510000000315,38.47710999999981]]]},"properties":{}},{"type":"Feature","geometry":{"type":"MultiLineString","coordinates":[[[21.415909999999712,38.342249999999694],[21.415909999999712,38.342249999999694]]]},"properties":{}},{"type":"Feature","geometry":{"type":"MultiLineString","coordinates":[[[21.096709999999803,38.30148999999983],[21.09697000000051,38.30174000000079]]]},"properties":{}},{"type":"Feature","geometry":{"type":"MultiLineString","coordinates":[[[21.147859999999127,38.3089400000008],[21.147859999999127,38.3089400000008]]]},"properties":{}},{"type":"Feature","geometry":{"type":"MultiLineString","coordinates":[[[21.12818999999945,38.399460000000545],[21.12818999999945,38.399460000000545]]]},"properties":{}},{"type":"Feature","geometry":{"type":"MultiLineString","coordinates":[[[20.72321000000011,38.300970000000234],[20.75418,38.3672600000009],[20.675199999999677,38.366219999999885],[20.71004,38.43420999999944],[20.65042,38.50512999999955],[20.61508,38.4651900000008],[20.72295,38.300970000000234]]]},"properties":{}},{"type":"Feature","geometry":{"type":"MultiLineString","coordinates":[[[21.10682000000088,38.41597999999976],[21.10682000000088,38.41597999999976]]]},"properties":{}},{"type":"Feature","geometry":{"type":"MultiLineString","coordinates":[[[15.767219999999725,39.932849999999235],[15.813109999999142,39.68097999999918],[16.0004399999998,39.42949000000044],[16.122709999999643,39.01347],[16.281119999999646,38.88946000000033],[16.138839999999618,38.719779999999446],[15.837310000000798,38.64626999999928],[15.92783000000054,38.492889999999534],[15.811750000000757,38.29701000000023],[15.69619000000057,38.25238]]]},"properties":{}},{"type":"Feature","geometry":{"type":"MultiLineString","coordinates":[[[23.008130000000165,38.17746000000079],[23.008130000000165,38.17746000000079]]]},"properties":{}},{"type":"Feature","geometry":{"type":"MultiLineString","coordinates":[[[22.95027999999911,38.172959999999875],[22.95027999999911,38.172959999999875]]]},"properties":{}},{"type":"Feature","geometry":{"type":"MultiLineString","coordinates":[[[15.652949999999691,38.26635999999962],[15.529200000000856,38.300859999999375],[15.279169999999795,38.20597000000089],[15.240429999999833,38.273590000000695],[15.172640000000683,38.15330999999969],[14.999990000000253,38.150760000000446]]]},"properties":{}},{"type":"Feature","geometry":{"type":"MultiLineString","coordinates":[[[20.48703000000023,38.12385],[20.786840000000666,38.05698999999913],[20.817290000000867,38.112489999999525],[20.678719999999885,38.27892000000065],[20.62616,38.261529999999766],[20.562659999999596,38.47530999999981],[20.535040000000663,38.34382],[20.47845000000052,38.31003000000055],[20.4005300000008,38.35952999999972],[20.338219999999637,38.19973000000027],[20.443789999999353,38.16127000000051],[20.447410000000673,38.279239999999845],[20.48703000000023,38.12385]]]},"properties":{}},{"type":"Feature","geometry":{"type":"MultiLineString","coordinates":[[[23.11461000000054,38.06083000000035],[22.885809999999765,38.054990000000544],[22.97679000000062,37.97738000000027],[22.87315999999919,37.93431000000055],[22.49232999999913,38.137150000000474],[22.218160000000353,38.18157000000065],[21.847959999999148,38.34176],[21.60801,38.14510999999948],[21.371279999999388,38.21560999999929],[21.287969999999405,38.013999999999214]]]},"properties":{}},{"type":"Feature","geometry":{"type":"MultiLineString","coordinates":[[[16.60558999999921,40.08007],[16.629479999999603,39.95975999999973],[16.486469999999827,39.779130000000805],[16.523450000000594,39.66158],[16.76568000000043,39.62277],[17.159100000000763,39.3992300000009],[17.11425000000054,39.10210999999981],[17.20896999999968,39.02512000000024],[17.094240000000354,38.892939999999726],[16.89289,38.928389999999126],[16.61146,38.81688000000031],[16.5348699999995,38.70959000000039],[16.573640000000523,38.42881],[16.287930000000415,38.25929],[16.06341000000066,37.924440000000686],[15.67754000000059,37.95441000000028],[15.634369999999763,38.225140000000465],[15.69619000000057,38.25238]]]},"properties":{}},{"type":"Feature","geometry":{"type":"MultiLineString","coordinates":[[[20.990250000000742,37.69854999999916],[20.90230999999949,37.73867000000064],[20.80337999999938,37.65499000000091],[20.62786000000051,37.88007],[20.70452,37.93354999999974],[20.990250000000742,37.69854999999916]]]},"properties":{}},{"type":"Feature","geometry":{"type":"MultiLineString","coordinates":[[[20.99641999999949,37.26108000000022],[20.99641999999949,37.26108000000022]]]},"properties":{}},{"type":"Feature","geometry":{"type":"MultiLineString","coordinates":[[[21.00358000000051,37.25310999999965],[21.00358000000051,37.25310999999965]]]},"properties":{}},{"type":"Feature","geometry":{"type":"MultiLineString","coordinates":[[[21.54961,37.0591000000004],[21.54961,37.0591000000004]]]},"properties":{}},{"type":"Feature","geometry":{"type":"MultiLineString","coordinates":[[[21.672969999999623,36.91161],[21.657939999999144,36.95000000000073],[21.672969999999623,36.91161]]]},"properties":{}},{"type":"Feature","geometry":{"type":"MultiLineString","coordinates":[[[23.46754999999939,36.9056],[23.46754999999939,36.9056]]]},"properties":{}},{"type":"Feature","geometry":{"type":"MultiLineString","coordinates":[[[23.895000000000437,36.84009999999944],[23.895000000000437,36.84009999999944]]]},"properties":{}},{"type":"Feature","geometry":{"type":"MultiLineString","coordinates":[[[28.25847000000067,36.799839999999676],[28.25847000000067,36.799839999999676]]]},"properties":{}},{"type":"Feature","geometry":{"type":"MultiLineString","coordinates":[[[28.4312000000009,36.76994000000013],[28.4312000000009,36.77016]]]},"properties":{}},{"type":"Feature","geometry":{"type":"MultiLineString","coordinates":[[[21.695149999999558,36.78260000000046],[21.69787,36.73732000000018],[21.695149999999558,36.78260000000046]]]},"properties":{}},{"type":"Feature","geometry":{"type":"MultiLineString","coordinates":[[[28.941290000000663,36.71817999999985],[28.941290000000663,36.71817999999985]]]},"properties":{}},{"type":"Feature","geometry":{"type":"MultiLineString","coordinates":[[[21.7521799999995,36.738939999999275],[21.78052000000025,36.69935000000078],[21.7521799999995,36.738939999999275]]]},"properties":{}},{"type":"Feature","geometry":{"type":"MultiLineString","coordinates":[[[21.882260000000315,36.68957000000046],[21.88199,36.68957000000046]]]},"properties":{}},{"type":"Feature","geometry":{"type":"MultiLineString","coordinates":[[[15.652949999999691,38.26635999999962],[15.269070000000283,37.83114000000023],[15.08531000000039,37.48359999999957],[15.098299999999654,37.321],[15.25619,37.24484999999913],[15.190500000000611,37.18970000000081],[15.33655,37.00891000000047],[15.113069999999425,36.85238000000027],[15.13340000000062,36.668149999999514]]]},"properties":{}},{"type":"Feature","geometry":{"type":"MultiLineString","coordinates":[[[28.912399999999252,36.66606999999931],[28.912399999999252,36.66606999999931]]]},"properties":{}},{"type":"Feature","geometry":{"type":"MultiLineString","coordinates":[[[28.90252,36.65521000000081],[28.90252,36.65521000000081]]]},"properties":{}},{"type":"Feature","geometry":{"type":"MultiLineString","coordinates":[[[14.994160000000193,36.70000000000073],[15.13340000000062,36.668149999999514]]]},"properties":{}},{"type":"Feature","geometry":{"type":"MultiLineString","coordinates":[[[29.0481,36.65426],[29.0481,36.65455]]]},"properties":{}},{"type":"Feature","geometry":{"type":"MultiLineString","coordinates":[[[26.355670000000828,36.60361000000012],[26.355670000000828,36.60361000000012]]]},"properties":{}},{"type":"Feature","geometry":{"type":"MultiLineString","coordinates":[[[26.39775,36.557919999999285],[26.39775,36.557919999999285]]]},"properties":{}},{"type":"Feature","geometry":{"type":"MultiLineString","coordinates":[[[26.229750000000422,36.549080000000686],[26.230040000000372,36.549370000000636]]]},"properties":{}},{"type":"Feature","geometry":{"type":"MultiLineString","coordinates":[[[26.44118999999955,36.54519000000073],[26.44118999999955,36.54519000000073]]]},"properties":{}},{"type":"Feature","geometry":{"type":"MultiLineString","coordinates":[[[26.14048,36.530259999999544],[26.14048,36.530259999999544]]]},"properties":{}},{"type":"Feature","geometry":{"type":"MultiLineString","coordinates":[[[26.464200000000346,36.52712000000065],[26.464200000000346,36.52712000000065]]]},"properties":{}},{"type":"Feature","geometry":{"type":"MultiLineString","coordinates":[[[26.420850000000428,36.57760000000053],[26.47617999999966,36.58045999999922],[26.393640000000232,36.64372],[26.4061099999999,36.58208000000013],[26.264219999999113,36.58820000000014],[26.321529999999257,36.504469999999856],[26.420850000000428,36.57760000000053]]]},"properties":{}},{"type":"Feature","geometry":{"type":"MultiLineString","coordinates":[[[22.985539999999673,36.45692000000054],[22.98356000000058,36.51079000000027],[22.92957000000024,36.482420000000275],[22.985539999999673,36.45692000000054]]]},"properties":{}},{"type":"Feature","geometry":{"type":"MultiLineString","coordinates":[[[22.87319000000025,36.66178000000036],[22.971550000000207,36.52263999999923],[23.19862,36.43411999999989]]]},"properties":{}},{"type":"Feature","geometry":{"type":"MultiLineString","coordinates":[[[21.287969999999405,38.013999999999214],[21.12620000000061,37.93855000000076],[21.104960000000574,37.8486699999994],[21.292419999999765,37.77311],[21.308030000000144,37.63666999999987],[21.40831000000071,37.64228],[21.65294,37.43655000000035],[21.69431000000077,37.29199999999946],[21.564700000000812,37.16328000000067],[21.57495000000017,37.05815000000075],[21.711639999999534,36.941720000000714],[21.704330000000482,36.8161199999995],[21.82317999999941,36.80515000000014],[21.875899999999092,36.71930000000066],[21.967930000000706,36.79341000000022],[21.931210000000647,36.98595000000023],[22.035369999999602,37.05011999999988],[22.142470000000685,37.02052],[22.125969999999143,36.91287999999986],[22.230020000000877,36.89083000000028],[22.38851000000068,36.69376999999986],[22.350099999999657,36.50999000000047],[22.482280000000173,36.38694000000032],[22.477759999999762,36.61537],[22.53062999999929,36.61694999999963],[22.525320000000647,36.70867999999973],[22.656699999999546,36.8414300000004],[22.77045,36.811359999999695],[22.80717999999979,36.67072],[22.87319000000025,36.66178000000036]]]},"properties":{}},{"type":"Feature","geometry":{"type":"MultiLineString","coordinates":[[[25.778050000000803,36.3993],[25.73005000000012,36.35884000000078],[25.85932,36.35414999999921],[25.778050000000803,36.3993]]]},"properties":{}},{"type":"Feature","geometry":{"type":"MultiLineString","coordinates":[[[26.681469999999536,36.325259999999616],[26.681469999999536,36.325259999999616]]]},"properties":{}},{"type":"Feature","geometry":{"type":"MultiLineString","coordinates":[[[29.280909999999494,36.30227999999988],[29.099790000000212,36.39041],[29.11442999999963,36.55386],[29.01074999999946,36.54549000000043],[29.121610000000146,36.63543000000027],[29.09581000000071,36.6821400000008],[28.928749999999127,36.7546399999992],[28.847309999999197,36.59060999999929],[28.78456,36.69369999999981],[28.61573,36.70655000000079],[28.673319999999876,36.785610000000815],[28.643089999999575,36.90022999999928],[28.72689,36.95248],[28.60037999999986,36.90876000000026],[28.638129999999364,36.83719000000019],[28.595149999999194,36.79866000000038],[28.463019999999233,36.81214],[28.462579999999434,36.8779799999993],[28.3786199999995,36.84705000000031],[28.427009999999427,36.83711000000039],[28.40248000000065,36.786949999999706],[28.282289999999193,36.79092999999921],[28.314329999999245,36.827830000000176],[28.262849999999162,36.84948000000077],[28.234119999999166,36.80374],[28.304379999999583,36.73171],[28.224700000000666,36.6872199999998]]]},"properties":{}},{"type":"Feature","geometry":{"type":"MultiLineString","coordinates":[[[29.34836,36.207720000000336],[29.34836,36.207720000000336]]]},"properties":{}},{"type":"Feature","geometry":{"type":"MultiLineString","coordinates":[[[29.90536000000077,36.190220000000465],[29.841119999999137,36.17050000000023],[29.90536000000077,36.190220000000465]]]},"properties":{}},{"type":"Feature","geometry":{"type":"MultiLineString","coordinates":[[[29.495559999999386,36.150439999999435],[29.495559999999386,36.150439999999435]]]},"properties":{}},{"type":"Feature","geometry":{"type":"MultiLineString","coordinates":[[[23.056749999999738,36.21875],[23.100979999999254,36.2499200000002],[22.92019000000073,36.3762200000001],[22.94350999999915,36.15579000000071],[23.04831000000013,36.13397000000077],[23.056749999999738,36.21875]]]},"properties":{}},{"type":"Feature","geometry":{"type":"MultiLineString","coordinates":[[[29.631978103618735,36.16889257622887],[29.31792,36.24430000000041],[29.37156999999945,36.345439999999144],[29.279979999999398,36.301859999999635]]]},"properties":{}},{"type":"Feature","geometry":{"type":"MultiLineString","coordinates":[[[29.740719999999783,36.12178999999924],[29.74042,36.12149]]]},"properties":{}},{"type":"Feature","geometry":{"type":"MultiLineString","coordinates":[[[29.593253807715826,36.152318630949765],[29.571819999999263,36.14768]]]},"properties":{}},{"type":"Feature","geometry":{"type":"MultiLineString","coordinates":[[[29.630170000000362,36.106550000000425],[29.630170000000362,36.10625000000073]]]},"properties":{}},{"type":"Feature","geometry":{"type":"MultiLineString","coordinates":[[[26.820690000000468,35.879619999999704],[26.820690000000468,35.879619999999704]]]},"properties":{}},{"type":"Feature","geometry":{"type":"MultiLineString","coordinates":[[[28.221890000000712,36.45782999999943],[28.246390000000304,36.38625],[28.076849999999524,36.14496999999943],[28.087139999999692,36.05496999999929],[27.956140000000232,36.04642000000064],[27.768770000000643,35.89243999999974]],[[27.769539999999324,35.89243],[27.718619999999703,35.938980000000925],[27.758229999999514,36.100479999999266],[27.6846800000003,36.1573200000002],[27.880139999999358,36.324130000000935],[28.221890000000712,36.45757000000049]]]},"properties":{}},{"type":"Feature","geometry":{"type":"MultiLineString","coordinates":[[[26.2254099999991,35.85632000000078],[26.2254099999991,35.85632000000078]]]},"properties":{}},{"type":"Feature","geometry":{"type":"MultiLineString","coordinates":[[[27.232410000000527,35.82937999999922],[27.23276000000078,35.905179999999746],[27.185059999999794,35.86025999999947],[27.232410000000527,35.82937999999922]]]},"properties":{}},{"type":"Feature","geometry":{"type":"MultiLineString","coordinates":[[[23.308059999999386,35.89147000000048],[23.329470000000583,35.82871999999952]]]},"properties":{}},{"type":"Feature","geometry":{"type":"MultiLineString","coordinates":[[[23.308059999999386,35.89147000000048],[23.329470000000583,35.82871999999952]]]},"properties":{}},{"type":"Feature","geometry":{"type":"MultiLineString","coordinates":[[[23.929519999999684,35.53137000000061],[23.929519999999684,35.53137000000061]]]},"properties":{}},{"type":"Feature","geometry":{"type":"MultiLineString","coordinates":[[[26.897329999999783,35.45099999999911],[26.897329999999783,35.45099999999911]]]},"properties":{}},{"type":"Feature","geometry":{"type":"MultiLineString","coordinates":[[[26.8804999999993,35.43822],[26.8804999999993,35.43822]]]},"properties":{}},{"type":"Feature","geometry":{"type":"MultiLineString","coordinates":[[[25.234780000000683,35.45657000000028],[25.1842400000005,35.44074999999975],[25.234780000000683,35.45657000000028]]]},"properties":{}},{"type":"Feature","geometry":{"type":"MultiLineString","coordinates":[[[27.22033999999985,35.54618],[27.15200999999979,35.61283999999972],[27.21120999999954,35.831340000000694],[27.054790000000196,35.59840000000082],[27.11334,35.54362000000049],[27.078890000000627,35.444159999999215],[27.146849999999176,35.40006999999969],[27.24267999999944,35.49237],[27.22033999999985,35.54618]]]},"properties":{}},{"type":"Feature","geometry":{"type":"MultiLineString","coordinates":[[[26.868329999999332,35.379829999999856],[26.892219999999725,35.345330000000104],[27.020720000000438,35.436219999999594],[26.868329999999332,35.379829999999856]]]},"properties":{}},{"type":"Feature","geometry":{"type":"MultiLineString","coordinates":[[[26.161529999999402,35.33336000000054],[26.161529999999402,35.33336000000054]]]},"properties":{}},{"type":"Feature","geometry":{"type":"MultiLineString","coordinates":[[[26.166660000000775,35.324399999999514],[26.166660000000775,35.324399999999514]]]},"properties":{}},{"type":"Feature","geometry":{"type":"MultiLineString","coordinates":[[[26.343220000000656,35.267690000000584],[26.343220000000656,35.267690000000584]]]},"properties":{}},{"type":"Feature","geometry":{"type":"MultiLineString","coordinates":[[[26.296920000000682,35.20190999999977],[26.296920000000682,35.20190999999977]]]},"properties":{}},{"type":"Feature","geometry":{"type":"MultiLineString","coordinates":[[[25.853119999999763,35.182880000000296],[25.853119999999763,35.182880000000296]]]},"properties":{}},{"type":"Feature","geometry":{"type":"MultiLineString","coordinates":[[[24.58806,35.00137],[24.58806,35.00137]]]},"properties":{}},{"type":"Feature","geometry":{"type":"MultiLineString","coordinates":[[[24.008819999999105,34.919990000000325],[24.008819999999105,34.919990000000325]]]},"properties":{}},{"type":"Feature","geometry":{"type":"MultiLineString","coordinates":[[[24.1204,34.801260000000184],[24.10613000000012,34.866760000000795],[24.03816,34.85484],[24.1204,34.801260000000184]]]},"properties":{}},{"type":"Feature","geometry":{"type":"MultiLineString","coordinates":[[[21.372950000000856,32.77758999999969],[21.642289999999775,32.928540000000794],[21.99946000000091,32.904889999999796]]]},"properties":{}},{"type":"Feature","geometry":{"type":"MultiLineString","coordinates":[[[20.574370000000272,32.54598000000078],[21.07981,32.76447],[21.372950000000856,32.77758999999969]]]},"properties":{}},{"type":"Feature","geometry":{"type":"MultiLineString","coordinates":[[[23.288000000000466,32.2249699999993],[23.288000000000466,32.2249699999993]]]},"properties":{}},{"type":"Feature","geometry":{"type":"MultiLineString","coordinates":[[[21.99946000000091,32.904889999999796],[22.150050000000192,32.935129999999845],[23.110790000000634,32.63393999999971],[23.097610000000714,32.52196999999978],[23.157489999999598,32.45641000000069],[23.091739999999845,32.432049999999435],[23.083880000000136,32.343119999999544],[23.246510000000853,32.217179999999644]]]},"properties":{}},{"type":"Feature","geometry":{"type":"MultiLineString","coordinates":[[[15.000420000000304,32.418320000000676],[15.271969999999783,32.32272000000012],[15.36298,32.15516000000025],[15.35729,32.02462000000014]]]},"properties":{}},{"type":"Feature","geometry":{"type":"MultiLineString","coordinates":[[[23.246510000000853,32.21752000000015],[23.32039000000077,32.14843],[23.313889999999446,32.21033999999963],[23.76452000000063,32.16827000000012],[24.13033,32.006970000000365],[24.735559999999168,32.02338000000054],[25.0,31.959000000000742]]]},"properties":{}},{"type":"Feature","geometry":{"type":"MultiLineString","coordinates":[[[15.35729,32.02462000000014],[15.479890000000523,31.686910000000353],[15.6412,31.470750000000407],[16.106599999999162,31.260220000000118]]]},"properties":{}},{"type":"Feature","geometry":{"type":"MultiLineString","coordinates":[[[20.165709999999308,31.191539999999804],[19.993609999999535,31.478610000000117],[19.924220000000787,31.744720000000598],[19.951789999999164,31.978580000000875],[20.100529999999708,32.18808],[20.574370000000272,32.54598000000078]]]},"properties":{}},{"type":"Feature","geometry":{"type":"MultiLineString","coordinates":[[[16.106599999999162,31.260220000000118],[16.748929999999746,31.215620000000854],[17.394570000000385,31.07532],[18.180060000000594,30.787529999999606],[18.663500000000568,30.412169999999605],[18.79047,30.384749999999258]]]},"properties":{}},{"type":"Feature","geometry":{"type":"MultiLineString","coordinates":[[[18.79047,30.384749999999258],[18.95349999999962,30.28389000000061],[19.183689999999842,30.26608],[19.608109999999215,30.411669999999503],[20.055860000000393,30.847830000000613],[20.165709999999308,31.191539999999804]]]},"properties":{}},{"type":"Feature","geometry":{"type":"MultiLineString","coordinates":[[[15.121580000000904,44.28158000000076],[15.020290000000386,44.32495000000017],[15.121580000000904,44.28182000000015]]]},"properties":{}},{"type":"Feature","geometry":{"type":"MultiLineString","coordinates":[[[15.052260000000388,44.142470000000685],[15.052260000000388,44.142470000000685]]]},"properties":{}},{"type":"Feature","geometry":{"type":"MultiLineString","coordinates":[[[15.0,44.13704999999936],[15.0,44.161079999999856]]]},"properties":{}},{"type":"Feature","geometry":{"type":"MultiLineString","coordinates":[[[15.244000000000597,44.010990000000675],[15.061139999999796,44.157540000000154],[15.244000000000597,44.010990000000675]]]},"properties":{}},{"type":"Feature","geometry":{"type":"MultiLineString","coordinates":[[[15.084960000000137,44.00699],[15.05815000000075,44.04019999999946],[15.084960000000137,44.00699]]]},"properties":{}},{"type":"Feature","geometry":{"type":"MultiLineString","coordinates":[[[15.166800000000876,43.9989000000005],[15.069250000000466,44.07971],[15.166800000000876,43.9989000000005]]]},"properties":{}},{"type":"Feature","geometry":{"type":"MultiLineString","coordinates":[[[15.40364000000045,43.952509999999165],[15.40364000000045,43.952509999999165]]]},"properties":{}},{"type":"Feature","geometry":{"type":"MultiLineString","coordinates":[[[15.226880000000165,43.920899999999165],[15.192409999999654,43.94853999999941],[15.226880000000165,43.920899999999165]]]},"properties":{}},{"type":"Feature","geometry":{"type":"MultiLineString","coordinates":[[[15.274269999999888,43.91936999999962],[15.274269999999888,43.91936999999962]]]},"properties":{}},{"type":"Feature","geometry":{"type":"MultiLineString","coordinates":[[[15.315099999999802,43.91610000000037],[15.315099999999802,43.91610000000037]]]},"properties":{}},{"type":"Feature","geometry":{"type":"MultiLineString","coordinates":[[[15.429439999999886,43.89009000000078],[15.251969999999346,44.01058000000012],[15.429439999999886,43.89009000000078]]]},"properties":{}},{"type":"Feature","geometry":{"type":"MultiLineString","coordinates":[[[15.400680000000648,43.883379999999306],[15.400680000000648,43.883379999999306]]]},"properties":{}},{"type":"Feature","geometry":{"type":"MultiLineString","coordinates":[[[15.423430000000735,43.876319999999396],[15.423430000000735,43.876319999999396]]]},"properties":{}},{"type":"Feature","geometry":{"type":"MultiLineString","coordinates":[[[15.443489999999656,43.86101000000053],[15.443489999999656,43.86101000000053]]]},"properties":{}},{"type":"Feature","geometry":{"type":"MultiLineString","coordinates":[[[15.545319999999265,43.85197],[15.545319999999265,43.85197]]]},"properties":{}},{"type":"Feature","geometry":{"type":"MultiLineString","coordinates":[[[15.228080000000773,43.85237000000052],[15.228080000000773,43.85237000000052]]]},"properties":{}},{"type":"Feature","geometry":{"type":"MultiLineString","coordinates":[[[15.50439,43.84502000000066],[15.50439,43.84502000000066]]]},"properties":{}},{"type":"Feature","geometry":{"type":"MultiLineString","coordinates":[[[15.522189999999682,43.82668999999987],[15.522189999999682,43.82668999999987]]]},"properties":{}},{"type":"Feature","geometry":{"type":"MultiLineString","coordinates":[[[15.296770000000834,43.88472],[15.37366,43.81941],[15.296770000000834,43.88472]]]},"properties":{}},{"type":"Feature","geometry":{"type":"MultiLineString","coordinates":[[[15.251840000000811,43.81709000000046],[15.251840000000811,43.81709000000046]]]},"properties":{}},{"type":"Feature","geometry":{"type":"MultiLineString","coordinates":[[[15.276050000000396,43.79782999999952],[15.276050000000396,43.79782999999952]]]},"properties":{}},{"type":"Feature","geometry":{"type":"MultiLineString","coordinates":[[[15.30688999999984,43.77622999999949],[15.30688999999984,43.77622999999949]]]},"properties":{}},{"type":"Feature","geometry":{"type":"MultiLineString","coordinates":[[[15.650719999999637,43.76445000000058],[15.566539999999804,43.83437000000049],[15.650719999999637,43.76445000000058]]]},"properties":{}},{"type":"Feature","geometry":{"type":"MultiLineString","coordinates":[[[15.347889999999097,43.760449999999764],[15.347889999999097,43.760449999999764]]]},"properties":{}},{"type":"Feature","geometry":{"type":"MultiLineString","coordinates":[[[15.368179999999484,43.74404999999933],[15.368179999999484,43.74404999999933]]]},"properties":{}},{"type":"Feature","geometry":{"type":"MultiLineString","coordinates":[[[15.456490000000485,43.73423],[15.22132000000056,43.872230000000854],[15.456490000000485,43.73423]]]},"properties":{}},{"type":"Feature","geometry":{"type":"MultiLineString","coordinates":[[[15.473009999999704,43.72285000000011],[15.473009999999704,43.72285000000011]]]},"properties":{}},{"type":"Feature","geometry":{"type":"MultiLineString","coordinates":[[[15.0,44.56725],[15.600409999999101,44.18733000000066],[15.61899000000085,44.13205000000016],[15.47149,44.20291999999972],[15.514999999999418,44.24741999999969],[15.274429999999484,44.332909999999174],[15.292020000000775,44.245489999999336],[15.184989999999743,44.30217000000084],[15.187079999999696,44.23863999999958],[15.107830000000831,44.26192000000083],[15.458080000000336,43.924950000000536],[15.84584,43.7238899999993],[15.828810000000885,43.84435999999914],[15.96875,43.807779999999184],[15.97149999999965,43.90949999999975],[16.003919999999198,43.818530000000464]]]},"properties":{}},{"type":"Feature","geometry":{"type":"MultiLineString","coordinates":[[[15.794889999999214,43.72099999999955],[15.794889999999214,43.72099999999955]]]},"properties":{}},{"type":"Feature","geometry":{"type":"MultiLineString","coordinates":[[[15.464239999999336,43.71426000000065],[15.464239999999336,43.71426000000065]]]},"properties":{}},{"type":"Feature","geometry":{"type":"MultiLineString","coordinates":[[[15.773849999999584,43.706710000000385],[15.773849999999584,43.706710000000385]]]},"properties":{}},{"type":"Feature","geometry":{"type":"MultiLineString","coordinates":[[[15.468430000000808,43.708559999999125],[15.51987,43.68776000000071],[15.468430000000808,43.708559999999125]]]},"properties":{}},{"type":"Feature","geometry":{"type":"MultiLineString","coordinates":[[[15.475370000000112,43.689220000000205],[15.475370000000112,43.689220000000205]]]},"properties":{}},{"type":"Feature","geometry":{"type":"MultiLineString","coordinates":[[[15.768060000000332,43.68246],[15.768060000000332,43.68246]]]},"properties":{}},{"type":"Feature","geometry":{"type":"MultiLineString","coordinates":[[[15.68001,43.67834000000039],[15.647510000000693,43.70262],[15.68001,43.67834000000039]]]},"properties":{}},{"type":"Feature","geometry":{"type":"MultiLineString","coordinates":[[[15.716630000000805,43.67264000000068],[15.67088,43.71719999999914],[15.716630000000805,43.67264000000068]]]},"properties":{}},{"type":"Feature","geometry":{"type":"MultiLineString","coordinates":[[[15.915999999999258,43.670539999999164],[15.915999999999258,43.670539999999164]]]},"properties":{}},{"type":"Feature","geometry":{"type":"MultiLineString","coordinates":[[[15.86544,43.66392000000087],[15.81815,43.69937000000027],[15.86544,43.66392000000087]]]},"properties":{}},{"type":"Feature","geometry":{"type":"MultiLineString","coordinates":[[[15.686579999999594,43.63060000000041],[15.732060000000274,43.631680000000415],[15.602639999999155,43.678540000000794],[15.686579999999594,43.63060000000041]]]},"properties":{}},{"type":"Feature","geometry":{"type":"MultiLineString","coordinates":[[[16.085650000000896,43.43687999999929],[16.085650000000896,43.43687999999929]]]},"properties":{}},{"type":"Feature","geometry":{"type":"MultiLineString","coordinates":[[[16.177449999999226,43.43938999999955],[16.107560000000376,43.43176999999923],[16.177449999999226,43.43938999999955]]]},"properties":{}},{"type":"Feature","geometry":{"type":"MultiLineString","coordinates":[[[16.176180000000386,43.40020999999979],[16.176180000000386,43.40020999999979]]]},"properties":{}},{"type":"Feature","geometry":{"type":"MultiLineString","coordinates":[[[16.3859,43.32483999999931],[16.330200000000332,43.395619999999326],[16.199580000000424,43.4082099999996],[16.3859,43.32483999999931]]]},"properties":{}},{"type":"Feature","geometry":{"type":"MultiLineString","coordinates":[[[16.46128999999928,43.35317000000032],[16.40957999999955,43.31711],[16.642299999999523,43.25688000000082],[16.898880000000645,43.31459],[16.432129999999233,43.39142],[16.461059999999634,43.3534]]]},"properties":{}},{"type":"Feature","geometry":{"type":"MultiLineString","coordinates":[[[16.402040000000852,43.16007999999965],[16.332899999999427,43.16799],[16.401809999999386,43.16007999999965]]]},"properties":{}},{"type":"Feature","geometry":{"type":"MultiLineString","coordinates":[[[16.42238,43.16311999999925],[16.42238,43.16311999999925]]]},"properties":{}},{"type":"Feature","geometry":{"type":"MultiLineString","coordinates":[[[16.681609999999637,43.11993000000075],[17.18905000000086,43.12565],[16.711810000000696,43.161009999999806],[16.567769999999655,43.23588000000018],[16.51831999999922,43.22538999999961],[16.58108,43.183069999999134],[16.36796999999933,43.194180000000415],[16.681609999999637,43.11993000000075]]]},"properties":{}},{"type":"Feature","geometry":{"type":"MultiLineString","coordinates":[[[15.454910000000382,43.09247999999934],[15.454910000000382,43.09247999999934]]]},"properties":{}},{"type":"Feature","geometry":{"type":"MultiLineString","coordinates":[[[16.70581999999922,43.07822999999917],[16.660459999999148,43.087649999999485],[16.70581999999922,43.07822999999917]]]},"properties":{}},{"type":"Feature","geometry":{"type":"MultiLineString","coordinates":[[[15.73452,43.01771999999983],[15.73452,43.01771999999983]]]},"properties":{}},{"type":"Feature","geometry":{"type":"MultiLineString","coordinates":[[[16.07539,43.005230000000665],[16.085699999999633,43.07244999999966],[16.258200000000215,43.0660599999992],[16.07539,43.005230000000665]]]},"properties":{}},{"type":"Feature","geometry":{"type":"MultiLineString","coordinates":[[[15.997180000000299,42.952869999999166],[16.005170000000362,42.993720000000394],[15.997180000000299,42.952869999999166]]]},"properties":{}},{"type":"Feature","geometry":{"type":"MultiLineString","coordinates":[[[16.003919999999198,43.818530000000464],[15.845639999999548,43.77321999999913],[15.955889999999272,43.68653000000086],[15.902599999999438,43.64705999999933],[15.971639999999752,43.63283000000047],[15.912990000000718,43.62836000000061],[15.926980000000185,43.550929999999425],[15.98992,43.54141999999956],[15.96216,43.50152],[16.388960000000225,43.484379999999874],[16.253249999999753,43.517939999999726],[16.431029999999737,43.54530999999952],[16.475860000000466,43.52914000000055],[16.388660000000527,43.50876000000062],[16.88514000000032,43.399639999999636],[17.587579999999434,42.93241999999918]]]},"properties":{}},{"type":"Feature","geometry":{"type":"MultiLineString","coordinates":[[[16.74047000000064,42.90992],[16.74047000000064,42.90992]]]},"properties":{}},{"type":"Feature","geometry":{"type":"MultiLineString","coordinates":[[[16.851409999999305,42.89517],[16.66077000000041,42.91605999999956],[16.71054,42.96111000000019],[16.6257999999998,42.982780000000275],[17.0386,42.978619999999864],[17.20118999999977,42.91711000000032],[16.851409999999305,42.89517]]]},"properties":{}},{"type":"Feature","geometry":{"type":"MultiLineString","coordinates":[[[17.587579999999434,42.93241999999918],[17.65372000000025,42.886500000000524]]]},"properties":{}},{"type":"Feature","geometry":{"type":"MultiLineString","coordinates":[[[16.48848,42.74833000000035],[16.536270000000513,42.76541999999972],[16.48848,42.74856]]]},"properties":{}},{"type":"Feature","geometry":{"type":"MultiLineString","coordinates":[[[16.72023000000081,42.74778999999944],[16.72023000000081,42.74778999999944]]]},"properties":{}},{"type":"Feature","geometry":{"type":"MultiLineString","coordinates":[[[17.83350000000064,42.72813999999926],[17.792160000000877,42.75366000000031],[17.83350000000064,42.72813999999926]]]},"properties":{}},{"type":"Feature","geometry":{"type":"MultiLineString","coordinates":[[[16.844610000000102,42.72305000000051],[16.940300000000207,42.767579999999725],[16.782939999999144,42.774279999999635],[16.844610000000102,42.72305000000051]]]},"properties":{}},{"type":"Feature","geometry":{"type":"MultiLineString","coordinates":[[[17.902539999999135,42.70022000000063],[17.830879999999524,42.75518000000011],[17.902539999999135,42.70022000000063]]]},"properties":{}},{"type":"Feature","geometry":{"type":"MultiLineString","coordinates":[[[17.39559,42.78773],[17.31992999999966,42.7861099999991],[17.752650000000358,42.692370000000665],[17.39559,42.78773]]]},"properties":{}},{"type":"Feature","geometry":{"type":"MultiLineString","coordinates":[[[17.951170000000275,42.67429000000084],[17.951170000000275,42.67429000000084]]]},"properties":{}},{"type":"Feature","geometry":{"type":"MultiLineString","coordinates":[[[18.003500000000713,42.67627],[18.003500000000713,42.67627]]]},"properties":{}},{"type":"Feature","geometry":{"type":"MultiLineString","coordinates":[[[18.1190600000009,42.622009999999136],[18.1190600000009,42.622009999999136]]]},"properties":{}},{"type":"Feature","geometry":{"type":"MultiLineString","coordinates":[[[17.65372000000025,42.886500000000524],[17.714420000000246,42.87724999999955],[17.00203,43.04903000000013],[17.76025,42.76214000000073],[17.71556000000055,42.82250000000022],[17.89113,42.788290000000416],[18.523989999999685,42.42135000000053]]]},"properties":{}},{"type":"Feature","geometry":{"type":"MultiLineString","coordinates":[[[16.252689999999347,42.396559999999226],[16.252689999999347,42.396559999999226]]]},"properties":{}},{"type":"Feature","geometry":{"type":"MultiLineString","coordinates":[[[18.8467,42.2655],[18.8467,42.2655]]]},"properties":{}},{"type":"Feature","geometry":{"type":"MultiLineString","coordinates":[[[15.749470000000656,42.22775],[15.749470000000656,42.22775]]]},"properties":{}},{"type":"Feature","geometry":{"type":"MultiLineString","coordinates":[[[15.51044,42.130199999999604],[15.51044,42.130199999999604]]]},"properties":{}},{"type":"Feature","geometry":{"type":"MultiLineString","coordinates":[[[15.51044,42.130199999999604],[15.51044,42.130199999999604]]]},"properties":{}},{"type":"Feature","geometry":{"type":"MultiLineString","coordinates":[[[15.47961000000032,42.10419],[15.47961000000032,42.10419]]]},"properties":{}},{"type":"Feature","geometry":{"type":"MultiLineString","coordinates":[[[14.999379999999292,41.99651000000085],[15.141750000000684,41.92769000000044]]]},"properties":{}},{"type":"Feature","geometry":{"type":"MultiLineString","coordinates":[[[18.523989999999685,42.42112000000088],[18.674989999999525,42.46025],[18.685779999999795,42.51426999999967],[18.76483,42.486909999999625],[18.762580000000526,42.42291],[18.69058000000041,42.47852000000057],[18.706029999999373,42.394430000000284],[18.54543999999987,42.41793999999936],[18.684880000000703,42.38429999999971],[18.776529999999184,42.26713000000018],[18.884729999999763,42.27447000000029],[19.094240000000354,42.10338000000047],[19.15295999999944,41.94670000000042],[19.37185,41.85289999999986]]]},"properties":{}},{"type":"Feature","geometry":{"type":"MultiLineString","coordinates":[[[19.37185,41.853129999999624],[19.381559999999865,41.850500000000466]]]},"properties":{}},{"type":"Feature","geometry":{"type":"MultiLineString","coordinates":[[[19.38155999999981,41.850500000000466],[19.524670000000697,41.84188]]]},"properties":{}},{"type":"Feature","geometry":{"type":"MultiLineString","coordinates":[[[19.524670000000697,41.84188],[19.608790000000226,41.7986],[19.581829999999172,41.68440999999984]]]},"properties":{}},{"type":"Feature","geometry":{"type":"MultiLineString","coordinates":[[[19.581829999999172,41.68440999999984],[19.617200000000594,41.61702999999943],[19.56886999999915,41.58328000000074]]]},"properties":{}},{"type":"Feature","geometry":{"type":"MultiLineString","coordinates":[[[19.56886999999915,41.58328000000074],[19.44866,41.58438000000024],[19.51347,41.4678899999999],[19.389610000000175,41.41208999999981],[19.520759999999427,41.26678],[19.436719999999696,41.14408],[19.459689999999682,41.03857000000062]]]},"properties":{}},{"type":"Feature","geometry":{"type":"MultiLineString","coordinates":[[[25.147580000000744,41.00863000000027],[25.147580000000744,41.00863000000027]]]},"properties":{}},{"type":"Feature","geometry":{"type":"MultiLineString","coordinates":[[[19.501140000000305,40.9623100000008],[19.501140000000305,40.9623100000008]]]},"properties":{}},{"type":"Feature","geometry":{"type":"MultiLineString","coordinates":[[[19.51742000000013,40.95708000000013],[19.51742000000013,40.95708000000013]]]},"properties":{}},{"type":"Feature","geometry":{"type":"MultiLineString","coordinates":[[[19.459689999999682,41.03857000000062],[19.46267000000074,40.91002999999915],[19.50922,40.98219000000057],[19.538280000000782,40.9322800000009],[19.459370000000547,40.88020999999935]]]},"properties":{}},{"type":"Feature","geometry":{"type":"MultiLineString","coordinates":[[[19.459370000000547,40.88020999999935],[19.460919999999476,40.946449999999516],[19.39514000000065,40.91056000000037],[19.418030000000783,40.85724999999911]]]},"properties":{}},{"type":"Feature","geometry":{"type":"MultiLineString","coordinates":[[[24.715949999999793,40.82325999999921],[24.715949999999793,40.82325999999921]]]},"properties":{}},{"type":"Feature","geometry":{"type":"MultiLineString","coordinates":[[[26.085429999999178,40.76755000000048],[26.02853999999934,40.82704999999987]]]},"properties":{}},{"type":"Feature","geometry":{"type":"MultiLineString","coordinates":[[[24.780829999999696,40.653910000000906],[24.780829999999696,40.653910000000906]]]},"properties":{}},{"type":"Feature","geometry":{"type":"MultiLineString","coordinates":[[[19.418030000000783,40.85724999999911],[19.3125299999993,40.648709999999596]]]},"properties":{}},{"type":"Feature","geometry":{"type":"MultiLineString","coordinates":[[[26.763629999999466,40.65480000000025],[26.14683999999943,40.589679999999134],[26.062449999999444,40.63638],[26.085429999999178,40.767729999999574]]]},"properties":{}},{"type":"Feature","geometry":{"type":"MultiLineString","coordinates":[[[24.624856766035464,40.61035892201244],[24.790486766034974,40.61136892201239],[24.794566766035587,40.747458922012356],[24.663566766034364,40.80531892201134],[24.575966766035435,40.76721892201158],[24.525236766034595,40.641728922011225],[24.624856766035464,40.610148922012286]]]},"properties":{}},{"type":"Feature","geometry":{"type":"MultiLineString","coordinates":[[[34.75002999999924,45.95894000000044],[34.78233,45.914129999999204],[34.75158999999985,45.95894000000044]]]},"properties":{}},{"type":"Feature","geometry":{"type":"MultiLineString","coordinates":[[[34.522870000000694,45.97520000000077],[34.522870000000694,45.97415]]]},"properties":{}},{"type":"Feature","geometry":{"type":"MultiLineString","coordinates":[[[34.455659999999625,46.00281],[34.455659999999625,46.00332999999955]]]},"properties":{}},{"type":"Feature","geometry":{"type":"MultiLineString","coordinates":[[[19.286889999999403,40.47563000000082],[19.263950000000477,40.5103],[19.286889999999403,40.47563000000082]]]},"properties":{}},{"type":"Feature","geometry":{"type":"MultiLineString","coordinates":[[[25.602530000000115,40.50236000000041],[25.445669999999154,40.47588],[25.5601800000004,40.39552],[25.698099999999613,40.42254999999932],[25.602070000000822,40.502339999999094]]]},"properties":{}},{"type":"Feature","geometry":{"type":"MultiLineString","coordinates":[[[23.94463999999971,40.30765000000065],[23.880049999999756,40.327540000000226],[23.94463999999971,40.30765000000065]]]},"properties":{}},{"type":"Feature","geometry":{"type":"MultiLineString","coordinates":[[[23.78939999999966,40.20057000000088],[23.78939999999966,40.20057000000088]]]},"properties":{}},{"type":"Feature","geometry":{"type":"MultiLineString","coordinates":[[[25.737859999999273,40.09111999999914],[26.01651999999922,40.154490000000806],[25.90027,40.23891],[25.669560000000274,40.14955],[25.737859999999273,40.09111999999914]]]},"properties":{}},{"type":"Feature","geometry":{"type":"MultiLineString","coordinates":[[[23.71987000000081,40.05657000000065],[23.71987000000081,40.05657000000065]]]},"properties":{}},{"type":"Feature","geometry":{"type":"MultiLineString","coordinates":[[[19.315850000000864,40.644500000000335],[19.386630000000878,40.54591000000073],[19.463149999999587,40.56515000000036],[19.45298,40.50326999999925],[19.385739999999714,40.53578000000016],[19.494549999999435,40.44837],[19.43993000000046,40.322039999999106],[19.290310000000318,40.42511000000013],[19.38451999999961,40.29210000000057],[19.845110000000204,40.05163999999968]]]},"properties":{}},{"type":"Feature","geometry":{"type":"MultiLineString","coordinates":[[[26.17576,40.04319000000032],[26.278780000000552,40.21624999999949],[26.218800000000556,40.32194999999956],[26.83403999999973,40.58165999999983],[26.763080000000627,40.65426]]]},"properties":{}},{"type":"Feature","geometry":{"type":"MultiLineString","coordinates":[[[25.13188000000082,40.016859999999724],[25.13188000000082,40.016859999999724]]]},"properties":{}},{"type":"Feature","geometry":{"type":"MultiLineString","coordinates":[[[24.56892999999951,40.93945999999971],[24.397520000000497,40.93497000000036],[24.31803000000042,40.877720000000465],[24.34643,40.82584999999932],[24.093570000001023,40.722739999999305],[23.851489999999103,40.794920000000275],[23.69614999999976,40.689070000000356],[23.92057925719655,40.535315016951586],[23.825430000000836,40.50453000000027],[23.866009999999676,40.41216],[23.99381,40.37925],[24.008610000000772,40.45320999999973],[24.06412,40.37175000000025],[24.187649999999792,40.34851],[24.38868999999977,40.17886],[24.35223000000036,40.12644]]]},"properties":{}},{"type":"Feature","geometry":{"type":"MultiLineString","coordinates":[[[26.075230000000374,39.93217999999979],[26.075230000000374,39.93217999999979]]]},"properties":{}},{"type":"Feature","geometry":{"type":"MultiLineString","coordinates":[[[19.594139999999243,39.87800000000061],[19.594139999999243,39.87800000000061]]]},"properties":{}},{"type":"Feature","geometry":{"type":"MultiLineString","coordinates":[[[25.214200000000346,39.860420000000886],[25.214200000000346,39.860420000000886]]]},"properties":{}},{"type":"Feature","geometry":{"type":"MultiLineString","coordinates":[[[19.38897,39.82989000000089],[19.436610000000655,39.86810999999943],[19.38897,39.82989000000089]]]},"properties":{}},{"type":"Feature","geometry":{"type":"MultiLineString","coordinates":[[[15.141750000000684,41.92769000000044],[15.515740000000733,41.91115],[15.305249999999432,41.88217000000077],[15.345900000000256,41.86159000000043],[15.635159999999814,41.92874],[15.758299999999508,41.84324000000015],[15.809390000000349,41.92253999999957],[16.150939999999537,41.9103899999991],[16.1888,41.772720000000845],[15.831500000000233,41.535939999999755],[16.590280000000348,41.20536],[17.097649999999703,41.062840000000506],[17.469999999999345,40.83144],[18.02182999999968,40.64014999999927],[18.07965999999942,40.52448999999979],[18.423829999999725,40.29293999999936],[18.517079999999623,40.13478000000032],[18.3700000000008,39.795749999999316]]]},"properties":{}},{"type":"Feature","geometry":{"type":"MultiLineString","coordinates":[[[26.04803,39.78960999999981],[26.06761,39.840910000000804],[25.962139999999636,39.83675000000039],[26.048440000000483,39.78900000000067]]]},"properties":{}},{"type":"Feature","geometry":{"type":"MultiLineString","coordinates":[[[25.10469000000012,39.99537000000055],[25.230600000000777,40.00728999999956],[25.294819999999163,39.94140999999945],[25.44715,40.03354000000036],[25.34188,39.87887000000046],[25.355470000000423,39.78182000000015],[25.237929999999324,39.85042000000067],[25.25130999999965,39.9123299999992],[25.180410000000848,39.84624000000076],[25.229559999999765,39.79750000000058],[25.13774000000012,39.80251999999928],[25.169529999999213,39.85704000000078],[25.04738,39.83180999999968],[25.03462000000036,39.98553999999967],[25.10469000000012,39.9955800000007]]]},"properties":{}},{"type":"Feature","geometry":{"type":"MultiLineString","coordinates":[[[19.534390000000712,39.75936],[19.534390000000712,39.75936]]]},"properties":{}},{"type":"Feature","geometry":{"type":"MultiLineString","coordinates":[[[19.845110000000204,40.05163999999968],[19.91270000000077,39.90236],[20.01488000000063,39.86707000000024],[19.981470000000627,39.701639999999315]]]},"properties":{}},{"type":"Feature","geometry":{"type":"MultiLineString","coordinates":[[[24.177279999999882,39.49323999999979],[24.177279999999882,39.49323999999979]]]},"properties":{}},{"type":"Feature","geometry":{"type":"MultiLineString","coordinates":[[[25.0,39.48202999999921],[25.056790000000547,39.52926],[25.005240000000413,39.56353999999919],[25.0,39.48202999999921]]]},"properties":{}},{"type":"Feature","geometry":{"type":"MultiLineString","coordinates":[[[26.190559999999095,40.0028999999995],[26.159600000000864,39.65632],[26.064909999999145,39.47776999999951],[26.67273000000023,39.55862999999954]]]},"properties":{}},{"type":"Feature","geometry":{"type":"MultiLineString","coordinates":[[[26.761060000000725,39.37305000000015],[26.761290000000372,39.37305000000015]]]},"properties":{}},{"type":"Feature","geometry":{"type":"MultiLineString","coordinates":[[[26.586970000000292,39.36822000000029],[26.586970000000292,39.36822000000029]]]},"properties":{}},{"type":"Feature","geometry":{"type":"MultiLineString","coordinates":[[[24.154599999999846,39.36528999999973],[24.17642,39.43021000000044],[24.1548700000003,39.36556000000019]]]},"properties":{}},{"type":"Feature","geometry":{"type":"MultiLineString","coordinates":[[[24.141820000000735,39.337320000000545],[24.141820000000735,39.337320000000545]]]},"properties":{}},{"type":"Feature","geometry":{"type":"MultiLineString","coordinates":[[[26.60465,39.33372000000054],[26.604419999999664,39.333950000000186]]]},"properties":{}},{"type":"Feature","geometry":{"type":"MultiLineString","coordinates":[[[24.316790000000765,39.331959999999526],[24.316790000000765,39.331959999999526]]]},"properties":{}},{"type":"Feature","geometry":{"type":"MultiLineString","coordinates":[[[26.638520000000426,39.32462999999916],[26.69101000000046,39.33375999999953],[26.613639999999577,39.39732],[26.63875,39.32462999999916]]]},"properties":{}},{"type":"Feature","geometry":{"type":"MultiLineString","coordinates":[[[24.067119999999704,39.29493],[24.07215,39.368179999999484],[24.067119999999704,39.29493]]]},"properties":{}},{"type":"Feature","geometry":{"type":"MultiLineString","coordinates":[[[26.57687000000078,39.27640000000065],[26.57651000000078,39.276850000000195]]]},"properties":{}},{"type":"Feature","geometry":{"type":"MultiLineString","coordinates":[[[24.0036,39.225109999999404],[24.00332999999955,39.22484000000077]]]},"properties":{}},{"type":"Feature","geometry":{"type":"MultiLineString","coordinates":[[[25.833559999999125,39.20867999999973],[25.833559999999125,39.2089]]]},"properties":{}},{"type":"Feature","geometry":{"type":"MultiLineString","coordinates":[[[26.670400000000882,39.558240000000296],[26.953170000000682,39.55515999999989],[26.672169999999824,39.28142999999909],[26.6260199999997,39.31326000000081],[26.608280000000377,39.272790000000896],[26.71991,39.25619999999981],[26.76584,39.17230000000018]]]},"properties":{}},{"type":"Feature","geometry":{"type":"MultiLineString","coordinates":[[[23.93971000000056,39.18325],[23.979079999999158,39.236689999999726],[23.98457000000053,39.16755999999987],[23.93971000000056,39.18325]]]},"properties":{}},{"type":"Feature","geometry":{"type":"MultiLineString","coordinates":[[[23.20981000000029,39.17043999999987],[23.20981000000029,39.17043999999987]]]},"properties":{}},{"type":"Feature","geometry":{"type":"MultiLineString","coordinates":[[[23.06644000000051,39.151560000000245],[23.06644000000051,39.151560000000245]]]},"properties":{}},{"type":"Feature","geometry":{"type":"MultiLineString","coordinates":[[[23.90294999999969,39.167929999999615],[23.82798,39.14376000000084],[23.95053,39.29138000000057],[23.98012000000017,39.25684999999976],[23.90294999999969,39.167929999999615]]]},"properties":{}},{"type":"Feature","geometry":{"type":"MultiLineString","coordinates":[[[23.513300000000527,39.17765],[23.46390000000065,39.12873000000036],[23.38793000000078,39.1564699999999],[23.513300000000527,39.17765]]]},"properties":{}},{"type":"Feature","geometry":{"type":"MultiLineString","coordinates":[[[23.49728999999934,39.11428999999953],[23.49728999999934,39.11428999999953]]]},"properties":{}},{"type":"Feature","geometry":{"type":"MultiLineString","coordinates":[[[23.97718999999961,39.10690000000068],[23.97746,39.10663000000022]]]},"properties":{}},{"type":"Feature","geometry":{"type":"MultiLineString","coordinates":[[[23.60203,39.18534],[23.657530000000406,39.08495000000039],[23.793750000000728,39.12151000000085],[23.60203,39.18534]]]},"properties":{}},{"type":"Feature","geometry":{"type":"MultiLineString","coordinates":[[[24.103359999999157,39.05518999999913],[24.119430000000648,39.10346000000027],[24.103359999999157,39.05518999999913]]]},"properties":{}},{"type":"Feature","geometry":{"type":"MultiLineString","coordinates":[[[24.07981,39.04497000000083],[24.07981,39.04497000000083]]]},"properties":{}},{"type":"Feature","geometry":{"type":"MultiLineString","coordinates":[[[24.062470000000758,39.03201000000081],[24.062470000000758,39.03201000000081]]]},"properties":{}},{"type":"Feature","geometry":{"type":"MultiLineString","coordinates":[[[22.635739999999714,39.987520000000586],[22.85439000000042,39.798000000000684],[22.93397,39.57825000000048],[23.100710000000618,39.49565000000075],[23.35138,39.18996999999945],[23.07198000000062,39.085870000000796],[23.0673599999991,39.139649999999165],[23.107519999999568,39.16203999999925],[23.106830000000627,39.101559999999154],[23.2183100000002,39.18858],[23.146989999999278,39.29023000000052],[22.939150000000154,39.35946999999942],[22.946180000000822,39.300390000000334],[22.82107999999971,39.276379999999335],[22.821319999999105,39.20874999999978],[22.98322999999982,39.09958],[22.95923000000039,39.00725000000057],[23.06702000000041,39.031489999999394]]]},"properties":{}},{"type":"Feature","geometry":{"type":"MultiLineString","coordinates":[[[23.06616000000031,39.00590999999986],[23.06616000000031,39.00590999999986]]]},"properties":{}},{"type":"Feature","geometry":{"type":"MultiLineString","coordinates":[[[26.32901999999922,38.97860000000037],[26.084360000000743,39.07393000000047],[26.28291999999965,39.193750000000364],[26.16664999999921,39.195410000000265],[26.06768000000011,39.08642999999938],[25.8717400000005,39.15258999999969],[25.856330000000526,39.255670000000464],[26.12817,39.30985999999939],[26.16705,39.37558],[26.36580999999933,39.37884999999915],[26.42381000000023,39.33549999999923],[26.380020000000513,39.273010000000795],[26.54092,39.16599],[26.61636,39.02803],[26.537360000000263,39.013059999999314],[26.4627,39.11573999999928],[26.541489999999612,38.98439999999937],[26.32912000000033,38.97896000000037]]]},"properties":{}},{"type":"Feature","geometry":{"type":"MultiLineString","coordinates":[[[26.8176399999993,38.910680000000866],[26.81811000000016,38.9105899999995]]]},"properties":{}},{"type":"Feature","geometry":{"type":"MultiLineString","coordinates":[[[23.06702000000041,39.031489999999394],[22.784960000000865,38.8763799999997],[22.49575,38.88496999999916]]]},"properties":{}},{"type":"Feature","geometry":{"type":"MultiLineString","coordinates":[[[24.343010000000504,38.83173999999963],[24.343010000000504,38.83173999999963]]]},"properties":{}},{"type":"Feature","geometry":{"type":"MultiLineString","coordinates":[[[24.43373000000065,38.820120000000315],[24.43373000000065,38.820120000000315]]]},"properties":{}},{"type":"Feature","geometry":{"type":"MultiLineString","coordinates":[[[24.49149000000034,38.79840999999942],[24.505479999999807,38.837760000000344],[24.491760000000795,38.798140000000785]]]},"properties":{}},{"type":"Feature","geometry":{"type":"MultiLineString","coordinates":[[[24.588799999999537,38.76264000000083],[24.588799999999537,38.76264000000083]]]},"properties":{}},{"type":"Feature","geometry":{"type":"MultiLineString","coordinates":[[[24.603409999999712,38.784309999999095],[24.68557999999939,38.79113999999936],[24.47048,38.97791999999936],[24.431150000000343,38.875449999999546],[24.60288000000037,38.784669999999096]]]},"properties":{}},{"type":"Feature","geometry":{"type":"MultiLineString","coordinates":[[[24.619039999999586,38.74721999999929],[24.619259999999485,38.74685999999929]]]},"properties":{}},{"type":"Feature","geometry":{"type":"MultiLineString","coordinates":[[[26.721980000000258,38.685489999999845],[26.72132000000056,38.685489999999845]]]},"properties":{}},{"type":"Feature","geometry":{"type":"MultiLineString","coordinates":[[[23.090790000000197,38.66523000000052],[23.090790000000197,38.66476999999941]]]},"properties":{}},{"type":"Feature","geometry":{"type":"MultiLineString","coordinates":[[[23.108260000000882,38.63375000000087],[23.108260000000882,38.63375000000087]]]},"properties":{}},{"type":"Feature","geometry":{"type":"MultiLineString","coordinates":[[[24.227559999999357,38.60647000000063],[24.227559999999357,38.60647000000063]]]},"properties":{}},{"type":"Feature","geometry":{"type":"MultiLineString","coordinates":[[[26.82134000000042,38.530000000000655],[26.82122999999956,38.529640000000654]]]},"properties":{}},{"type":"Feature","geometry":{"type":"MultiLineString","coordinates":[[[25.561649999999645,38.532939999999144],[25.60975999999937,38.54113999999936],[25.5908500000005,38.611549999999625],[25.53132,38.602279999999155],[25.561649999999645,38.532939999999144]]]},"properties":{}},{"type":"Feature","geometry":{"type":"MultiLineString","coordinates":[[[25.52361000000019,38.55442000000039],[25.52361000000019,38.55442000000039]]]},"properties":{}},{"type":"Feature","geometry":{"type":"MultiLineString","coordinates":[[[26.246279999999388,38.503930000000764],[26.182479999999487,38.542709999999715],[26.2469600000004,38.50456999999915]]]},"properties":{}},{"type":"Feature","geometry":{"type":"MultiLineString","coordinates":[[[21.084580000000642,39.04608],[21.17065999999977,38.86672],[20.76915,38.95629],[20.791830000000118,38.86924999999974],[20.729919999999765,38.796870000000126],[20.772769999999582,38.75351000000046],[20.87417,38.7915],[20.91628,38.67194000000018],[21.022370000000592,38.60524000000078],[21.0285700000004,38.50080999999955],[21.091549999999188,38.53381000000081]]]},"properties":{}},{"type":"Feature","geometry":{"type":"MultiLineString","coordinates":[[[26.2849499999993,38.495849999999336],[26.2849499999993,38.495849999999336]]]},"properties":{}},{"type":"Feature","geometry":{"type":"MultiLineString","coordinates":[[[26.29096000000027,38.48510999999962],[26.291590000000724,38.48519]]]},"properties":{}},{"type":"Feature","geometry":{"type":"MultiLineString","coordinates":[[[26.731690000000526,38.46019999999953],[26.697630000000572,38.54709],[26.73204000000078,38.45975]]]},"properties":{}},{"type":"Feature","geometry":{"type":"MultiLineString","coordinates":[[[26.76561000000038,39.172529999999824],[26.887010000000373,39.07659000000058],[26.801299999999173,39.03499000000011],[26.798570000000836,38.95405000000028],[27.050600000000486,38.9432199999992],[27.06760000000031,38.88152000000082],[26.96479999999974,38.80435000000034],[26.892550000000483,38.825339999999414],[26.94138000000021,38.76525000000038],[26.894539999999324,38.73387],[26.73964999999953,38.74093999999968],[26.72149999999965,38.6547300000002],[26.80213999999978,38.61031]]]},"properties":{}},{"type":"Feature","geometry":{"type":"MultiLineString","coordinates":[[[26.764970000000176,38.4330200000004],[26.764970000000176,38.4330200000004]]]},"properties":{}},{"type":"Feature","geometry":{"type":"MultiLineString","coordinates":[[[26.79707000000053,38.4059699999998],[26.799010000000635,38.40598999999929]]]},"properties":{}},{"type":"Feature","geometry":{"type":"MultiLineString","coordinates":[[[26.333189999999377,38.42253999999957],[26.36132,38.45399999999972],[26.332000000000335,38.42301000000043]]]},"properties":{}},{"type":"Feature","geometry":{"type":"MultiLineString","coordinates":[[[26.38669999999911,38.42246999999952],[26.38669999999911,38.42246999999952]]]},"properties":{}},{"type":"Feature","geometry":{"type":"MultiLineString","coordinates":[[[26.466850000000704,38.385770000000775],[26.466739999999845,38.385410000000775]]]},"properties":{}},{"type":"Feature","geometry":{"type":"MultiLineString","coordinates":[[[21.327864038701055,38.39601463313132],[21.312110000000757,38.4997199999998],[21.42504999999983,38.36472999999933],[21.533649999999398,38.34183999999914],[21.768550000000687,38.32889000000068],[21.94564,38.40813999999955],[22.228719999999157,38.35697000000073]]]},"properties":{}},{"type":"Feature","geometry":{"type":"MultiLineString","coordinates":[[[24.101699999999255,38.21393999999964],[24.101699999999255,38.21393999999964]]]},"properties":{}},{"type":"Feature","geometry":{"type":"MultiLineString","coordinates":[[[24.165800000000672,38.156590000000506],[24.16554,38.15685999999914]]]},"properties":{}},{"type":"Feature","geometry":{"type":"MultiLineString","coordinates":[[[25.989589999999225,38.39126000000033],[25.843849999999293,38.57028],[26.00351000000046,38.605030000000625],[26.15882000000056,38.550789999999324],[26.156300000000556,38.30391000000054],[26.011130000000776,38.14802000000054],[25.86377,38.249980000000505],[25.964459999999235,38.29866000000038],[25.99015,38.39154000000053]]]},"properties":{}},{"type":"Feature","geometry":{"type":"MultiLineString","coordinates":[[[24.454429999999775,38.14112000000023],[24.247600000000716,38.23214999999976],[24.183339999999532,38.394080000000145],[24.233200000000636,38.52587],[24.12587,38.59350000000086],[24.15033000000051,38.65467],[23.58934000000056,38.764530000000434],[23.315829999999607,39.04141],[22.83712999999989,38.85455],[22.960150000000795,38.83539000000019],[22.96638,38.891250000000696],[23.198039999999423,38.83339999999947],[23.597120000000302,38.57342000000068],[23.63290000000046,38.50381000000027],[23.588579999999638,38.447860000000276],[23.646259999999586,38.4013400000004],[24.045480000000737,38.39385000000044],[24.0247,38.323449999999866],[24.107620000000736,38.27354000000014]],[[24.10788999999943,38.2732699999998],[24.206309999999576,38.17735],[24.199919999999167,38.088900000000706],[24.304920000000493,38.06696000000011],[24.3737,37.962990000000104],[24.419029999999054,38.011959999999874],[24.504730000000677,37.95037000000059],[24.581280000000277,38.020019999999874],[24.59034000000065,38.156059999999286],[24.45470000000023,38.14084999999989]]]},"properties":{}},{"type":"Feature","geometry":{"type":"MultiLineString","coordinates":[[[22.228719999999157,38.35697000000073],[22.379329999999754,38.33763999999974],[22.416579999999158,38.44308],[22.58564,38.28158000000076],[22.664779999999155,38.38428000000022],[22.799810000000434,38.274240000000646],[22.77556,38.23561999999947],[23.2236699999994,38.15452],[23.11461000000054,38.06083000000035]]]},"properties":{}},{"type":"Feature","geometry":{"type":"MultiLineString","coordinates":[[[27.14215999999942,38.439290000000256],[26.79917000000023,38.352279999999155],[26.705850000000282,38.43160999999964],[26.67681000000084,38.31036999999924],[26.58632000000034,38.42288],[26.626350000000457,38.52788999999939],[26.52693,38.64529000000039],[26.3593,38.657719999999244],[26.391999999999825,38.44644999999946],[26.516410000000178,38.42769000000044],[26.45176,38.427309999999125],[26.482239999999365,38.37377000000015],[26.3781,38.30877999999939],[26.28454000000056,38.37468000000081],[26.30393,38.32154000000082],[26.232519999999568,38.26555],[26.39264,38.25963000000047],[26.59247999999934,38.10499999999956],[26.636070000000473,38.20657000000028],[26.75806999999986,38.221229999999196],[26.876490000000558,38.038759999999456]]]},"properties":{}},{"type":"Feature","geometry":{"type":"MultiLineString","coordinates":[[[24.290170000000217,38.010550000000876],[24.290170000000217,38.010550000000876]]]},"properties":{}},{"type":"Feature","geometry":{"type":"MultiLineString","coordinates":[[[24.27162,37.97537999999986],[24.252689999999347,38.02369],[24.27162,37.97537999999986]]]},"properties":{}},{"type":"Feature","geometry":{"type":"MultiLineString","coordinates":[[[23.569470000000365,38.04832999999962],[23.422640000000683,37.96969],[23.176939999999377,37.95122000000083]]]},"properties":{}},{"type":"Feature","geometry":{"type":"MultiLineString","coordinates":[[[23.58475,37.934839999999895],[23.58475,37.934839999999895]]]},"properties":{}},{"type":"Feature","geometry":{"type":"MultiLineString","coordinates":[[[24.524680000000444,37.93215000000055],[24.524680000000444,37.93215000000055]]]},"properties":{}},{"type":"Feature","geometry":{"type":"MultiLineString","coordinates":[[[26.876749999999447,38.038839999999254],[26.973219999999856,38.07570999999916],[27.14604,37.98445999999967],[27.294070290865864,37.99319045638182]]]},"properties":{}},{"type":"Feature","geometry":{"type":"MultiLineString","coordinates":[[[23.451779999999417,37.87319000000025],[23.574759999999515,37.94717],[23.41964,37.981879999999364],[23.498170000000755,37.957580000000235],[23.40591999999924,37.92994],[23.451779999999417,37.87319000000025]]]},"properties":{}},{"type":"Feature","geometry":{"type":"MultiLineString","coordinates":[[[23.250019999999495,37.807199999999284],[23.250019999999495,37.807199999999284]]]},"properties":{}},{"type":"Feature","geometry":{"type":"MultiLineString","coordinates":[[[23.763209999999162,37.76317000000017],[23.763209999999162,37.76317000000017]]]},"properties":{}},{"type":"Feature","geometry":{"type":"MultiLineString","coordinates":[[[23.25886999999966,37.69942000000083],[23.25886999999966,37.69942000000083]]]},"properties":{}},{"type":"Feature","geometry":{"type":"MultiLineString","coordinates":[[[23.426030000000537,37.6851800000004],[23.426030000000537,37.6851800000004]]]},"properties":{}},{"type":"Feature","geometry":{"type":"MultiLineString","coordinates":[[[24.994000000000597,37.771749999999884],[24.953810000000885,37.90342000000055],[24.837970000000496,37.91489],[24.79186,38.0001400000001],[24.685859999999593,37.9622],[24.929560000000492,37.69808000000012],[24.994000000000597,37.771749999999884]]]},"properties":{}},{"type":"Feature","geometry":{"type":"MultiLineString","coordinates":[[[23.485109999999622,37.674629999999524],[23.56500000000051,37.76763000000028],[23.42511000000013,37.76512],[23.485109999999622,37.674629999999524]]]},"properties":{}},{"type":"Feature","geometry":{"type":"MultiLineString","coordinates":[[[23.34095999999954,37.67316000000028],[23.37228999999934,37.705410000000484],[23.34095999999954,37.67316000000028]]]},"properties":{}},{"type":"Feature","geometry":{"type":"MultiLineString","coordinates":[[[22.49575,38.88496999999916],[22.459290000000692,38.84226999999919],[22.51376,38.80765000000065],[23.034700000000157,38.75479000000087],[23.109019999999873,38.624149999999645],[23.19672999999966,38.68138999999974],[23.31779,38.641460000000734],[23.2873299999992,38.56322],[23.378269999999247,38.52443999999923],[23.33072,38.50021000000015],[23.539950000000317,38.511749999999665],[23.658400000000256,38.35179000000062],[24.069719999999506,38.20317000000068],[24.0591000000004,38.124550000000454],[23.98048000000017,38.10150000000067],[24.07085,37.68075999999928],[23.938000000000102,37.67195],[23.883780000000115,37.78939],[23.771919999999227,37.79844000000048],[23.688340000000608,37.93873],[23.556329999999434,37.96638999999959],[23.569470000000365,38.04832999999962]]]},"properties":{}},{"type":"Feature","geometry":{"type":"MultiLineString","coordinates":[[[24.105219999999463,37.65063],[24.14302999999927,37.755380000000514],[24.105219999999463,37.65063]]]},"properties":{}},{"type":"Feature","geometry":{"type":"MultiLineString","coordinates":[[[23.95766,37.64376000000084],[23.95766,37.64376000000084]]]},"properties":{}},{"type":"Feature","geometry":{"type":"MultiLineString","coordinates":[[[26.74605999999949,37.69880000000012],[26.590980000000854,37.67482000000018],[26.566999999999098,37.731299999999464],[26.734409999999116,37.81264999999985],[27.067870000000767,37.7781300000006],[27.027539999999135,37.75282999999945],[27.067199999999502,37.711129999999685],[26.876259999999093,37.63941999999952],[26.74605999999949,37.699029999999766]]]},"properties":{}},{"type":"Feature","geometry":{"type":"MultiLineString","coordinates":[[[26.794840000000477,37.6256599999997],[26.794400000000678,37.6256400000002]]]},"properties":{}},{"type":"Feature","geometry":{"type":"MultiLineString","coordinates":[[[24.74283,37.595610000000306],[24.655329999999594,37.607169999999314],[24.74283,37.595610000000306]]]},"properties":{}},{"type":"Feature","geometry":{"type":"MultiLineString","coordinates":[[[26.542719999999463,37.590360000000146],[26.542719999999463,37.590360000000146]]]},"properties":{}},{"type":"Feature","geometry":{"type":"MultiLineString","coordinates":[[[26.43373000000065,37.564360000000306],[26.43373000000065,37.564360000000306]]]},"properties":{}},{"type":"Feature","geometry":{"type":"MultiLineString","coordinates":[[[26.46650000000045,37.56064999999944],[26.46650000000045,37.56064999999944]]]},"properties":{}},{"type":"Feature","geometry":{"type":"MultiLineString","coordinates":[[[26.500029999999242,37.636099999999715],[26.50941000000057,37.527140000000145],[26.545379999999568,37.620929999999134],[26.500029999999242,37.636099999999715]]]},"properties":{}},{"type":"Feature","geometry":{"type":"MultiLineString","coordinates":[[[24.998649999999543,37.669299999999566],[25.10755000000063,37.55472],[25.234189999999217,37.536990000000515],[25.238359999999375,37.623279999999795],[24.998649999999543,37.669299999999566]]]},"properties":{}},{"type":"Feature","geometry":{"type":"MultiLineString","coordinates":[[[24.409890000000814,37.64799999999923],[24.296360000000277,37.660359999999855],[24.278220000000147,37.52227999999923],[24.409890000000814,37.64799999999923]]]},"properties":{}},{"type":"Feature","geometry":{"type":"MultiLineString","coordinates":[[[26.53980000000047,37.50900999999976],[26.53980000000047,37.50900999999976]]]},"properties":{}},{"type":"Feature","geometry":{"type":"MultiLineString","coordinates":[[[26.35381000000052,37.689259999999194],[26.217109999999593,37.56758000000082],[25.976699999999255,37.51216000000022],[26.080560000000332,37.63681],[26.35381000000052,37.689259999999194]]]},"properties":{}},{"type":"Feature","geometry":{"type":"MultiLineString","coordinates":[[[26.496240000000398,37.5034799999994],[26.496619999999893,37.50420999999915]]]},"properties":{}},{"type":"Feature","geometry":{"type":"MultiLineString","coordinates":[[[26.974780000000464,37.42610000000059],[26.974780000000464,37.42610000000059]]]},"properties":{}},{"type":"Feature","geometry":{"type":"MultiLineString","coordinates":[[[27.00295,37.46567999999934],[27.00295,37.46567999999934]]]},"properties":{}},{"type":"Feature","geometry":{"type":"MultiLineString","coordinates":[[[26.953059999999823,37.48192000000017],[26.953059999999823,37.48192000000017]]]},"properties":{}},{"type":"Feature","geometry":{"type":"MultiLineString","coordinates":[[[22.873709999999846,37.50382],[22.873709999999846,37.50382]]]},"properties":{}},{"type":"Feature","geometry":{"type":"MultiLineString","coordinates":[[[23.465990000000602,37.4951],[23.526529999999184,37.52280000000064],[23.485860000000685,37.56085999999959],[23.423000000000684,37.51777000000038],[23.465720000000147,37.4953600000008]]]},"properties":{}},{"type":"Feature","geometry":{"type":"MultiLineString","coordinates":[[[22.931909999999334,37.48997000000054],[22.931909999999334,37.48997000000054]]]},"properties":{}},{"type":"Feature","geometry":{"type":"MultiLineString","coordinates":[[[26.99055000000044,37.474780000000464],[26.99055000000044,37.474780000000464]]]},"properties":{}},{"type":"Feature","geometry":{"type":"MultiLineString","coordinates":[[[23.925719999999274,37.46299999999974],[23.896860000000743,37.49071999999978],[23.925719999999274,37.46299999999974]]]},"properties":{}},{"type":"Feature","geometry":{"type":"MultiLineString","coordinates":[[[26.940780000000814,37.458919999999125],[27.00662999999986,37.454680000000735],[26.940710000000763,37.458919999999125]]]},"properties":{}},{"type":"Feature","geometry":{"type":"MultiLineString","coordinates":[[[25.48370000000068,37.458339999999225],[25.48370000000068,37.458339999999225]]]},"properties":{}},{"type":"Feature","geometry":{"type":"MultiLineString","coordinates":[[[22.975169999999707,37.4309200000007],[22.975169999999707,37.4309200000007]]]},"properties":{}},{"type":"Feature","geometry":{"type":"MultiLineString","coordinates":[[[25.56482,37.408369999999195],[25.56482,37.408369999999195]]]},"properties":{}},{"type":"Feature","geometry":{"type":"MultiLineString","coordinates":[[[25.38054000000011,37.48931000000084],[25.311009999999442,37.49116999999933],[25.308290000000852,37.40382999999929],[25.45843000000059,37.45132999999987],[25.38054000000011,37.48931000000084]]]},"properties":{}},{"type":"Feature","geometry":{"type":"MultiLineString","coordinates":[[[25.220320000000356,37.370569999999134],[25.22386,37.43972000000031],[25.220320000000356,37.370569999999134]]]},"properties":{}},{"type":"Feature","geometry":{"type":"MultiLineString","coordinates":[[[25.26397,37.374659999999494],[25.2764700000007,37.41353999999956],[25.26397,37.374659999999494]]]},"properties":{}},{"type":"Feature","geometry":{"type":"MultiLineString","coordinates":[[[26.74565000000075,37.364050000000134],[26.71716000000015,37.4105299999992],[26.74565000000075,37.364050000000134]]]},"properties":{}},{"type":"Feature","geometry":{"type":"MultiLineString","coordinates":[[[24.88508,37.36506],[24.96658000000025,37.40744000000086],[24.88097000000016,37.51635999999962],[24.88508,37.36506]]]},"properties":{}},{"type":"Feature","geometry":{"type":"MultiLineString","coordinates":[[[26.706120000000737,37.35508999999911],[26.706120000000737,37.35508999999911]]]},"properties":{}},{"type":"Feature","geometry":{"type":"MultiLineString","coordinates":[[[27.3909492933642,37.554220415271175],[27.53748000000087,37.49306000000075],[27.38033,37.50561000000016]]]},"properties":{}},{"type":"Feature","geometry":{"type":"MultiLineString","coordinates":[[[23.31167,37.3215],[23.362049999999726,37.34022],[23.31167,37.3215]]]},"properties":{}},{"type":"Feature","geometry":{"type":"MultiLineString","coordinates":[[[24.37336999999934,37.30098],[24.486189999999624,37.399429999999484],[24.436429999999746,37.48185000000012],[24.366760000000795,37.41993],[24.37336999999934,37.30098]]]},"properties":{}},{"type":"Feature","geometry":{"type":"MultiLineString","coordinates":[[[23.373390000000654,37.30347000000074],[23.580110000000786,37.36747],[23.373390000000654,37.30347000000074]]]},"properties":{}},{"type":"Feature","geometry":{"type":"MultiLineString","coordinates":[[[26.779669999999896,37.27616999999918],[26.707350000000588,37.31721],[26.779669999999896,37.27616999999918]]]},"properties":{}},{"type":"Feature","geometry":{"type":"MultiLineString","coordinates":[[[27.08504,37.274499999999534],[27.08504,37.274499999999534]]]},"properties":{}},{"type":"Feature","geometry":{"type":"MultiLineString","coordinates":[[[26.557779999999184,37.27038999999968],[26.54291000000012,37.328380000000834],[26.61731999999938,37.34022],[26.56431,37.3817],[26.557779999999184,37.27038999999968]]]},"properties":{}},{"type":"Feature","geometry":{"type":"MultiLineString","coordinates":[[[23.277459999999337,37.25923999999941],[23.277459999999337,37.25923999999941]]]},"properties":{}},{"type":"Feature","geometry":{"type":"MultiLineString","coordinates":[[[24.608109999999215,37.25084000000061],[24.608109999999215,37.25084000000061]]]},"properties":{}},{"type":"Feature","geometry":{"type":"MultiLineString","coordinates":[[[23.14144,37.23623000000043],[23.094390000000203,37.276819999999134],[23.14144,37.23623000000043]]]},"properties":{}},{"type":"Feature","geometry":{"type":"MultiLineString","coordinates":[[[23.175470000000132,37.21534000000065],[23.175470000000132,37.21534000000065]]]},"properties":{}},{"type":"Feature","geometry":{"type":"MultiLineString","coordinates":[[[26.770259999999325,37.1927799999994],[26.770259999999325,37.1927799999994]]]},"properties":{}},{"type":"Feature","geometry":{"type":"MultiLineString","coordinates":[[[27.375410000000556,37.1626899999992],[27.375410000000556,37.1626899999992]]]},"properties":{}},{"type":"Feature","geometry":{"type":"MultiLineString","coordinates":[[[27.48989000000074,37.14106],[27.53422,37.162529999999606],[27.48989000000074,37.14106]]]},"properties":{}},{"type":"Feature","geometry":{"type":"MultiLineString","coordinates":[[[24.45809999999983,37.19908000000032],[24.532460000000356,37.193279999999504],[24.533900000000358,37.12945000000036],[24.416180000000168,37.119440000000395],[24.45730999999978,37.19880999999987]]]},"properties":{}},{"type":"Feature","geometry":{"type":"MultiLineString","coordinates":[[[23.176939999999377,37.95122000000083],[22.993239999999787,37.88134999999966],[23.17952999999943,37.80557000000044],[23.118969999999536,37.749079999999594],[23.178889999999228,37.717249999999694],[23.162350000000515,37.61550999999963],[23.32966999999917,37.533550000000105],[23.36783,37.55236],[23.30558000000019,37.612779999999475],[23.39919,37.63847],[23.392700000000332,37.50930999999946],[23.522730000000593,37.437009999999646],[23.26843,37.40602000000035],[23.227539999999863,37.376280000000406],[23.279029999999693,37.34627999999975],[23.17004000000088,37.284999999999854],[23.06644000000051,37.35232999999971],[23.12285999999949,37.45144000000073],[22.73931000000084,37.58155000000079],[22.75442,37.39219000000048],[22.9637500000008,37.09137]]]},"properties":{}},{"type":"Feature","geometry":{"type":"MultiLineString","coordinates":[[[25.826390000000174,37.086020000000644],[25.830739999999423,37.135480000000825],[25.778070000000298,37.124219999999696],[25.826390000000174,37.086020000000644]]]},"properties":{}},{"type":"Feature","geometry":{"type":"MultiLineString","coordinates":[[[25.68851,37.083559999999125],[25.68851,37.083559999999125]]]},"properties":{}},{"type":"Feature","geometry":{"type":"MultiLineString","coordinates":[[[27.0973,37.05618999999933],[27.0973,37.05618999999933]]]},"properties":{}},{"type":"Feature","geometry":{"type":"MultiLineString","coordinates":[[[27.21219000000019,36.99849],[27.21219000000019,36.99849]]]},"properties":{}},{"type":"Feature","geometry":{"type":"MultiLineString","coordinates":[[[26.421549999999115,36.99697000000015],[26.4967400000005,36.998059999999896],[26.421549999999115,36.99697000000015]]]},"properties":{}},{"type":"Feature","geometry":{"type":"MultiLineString","coordinates":[[[27.385290000000168,36.988939999999275],[27.38566,36.988579999999274]]]},"properties":{}},{"type":"Feature","geometry":{"type":"MultiLineString","coordinates":[[[26.91511,36.98989000000074],[26.91511,36.98989000000074]]]},"properties":{}},{"type":"Feature","geometry":{"type":"MultiLineString","coordinates":[[[25.178459999999177,36.976479999999356],[25.27801,37.048539999999775],[25.281419999999343,37.152570000000196],[25.106620000000476,37.062299999999595],[25.178459999999177,36.976479999999356]]]},"properties":{}},{"type":"Feature","geometry":{"type":"MultiLineString","coordinates":[[[26.283509999999296,36.97371000000021],[26.283509999999296,36.97371000000021]]]},"properties":{}},{"type":"Feature","geometry":{"type":"MultiLineString","coordinates":[[[27.59893000000011,36.97069999999985],[27.59893000000011,36.97069999999985]]]},"properties":{}},{"type":"Feature","geometry":{"type":"MultiLineString","coordinates":[[[25.121240000000398,36.96676],[25.121240000000398,36.96676]]]},"properties":{}},{"type":"Feature","geometry":{"type":"MultiLineString","coordinates":[[[27.480499999999665,36.96282000000065],[27.424199999999473,36.9966000000004],[27.481229999999414,36.96318000000065]]]},"properties":{}},{"type":"Feature","geometry":{"type":"MultiLineString","coordinates":[[[27.42262,37.41150000000016],[27.385190000000875,37.32791],[27.476849999999104,37.34763000000021],[27.454219999999623,37.25686999999925],[27.519290000000183,37.275840000000244],[27.5067,37.23092],[27.63731,37.266279999999824],[27.5759,37.2154100000007],[27.614670000000842,37.19434999999976],[27.525030000000697,37.19412000000011],[27.580830000000788,37.13854999999967],[27.469170000000304,37.080009999999675],[27.324459999999817,37.15984000000026],[27.22069999999985,37.044200000000274],[27.30026,36.95832],[27.374719999999797,37.0287900000003],[27.57311,36.99218]]]},"properties":{}},{"type":"Feature","geometry":{"type":"MultiLineString","coordinates":[[[24.9963800000005,36.970320000000356],[24.9963800000005,36.970320000000356]]]},"properties":{}},{"type":"Feature","geometry":{"type":"MultiLineString","coordinates":[[[24.955630000000383,36.94354000000021],[24.955630000000383,36.94354000000021]]]},"properties":{}},{"type":"Feature","geometry":{"type":"MultiLineString","coordinates":[[[25.07078,36.93999000000076],[25.089850000000297,37.04873000000043],[25.020920000000842,37.006789999999455],[25.07078,36.93999000000076]]]},"properties":{}},{"type":"Feature","geometry":{"type":"MultiLineString","coordinates":[[[27.097869999999602,36.9348200000004],[27.097869999999602,36.9348200000004]]]},"properties":{}},{"type":"Feature","geometry":{"type":"MultiLineString","coordinates":[[[25.604699999999866,36.9304800000009],[25.604699999999866,36.9304800000009]]]},"properties":{}},{"type":"Feature","geometry":{"type":"MultiLineString","coordinates":[[[26.95915000000059,36.92584],[27.053749999999127,36.94514999999956],[27.05287,36.9970400000002],[26.881569999999556,37.075409999999465],[26.966420000000653,37.01592999999957],[26.909600000000864,36.95180000000073],[26.95915000000059,36.92584]]]},"properties":{}},{"type":"Feature","geometry":{"type":"MultiLineString","coordinates":[[[25.450290000000678,36.918869999999515],[25.549090000000433,36.95773],[25.606649999999718,37.08452000000034],[25.53816999999981,37.20547000000079],[25.334779999999228,37.07906],[25.450290000000678,36.918869999999515]]]},"properties":{}},{"type":"Feature","geometry":{"type":"MultiLineString","coordinates":[[[27.175090000000637,36.918540000000576],[27.10754000000088,36.95571000000018],[27.175090000000637,36.918540000000576]]]},"properties":{}},{"type":"Feature","geometry":{"type":"MultiLineString","coordinates":[[[26.93858,36.911260000000766],[26.93858,36.911260000000766]]]},"properties":{}},{"type":"Feature","geometry":{"type":"MultiLineString","coordinates":[[[24.70262,36.90216999999939],[24.76274999999987,36.95852999999988],[24.63839,37.03983999999946],[24.70285999999942,36.90216999999939]]]},"properties":{}},{"type":"Feature","geometry":{"type":"MultiLineString","coordinates":[[[26.168719999999666,36.90542],[26.168719999999666,36.90542]]]},"properties":{}},{"type":"Feature","geometry":{"type":"MultiLineString","coordinates":[[[24.72309999999925,36.89781000000039],[24.72309999999925,36.89781000000039]]]},"properties":{}},{"type":"Feature","geometry":{"type":"MultiLineString","coordinates":[[[25.57198000000062,36.89597999999933],[25.57198000000062,36.89597999999933]]]},"properties":{}},{"type":"Feature","geometry":{"type":"MultiLineString","coordinates":[[[28.12873000000036,36.600689999999304],[28.12873000000036,36.600689999999304]]]},"properties":{}},{"type":"Feature","geometry":{"type":"MultiLineString","coordinates":[[[28.2482600000003,36.71426000000065],[28.2482600000003,36.71426000000065]]]},"properties":{}},{"type":"Feature","geometry":{"type":"MultiLineString","coordinates":[[[25.91374999999971,36.88026],[25.91374999999971,36.88026]]]},"properties":{}},{"type":"Feature","geometry":{"type":"MultiLineString","coordinates":[[[25.639909999999873,36.8807199999992],[25.683139999999185,36.888349999999264],[25.639909999999873,36.8807199999992]]]},"properties":{}},{"type":"Feature","geometry":{"type":"MultiLineString","coordinates":[[[25.675139999999374,36.84081999999944],[25.675139999999374,36.84081999999944]]]},"properties":{}},{"type":"Feature","geometry":{"type":"MultiLineString","coordinates":[[[25.525120000000243,36.85407999999916],[25.525120000000243,36.85407999999916]]]},"properties":{}},{"type":"Feature","geometry":{"type":"MultiLineString","coordinates":[[[25.66791000000012,36.83489],[25.66791000000012,36.83489]]]},"properties":{}},{"type":"Feature","geometry":{"type":"MultiLineString","coordinates":[[[25.454139999999825,36.81992999999966],[25.474309999999605,36.87153000000035],[25.41554,36.834639999999126],[25.454139999999825,36.81992999999966]]]},"properties":{}},{"type":"Feature","geometry":{"type":"MultiLineString","coordinates":[[[25.749139999999898,36.80048999999963],[25.749139999999898,36.80048999999963]]]},"properties":{}},{"type":"Feature","geometry":{"type":"MultiLineString","coordinates":[[[24.54161000000022,36.77376],[24.60103,36.83266],[24.520829999999478,36.82300000000032],[24.54161000000022,36.77376]]]},"properties":{}},{"type":"Feature","geometry":{"type":"MultiLineString","coordinates":[[[24.244839999999385,36.76908999999978],[24.244839999999385,36.76908999999978]]]},"properties":{}},{"type":"Feature","geometry":{"type":"MultiLineString","coordinates":[[[25.799660000000586,36.76884000000064],[26.088089999999283,36.89672000000064],[25.97301999999945,36.92856000000029],[25.739439999999377,36.79552999999942],[25.799660000000586,36.76884000000064]]]},"properties":{}},{"type":"Feature","geometry":{"type":"MultiLineString","coordinates":[[[24.649180000000342,36.74223999999958],[24.608319999999367,36.78505000000041],[24.649180000000342,36.74223999999958]]]},"properties":{}},{"type":"Feature","geometry":{"type":"MultiLineString","coordinates":[[[28.04831000000013,36.72509],[28.04831000000013,36.72509]]]},"properties":{}},{"type":"Feature","geometry":{"type":"MultiLineString","coordinates":[[[28.014279999999417,36.71292999999969],[28.014279999999417,36.71292999999969]]]},"properties":{}},{"type":"Feature","geometry":{"type":"MultiLineString","coordinates":[[[27.1819200000009,36.67885000000024],[27.181660000000193,36.67885000000024]]]},"properties":{}},{"type":"Feature","geometry":{"type":"MultiLineString","coordinates":[[[27.35426,36.86945000000014],[27.162790000000314,36.88583],[26.918840000000273,36.718800000000556],[26.972649999999703,36.66952999999921],[26.9750499999991,36.747230000000854],[27.35426,36.86945000000014]]]},"properties":{}},{"type":"Feature","geometry":{"type":"MultiLineString","coordinates":[[[27.57311,36.99218],[28.344250000000102,37.05580999999984],[28.16806,36.906919999999445],[28.021570000000793,36.92482000000018],[28.03407999999945,36.788940000000366],[27.642939999999726,36.8130000000001],[27.362059999999474,36.70961999999963],[27.47849,36.64687000000049],[27.67845,36.65813999999955],[27.72617,36.761099999999715],[28.127409999999145,36.80086999999912],[28.084539999999834,36.74828999999954],[28.12917000000016,36.725969999999506],[27.963910000000396,36.68089999999938],[28.04809000000023,36.67559000000074]]]},"properties":{}},{"type":"Feature","geometry":{"type":"MultiLineString","coordinates":[[[27.510529999999562,36.65041000000019],[27.510529999999562,36.65041000000019]]]},"properties":{}},{"type":"Feature","geometry":{"type":"MultiLineString","coordinates":[[[24.329330000000482,36.64323999999942],[24.529850000000806,36.673539999999775],[24.544330000000627,36.75660000000062],[24.411490000000413,36.77338000000054],[24.450960000000123,36.69210000000021],[24.336409999999887,36.7434200000007],[24.329330000000482,36.64323999999942]]]},"properties":{}},{"type":"Feature","geometry":{"type":"MultiLineString","coordinates":[[[25.357609999999113,36.646419999999125],[25.40207999999984,36.7138900000009],[25.27239,36.7873],[25.246510000000853,36.72262000000046],[25.357609999999113,36.646419999999125]]]},"properties":{}},{"type":"Feature","geometry":{"type":"MultiLineString","coordinates":[[[27.836409999999887,36.64637000000039],[27.836409999999887,36.64637000000039]]]},"properties":{}},{"type":"Feature","geometry":{"type":"MultiLineString","coordinates":[[[27.128179999999702,36.67837999999938],[27.111329999999725,36.63873000000058],[27.128179999999702,36.67837999999938]]]},"properties":{}},{"type":"Feature","geometry":{"type":"MultiLineString","coordinates":[[[25.072179999999207,36.63422999999966],[25.182880000000296,36.71421999999984],[25.072179999999207,36.63422999999966]]]},"properties":{}},{"type":"Feature","geometry":{"type":"MultiLineString","coordinates":[[[25.01174,36.62248999999974],[25.01174,36.62248999999974]]]},"properties":{}},{"type":"Feature","geometry":{"type":"MultiLineString","coordinates":[[[25.6838800000005,36.61895],[25.6838800000005,36.618720000000394]]]},"properties":{}},{"type":"Feature","geometry":{"type":"MultiLineString","coordinates":[[[24.933929999999236,36.59396000000015],[24.838669999999183,36.659270000000106],[24.933929999999236,36.594199999999546]]]},"properties":{}},{"type":"Feature","geometry":{"type":"MultiLineString","coordinates":[[[27.030870000000505,36.590360000000146],[27.030870000000505,36.590360000000146]]]},"properties":{}},{"type":"Feature","geometry":{"type":"MultiLineString","coordinates":[[[27.064650000000256,36.56518],[27.064650000000256,36.56518]]]},"properties":{}},{"type":"Feature","geometry":{"type":"MultiLineString","coordinates":[[[27.185419999999795,36.5583000000006],[27.19203000000016,36.61599000000024],[27.1271,36.60852999999952],[27.185419999999795,36.5583000000006]]]},"properties":{}},{"type":"Feature","geometry":{"type":"MultiLineString","coordinates":[[[28.04809000000023,36.67559000000074],[28.09541999999965,36.64256000000023],[27.96126,36.604670000000624],[27.979820000000473,36.5560600000008],[28.224700000000666,36.6872199999998]]]},"properties":{}},{"type":"Feature","geometry":{"type":"MultiLineString","coordinates":[[[27.837059999999838,36.53892000000087],[27.88068000000021,36.60914000000048],[27.83585999999923,36.64468999999917],[27.766540000000532,36.60405999999966],[27.837059999999838,36.53892000000087]]]},"properties":{}},{"type":"Feature","geometry":{"type":"MultiLineString","coordinates":[[[27.85594999999921,36.51691000000028],[27.85594999999921,36.51691000000028]]]},"properties":{}},{"type":"Feature","geometry":{"type":"MultiLineString","coordinates":[[[26.962610000000495,36.4957200000008],[26.962610000000495,36.4957200000008]]]},"properties":{}},{"type":"Feature","geometry":{"type":"MultiLineString","coordinates":[[[27.282470000000103,36.47919],[27.282470000000103,36.47919]]]},"properties":{}},{"type":"Feature","geometry":{"type":"MultiLineString","coordinates":[[[22.9637500000008,37.09137],[23.112080000000788,36.775149999999485],[23.02961999999934,36.73257999999987],[23.032859999999346,36.63242],[23.19862,36.43411999999989]]]},"properties":{}},{"type":"Feature","geometry":{"type":"MultiLineString","coordinates":[[[25.351160000000164,36.411990000000515],[25.341350000000602,36.45936000000074],[25.351160000000164,36.411990000000515]]]},"properties":{}},{"type":"Feature","geometry":{"type":"MultiLineString","coordinates":[[[25.400190000000293,36.395189999999275],[25.400190000000293,36.395189999999275]]]},"properties":{}},{"type":"Feature","geometry":{"type":"MultiLineString","coordinates":[[[25.384079999999813,36.39142],[25.384079999999813,36.39142]]]},"properties":{}},{"type":"Feature","geometry":{"type":"MultiLineString","coordinates":[[[27.364760000000388,36.39158999999927],[27.451429999999164,36.4067699999996],[27.297899999999572,36.470540000000256],[27.364760000000388,36.39158999999927]]]},"properties":{}},{"type":"Feature","geometry":{"type":"MultiLineString","coordinates":[[[27.454170000000886,36.35747000000083],[27.454170000000886,36.35747000000083]]]},"properties":{}},{"type":"Feature","geometry":{"type":"MultiLineString","coordinates":[[[25.44539000000077,36.33208000000013],[25.485000000000582,36.41122],[25.37859000000026,36.480569999999716],[25.43361,36.394749999999476],[25.35733000000073,36.356439999999566],[25.44539000000077,36.33208000000013]]]},"properties":{}},{"type":"Feature","geometry":{"type":"MultiLineString","coordinates":[[[26.740680000000793,36.29457],[26.740680000000793,36.29457]]]},"properties":{}},{"type":"Feature","geometry":{"type":"MultiLineString","coordinates":[[[26.742710000000443,36.2821299999996],[26.742710000000443,36.2821299999996]]]},"properties":{}},{"type":"Feature","geometry":{"type":"MultiLineString","coordinates":[[[25.888080000000627,36.267579999999725],[25.888080000000627,36.267579999999725]]]},"properties":{}},{"type":"Feature","geometry":{"type":"MultiLineString","coordinates":[[[25.8305,36.265950000000885],[25.8305,36.265950000000885]]]},"properties":{}},{"type":"Feature","geometry":{"type":"MultiLineString","coordinates":[[[27.76212999999916,36.253020000000106],[27.76212999999916,36.253020000000106]]]},"properties":{}},{"type":"Feature","geometry":{"type":"MultiLineString","coordinates":[[[27.657610000000204,36.25222000000031],[27.657610000000204,36.25222000000031]]]},"properties":{}},{"type":"Feature","geometry":{"type":"MultiLineString","coordinates":[[[27.701650000000882,36.24424],[27.721219999999448,36.282610000000204],[27.701650000000882,36.24424]]]},"properties":{}},{"type":"Feature","geometry":{"type":"MultiLineString","coordinates":[[[25.210644964132086,36.23949878019613],[25.210644964132086,36.23949878019613]]]},"properties":{}},{"type":"Feature","geometry":{"type":"MultiLineString","coordinates":[[[27.70190999999977,36.2195499999998],[27.70190999999977,36.2195499999998]]]},"properties":{}},{"type":"Feature","geometry":{"type":"MultiLineString","coordinates":[[[27.518550000000687,36.20874999999978],[27.62167000000045,36.24166999999943],[27.518550000000687,36.20874999999978]]]},"properties":{}},{"type":"Feature","geometry":{"type":"MultiLineString","coordinates":[[[26.389219999999113,36.08414000000084],[26.389219999999113,36.08414000000084]]]},"properties":{}},{"type":"Feature","geometry":{"type":"MultiLineString","coordinates":[[[34.993389999999636,36.78882],[34.872699999999895,36.800139999999374]]]},"properties":{}},{"type":"Feature","geometry":{"type":"MultiLineString","coordinates":[[[33.75851,36.17808999999943],[33.75851,36.17808999999943]]]},"properties":{}},{"type":"Feature","geometry":{"type":"MultiLineString","coordinates":[[[32.56934,36.09699],[32.29696999999942,36.23562999999922],[32.0265500000005,36.53892000000087],[31.3175,36.81201999999939],[30.70255999999972,36.88373999999931],[30.57527999999911,36.793799999999464],[30.590809999999692,36.588519999999335],[30.482050000000527,36.43254999999954],[30.529860000000554,36.336629999999786],[30.48771999999917,36.279420000000755],[30.404959999999846,36.20754999999917],[30.408250000000407,36.2756700000009],[30.190420000000813,36.314220000000205],[29.995300000000498,36.22487999999976]]]},"properties":{}},{"type":"Feature","geometry":{"type":"MultiLineString","coordinates":[[[34.8730400000004,36.80048],[34.5583000000006,36.76511000000028],[34.117270000000644,36.44569000000047],[33.96308999999928,36.23384000000078],[33.86955999999918,36.31721],[33.68788999999924,36.13343999999961],[33.64785,36.192909999999756],[33.5609000000004,36.12627000000066],[33.14137999999912,36.13702999999987],[33.08162000000084,36.069799999999304],[32.95224000000053,36.10446000000047],[32.80014999999912,36.017509999999675],[32.56934,36.09699]]]},"properties":{}},{"type":"Feature","geometry":{"type":"MultiLineString","coordinates":[[[33.53132,36.12837000000036],[33.53132,36.12837000000036]]]},"properties":{}},{"type":"Feature","geometry":{"type":"MultiLineString","coordinates":[[[33.60974999999962,45.0],[33.60666999999921,44.86636],[33.53413999999975,44.79925],[33.545249999999214,44.62583000000086],[33.381750000000466,44.5888300000006],[33.788580000000366,44.39041999999972],[34.12858000000051,44.4322200000006],[34.34305999999924,44.550970000000234],[34.45245000000068,44.709279999999126],[34.73186,44.81794000000082],[35.09064000000035,44.793579999999565],[35.25749999999971,44.95886000000064],[35.38750000000073,44.94714000000022],[35.400470000000496,45.0]]]},"properties":{}},{"type":"Feature","geometry":{"type":"MultiLineString","coordinates":[[[37.21680000000015,45.0],[37.457580000000235,44.705550000000585],[37.730030000000625,44.64628000000084],[37.83,44.723],[38.20788999999968,44.413440000000264],[38.74649999999929,44.30045000000064],[38.99985000000015,44.161089999999604],[40.01025,43.38325000000077]]]},"properties":{}},{"type":"Feature","geometry":{"type":"MultiLineString","coordinates":[[[40.01025,43.38325000000077],[40.24582999999984,43.310199999999895],[40.3385,43.14617],[40.85652999999911,43.07683],[40.96800000000076,42.980719999999565],[41.043330000000424,42.99221000000034],[41.15386000000035,42.79841999999917],[41.438280000000304,42.73494000000028],[41.54791,42.40596]]]},"properties":{}},{"type":"Feature","geometry":{"type":"MultiLineString","coordinates":[[[41.54791,42.40596],[41.55482999999913,42.39893999999913]]]},"properties":{}},{"type":"Feature","geometry":{"type":"MultiLineString","coordinates":[[[41.56017000000065,42.39420000000064],[41.64173999999912,42.18534]]]},"properties":{}},{"type":"Feature","geometry":{"type":"MultiLineString","coordinates":[[[41.63973000000078,42.19893000000047],[41.63973000000078,42.19893000000047]]]},"properties":{}},{"type":"Feature","geometry":{"type":"MultiLineString","coordinates":[[[41.64220000000023,42.1851800000004],[41.6935799999992,42.10182999999961],[41.75093000000015,42.12495999999919]]]},"properties":{}},{"type":"Feature","geometry":{"type":"MultiLineString","coordinates":[[[41.75069000000076,42.12545999999929],[41.703740000000835,42.092790000000605],[41.77455999999984,41.88588999999956]]]},"properties":{}},{"type":"Feature","geometry":{"type":"MultiLineString","coordinates":[[[32.68113000000085,41.838299999999435],[33.3418700000002,42.02592],[34.208559999999125,41.96378]]]},"properties":{}},{"type":"Feature","geometry":{"type":"MultiLineString","coordinates":[[[34.20817999999963,41.96378],[34.78355999999985,41.956679999999324],[34.94281000000046,42.10042000000067],[35.01751999999942,42.09491999999955],[35.061970000000656,42.030220000000554],[35.22104000000036,42.01770000000033],[35.121979999999894,42.00757],[35.092350000000806,41.930819999999585],[35.21277999999984,41.76994999999988],[35.49380000000019,41.645440000000235]]]},"properties":{}},{"type":"Feature","geometry":{"type":"MultiLineString","coordinates":[[[35.49380000000019,41.645440000000235],[35.97733999999946,41.73826]]]},"properties":{}},{"type":"Feature","geometry":{"type":"MultiLineString","coordinates":[[[41.77455999999984,41.88588999999956],[41.71580999999969,41.70583000000079],[41.57734999999957,41.60808],[41.656919999999445,41.57043999999951]]]},"properties":{}},{"type":"Feature","geometry":{"type":"MultiLineString","coordinates":[[[41.546619999999166,41.526379999999335],[41.574650000000474,41.59451000000081],[41.6574700000001,41.570410000000265]]]},"properties":{}},{"type":"Feature","geometry":{"type":"MultiLineString","coordinates":[[[41.214819999999236,41.30413000000044],[41.40919000000031,41.383060000000114],[41.54700000000048,41.5265]]]},"properties":{}},{"type":"Feature","geometry":{"type":"MultiLineString","coordinates":[[[35.97544000000016,41.738250000000335],[36.12425000000076,41.62039],[36.14118000000053,41.456200000000536],[36.40314000000035,41.2500600000003],[36.56071999999949,41.28161],[36.62289000000055,41.373390000000654],[36.80734999999913,41.36036000000058],[37.15278000000035,41.14643000000069]]]},"properties":{}},{"type":"Feature","geometry":{"type":"MultiLineString","coordinates":[[[31.333119999999326,41.14156],[31.41122,41.214889999999286],[31.404490000000806,41.324689999999464],[32.15252999999939,41.61461000000054],[32.3058400000009,41.735570000000735],[32.6821,41.8383300000005]]]},"properties":{}},{"type":"Feature","geometry":{"type":"MultiLineString","coordinates":[[[29.99337000000014,41.138310000000274],[30.191639999999097,41.149059999999736],[30.27165000000059,41.21437999999944],[30.423800000000483,41.17070000000058]]]},"properties":{}},{"type":"Feature","geometry":{"type":"MultiLineString","coordinates":[[[30.423800000000483,41.17070000000058],[30.945980000000418,41.0787]]]},"properties":{}},{"type":"Feature","geometry":{"type":"MultiLineString","coordinates":[[[30.945980000000418,41.0787],[31.333119999999326,41.14156]]]},"properties":{}},{"type":"Feature","geometry":{"type":"MultiLineString","coordinates":[[[40.349379999999655,41.00324999999975],[41.05347000000074,41.201279999999315],[41.214819999999236,41.30413000000044]]]},"properties":{}},{"type":"Feature","geometry":{"type":"MultiLineString","coordinates":[[[37.15278000000035,41.14643000000069],[37.297200000000885,41.1448],[37.53911999999946,41.02075],[37.68558999999914,41.13451999999961],[37.787679999999455,41.11405999999988],[37.78381000000081,41.05045000000064],[37.88383000000067,40.98517],[38.11648000000059,40.956599999999526]]]},"properties":{}},{"type":"Feature","geometry":{"type":"MultiLineString","coordinates":[[[38.11679,40.95629],[38.52558999999928,40.915750000000116],[39.15179999999964,41.06994999999915]]]},"properties":{}},{"type":"Feature","geometry":{"type":"MultiLineString","coordinates":[[[39.15145999999913,41.06994999999915],[39.42577999999958,41.105530000000726],[39.662169999999605,40.99438999999984],[40.1281999999992,40.90951999999925],[40.349379999999655,41.00324999999975]]]},"properties":{}},{"type":"Feature","geometry":{"type":"MultiLineString","coordinates":[[[47.30933,44.82885999999962],[47.30861,44.875449999999546],[47.30933,44.82885999999962]]]},"properties":{}},{"type":"Feature","geometry":{"type":"MultiLineString","coordinates":[[[47.24928,45.0],[47.15433999999914,44.79610999999932],[47.07280999999966,44.78507999999965],[47.03221999999914,44.85349999999926],[46.91049000000021,44.74359999999979]]]},"properties":{}},{"type":"Feature","geometry":{"type":"MultiLineString","coordinates":[[[47.018,44.69621999999981],[47.018,44.69621999999981]]]},"properties":{}},{"type":"Feature","geometry":{"type":"MultiLineString","coordinates":[[[46.811830000000555,44.492669999999634],[46.811830000000555,44.492669999999634]]]},"properties":{}},{"type":"Feature","geometry":{"type":"MultiLineString","coordinates":[[[47.007799999999406,44.45235999999932],[46.977279999999155,44.478440000000774],[47.007799999999406,44.45235999999932]]]},"properties":{}},{"type":"Feature","geometry":{"type":"MultiLineString","coordinates":[[[47.527830000000904,44.42138999999952],[47.526050000000396,44.48869000000013],[47.46768999999949,44.47907999999916],[47.527830000000904,44.42138999999952]]]},"properties":{}},{"type":"Feature","geometry":{"type":"MultiLineString","coordinates":[[[46.90819999999985,44.36046999999962],[46.90819999999985,44.36046999999962]]]},"properties":{}},{"type":"Feature","geometry":{"type":"MultiLineString","coordinates":[[[47.73811000000023,43.925139999999374],[47.8742000000002,43.98997000000054],[47.62797,43.98458000000028],[47.73811000000023,43.925139999999374]]]},"properties":{}},{"type":"Feature","geometry":{"type":"MultiLineString","coordinates":[[[46.91049000000021,44.74359999999979],[46.69100000000071,44.57006],[46.7128900000007,44.41729999999916],[46.83414000000084,44.33205000000089],[46.99366999999984,44.358829999999216],[47.13314,44.209500000000844],[47.22700000000077,44.22506000000067],[47.4641100000008,43.83843999999954],[47.52056000000084,43.85153],[47.521749999999884,43.776920000000246],[47.56496999999945,43.88094],[47.74322000000029,43.90608000000066],[47.518309999999474,43.55975000000035],[47.47292000000016,43.3645],[47.49238999999943,43.294190000000526],[47.52380000000085,43.35647000000063],[47.5660599999992,43.329939999999624],[47.53936000000067,43.25210999999945]]]},"properties":{}},{"type":"Feature","geometry":{"type":"MultiLineString","coordinates":[[[48.53381000000081,41.88503],[48.356949999999415,41.94969999999921],[48.11774999999943,42.3068600000006],[47.72921999999926,42.67228000000068],[47.69010999999955,42.87039],[47.47089000000051,42.99747000000025],[47.53936000000067,43.25210999999945]]]},"properties":{}},{"type":"Feature","geometry":{"type":"MultiLineString","coordinates":[[[48.53381000000081,41.88503],[49.068279999999504,41.36642000000029],[49.18332999999984,41.037280000000464],[49.50919000000067,40.81568999999945],[49.54342,40.631530000000566],[49.8078000000005,40.5632999999998],[50.06269000000066,40.5929500000002],[50.355030000000625,40.361950000000434],[50.36355999999978,40.19572],[50.3390500000005,40.292750000000524],[50.225500000000466,40.34969],[49.836419999999634,40.36722],[49.82464000000073,40.30343999999968],[49.47114,40.173249999999825],[49.48483,40.11227999999937],[49.412640000000465,40.07791999999972],[49.466889999999694,40.0]]]},"properties":{}},{"type":"Feature","geometry":{"type":"MultiLineString","coordinates":[[[-9.724060000000463,30.0],[-10.222149999999601,29.30859000000055],[-10.461639999999534,29.07215],[-11.07655,28.73863],[-11.450020000000222,28.343650000000707],[-12.220660000000862,28.05493000000024],[-12.30218000000059,27.975710000000618],[-12.232309999999416,28.055459999999584],[-12.9070499999998,27.95427000000018],[-13.168589999999313,27.667020000000775]]]},"properties":{}},{"type":"Feature","geometry":{"type":"MultiLineString","coordinates":[[[1.400789999999688,51.392690000000584],[1.423000000000684,51.331130000000485],[1.319260000000213,51.35333999999966],[1.400509999999485,51.392690000000584]]]},"properties":{}},{"type":"Feature","geometry":{"type":"MultiLineString","coordinates":[[[33.01934000000074,34.58523000000059],[32.93159999999989,34.568489999999656],[33.019140000000334,34.58504]]]},"properties":{}},{"type":"Feature","geometry":{"type":"MultiLineString","coordinates":[[[38.438780000000406,40.93136000000061],[38.438780000000406,40.93136000000061]]]},"properties":{}},{"type":"Feature","geometry":{"type":"MultiLineString","coordinates":[[[29.26988,40.79803],[29.270699999999124,40.79746999999952]]]},"properties":{}},{"type":"Feature","geometry":{"type":"MultiLineString","coordinates":[[[29.255510000000868,40.86269],[29.254440000000614,40.86369000000013]]]},"properties":{}},{"type":"Feature","geometry":{"type":"MultiLineString","coordinates":[[[29.27006000000074,40.84546000000046],[29.27147999999943,40.84516000000076]]]},"properties":{}},{"type":"Feature","geometry":{"type":"MultiLineString","coordinates":[[[28.97307,40.87694999999985],[28.9728099999993,40.8762200000001]]]},"properties":{}},{"type":"Feature","geometry":{"type":"MultiLineString","coordinates":[[[28.993889999999737,40.86703999999918],[28.993889999999737,40.86703999999918]]]},"properties":{}},{"type":"Feature","geometry":{"type":"MultiLineString","coordinates":[[[29.07782000000043,40.88546999999926],[29.07748,40.88593000000037]]]},"properties":{}},{"type":"Feature","geometry":{"type":"MultiLineString","coordinates":[[[27.79182000000037,40.37560999999914],[27.79134999999951,40.375710000000254]]]},"properties":{}},{"type":"Feature","geometry":{"type":"MultiLineString","coordinates":[[[27.58625000000029,40.52693],[27.586409999999887,40.52693]]]},"properties":{}},{"type":"Feature","geometry":{"type":"MultiLineString","coordinates":[[[27.56502,40.4702099999995],[27.564700000000812,40.47005]]]},"properties":{}},{"type":"Feature","geometry":{"type":"MultiLineString","coordinates":[[[27.706829999999172,40.52472999999918],[27.70658999999978,40.52554000000055]]]},"properties":{}},{"type":"Feature","geometry":{"type":"MultiLineString","coordinates":[[[27.8123599999999,40.52249999999913],[27.811760000000504,40.52223000000049]]]},"properties":{}},{"type":"Feature","geometry":{"type":"MultiLineString","coordinates":[[[27.585150000000795,40.48780000000079],[27.584930000000895,40.48776999999973]]]},"properties":{}},{"type":"Feature","geometry":{"type":"MultiLineString","coordinates":[[[27.636829999999463,40.50438000000031],[27.63777999999911,40.5042]]]},"properties":{}},{"type":"Feature","geometry":{"type":"MultiLineString","coordinates":[[[27.76074999999946,40.63510999999926],[27.759679999999207,40.63493000000017]]]},"properties":{}},{"type":"Feature","geometry":{"type":"MultiLineString","coordinates":[[[27.6865600000001,40.65780000000086],[27.6862,40.6598]]]},"properties":{}},{"type":"Feature","geometry":{"type":"MultiLineString","coordinates":[[[27.680720000000292,40.66314000000057],[27.6808400000009,40.66350000000057]]]},"properties":{}},{"type":"Feature","geometry":{"type":"MultiLineString","coordinates":[[[27.11377,40.46814000000086],[27.11377,40.46814000000086]]]},"properties":{}},{"type":"Feature","geometry":{"type":"MultiLineString","coordinates":[[[27.116439999999784,40.46226000000024],[27.11608999999953,40.46117000000049]]]},"properties":{}},{"type":"Feature","geometry":{"type":"MultiLineString","coordinates":[[[26.75971000000027,40.62207999999919],[26.75934000000052,40.6225400000003]]]},"properties":{}},{"type":"Feature","geometry":{"type":"MultiLineString","coordinates":[[[26.74156000000039,40.61765000000014],[26.741809999999532,40.61684000000059]]]},"properties":{}},{"type":"Feature","geometry":{"type":"MultiLineString","coordinates":[[[26.096740000000864,39.84536999999909],[26.094590000000608,39.8465099999994]]]},"properties":{}},{"type":"Feature","geometry":{"type":"MultiLineString","coordinates":[[[26.03570000000036,39.852240000000165],[26.033330000000205,39.85265000000072]]]},"properties":{}},{"type":"Feature","geometry":{"type":"MultiLineString","coordinates":[[[25.998709999999846,39.85143000000062],[25.99634999999944,39.851839999999356]]]},"properties":{}},{"type":"Feature","geometry":{"type":"MultiLineString","coordinates":[[[26.08317999999963,39.79608],[26.08249000000069,39.795430000000124]]]},"properties":{}},{"type":"Feature","geometry":{"type":"MultiLineString","coordinates":[[[26.076230000000578,39.7927],[26.07539,39.79322999999931]]]},"properties":{}},{"type":"Feature","geometry":{"type":"MultiLineString","coordinates":[[[26.08748000000014,39.919019999999364],[26.08748000000014,39.919019999999364]]]},"properties":{}},{"type":"Feature","geometry":{"type":"MultiLineString","coordinates":[[[26.074749999999767,39.91729999999916],[26.074749999999767,39.91729999999916]]]},"properties":{}},{"type":"Feature","geometry":{"type":"MultiLineString","coordinates":[[[26.050890000000436,39.92820000000029],[26.050890000000436,39.92820000000029]]]},"properties":{}},{"type":"Feature","geometry":{"type":"MultiLineString","coordinates":[[[26.053610000000845,39.93123000000014],[26.053610000000845,39.93123000000014]]]},"properties":{}},{"type":"Feature","geometry":{"type":"MultiLineString","coordinates":[[[26.71104000000014,39.40579000000071],[26.711569999999483,39.405720000000656]]]},"properties":{}},{"type":"Feature","geometry":{"type":"MultiLineString","coordinates":[[[26.71093,39.3772399999998],[26.71114999999918,39.37797]]]},"properties":{}},{"type":"Feature","geometry":{"type":"MultiLineString","coordinates":[[[26.729,39.38033],[26.729,39.38010000000031]]]},"properties":{}},{"type":"Feature","geometry":{"type":"MultiLineString","coordinates":[[[26.698819999999614,39.36967],[26.699259999999413,39.37111999999979]]]},"properties":{}},{"type":"Feature","geometry":{"type":"MultiLineString","coordinates":[[[26.725640000000567,39.36041],[26.725039999999353,39.36167000000023]]]},"properties":{}},{"type":"Feature","geometry":{"type":"MultiLineString","coordinates":[[[26.537050000000818,39.33223999999973],[26.53614000000016,39.33086999999978]]]},"properties":{}},{"type":"Feature","geometry":{"type":"MultiLineString","coordinates":[[[26.572759999999107,39.384179999999105],[26.57301,39.38336999999956]]]},"properties":{}},{"type":"Feature","geometry":{"type":"MultiLineString","coordinates":[[[26.670749999999316,39.355250000000524],[26.67058,39.355320000000575]]]},"properties":{}},{"type":"Feature","geometry":{"type":"MultiLineString","coordinates":[[[26.531890000000203,39.32166999999936],[26.5319,39.32184000000052]]]},"properties":{}},{"type":"Feature","geometry":{"type":"MultiLineString","coordinates":[[[26.637510000000475,39.37393999999949],[26.63586000000032,39.37500999999975]]]},"properties":{}},{"type":"Feature","geometry":{"type":"MultiLineString","coordinates":[[[26.59901,39.34469999999965],[26.59843,39.344419999999445]]]},"properties":{}},{"type":"Feature","geometry":{"type":"MultiLineString","coordinates":[[[26.578810000000885,39.33837999999923],[26.578589999999167,39.33904000000075]]]},"properties":{}},{"type":"Feature","geometry":{"type":"MultiLineString","coordinates":[[[26.662389999999505,39.323420000000624],[26.6605,39.325300000000425]]]},"properties":{}},{"type":"Feature","geometry":{"type":"MultiLineString","coordinates":[[[26.417740000000776,39.2757500000007],[26.416339999999764,39.27600999999959]]]},"properties":{}},{"type":"Feature","geometry":{"type":"MultiLineString","coordinates":[[[26.440280000000712,39.3072200000006],[26.44009,39.307489999999234]]]},"properties":{}},{"type":"Feature","geometry":{"type":"MultiLineString","coordinates":[[[26.446239999999307,39.31230999999934],[26.44601,39.3124200000002]]]},"properties":{}},{"type":"Feature","geometry":{"type":"MultiLineString","coordinates":[[[26.379839999999604,39.3763],[26.379580000000715,39.37710999999945]]]},"properties":{}},{"type":"Feature","geometry":{"type":"MultiLineString","coordinates":[[[26.45961999999963,39.24637000000075],[26.45973000000049,39.2467400000005]]]},"properties":{}},{"type":"Feature","geometry":{"type":"MultiLineString","coordinates":[[[26.595950000000812,39.35772],[26.59512,39.358249999999316]]]},"properties":{}},{"type":"Feature","geometry":{"type":"MultiLineString","coordinates":[[[26.602569999999105,39.35190999999941],[26.6021,39.35200000000077]]]},"properties":{}},{"type":"Feature","geometry":{"type":"MultiLineString","coordinates":[[[26.591410000000906,39.35088999999971],[26.591739999999845,39.35197999999946]]]},"properties":{}},{"type":"Feature","geometry":{"type":"MultiLineString","coordinates":[[[26.56632,39.33864999999969],[26.566790000000765,39.33856000000014]]]},"properties":{}},{"type":"Feature","geometry":{"type":"MultiLineString","coordinates":[[[26.43709999999919,39.29675],[26.43716999999924,39.29675]]]},"properties":{}},{"type":"Feature","geometry":{"type":"MultiLineString","coordinates":[[[26.43354,39.293869999999515],[26.43354,39.293869999999515]]]},"properties":{}},{"type":"Feature","geometry":{"type":"MultiLineString","coordinates":[[[26.38803999999982,39.29724999999962],[26.389540000000125,39.29867000000013]]]},"properties":{}},{"type":"Feature","geometry":{"type":"MultiLineString","coordinates":[[[26.570110000000568,39.33412],[26.57114999999976,39.33431000000019]]]},"properties":{}},{"type":"Feature","geometry":{"type":"MultiLineString","coordinates":[[[26.788220000000365,39.00547999999981],[26.789349999999104,39.00757]]]},"properties":{}},{"type":"Feature","geometry":{"type":"MultiLineString","coordinates":[[[26.79573999999957,38.9963800000005],[26.795850000000428,38.99675000000025]]]},"properties":{}},{"type":"Feature","geometry":{"type":"MultiLineString","coordinates":[[[26.78737,39.02285],[26.78748000000087,39.02320999999938]]]},"properties":{}},{"type":"Feature","geometry":{"type":"MultiLineString","coordinates":[[[26.806360000000495,38.93224],[26.80819,38.933429999999134]]]},"properties":{}},{"type":"Feature","geometry":{"type":"MultiLineString","coordinates":[[[26.537469999999303,39.1590099999994],[26.537420000000566,39.15903000000071]]]},"properties":{}},{"type":"Feature","geometry":{"type":"MultiLineString","coordinates":[[[26.506330000000162,39.195739999999205],[26.507009999999354,39.196389999999155]]]},"properties":{}},{"type":"Feature","geometry":{"type":"MultiLineString","coordinates":[[[26.108109999999215,39.10411000000022],[26.10786,39.104919999999765]]]},"properties":{}},{"type":"Feature","geometry":{"type":"MultiLineString","coordinates":[[[26.080949999999575,39.07419999999911],[26.080690000000686,39.075010000000475]]]},"properties":{}},{"type":"Feature","geometry":{"type":"MultiLineString","coordinates":[[[26.513170000000173,38.96421999999984],[26.51361,38.96566999999959]]]},"properties":{}},{"type":"Feature","geometry":{"type":"MultiLineString","coordinates":[[[26.513670000000275,38.971050000000105],[26.51332,38.97149999999965]]]},"properties":{}},{"type":"Feature","geometry":{"type":"MultiLineString","coordinates":[[[25.82054000000062,39.19811],[25.82121,39.19874999999956]]]},"properties":{}},{"type":"Feature","geometry":{"type":"MultiLineString","coordinates":[[[25.831889999999476,39.20342999999957],[25.83381,39.205]]]},"properties":{}},{"type":"Feature","geometry":{"type":"MultiLineString","coordinates":[[[25.84634,39.200520000000324],[25.848410000000513,39.200919999999314]]]},"properties":{}},{"type":"Feature","geometry":{"type":"MultiLineString","coordinates":[[[25.913769999999204,39.301369999999224],[25.913510000000315,39.30218000000059]]]},"properties":{}},{"type":"Feature","geometry":{"type":"MultiLineString","coordinates":[[[25.98309,39.2896],[25.982630000000427,39.28968999999961]]]},"properties":{}},{"type":"Feature","geometry":{"type":"MultiLineString","coordinates":[[[25.97671000000082,39.29302],[25.975420000000668,39.29363000000012]]]},"properties":{}},{"type":"Feature","geometry":{"type":"MultiLineString","coordinates":[[[25.90759000000071,39.30551000000014],[25.90780000000086,39.30623999999989]]]},"properties":{}},{"type":"Feature","geometry":{"type":"MultiLineString","coordinates":[[[26.147859999999127,39.332070000000385],[26.148189999999886,39.333160000000134]]]},"properties":{}},{"type":"Feature","geometry":{"type":"MultiLineString","coordinates":[[[26.152439999999842,39.32790000000023],[26.152910000000702,39.32781000000068]]]},"properties":{}},{"type":"Feature","geometry":{"type":"MultiLineString","coordinates":[[[26.839630000000398,38.90409],[26.838579999999638,38.90544000000045]]]},"properties":{}},{"type":"Feature","geometry":{"type":"MultiLineString","coordinates":[[[26.88567999999941,38.845869999999195],[26.884620000000723,38.84721]]]},"properties":{}},{"type":"Feature","geometry":{"type":"MultiLineString","coordinates":[[[26.895800000000236,38.86427],[26.896380000000136,38.86454000000049]]]},"properties":{}},{"type":"Feature","geometry":{"type":"MultiLineString","coordinates":[[[27.023999999999432,38.924010000000635],[27.024470000000292,38.92393000000084]]]},"properties":{}},{"type":"Feature","geometry":{"type":"MultiLineString","coordinates":[[[27.043649999999616,38.886210000000574],[27.04536999999982,38.887039999999615]]]},"properties":{}},{"type":"Feature","geometry":{"type":"MultiLineString","coordinates":[[[27.0343699999994,38.880160000000615],[27.0341499999995,38.879430000000866]]]},"properties":{}},{"type":"Feature","geometry":{"type":"MultiLineString","coordinates":[[[27.04308999999921,38.933429999999134],[27.044120000000476,38.93361]]]},"properties":{}},{"type":"Feature","geometry":{"type":"MultiLineString","coordinates":[[[27.03579,38.93519000000015],[27.03867999999966,38.93503000000055]]]},"properties":{}},{"type":"Feature","geometry":{"type":"MultiLineString","coordinates":[[[26.94521999999961,38.93231000000014],[26.94614,38.93212999999923]]]},"properties":{}},{"type":"Feature","geometry":{"type":"MultiLineString","coordinates":[[[26.90956,38.56201999999939],[26.911490000000413,38.56356000000051]]]},"properties":{}},{"type":"Feature","geometry":{"type":"MultiLineString","coordinates":[[[26.85384999999951,38.54030000000057],[26.854310000000623,38.540209999999206]]]},"properties":{}},{"type":"Feature","geometry":{"type":"MultiLineString","coordinates":[[[26.849840000000768,38.53303000000051],[26.850979999999254,38.53357999999935]]]},"properties":{}},{"type":"Feature","geometry":{"type":"MultiLineString","coordinates":[[[26.841780000000654,38.53529999999955],[26.8428100000001,38.53549000000021]]]},"properties":{}},{"type":"Feature","geometry":{"type":"MultiLineString","coordinates":[[[26.54464,37.52750999999989],[26.545529999999417,37.52756000000045]]]},"properties":{}},{"type":"Feature","geometry":{"type":"MultiLineString","coordinates":[[[26.519979999999123,37.525079999999434],[26.519889999999577,37.52614]]]},"properties":{}},{"type":"Feature","geometry":{"type":"MultiLineString","coordinates":[[[27.04613000000063,37.74777],[27.04649000000063,37.7488400000002]]]},"properties":{}},{"type":"Feature","geometry":{"type":"MultiLineString","coordinates":[[[27.01140999999916,37.688029999999344],[27.01224,37.688780000000406]]]},"properties":{}},{"type":"Feature","geometry":{"type":"MultiLineString","coordinates":[[[27.005880000000616,37.650180000000546],[27.004580000000715,37.64976000000024]]]},"properties":{}},{"type":"Feature","geometry":{"type":"MultiLineString","coordinates":[[[27.016019999999116,37.69887000000017],[27.015690000000177,37.698850000000675]]]},"properties":{}},{"type":"Feature","geometry":{"type":"MultiLineString","coordinates":[[[27.0134,37.65272999999979],[27.012070000000676,37.65265999999974]]]},"properties":{}},{"type":"Feature","geometry":{"type":"MultiLineString","coordinates":[[[26.974570000000313,37.79341000000022],[26.97372,37.79300999999941]]]},"properties":{}},{"type":"Feature","geometry":{"type":"MultiLineString","coordinates":[[[26.979709999999614,37.484049999999115],[26.979709999999614,37.484049999999115]]]},"properties":{}},{"type":"Feature","geometry":{"type":"MultiLineString","coordinates":[[[25.441639999999097,40.018850000000384],[25.441240000000107,40.01910999999927]]]},"properties":{}},{"type":"Feature","geometry":{"type":"MultiLineString","coordinates":[[[25.446970000000874,40.038689999999406],[25.44730999999956,40.03900000000067]]]},"properties":{}},{"type":"Feature","geometry":{"type":"MultiLineString","coordinates":[[[25.452799999999115,40.035649999999805],[25.452799999999115,40.035649999999805]]]},"properties":{}},{"type":"Feature","geometry":{"type":"MultiLineString","coordinates":[[[27.331780000000435,37.32358000000022],[27.333080000000336,37.32480000000032]]]},"properties":{}},{"type":"Feature","geometry":{"type":"MultiLineString","coordinates":[[[27.36620000000039,37.280109999999695],[27.366840000000593,37.280720000000656]]]},"properties":{}},{"type":"Feature","geometry":{"type":"MultiLineString","coordinates":[[[27.55754,37.245999999999185],[27.55754,37.245999999999185]]]},"properties":{}},{"type":"Feature","geometry":{"type":"MultiLineString","coordinates":[[[27.55004999999983,37.19760999999926],[27.550129999999626,37.19771000000037]]]},"properties":{}},{"type":"Feature","geometry":{"type":"MultiLineString","coordinates":[[[26.766610000000583,37.35291999999936],[26.766610000000583,37.35291999999936]]]},"properties":{}},{"type":"Feature","geometry":{"type":"MultiLineString","coordinates":[[[26.719339999999647,37.37219],[26.719339999999647,37.37219]]]},"properties":{}},{"type":"Feature","geometry":{"type":"MultiLineString","coordinates":[[[26.725039999999353,37.36428999999953],[26.725039999999353,37.36428999999953]]]},"properties":{}},{"type":"Feature","geometry":{"type":"MultiLineString","coordinates":[[[26.737080000000788,37.27179000000069],[26.737080000000788,37.27179000000069]]]},"properties":{}},{"type":"Feature","geometry":{"type":"MultiLineString","coordinates":[[[26.711590000000797,37.329789999999775],[26.711590000000797,37.329789999999775]]]},"properties":{}},{"type":"Feature","geometry":{"type":"MultiLineString","coordinates":[[[26.756499999999505,37.35815999999977],[26.757579999999507,37.358689999999115]]]},"properties":{}},{"type":"Feature","geometry":{"type":"MultiLineString","coordinates":[[[26.737119999999777,37.3399900000004],[26.737119999999777,37.3399900000004]]]},"properties":{}},{"type":"Feature","geometry":{"type":"MultiLineString","coordinates":[[[26.74591,37.35410000000047],[26.74591,37.35410000000047]]]},"properties":{}},{"type":"Feature","geometry":{"type":"MultiLineString","coordinates":[[[26.80522000000019,37.3156999999992],[26.80522000000019,37.3156999999992]]]},"properties":{}},{"type":"Feature","geometry":{"type":"MultiLineString","coordinates":[[[26.760560000000623,37.26586999999927],[26.760560000000623,37.26586999999927]]]},"properties":{}},{"type":"Feature","geometry":{"type":"MultiLineString","coordinates":[[[26.740850000000137,37.26592999999957],[26.740850000000137,37.26592999999957]]]},"properties":{}},{"type":"Feature","geometry":{"type":"MultiLineString","coordinates":[[[26.81931000000077,37.30751000000055],[26.81931000000077,37.30751000000055]]]},"properties":{}},{"type":"Feature","geometry":{"type":"MultiLineString","coordinates":[[[26.809339999999793,37.28483000000051],[26.809339999999793,37.28483000000051]]]},"properties":{}},{"type":"Feature","geometry":{"type":"MultiLineString","coordinates":[[[26.7542,37.35106000000087],[26.7542,37.35106000000087]]]},"properties":{}},{"type":"Feature","geometry":{"type":"MultiLineString","coordinates":[[[26.805140000000392,37.30616999999984],[26.805140000000392,37.30616999999984]]]},"properties":{}},{"type":"Feature","geometry":{"type":"MultiLineString","coordinates":[[[26.75214000000051,37.26380000000063],[26.75214000000051,37.26380000000063]]]},"properties":{}},{"type":"Feature","geometry":{"type":"MultiLineString","coordinates":[[[26.773839999999836,37.27434],[26.773839999999836,37.27434]]]},"properties":{}},{"type":"Feature","geometry":{"type":"MultiLineString","coordinates":[[[26.73186,37.34391999999934],[26.73186,37.34391999999934]]]},"properties":{}},{"type":"Feature","geometry":{"type":"MultiLineString","coordinates":[[[26.732560000000376,37.36175999999978],[26.732560000000376,37.36175999999978]]]},"properties":{}},{"type":"Feature","geometry":{"type":"MultiLineString","coordinates":[[[26.72847,37.3386900000005],[26.72847,37.3386900000005]]]},"properties":{}},{"type":"Feature","geometry":{"type":"MultiLineString","coordinates":[[[26.732309999999416,37.40730000000076],[26.732309999999416,37.40730000000076]]]},"properties":{}},{"type":"Feature","geometry":{"type":"MultiLineString","coordinates":[[[26.75214000000051,37.35806000000048],[26.75214000000051,37.35806000000048]]]},"properties":{}},{"type":"Feature","geometry":{"type":"MultiLineString","coordinates":[[[26.804019999999582,37.28548000000046],[26.804019999999582,37.28548000000046]]]},"properties":{}},{"type":"Feature","geometry":{"type":"MultiLineString","coordinates":[[[26.488709999999628,37.40776],[26.488709999999628,37.40776]]]},"properties":{}},{"type":"Feature","geometry":{"type":"MultiLineString","coordinates":[[[26.605900000000474,37.30211000000054],[26.605900000000474,37.30211000000054]]]},"properties":{}},{"type":"Feature","geometry":{"type":"MultiLineString","coordinates":[[[26.57021999999961,37.289310000000114],[26.57021999999961,37.289310000000114]]]},"properties":{}},{"type":"Feature","geometry":{"type":"MultiLineString","coordinates":[[[26.601479999999356,37.322299999999814],[26.601479999999356,37.322299999999814]]]},"properties":{}},{"type":"Feature","geometry":{"type":"MultiLineString","coordinates":[[[26.567220000000816,37.33683000000019],[26.567220000000816,37.33683000000019]]]},"properties":{}},{"type":"Feature","geometry":{"type":"MultiLineString","coordinates":[[[26.58813,37.33618000000024],[26.58813,37.33618000000024]]]},"properties":{}},{"type":"Feature","geometry":{"type":"MultiLineString","coordinates":[[[26.59411,37.33468],[26.59411,37.33468]]]},"properties":{}},{"type":"Feature","geometry":{"type":"MultiLineString","coordinates":[[[26.719810000000507,37.25379000000066],[26.719810000000507,37.25379000000066]]]},"properties":{}},{"type":"Feature","geometry":{"type":"MultiLineString","coordinates":[[[26.746839999999793,37.27066999999988],[26.746839999999793,37.27066999999988]]]},"properties":{}},{"type":"Feature","geometry":{"type":"MultiLineString","coordinates":[[[27.20155,37.47740999999951],[27.202100000000428,37.47767000000022]]]},"properties":{}},{"type":"Feature","geometry":{"type":"MultiLineString","coordinates":[[[27.21487999999954,37.46819999999934],[27.2162900000003,37.46829000000071]]]},"properties":{}},{"type":"Feature","geometry":{"type":"MultiLineString","coordinates":[[[27.207039999999324,37.46971999999914],[27.206609999999273,37.46981000000051]]]},"properties":{}},{"type":"Feature","geometry":{"type":"MultiLineString","coordinates":[[[25.83527999999933,37.12772000000041],[25.83484999999928,37.12768999999935]]]},"properties":{}},{"type":"Feature","geometry":{"type":"MultiLineString","coordinates":[[[26.172749999999724,36.902609999999186],[26.172749999999724,36.902609999999186]]]},"properties":{}},{"type":"Feature","geometry":{"type":"MultiLineString","coordinates":[[[25.90777,36.8162799999991],[25.90777,36.8162799999991]]]},"properties":{}},{"type":"Feature","geometry":{"type":"MultiLineString","coordinates":[[[25.92275999999947,36.83302999999978],[25.92207000000053,36.83270000000084]]]},"properties":{}},{"type":"Feature","geometry":{"type":"MultiLineString","coordinates":[[[25.890230000000884,36.876650000000154],[25.890230000000884,36.876650000000154]]]},"properties":{}},{"type":"Feature","geometry":{"type":"MultiLineString","coordinates":[[[25.79501,36.82084000000032],[25.79501,36.82084000000032]]]},"properties":{}},{"type":"Feature","geometry":{"type":"MultiLineString","coordinates":[[[26.324029999999766,36.98884999999973],[26.324029999999766,36.98884999999973]]]},"properties":{}},{"type":"Feature","geometry":{"type":"MultiLineString","coordinates":[[[27.35975999999937,37.17319999999927],[27.35975999999937,37.17429000000084]]]},"properties":{}},{"type":"Feature","geometry":{"type":"MultiLineString","coordinates":[[[27.213369999999486,37.086600000000544],[27.213369999999486,37.086600000000544]]]},"properties":{}},{"type":"Feature","geometry":{"type":"MultiLineString","coordinates":[[[27.240560000000187,37.08799999999974],[27.240560000000187,37.08799999999974]]]},"properties":{}},{"type":"Feature","geometry":{"type":"MultiLineString","coordinates":[[[27.475350000000617,37.12264999999934],[27.475350000000617,37.12264999999934]]]},"properties":{}},{"type":"Feature","geometry":{"type":"MultiLineString","coordinates":[[[27.20313999999962,37.045609999999215],[27.20313999999962,37.045609999999215]]]},"properties":{}},{"type":"Feature","geometry":{"type":"MultiLineString","coordinates":[[[27.47962,37.122880000000805],[27.47962,37.122880000000805]]]},"properties":{}},{"type":"Feature","geometry":{"type":"MultiLineString","coordinates":[[[29.06603,36.5547600000009],[29.066329999999653,36.55445999999938]]]},"properties":{}},{"type":"Feature","geometry":{"type":"MultiLineString","coordinates":[[[29.37439000000097,36.22040000000021],[29.37439000000097,36.22040000000021]]]},"properties":{}},{"type":"Feature","geometry":{"type":"MultiLineString","coordinates":[[[29.440130000000863,36.20426000000043],[29.43953,36.20456000000013]]]},"properties":{}},{"type":"Feature","geometry":{"type":"MultiLineString","coordinates":[[[29.550390000000334,36.187229999999545],[29.550390000000334,36.187229999999545]]]},"properties":{}},{"type":"Feature","geometry":{"type":"MultiLineString","coordinates":[[[29.663029999999708,36.137329999999565],[29.663029999999708,36.137329999999565]]]},"properties":{}},{"type":"Feature","geometry":{"type":"MultiLineString","coordinates":[[[29.9065599999995,36.212929999999744],[29.898489999999697,36.20755]]]},"properties":{}},{"type":"Feature","geometry":{"type":"MultiLineString","coordinates":[[[30.47458,36.24071],[30.473980000000665,36.24131]]]},"properties":{}},{"type":"Feature","geometry":{"type":"MultiLineString","coordinates":[[[30.59022,36.80635000000075],[30.589920000000347,36.80604999999923]]]},"properties":{}},{"type":"Feature","geometry":{"type":"MultiLineString","coordinates":[[[33.572260000000824,36.1244800000004],[33.572260000000824,36.1247800000001]]]},"properties":{}},{"type":"Feature","geometry":{"type":"MultiLineString","coordinates":[[[33.82713,36.269099999999526],[33.827730000000884,36.269099999999526]]]},"properties":{}},{"type":"Feature","geometry":{"type":"MultiLineString","coordinates":[[[30.26393,41.21501],[30.26393,41.21501]]]},"properties":{}},{"type":"Feature","geometry":{"type":"MultiLineString","coordinates":[[[34.46608000000015,46.12233000000015],[34.40564000000086,46.06293],[34.466599999999744,46.12233000000015]]]},"properties":{}},{"type":"Feature","geometry":{"type":"MultiLineString","coordinates":[[[34.32800999999927,46.01656],[34.32800999999927,46.01813000000038]]]},"properties":{}},{"type":"Feature","geometry":{"type":"MultiLineString","coordinates":[[[34.270699999999124,46.14682],[34.250379999999495,46.10773999999947],[34.19828000000052,46.1561899999997],[34.225899999999456,46.07230999999956],[34.27017999999953,46.14629000000059]]]},"properties":{}},{"type":"Feature","geometry":{"type":"MultiLineString","coordinates":[[[34.24726,46.167129999999815],[34.248820000000705,46.16661000000022]]]},"properties":{}},{"type":"Feature","geometry":{"type":"MultiLineString","coordinates":[[[34.179009999999835,46.13587],[34.20817999999963,46.079610000000685],[34.17952999999943,46.13587]]]},"properties":{}},{"type":"Feature","geometry":{"type":"MultiLineString","coordinates":[[[34.136280000000625,46.18798000000061],[34.13472,46.18798000000061]]]},"properties":{}},{"type":"Feature","geometry":{"type":"MultiLineString","coordinates":[[[33.90468999999939,46.10461000000032],[33.904169999999795,46.104090000000724]]]},"properties":{}},{"type":"Feature","geometry":{"type":"MultiLineString","coordinates":[[[34.6908999999996,46.01499999999942],[34.76905000000079,46.00562],[34.6908999999996,46.01499999999942]]]},"properties":{}},{"type":"Feature","geometry":{"type":"MultiLineString","coordinates":[[[32.52706000000035,29.912050000000818],[32.52671999999984,29.912399999999252]]]},"properties":{}},{"type":"Feature","geometry":{"type":"MultiLineString","coordinates":[[[33.69681999999921,27.76694999999927],[33.69715999999971,27.76694999999927]]]},"properties":{}},{"type":"Feature","geometry":{"type":"MultiLineString","coordinates":[[[33.576419999999416,27.64861000000019],[33.576419999999416,27.64861000000019]]]},"properties":{}},{"type":"Feature","geometry":{"type":"MultiLineString","coordinates":[[[33.781300000000556,27.687260000000606],[33.78163999999924,27.687260000000606]]]},"properties":{}},{"type":"Feature","geometry":{"type":"MultiLineString","coordinates":[[[34.738649999999325,28.09172000000035],[34.738649999999325,28.09172000000035]]]},"properties":{}},{"type":"Feature","geometry":{"type":"MultiLineString","coordinates":[[[34.686320000000705,28.04896],[34.685639999999694,28.049300000000585]]]},"properties":{}},{"type":"Feature","geometry":{"type":"MultiLineString","coordinates":[[[34.67195999999967,28.025700000000143],[34.671619999999166,28.025700000000143]]]},"properties":{}},{"type":"Feature","geometry":{"type":"MultiLineString","coordinates":[[[34.960979999999836,28.003469999999652],[34.96062999999958,28.003129999999146]]]},"properties":{}},{"type":"Feature","geometry":{"type":"MultiLineString","coordinates":[[[35.068890000000465,28.05033],[35.06922999999915,28.049650000000838]]]},"properties":{}},{"type":"Feature","geometry":{"type":"MultiLineString","coordinates":[[[35.055889999999636,28.047590000000127],[35.055889999999636,28.047590000000127]]]},"properties":{}},{"type":"Feature","geometry":{"type":"MultiLineString","coordinates":[[[35.445299999999406,27.668620000000374],[35.44598000000042,27.66896000000088]]]},"properties":{}},{"type":"Feature","geometry":{"type":"MultiLineString","coordinates":[[[35.0342299999993,24.82687000000078],[35.03448000000026,24.82687000000078]]]},"properties":{}},{"type":"Feature","geometry":{"type":"MultiLineString","coordinates":[[[35.0409,24.825849999999264],[35.0409,24.825849999999264]]]},"properties":{}},{"type":"Feature","geometry":{"type":"MultiLineString","coordinates":[[[35.07885999999962,24.880740000000515],[35.07834999999977,24.880999999999403]]]},"properties":{}},{"type":"Feature","geometry":{"type":"MultiLineString","coordinates":[[[35.0947699999997,24.82713],[35.0947699999997,24.82814999999937]]]},"properties":{}},{"type":"Feature","geometry":{"type":"MultiLineString","coordinates":[[[35.17993000000024,24.761000000000422],[35.17993000000024,24.760739999999714]]]},"properties":{}},{"type":"Feature","geometry":{"type":"MultiLineString","coordinates":[[[35.38695,24.31644000000051],[35.38695,24.31644000000051]]]},"properties":{}},{"type":"Feature","geometry":{"type":"MultiLineString","coordinates":[[[26.58854000000065,31.520689999999377],[26.58854000000065,31.52104]]]},"properties":{}},{"type":"Feature","geometry":{"type":"MultiLineString","coordinates":[[[27.303029999999126,36.953129999999874],[27.304120000000694,36.95058000000063]]]},"properties":{}},{"type":"Feature","geometry":{"type":"MultiLineString","coordinates":[[[27.362950000000637,37.00677],[27.36367000000064,37.00713999999971]]]},"properties":{}},{"type":"Feature","geometry":{"type":"MultiLineString","coordinates":[[[27.57778,36.97746999999981],[27.57778,36.97746999999981]]]},"properties":{}},{"type":"Feature","geometry":{"type":"MultiLineString","coordinates":[[[27.580690000000686,36.98569999999927],[27.580690000000686,36.98569999999927]]]},"properties":{}},{"type":"Feature","geometry":{"type":"MultiLineString","coordinates":[[[26.9315600000009,37.031269999999495],[26.9315600000009,37.031269999999495]]]},"properties":{}},{"type":"Feature","geometry":{"type":"MultiLineString","coordinates":[[[26.88326000000052,37.00366000000031],[26.88326000000052,37.00366000000031]]]},"properties":{}},{"type":"Feature","geometry":{"type":"MultiLineString","coordinates":[[[26.92130999999972,36.883819999999105],[26.92130999999972,36.883819999999105]]]},"properties":{}},{"type":"Feature","geometry":{"type":"MultiLineString","coordinates":[[[27.05443000000014,36.954100000000835],[27.05443000000014,36.954100000000835]]]},"properties":{}},{"type":"Feature","geometry":{"type":"MultiLineString","coordinates":[[[26.93123000000014,36.9337],[26.931220000000394,36.9337]]]},"properties":{}},{"type":"Feature","geometry":{"type":"MultiLineString","coordinates":[[[27.13897,37.045640000000276],[27.13897,37.045640000000276]]]},"properties":{}},{"type":"Feature","geometry":{"type":"MultiLineString","coordinates":[[[27.144420000000537,37.049269999999524],[27.144420000000537,37.049269999999524]]]},"properties":{}},{"type":"Feature","geometry":{"type":"MultiLineString","coordinates":[[[26.889789999999266,37.08238999999958],[26.889789999999266,37.08238999999958]]]},"properties":{}},{"type":"Feature","geometry":{"type":"MultiLineString","coordinates":[[[26.903589999999895,37.048179999999775],[26.903589999999895,37.048179999999775]]]},"properties":{}},{"type":"Feature","geometry":{"type":"MultiLineString","coordinates":[[[26.90323999999964,37.11470999999983],[26.90323999999964,37.11470999999983]]]},"properties":{}},{"type":"Feature","geometry":{"type":"MultiLineString","coordinates":[[[26.884060000000318,37.14106],[26.884060000000318,37.14106]]]},"properties":{}},{"type":"Feature","geometry":{"type":"MultiLineString","coordinates":[[[26.82445,37.202730000000884],[26.82445,37.202730000000884]]]},"properties":{}},{"type":"Feature","geometry":{"type":"MultiLineString","coordinates":[[[26.75949000000037,37.19057000000066],[26.75949000000037,37.19057000000066]]]},"properties":{}},{"type":"Feature","geometry":{"type":"MultiLineString","coordinates":[[[26.752769999999146,37.19550999999956],[26.752769999999146,37.19550999999956]]]},"properties":{}},{"type":"Feature","geometry":{"type":"MultiLineString","coordinates":[[[26.88680000000022,37.089749999999185],[26.88680000000022,37.089749999999185]]]},"properties":{}},{"type":"Feature","geometry":{"type":"MultiLineString","coordinates":[[[26.81464000000051,37.21077999999943],[26.81464000000051,37.21077999999943]]]},"properties":{}},{"type":"Feature","geometry":{"type":"MultiLineString","coordinates":[[[26.889419999999518,37.095069999999396],[26.889419999999518,37.095069999999396]]]},"properties":{}},{"type":"Feature","geometry":{"type":"MultiLineString","coordinates":[[[26.809320000000298,37.11993000000075],[26.809320000000298,37.11993000000075]]]},"properties":{}},{"type":"Feature","geometry":{"type":"MultiLineString","coordinates":[[[26.888699999999517,37.10574000000088],[26.857529999999315,37.18624000000091],[26.76488000000063,37.180459999999584],[26.888699999999517,37.10574000000088]]]},"properties":{}},{"type":"Feature","geometry":{"type":"MultiLineString","coordinates":[[[26.37687,36.9958800000004],[26.37687,36.9958800000004]]]},"properties":{}},{"type":"Feature","geometry":{"type":"MultiLineString","coordinates":[[[26.37105999999949,36.99296999999933],[26.37105999999949,36.99296999999933]]]},"properties":{}},{"type":"Feature","geometry":{"type":"MultiLineString","coordinates":[[[25.73620999999912,36.78939999999966],[25.73620999999912,36.78939999999966]]]},"properties":{}},{"type":"Feature","geometry":{"type":"MultiLineString","coordinates":[[[25.70809,37.066899999999805],[25.70881,37.06762999999955]]]},"properties":{}},{"type":"Feature","geometry":{"type":"MultiLineString","coordinates":[[[25.706640000000334,37.07723000000078],[25.70881,37.07832000000053]]]},"properties":{}},{"type":"Feature","geometry":{"type":"MultiLineString","coordinates":[[[28.09100000000035,40.449870000000374],[28.090410000000702,40.45046]]]},"properties":{}},{"type":"Feature","geometry":{"type":"MultiLineString","coordinates":[[[28.10225,40.4649700000009],[28.10225,40.46526000000085]]]},"properties":{}},{"type":"Feature","geometry":{"type":"MultiLineString","coordinates":[[[26.44065000000046,37.412099999999555],[26.44065000000046,37.412099999999555]]]},"properties":{}},{"type":"Feature","geometry":{"type":"MultiLineString","coordinates":[[[28.288029999999708,36.82142000000022],[28.28780999999981,36.82142000000022]]]},"properties":{}},{"type":"Feature","geometry":{"type":"MultiLineString","coordinates":[[[28.14912,36.19949000000088],[28.14912,36.19949000000088]]]},"properties":{}},{"type":"Feature","geometry":{"type":"MultiLineString","coordinates":[[[27.76466000000073,35.887039999999615],[27.76466000000073,35.887039999999615]]]},"properties":{}},{"type":"Feature","geometry":{"type":"MultiLineString","coordinates":[[[27.703190000000177,35.93692999999985],[27.703190000000177,35.93692999999985]]]},"properties":{}},{"type":"Feature","geometry":{"type":"MultiLineString","coordinates":[[[27.627839999999196,36.22264],[27.627839999999196,36.22264]]]},"properties":{}},{"type":"Feature","geometry":{"type":"MultiLineString","coordinates":[[[27.77469000000019,36.243720000000394],[27.77469000000019,36.243720000000394]]]},"properties":{}},{"type":"Feature","geometry":{"type":"MultiLineString","coordinates":[[[27.657680000000255,36.24964],[27.657680000000255,36.24964]]]},"properties":{}},{"type":"Feature","geometry":{"type":"MultiLineString","coordinates":[[[27.679019999999582,36.263269999999466],[27.679019999999582,36.263269999999466]]]},"properties":{}},{"type":"Feature","geometry":{"type":"MultiLineString","coordinates":[[[27.64121999999952,36.24886999999944],[27.64121999999952,36.24886999999944]]]},"properties":{}},{"type":"Feature","geometry":{"type":"MultiLineString","coordinates":[[[27.675680000000284,36.21364],[27.675680000000284,36.21364]]]},"properties":{}},{"type":"Feature","geometry":{"type":"MultiLineString","coordinates":[[[27.67414,36.198200000000725],[27.67414,36.198200000000725]]]},"properties":{}},{"type":"Feature","geometry":{"type":"MultiLineString","coordinates":[[[27.140520000000834,36.66393000000062],[27.140520000000834,36.66393000000062]]]},"properties":{}},{"type":"Feature","geometry":{"type":"MultiLineString","coordinates":[[[26.40687000000071,36.56590999999935],[26.40687000000071,36.56590999999935]]]},"properties":{}},{"type":"Feature","geometry":{"type":"MultiLineString","coordinates":[[[26.405730000000403,36.55221999999958],[26.405730000000403,36.55221999999958]]]},"properties":{}},{"type":"Feature","geometry":{"type":"MultiLineString","coordinates":[[[26.358389999999417,36.60071000000062],[26.358389999999417,36.60099000000082]]]},"properties":{}},{"type":"Feature","geometry":{"type":"MultiLineString","coordinates":[[[26.25913000000037,36.57789000000048],[26.25913000000037,36.57789000000048]]]},"properties":{}},{"type":"Feature","geometry":{"type":"MultiLineString","coordinates":[[[26.763240000000224,36.3004],[26.763240000000224,36.3004]]]},"properties":{}},{"type":"Feature","geometry":{"type":"MultiLineString","coordinates":[[[26.625130000000354,36.42167999999947],[26.625130000000354,36.42167999999947]]]},"properties":{}},{"type":"Feature","geometry":{"type":"MultiLineString","coordinates":[[[26.601769999999306,36.42022],[26.601769999999306,36.42022]]]},"properties":{}},{"type":"Feature","geometry":{"type":"MultiLineString","coordinates":[[[25.34842000000026,36.385589999999866],[25.34807,36.385589999999866]]]},"properties":{}},{"type":"Feature","geometry":{"type":"MultiLineString","coordinates":[[[24.991470000000845,36.61498000000029],[24.991470000000845,36.61532000000079]]]},"properties":{}},{"type":"Feature","geometry":{"type":"MultiLineString","coordinates":[[[27.872020000000703,36.516209999999774],[27.871719999999186,36.516209999999774]]]},"properties":{}},{"type":"Feature","geometry":{"type":"MultiLineString","coordinates":[[[27.82003000000077,36.656049999999595],[27.82003000000077,36.656049999999595]]]},"properties":{}},{"type":"Feature","geometry":{"type":"MultiLineString","coordinates":[[[28.698500000000422,36.69458999999915],[28.698200000000725,36.69458999999915]]]},"properties":{}},{"type":"Feature","geometry":{"type":"MultiLineString","coordinates":[[[28.92648999999983,36.69310000000041],[28.926789999999528,36.69369999999981]]]},"properties":{}},{"type":"Feature","geometry":{"type":"MultiLineString","coordinates":[[[28.933059999999386,36.710730000000694],[28.93275999999969,36.71103000000039]]]},"properties":{}},{"type":"Feature","geometry":{"type":"MultiLineString","coordinates":[[[29.007159999999203,36.69817999999941],[29.006869999999253,36.69817999999941]]]},"properties":{}},{"type":"Feature","geometry":{"type":"MultiLineString","coordinates":[[[29.099200000000565,36.64588999999978],[29.099490000000515,36.64588999999978]]]},"properties":{}},{"type":"Feature","geometry":{"type":"MultiLineString","coordinates":[[[26.71277,38.67439000000013],[26.713120000000345,38.673940000000584]]]},"properties":{}},{"type":"Feature","geometry":{"type":"MultiLineString","coordinates":[[[26.72537000000011,38.682010000000446],[26.72537000000011,38.682010000000446]]]},"properties":{}},{"type":"Feature","geometry":{"type":"MultiLineString","coordinates":[[[26.708189999999377,38.711530000000494],[26.709000000000742,38.71098999999958]]]},"properties":{}},{"type":"Feature","geometry":{"type":"MultiLineString","coordinates":[[[26.72451,38.70426000000043],[26.72451,38.70426000000043]]]},"properties":{}},{"type":"Feature","geometry":{"type":"MultiLineString","coordinates":[[[26.72929,38.67247999999927],[26.72918000000027,38.67211999999927]]]},"properties":{}},{"type":"Feature","geometry":{"type":"MultiLineString","coordinates":[[[26.745960000000196,38.618899999999485],[26.74641999999949,38.61881999999969]]]},"properties":{}},{"type":"Feature","geometry":{"type":"MultiLineString","coordinates":[[[26.75173,38.61706000000049],[26.75184000000081,38.61743000000024]]]},"properties":{}},{"type":"Feature","geometry":{"type":"MultiLineString","coordinates":[[[26.75123,38.62020999999913],[26.75076000000081,38.6203000000005]]]},"properties":{}},{"type":"Feature","geometry":{"type":"MultiLineString","coordinates":[[[26.74866,38.62298],[26.74762,38.62278999999944]]]},"properties":{}},{"type":"Feature","geometry":{"type":"MultiLineString","coordinates":[[[26.747849999999744,38.615490000000136],[26.747040000000197,38.61602999999923]]]},"properties":{}},{"type":"Feature","geometry":{"type":"MultiLineString","coordinates":[[[-6.312340000000404,36.54775999999947],[-6.312449999999444,36.54817]]]},"properties":{}},{"type":"Feature","geometry":{"type":"MultiLineString","coordinates":[[[-6.33412,36.53462000000036],[-6.198829999999361,36.39002000000073],[-6.33412,36.53462000000036]]]},"properties":{}},{"type":"Feature","geometry":{"type":"MultiLineString","coordinates":[[[-6.203159999999116,36.48888000000079],[-6.223739999999452,36.44274000000041],[-6.201629999999568,36.48917000000074]]]},"properties":{}},{"type":"Feature","geometry":{"type":"MultiLineString","coordinates":[[[26.772279999999228,38.40508000000045],[26.772279999999228,38.40508000000045]]]},"properties":{}},{"type":"Feature","geometry":{"type":"MultiLineString","coordinates":[[[26.788049999999203,38.39365999999973],[26.788249999999607,38.393850000000384]]]},"properties":{}},{"type":"Feature","geometry":{"type":"MultiLineString","coordinates":[[[26.78564,38.414810000000216],[26.78461000000061,38.41461999999956]]]},"properties":{}},{"type":"Feature","geometry":{"type":"MultiLineString","coordinates":[[[26.79798,38.420280000000275],[26.798440000000483,38.42019000000073]]]},"properties":{}},{"type":"Feature","geometry":{"type":"MultiLineString","coordinates":[[[26.268449999999575,38.499149999999645],[26.268700000000536,38.49834]]]},"properties":{}},{"type":"Feature","geometry":{"type":"MultiLineString","coordinates":[[[26.275320000000647,38.504039999999804],[26.27556,38.50323000000026]]]},"properties":{}},{"type":"Feature","geometry":{"type":"MultiLineString","coordinates":[[[26.372489999999743,38.432670000000144],[26.372950000000856,38.432590000000346]]]},"properties":{}},{"type":"Feature","geometry":{"type":"MultiLineString","coordinates":[[[26.11629,38.562369999999646],[26.116389999999228,38.56272999999965]]]},"properties":{}},{"type":"Feature","geometry":{"type":"MultiLineString","coordinates":[[[26.1558100000002,38.46976],[26.158289999999397,38.47160000000076]]]},"properties":{}},{"type":"Feature","geometry":{"type":"MultiLineString","coordinates":[[[26.42800999999963,38.47467999999935],[26.42800999999963,38.47467999999935]]]},"properties":{}},{"type":"Feature","geometry":{"type":"MultiLineString","coordinates":[[[26.49323,38.405909999999494],[26.49345,38.406629999999495]]]},"properties":{}},{"type":"Feature","geometry":{"type":"MultiLineString","coordinates":[[[26.22012,38.50855000000047],[26.220369999999093,38.50775000000067]]]},"properties":{}},{"type":"Feature","geometry":{"type":"MultiLineString","coordinates":[[[26.162490000000616,38.55459999999948],[26.16295,38.554519999999684]]]},"properties":{}},{"type":"Feature","geometry":{"type":"MultiLineString","coordinates":[[[26.146230000000287,38.56902000000082],[26.14730000000054,38.56768000000011]]]},"properties":{}},{"type":"Feature","geometry":{"type":"MultiLineString","coordinates":[[[26.164440000000468,38.53487999999925],[26.1665,38.53527000000031]]]},"properties":{}},{"type":"Feature","geometry":{"type":"MultiLineString","coordinates":[[[26.262549999999464,38.51125999999931],[26.262860000000728,38.50899000000027]]]},"properties":{}},{"type":"Feature","geometry":{"type":"MultiLineString","coordinates":[[[26.183569999999236,38.527249999999185],[26.18391999999949,38.52679999999964]]]},"properties":{}},{"type":"Feature","geometry":{"type":"MultiLineString","coordinates":[[[26.18599,38.52558999999928],[26.183689999999842,38.526]]]},"properties":{}},{"type":"Feature","geometry":{"type":"MultiLineString","coordinates":[[[26.518519999999626,38.65738000000056],[26.51749000000018,38.65719]]]},"properties":{}},{"type":"Feature","geometry":{"type":"MultiLineString","coordinates":[[[26.526239999999234,38.65388999999959],[26.526239999999234,38.65388999999959]]]},"properties":{}},{"type":"Feature","geometry":{"type":"MultiLineString","coordinates":[[[26.3795599999994,38.48747999999978],[26.38105,38.48759000000064]]]},"properties":{}},{"type":"Feature","geometry":{"type":"MultiLineString","coordinates":[[[26.456739999999627,38.36130000000048],[26.456500000000233,38.36211]]]},"properties":{}},{"type":"Feature","geometry":{"type":"MultiLineString","coordinates":[[[26.21212999999989,38.29247000000032],[26.212240000000747,38.29283000000032]]]},"properties":{}},{"type":"Feature","geometry":{"type":"MultiLineString","coordinates":[[[26.193569999999454,38.292199999999866],[26.195369999999457,38.293400000000474]]]},"properties":{}},{"type":"Feature","geometry":{"type":"MultiLineString","coordinates":[[[26.314440000000104,38.41581000000042],[26.315819999999803,38.41555999999946]]]},"properties":{}},{"type":"Feature","geometry":{"type":"MultiLineString","coordinates":[[[26.294519999999466,38.38286999999946],[26.294589999999516,38.384760000000824]]]},"properties":{}},{"type":"Feature","geometry":{"type":"MultiLineString","coordinates":[[[26.289779999999155,38.38983],[26.29067000000032,38.39119000000028]]]},"properties":{}},{"type":"Feature","geometry":{"type":"MultiLineString","coordinates":[[[26.27815,38.388129999999364],[26.279280000000654,38.38868999999977]]]},"properties":{}},{"type":"Feature","geometry":{"type":"MultiLineString","coordinates":[[[26.45224000000053,38.38610999999946],[26.452590000000782,38.385669999999664]]]},"properties":{}},{"type":"Feature","geometry":{"type":"MultiLineString","coordinates":[[[26.4664300000004,38.3743599999998],[26.467780000000857,38.3756400000002]]]},"properties":{}},{"type":"Feature","geometry":{"type":"MultiLineString","coordinates":[[[26.44438000000082,38.39108999999917],[26.446780000000217,38.39103000000068]]]},"properties":{}},{"type":"Feature","geometry":{"type":"MultiLineString","coordinates":[[[26.431699999999182,38.385050000000774],[26.433759999999893,38.38544]]]},"properties":{}},{"type":"Feature","geometry":{"type":"MultiLineString","coordinates":[[[26.43044,38.391349999999875],[26.433650000000853,38.39076000000023]]]},"properties":{}},{"type":"Feature","geometry":{"type":"MultiLineString","coordinates":[[[26.457179999999425,38.3801399999993],[26.45867,38.38025000000016]]]},"properties":{}},{"type":"Feature","geometry":{"type":"MultiLineString","coordinates":[[[26.30481999999938,38.418250000000626],[26.30631,38.418359999999666]]]},"properties":{}},{"type":"Feature","geometry":{"type":"MultiLineString","coordinates":[[[26.434900000000198,38.194690000000264],[26.435390000000552,38.19308]]]},"properties":{}},{"type":"Feature","geometry":{"type":"MultiLineString","coordinates":[[[26.45205999999962,38.19767999999931],[26.451489999999467,38.19741000000067]]]},"properties":{}},{"type":"Feature","geometry":{"type":"MultiLineString","coordinates":[[[26.44101000000046,38.186869999999544],[26.4420599999994,38.185530000000654]]]},"properties":{}},{"type":"Feature","geometry":{"type":"MultiLineString","coordinates":[[[25.962639999999737,38.31682],[25.962530000000697,38.31646]]]},"properties":{}},{"type":"Feature","geometry":{"type":"MultiLineString","coordinates":[[[25.95132999999987,38.314220000000205],[25.954289999999673,38.31444999999985]]]},"properties":{}},{"type":"Feature","geometry":{"type":"MultiLineString","coordinates":[[[26.80458,38.15846000000056],[26.804040000000896,38.16333999999915]]]},"properties":{}},{"type":"Feature","geometry":{"type":"MultiLineString","coordinates":[[[26.830229999999574,38.124110000000655],[26.833800000000338,38.12422999999944]]]},"properties":{}},{"type":"Feature","geometry":{"type":"MultiLineString","coordinates":[[[25.940629999999146,38.32026000000042],[25.940590000000157,38.320630000000165]]]},"properties":{}},{"type":"Feature","geometry":{"type":"MultiLineString","coordinates":[[[25.872310000000653,38.27801],[25.871769999999742,38.2787100000005]]]},"properties":{}},{"type":"Feature","geometry":{"type":"MultiLineString","coordinates":[[[26.068419999999605,38.18062],[26.068450000000666,38.18024999999943]]]},"properties":{}},{"type":"Feature","geometry":{"type":"MultiLineString","coordinates":[[[25.9098699999995,38.20851000000039],[25.91041000000041,38.20875999999953]]]},"properties":{}},{"type":"Feature","geometry":{"type":"MultiLineString","coordinates":[[[25.92769000000044,37.23986999999943],[25.92769000000044,37.23986999999943]]]},"properties":{}},{"type":"Feature","geometry":{"type":"MultiLineString","coordinates":[[[26.418359999999666,37.52897],[26.418229999999312,37.53038000000015]]]},"properties":{}},{"type":"Feature","geometry":{"type":"MultiLineString","coordinates":[[[26.432329999999638,37.59962000000087],[26.432329999999638,37.59962000000087]]]},"properties":{}},{"type":"Feature","geometry":{"type":"MultiLineString","coordinates":[[[26.490630000000237,37.51532000000043],[26.490630000000237,37.51532000000043]]]},"properties":{}},{"type":"Feature","geometry":{"type":"MultiLineString","coordinates":[[[26.497149999999237,37.52204999999958],[26.49793999999929,37.523150000000896]]]},"properties":{}},{"type":"Feature","geometry":{"type":"MultiLineString","coordinates":[[[27.385619999999108,37.13609],[27.385619999999108,37.13609]]]},"properties":{}},{"type":"Feature","geometry":{"type":"MultiLineString","coordinates":[[[27.27592,37.14227000000028],[27.27774,37.14263000000028]]]},"properties":{}},{"type":"Feature","geometry":{"type":"MultiLineString","coordinates":[[[27.2551399999993,37.13140000000021],[27.2551399999993,37.13140000000021]]]},"properties":{}},{"type":"Feature","geometry":{"type":"MultiLineString","coordinates":[[[27.22896000000037,36.98301999999967],[27.22896000000037,36.98301999999967]]]},"properties":{}},{"type":"Feature","geometry":{"type":"MultiLineString","coordinates":[[[27.267675923187426,37.53654922912767],[27.201789999999164,37.49827],[27.193139999999403,37.35436],[27.323119999999108,37.342029999999795],[27.422500000000582,37.41120000000046]]]},"properties":{}},{"type":"Feature","geometry":{"type":"MultiLineString","coordinates":[[[27.26305999999937,37.88479999999976],[27.241990000000442,37.730170000000726],[26.99705,37.65719],[27.238289999999324,37.5811900000009]],[[27.34326700104873,37.94997711064451],[27.26296,37.88405000000063]]]},"properties":{}},{"type":"Feature","geometry":{"type":"MultiLineString","coordinates":[[[27.238289999999324,37.5811900000009],[27.267675923187426,37.53654922912767]]]},"properties":{}},{"type":"Feature","geometry":{"type":"MultiLineString","coordinates":[[[27.222564526198482,37.53968530590794],[27.226942734449153,37.541969588473535]]]},"properties":{}},{"type":"Feature","geometry":{"type":"MultiLineString","coordinates":[[[27.23398593902641,37.539304592147005],[27.23398593902641,37.539304592147005]]]},"properties":{}},{"type":"Feature","geometry":{"type":"MultiLineString","coordinates":[[[27.76087477010094,36.579138445046055],[27.76087477010094,36.579138445046055]]]},"properties":{}},{"type":"Feature","geometry":{"type":"MultiLineString","coordinates":[[[27.75267216353467,36.5711168457608],[27.752672312251093,36.57111461501614]]]},"properties":{}},{"type":"Feature","geometry":{"type":"MultiLineString","coordinates":[[[27.74569692231222,36.567991770734295],[27.745698706907774,36.56799077929219]]]},"properties":{}},{"type":"Feature","geometry":{"type":"MultiLineString","coordinates":[[[27.74729495840927,36.56231769810512],[27.747308342877375,36.56231323661564]]]},"properties":{}},{"type":"Feature","geometry":{"type":"MultiLineString","coordinates":[[[27.294070290865932,37.99319045638185],[27.330239692878763,37.962841209469104]]]},"properties":{}},{"type":"Feature","geometry":{"type":"MultiLineString","coordinates":[[[27.2930035894683,37.99531894711913],[27.34326700104873,37.94997711064451]]]},"properties":{}},{"type":"Feature","geometry":{"type":"MultiLineString","coordinates":[[[27.324206788690617,38.00450728189196],[27.34326700104873,37.94997711064451]]]},"properties":{}},{"type":"Feature","geometry":{"type":"MultiLineString","coordinates":[[[27.294070290865932,37.99319045638185],[27.3687027094997,38.01045593440654],[27.349904967553755,37.95073146316008]]]},"properties":{}},{"type":"Feature","geometry":{"type":"MultiLineString","coordinates":[[[23.37893098732081,40.00989201966603],[23.30280816264701,40.1003747935153],[23.302697681815914,40.23115248793073],[22.901000790193564,40.37750339538883],[22.815768496964665,40.50135434074224],[22.98936802329763,40.53139503594082],[22.942538114841113,40.63020107426638],[22.855018915564585,40.61094134651046]]]},"properties":{}},{"type":"Feature","geometry":{"type":"MultiLineString","coordinates":[[[23.997349999999585,39.955780000000345],[23.82323211215578,40.005885067727945],[23.651600518222608,40.22351388317827],[23.402098879955133,40.278326279303315],[23.340904921599645,40.23647630175958],[23.472408362746762,40.05158952988717],[23.750858215597304,39.92749767660297]]]},"properties":{}},{"type":"Feature","geometry":{"type":"MultiLineString","coordinates":[[[24.35223000000036,40.12644],[24.15865999999926,40.28302000000076],[23.9132415023862,40.36491454975743],[23.731012860715396,40.354944608142944],[23.698829999999475,40.277249999999185],[23.775933424373363,40.19221172880697],[24.000270000000512,40.11197],[23.997349999999585,39.955780000000345]]]},"properties":{}},{"type":"Feature","geometry":{"type":"MultiLineString","coordinates":[[[27.238289999999324,37.5811900000009],[27.390949293364095,37.554220415271196]]]},"properties":{}},{"type":"Feature","geometry":{"type":"MultiLineString","coordinates":[[[27.38033,37.50561000000016],[27.26848000000075,37.53845]]]},"properties":{}},{"type":"Feature","geometry":{"type":"MultiLineString","coordinates":[[[25.806615337078856,36.311197633408646],[25.806615337078856,36.311197633408646]]]},"properties":{}},{"type":"Feature","geometry":{"type":"MultiLineString","coordinates":[[[26.878120978227873,38.02569477939183],[26.877978210567523,38.02555201173148]]]},"properties":{}},{"type":"Feature","geometry":{"type":"MultiLineString","coordinates":[[[26.855968196263593,38.025599600951594],[26.855920607043476,38.025599600951594]]]},"properties":{}},{"type":"Feature","geometry":{"type":"MultiLineString","coordinates":[[[26.852303826314614,38.0459677871615],[26.852303826314614,38.045920197941385]]]},"properties":{}},{"type":"Feature","geometry":{"type":"MultiLineString","coordinates":[[[26.179693518365657,35.38422536932411],[26.179693518365657,35.38419482207291]]]},"properties":{}},{"type":"Feature","geometry":{"type":"MultiLineString","coordinates":[[[26.181702254692777,35.36041098684549],[26.181702254692777,35.3603920220937]]]},"properties":{}},{"type":"Feature","geometry":{"type":"MultiLineString","coordinates":[[[24.15695399053345,35.489313548970244],[24.157011097597586,35.48937065603438]]]},"properties":{}},{"type":"Feature","geometry":{"type":"MultiLineString","coordinates":[[[24.579575580717506,36.75779854766308],[24.579518473653366,36.757684333534804]]]},"properties":{}},{"type":"Feature","geometry":{"type":"MultiLineString","coordinates":[[[24.581916970347244,36.77715784240652],[24.58203118447552,36.77710073534238]]]},"properties":{}},{"type":"Feature","geometry":{"type":"MultiLineString","coordinates":[[[24.575349657971152,36.75762722647066],[24.575349657971152,36.75762722647066]]]},"properties":{}},{"type":"Feature","geometry":{"type":"MultiLineString","coordinates":[[[24.580146651358906,36.77504488103334],[24.580146651358906,36.77504488103334]]]},"properties":{}},{"type":"Feature","geometry":{"type":"MultiLineString","coordinates":[[[22.855018915564585,40.61094134651046],[22.657954386170843,40.55536860342687],[22.596195771452813,40.47405414346997]]]},"properties":{}},{"type":"Feature","geometry":{"type":"MultiLineString","coordinates":[[[22.596958716514052,40.47412867926636],[22.65881504587776,40.3624220184804],[22.55129228461641,40.16121908161699],[22.585737458145502,40.044128703553895]]]},"properties":{}},{"type":"Feature","geometry":{"type":"MultiLineString","coordinates":[[[26.02853999999934,40.82704999999987],[25.550380000000644,40.860129999999174],[25.134169999999415,40.95967000000013],[25.141700000000185,41.015869999999325],[24.95572,40.93790000000081]]]},"properties":{}},{"type":"Feature","geometry":{"type":"MultiLineString","coordinates":[[[24.95572,40.93790000000081],[24.63825999999966,40.91902999999917]],[[24.638530000000173,40.91902999999917],[24.56892999999951,40.93945999999971]]]},"properties":{}},{"type":"Feature","geometry":{"type":"MultiLineString","coordinates":[[[27.05127999999968,38.59993000000031],[27.025250000000597,38.53110000000015],[27.10994000000028,38.44771000000037],[27.175559999999678,38.46498000000065],[27.14215999999942,38.439290000000256]]]},"properties":{}},{"type":"Feature","geometry":{"type":"MultiLineString","coordinates":[[[26.80213999999978,38.61031],[26.85975999999937,38.649569999999585],[27.051229999999123,38.60009]]]},"properties":{}},{"type":"Feature","geometry":{"type":"MultiLineString","coordinates":[[[21.09154999999913,38.533810000000926],[21.10988,38.4514]]]},"properties":{}},{"type":"Feature","geometry":{"type":"MultiLineString","coordinates":[[[21.10988,38.4514],[21.171050000000946,38.51210999999972],[21.20056496124539,38.464736646319295]]]},"properties":{}},{"type":"Feature","geometry":{"type":"MultiLineString","coordinates":[[[21.325217037542473,38.39214411752107],[21.183575068737923,38.3902635434319],[21.200065425777666,38.46413534035463]]]},"properties":{}},{"type":"Feature","geometry":{"type":"MultiLineString","coordinates":[[[21.20056496124539,38.464736646319295],[21.184989999999686,38.35765],[21.327864038701136,38.3960146331313]]]},"properties":{}},{"type":"Feature","geometry":{"type":"MultiLineString","coordinates":[[[23.800470405852366,40.62163041327318],[23.800470405852366,40.62163041327318]]]},"properties":{}},{"type":"Feature","geometry":{"type":"MultiLineString","coordinates":[[[22.59616852341503,40.47405148147726],[22.526385387083337,40.58845641644933],[22.64631022177724,40.67697236586622]]]},"properties":{}},{"type":"Feature","geometry":{"type":"MultiLineString","coordinates":[[[22.65166400904036,40.67625852756436],[22.860977458144475,40.62871870355235]]]},"properties":{}},{"type":"Feature","geometry":{"type":"MultiLineString","coordinates":[[[13.106675964735018,40.83833269244349],[13.106675964735018,40.838273205918256]]]},"properties":{}},{"type":"Feature","geometry":{"type":"MultiLineString","coordinates":[[[-5.419690620607923,36.106296739673894],[-5.419690620607923,36.106296739673894]]]},"properties":{}},{"type":"Feature","geometry":{"type":"MultiLineString","coordinates":[[[-5.409619551900789,35.927361272035455],[-5.409619551900789,35.927361272035455]]]},"properties":{}},{"type":"Feature","geometry":{"type":"MultiLineString","coordinates":[[[-6.036560000000463,53.09875],[-5.998419999999896,52.9626700000008],[-6.226409999999305,52.64572000000044],[-6.206469999999172,52.54409999999916],[-6.356949999999415,52.346740000000864],[-6.511329999999361,52.35246],[-6.314969999999448,52.24177000000054],[-6.362629999999626,52.17253999999957]]]},"properties":{}},{"type":"Feature","geometry":{"type":"MultiLineString","coordinates":[[[-2.98848,51.135550000000876],[-3.100010000000111,51.209500000000844]]]},"properties":{}},{"type":"Feature","geometry":{"type":"MultiLineString","coordinates":[[[-3.013300000000527,51.29862999999932],[-2.946089999999458,51.18373000000065],[-3.00101,51.18902999999955],[-2.921280000000479,51.134110000000874],[-2.98848,51.135550000000876]]]},"properties":{}},{"type":"Feature","geometry":{"type":"MultiLineString","coordinates":[[[0.785710000000108,50.93433],[0.310729999999239,50.83371000000079],[0.260550000000876,50.7379],[0.00346,50.78850000000057]]]},"properties":{}},{"type":"Feature","geometry":{"type":"MultiLineString","coordinates":[[[1.403109999999344,51.166359999999315],[1.143500000000245,51.07342000000068]]]},"properties":{}},{"type":"Feature","geometry":{"type":"MultiLineString","coordinates":[[[1.40431,51.20384000000013],[1.293550000000266,51.36148999999932],[1.215399236844803,51.379117074667306]]]},"properties":{}},{"type":"Feature","geometry":{"type":"MultiLineString","coordinates":[[[1.403109999999344,51.166359999999315],[1.40431,51.20384000000013]]]},"properties":{}},{"type":"Feature","geometry":{"type":"MultiLineString","coordinates":[[[27.42677849801663,37.637288097548605],[27.42677849801663,37.637288097548605]]]},"properties":{}},{"type":"Feature","geometry":{"type":"MultiLineString","coordinates":[[[27.350064675188776,37.97756291868734],[27.350064675188776,37.97756291868734]]]},"properties":{}},{"type":"Feature","geometry":{"type":"MultiLineString","coordinates":[[[27.3909492933642,37.554220415271175],[27.38033,37.50561000000016]]]},"properties":{}},{"type":"Feature","geometry":{"type":"MultiLineString","coordinates":[[[27.199860000000683,37.62192999999934],[27.409313254233837,37.73579778318987],[27.509203027258707,37.705340682315295],[27.517531140779113,37.632529175536945],[27.388489999999308,37.57618999999988]]]},"properties":{}},{"type":"Feature","geometry":{"type":"MultiLineString","coordinates":[[[3.495844642885061,43.26877690834522],[3.495844642885061,43.26877690834522]]]},"properties":{}},{"type":"Feature","geometry":{"type":"MultiLineString","coordinates":[[[31.967267432367635,46.20247545576973],[31.967267432367635,46.20247545576973]]]},"properties":{}},{"type":"Feature","geometry":{"type":"MultiLineString","coordinates":[[[31.969551714933232,46.19405216380909],[31.969551714933232,46.19405216380909]]]},"properties":{}},{"type":"Feature","geometry":{"type":"MultiLineString","coordinates":[[[31.976547330290487,46.185486104188215],[31.976547330290487,46.185486104188215]]]},"properties":{}},{"type":"Feature","geometry":{"type":"MultiLineString","coordinates":[[[-7.851075131442087,43.78305672297614],[-7.851075131442087,43.78305672297614]]]},"properties":{}},{"type":"Feature","geometry":{"type":"MultiLineString","coordinates":[[[-7.843651213103897,43.78574075499074],[-7.843651213103897,43.78574075499074]]]},"properties":{}},{"type":"Feature","geometry":{"type":"MultiLineString","coordinates":[[[-7.85375916345663,43.780258476833296],[-7.85375916345663,43.780258476833296]]]},"properties":{}},{"type":"Feature","geometry":{"type":"MultiLineString","coordinates":[[[10.20045000000033,37.170739999999626],[10.220850176192187,37.16876216190633]]]},"properties":{}},{"type":"Feature","geometry":{"type":"MultiLineString","coordinates":[[[10.200450000000274,37.17073999999957],[10.220850176192084,37.16876216190634]]]},"properties":{}},{"type":"Feature","geometry":{"type":"MultiLineString","coordinates":[[[10.153397755767344,37.167116114529506],[10.20045000000033,37.170739999999626]]]},"properties":{}},{"type":"Feature","geometry":{"type":"MultiLineString","coordinates":[[[10.069446959118238,37.04993842741385],[10.07040454940551,36.95746200792058],[10.216169999999806,36.97225000000071]]]},"properties":{}},{"type":"Feature","geometry":{"type":"MultiLineString","coordinates":[[[10.069446959118238,37.04993842741385],[10.061390000000756,37.05937000000091]]]},"properties":{}},{"type":"Feature","geometry":{"type":"MultiLineString","coordinates":[[[10.066733231430362,37.0484308009207],[10.216169999999806,36.97225000000071]]]},"properties":{}},{"type":"Feature","geometry":{"type":"MultiLineString","coordinates":[[[10.226049999999304,36.95398000000023],[10.224260000000868,36.9626700000008]]]},"properties":{}},{"type":"Feature","geometry":{"type":"MultiLineString","coordinates":[[[10.217546397604963,36.9499961840491],[10.242251317172247,36.89301221265191],[10.286568778405865,36.904314652429605],[10.247940301991491,36.9490544679918],[10.31692,36.91655999999966]]]},"properties":{}},{"type":"Feature","geometry":{"type":"MultiLineString","coordinates":[[[10.224260000000925,36.962670000000855],[10.226049999999248,36.95398000000034]]]},"properties":{}},{"type":"Feature","geometry":{"type":"MultiLineString","coordinates":[[[10.343440589759098,36.88290346117407],[10.31692,36.91655999999966]]]},"properties":{}},{"type":"Feature","geometry":{"type":"MultiLineString","coordinates":[[[10.153397755767344,37.167116114529506],[10.02703647905264,37.10733810541046],[10.061390000000756,37.05937000000091]]]},"properties":{}},{"type":"Feature","geometry":{"type":"MultiLineString","coordinates":[[[10.150054531936064,37.16660611672057],[10.02299131422484,37.11024263414498],[10.061390000000756,37.05937000000091]]]},"properties":{}},{"type":"Feature","geometry":{"type":"MultiLineString","coordinates":[[[10.224260000000925,36.962670000000855],[10.216169999999806,36.97225000000071]]]},"properties":{}},{"type":"Feature","geometry":{"type":"MultiLineString","coordinates":[[[10.226049999999248,36.95398000000034],[10.217546397604963,36.9499961840491]]]},"properties":{}},{"type":"Feature","geometry":{"type":"MultiLineString","coordinates":[[[10.31692,36.91655999999966],[10.25584,36.93722],[10.28853022536481,36.892630356818586],[10.24154812353811,36.88956630669935],[10.217546397604963,36.9499961840491]]]},"properties":{}},{"type":"Feature","geometry":{"type":"MultiLineString","coordinates":[[[10.343440589759098,36.88290346117407],[10.351605385055848,36.86808348743364]]]},"properties":{}},{"type":"Feature","geometry":{"type":"MultiLineString","coordinates":[[[10.343440589759098,36.88290346117407],[10.351605385055848,36.86808348743364]]]},"properties":{}},{"type":"Feature","geometry":{"type":"MultiLineString","coordinates":[[[10.317460126465127,36.8268502107756],[10.351605385055848,36.86808348743364]]]},"properties":{}},{"type":"Feature","geometry":{"type":"MultiLineString","coordinates":[[[10.317460126465164,36.82685021077566],[10.307408178598905,36.830498229402735]]]},"properties":{}},{"type":"Feature","geometry":{"type":"MultiLineString","coordinates":[[[10.274999999999693,36.8004],[10.283853134941069,36.79844463197986]]]},"properties":{}},{"type":"Feature","geometry":{"type":"MultiLineString","coordinates":[[[10.317460126465164,36.82685021077566],[10.307408178598905,36.830498229402735]]]},"properties":{}},{"type":"Feature","geometry":{"type":"MultiLineString","coordinates":[[[10.274999999999693,36.8004],[10.26163601286235,36.77294489493879]]]},"properties":{}},{"type":"Feature","geometry":{"type":"MultiLineString","coordinates":[[[10.261636012862482,36.77294489493886],[10.221342415252536,36.78964422781428]]]},"properties":{}},{"type":"Feature","geometry":{"type":"MultiLineString","coordinates":[[[10.221342415252536,36.78964422781428],[10.25862169170199,36.77279195215897]]]},"properties":{}},{"type":"Feature","geometry":{"type":"MultiLineString","coordinates":[[[10.274999999999693,36.8004],[10.369012608494188,36.72529917531244],[10.479040000000225,36.73662999999948]]]},"properties":{}},{"type":"Feature","geometry":{"type":"MultiLineString","coordinates":[[[10.484720000000323,36.73783],[10.479040000000225,36.73662999999948]]]},"properties":{}},{"type":"Feature","geometry":{"type":"MultiLineString","coordinates":[[[10.540287358483003,36.75912358705484],[10.484720000000323,36.73783]]]},"properties":{}},{"type":"Feature","geometry":{"type":"MultiLineString","coordinates":[[[20.047520460913404,30.874424701758926],[20.047520460913404,30.874424701758926]]]},"properties":{}},{"type":"Feature","geometry":{"type":"MultiLineString","coordinates":[[[20.043453190814375,30.864978138948175],[20.043453190814375,30.864978138948175]]]},"properties":{}},{"type":"Feature","geometry":{"type":"MultiLineString","coordinates":[[[20.03859870714757,30.856187587443685],[20.03859870714757,30.856187587443685]]]},"properties":{}},{"type":"Feature","geometry":{"type":"MultiLineString","coordinates":[[[13.44715664926622,37.29029676539511],[13.44715664926622,37.29029676539511]]]},"properties":{}},{"type":"Feature","geometry":{"type":"MultiLineString","coordinates":[[[8.13665410471117,40.60972881260767],[8.13665410471117,40.60972881260767]]]},"properties":{}},{"type":"Feature","geometry":{"type":"MultiLineString","coordinates":[[[30.542254855134047,36.4635172400026],[30.542254855134047,36.4635172400026]]]},"properties":{}},{"type":"Feature","geometry":{"type":"MultiLineString","coordinates":[[[30.539604730438953,36.46058157998681],[30.539604730438953,36.46058157998681]]]},"properties":{}},{"type":"Feature","geometry":{"type":"MultiLineString","coordinates":[[[30.54736871341254,36.46087702972835],[30.54736871341254,36.46087702972835]]]},"properties":{}},{"type":"Feature","geometry":{"type":"MultiLineString","coordinates":[[[30.41211767813968,36.17343020495946],[30.41211767813968,36.17343020495946]]]},"properties":{}},{"type":"Feature","geometry":{"type":"MultiLineString","coordinates":[[[30.425598620426626,36.1770566572705],[30.425598620426626,36.1770566572705]]]},"properties":{}},{"type":"Feature","geometry":{"type":"MultiLineString","coordinates":[[[30.404785937597694,36.19818468377855],[30.404785937597694,36.19818468377855]]]},"properties":{}},{"type":"Feature","geometry":{"type":"MultiLineString","coordinates":[[[30.407308687031446,36.19140479467529],[30.407308687031446,36.19140479467529]]]},"properties":{}},{"type":"Feature","geometry":{"type":"MultiLineString","coordinates":[[[30.407229851111595,36.19581960618433],[30.407229851111595,36.19581960618433]]]},"properties":{}},{"type":"Feature","geometry":{"type":"MultiLineString","coordinates":[[[29.45139716544992,36.21962233175236],[29.45139716544992,36.21962233175236]]]},"properties":{}},{"type":"Feature","geometry":{"type":"MultiLineString","coordinates":[[[29.452586895952834,36.20861732460037],[29.452586895952834,36.20861732460037]]]},"properties":{}},{"type":"Feature","geometry":{"type":"MultiLineString","coordinates":[[[29.04236388088873,36.668046096538035],[29.04236388088873,36.668046096538035]]]},"properties":{}},{"type":"Feature","geometry":{"type":"MultiLineString","coordinates":[[[29.037200450506077,36.66947377314142],[29.037200450506077,36.66947377314142]]]},"properties":{}},{"type":"Feature","geometry":{"type":"MultiLineString","coordinates":[[[29.03498755177054,36.673495062241386],[29.03498755177054,36.673495062241386]]]},"properties":{}},{"type":"Feature","geometry":{"type":"MultiLineString","coordinates":[[[28.936167544756245,36.695869927232934],[28.936167544756245,36.695869927232934]]]},"properties":{}},{"type":"Feature","geometry":{"type":"MultiLineString","coordinates":[[[28.93512653056615,36.705685203881956],[28.93512653056615,36.705685203881956]]]},"properties":{}},{"type":"Feature","geometry":{"type":"MultiLineString","coordinates":[[[35.407261062362636,36.562297105343305],[35.407261062362636,36.562297105343305]]]},"properties":{}},{"type":"Feature","geometry":{"type":"MultiLineString","coordinates":[[[35.407594186903395,36.56420067414797],[35.407594186903395,36.56420067414797]]]},"properties":{}},{"type":"Feature","geometry":{"type":"MultiLineString","coordinates":[[[35.40202624814981,36.564057906487506],[35.40202624814981,36.564057906487506]]]},"properties":{}},{"type":"Feature","geometry":{"type":"MultiLineString","coordinates":[[[35.399884733244505,36.56144049938115],[35.399884733244505,36.56144049938115]]]},"properties":{}},{"type":"Feature","geometry":{"type":"MultiLineString","coordinates":[[[32.97894013077865,36.09428164995626],[32.97894013077865,36.09428164995626]]]},"properties":{}},{"type":"Feature","geometry":{"type":"MultiLineString","coordinates":[[[33.55759089160381,36.11755240364795],[33.55759089160381,36.11755240364795]]]},"properties":{}},{"type":"Feature","geometry":{"type":"MultiLineString","coordinates":[[[33.55985233134379,36.12207528312774],[33.55985233134379,36.12207528312774]]]},"properties":{}},{"type":"Feature","geometry":{"type":"MultiLineString","coordinates":[[[35.19935000000078,33.26757999999967],[35.20792000000074,33.26714]],[[35.20858000000044,33.27043000000049],[35.199570000000676,33.270870000000286]]]},"properties":{}},{"type":"Feature","geometry":{"type":"MultiLineString","coordinates":[[[35.199570000000676,33.270870000000286],[35.199570000000676,33.270870000000286]]]},"properties":{}},{"type":"Feature","geometry":{"type":"MultiLineString","coordinates":[[[35.37528192115997,33.5806008349449],[35.37528192115997,33.5806008349449]]]},"properties":{}},{"type":"Feature","geometry":{"type":"MultiLineString","coordinates":[[[32.440455904440455,34.72222223705273],[32.440455904440455,34.72222223705273]]]},"properties":{}},{"type":"Feature","geometry":{"type":"MultiLineString","coordinates":[[[32.44331125764751,34.72136563109058],[32.44331125764751,34.72136563109058]]]},"properties":{}},{"type":"Feature","geometry":{"type":"MultiLineString","coordinates":[[[32.27593969670079,35.021562002363964],[32.27593969670079,35.021562002363964]]]},"properties":{}},{"type":"Feature","geometry":{"type":"MultiLineString","coordinates":[[[32.27871285515266,35.112768163183546],[32.27871285515266,35.112768163183546]]]},"properties":{}},{"type":"Feature","geometry":{"type":"MultiLineString","coordinates":[[[32.33441348658914,35.074149213626356],[32.33441348658914,35.074149213626356]]]},"properties":{}},{"type":"Feature","geometry":{"type":"MultiLineString","coordinates":[[[32.740964029988504,35.184353553534436],[32.740964029988504,35.184353553534436]]]},"properties":{}},{"type":"Feature","geometry":{"type":"MultiLineString","coordinates":[[[34.60088123780025,35.70578655080607],[34.60088123780025,35.70578655080607]]]},"properties":{}},{"type":"Feature","geometry":{"type":"MultiLineString","coordinates":[[[34.60316552036585,35.70102762879441],[34.60316552036585,35.70102762879441]]]},"properties":{}},{"type":"Feature","geometry":{"type":"MultiLineString","coordinates":[[[34.59845418757419,35.700361379712945],[34.59845418757419,35.700361379712945]]]},"properties":{}},{"type":"Feature","geometry":{"type":"MultiLineString","coordinates":[[[34.430402176288055,35.58813489452655],[34.430402176288055,35.58813489452655]]]},"properties":{}},{"type":"Feature","geometry":{"type":"MultiLineString","coordinates":[[[34.42590499498709,35.58420878386687],[34.42590499498709,35.58420878386687]]]},"properties":{}},{"type":"Feature","geometry":{"type":"MultiLineString","coordinates":[[[28.247369498217438,31.094285248808944],[28.247369498217438,31.094285248808944]]]},"properties":{}},{"type":"Feature","geometry":{"type":"MultiLineString","coordinates":[[[28.26184271255306,31.09398372351035],[28.26184271255306,31.09398372351035]]]},"properties":{}},{"type":"Feature","geometry":{"type":"MultiLineString","coordinates":[[[28.271039234162174,31.0953405873542],[28.271039234162174,31.0953405873542]]]},"properties":{}},{"type":"Feature","geometry":{"type":"MultiLineString","coordinates":[[[28.281592619615367,31.09669745119828],[28.281592619615367,31.09669745119828]]]},"properties":{}},{"type":"Feature","geometry":{"type":"MultiLineString","coordinates":[[[28.29078914122431,31.093380672912986],[28.29078914122431,31.093380672912986]]]},"properties":{}},{"type":"Feature","geometry":{"type":"MultiLineString","coordinates":[[[48.17505878066032,29.531395543997974],[48.54809107039557,29.84816043379311],[48.856379986963475,29.99866134241188],[49.98231119165979,30.04030191001391],[50.629227152619876,29.434729084030096],[50.649452571169434,29.137593890927064],[50.71221085519824,29.073348443769646],[50.85914257230826,29.067102358629313],[50.81690713945477,28.90054008822119],[50.901378005161746,28.810715435251097],[51.00637172204398,28.82647936441475],[51.10660651691461,28.471939674546036],[51.23004105659203,28.290803205477175]]]},"properties":{}},{"type":"Feature","geometry":{"type":"MultiLineString","coordinates":[[[48.17505878066032,29.531395543997974],[48.00938880812936,29.810982212183035],[47.9061796870015,30.174444880823614],[48.595903534833326,30.728939141907233],[48.81870298273742,30.774069054292852],[49.34025109195284,30.67442912467368],[49.83770715848425,30.302043477261236],[50.133355188458665,30.17831150495806],[50.28950731696625,29.806520722797075],[50.66824039869482,29.42436851423389],[50.68346894913202,29.1550135283739],[50.849555327338976,29.138357301333087],[50.93569181575003,29.058407411537246],[50.92855343273254,28.923729918607307],[50.834326776901776,28.992734287776386],[50.81481519665391,28.9370549002399],[50.89286151764509,28.831406831580978],[50.94140252216414,28.8913692489279],[51.02087651975876,28.832834508184533],[51.104633547163985,28.507800134788056],[51.242781207568896,28.290944326742817]]]},"properties":{}},{"type":"Feature","geometry":{"type":"MultiLineString","coordinates":[[[36.63703,45.13472],[36.60239999999976,45.2091400000009],[36.91148361487305,45.264928200887844]]]},"properties":{}},{"type":"Feature","geometry":{"type":"MultiLineString","coordinates":[[[36.92733923206663,45.27123129007117],[37.00009871631238,45.33049000000028],[36.79605871631361,45.29918],[36.7658787163121,45.371489999999596],[36.881258716313255,45.381869999999196],[36.77737871631251,45.40283000000096],[36.624868716312676,45.30242],[36.84323871631318,45.451129999999466],[37.144458716312556,45.33951999999954],[37.02744871631262,45.327789999999425],[37.12459871631228,45.33251000000024],[37.11421871631245,45.27359000000075],[36.92733923206663,45.27123129007117]]]},"properties":{}},{"type":"Feature","geometry":{"type":"MultiLineString","coordinates":[[[34.87850794452959,29.470926535043077],[34.87850794452959,29.470926535043077]]]},"properties":{}},{"type":"Feature","geometry":{"type":"MultiLineString","coordinates":[[[27.094348389871016,31.405380389007405],[27.094348389871016,31.405380389007405]]]},"properties":{}},{"type":"Feature","geometry":{"type":"MultiLineString","coordinates":[[[27.10609697858729,31.407908566326057],[27.10609697858729,31.407908566326057]]]},"properties":{}},{"type":"Feature","geometry":{"type":"MultiLineString","coordinates":[[[29.995300000000555,36.22487999999976],[29.777179999999248,36.136730000000284],[29.631978103618735,36.16889257622887]]]},"properties":{}},{"type":"Feature","geometry":{"type":"MultiLineString","coordinates":[[[29.834466390006014,36.172062208645514],[29.834466390006014,36.172062208645514]]]},"properties":{}},{"type":"Feature","geometry":{"type":"MultiLineString","coordinates":[[[29.627923406886396,36.16313542273605],[29.627923406886396,36.16313542273605]]]},"properties":{}},{"type":"Feature","geometry":{"type":"MultiLineString","coordinates":[[[29.62027343975268,36.158828598315495],[29.62027343975268,36.158828598315495]]]},"properties":{}},{"type":"Feature","geometry":{"type":"MultiLineString","coordinates":[[[29.626150708437024,36.15321307034179],[29.626150708437024,36.15321307034179]]]},"properties":{}},{"type":"Feature","geometry":{"type":"MultiLineString","coordinates":[[[29.633003556133872,36.16176723265778],[29.633003556133872,36.16176723265778]]]},"properties":{}},{"type":"Feature","geometry":{"type":"MultiLineString","coordinates":[[[29.63196849059642,36.15401018977866],[29.63196849059642,36.15401018977866]]]},"properties":{}},{"type":"Feature","geometry":{"type":"MultiLineString","coordinates":[[[29.637619710485126,36.158543062994966],[29.637619710485126,36.158543062994966]]]},"properties":{}},{"type":"Feature","geometry":{"type":"MultiLineString","coordinates":[[[29.571819999999263,36.14768],[29.593253807715826,36.152318630949765]]]},"properties":{}},{"type":"Feature","geometry":{"type":"MultiLineString","coordinates":[[[29.598842765041596,36.154514080304416],[29.598842765041596,36.154514080304416]]]},"properties":{}},{"type":"Feature","geometry":{"type":"MultiLineString","coordinates":[[[29.60459154283176,36.155903685531825],[29.60459154283176,36.155903685531825]]]},"properties":{}},{"type":"Feature","geometry":{"type":"MultiLineString","coordinates":[[[29.603373258796704,36.1522107620508],[29.603373258796704,36.1522107620508]]]},"properties":{}},{"type":"Feature","geometry":{"type":"MultiLineString","coordinates":[[[29.898649999999236,36.20346000000063],[29.898649999999236,36.20346000000063]]]},"properties":{}},{"type":"Feature","geometry":{"type":"MultiLineString","coordinates":[[[29.898489999999697,36.20755],[29.9065599999995,36.212929999999744]]]},"properties":{}},{"type":"Feature","geometry":{"type":"MultiLineString","coordinates":[[[25.204159999999263,36.24496999999974],[25.204159999999263,36.24496999999974]]]},"properties":{}},{"type":"Feature","geometry":{"type":"MultiLineString","coordinates":[[[22.593500315224617,40.015654787928554],[22.633717458144872,39.98882870355391]]]},"properties":{}},{"type":"Feature","geometry":{"type":"MultiLineString","coordinates":[[[22.585737458145502,40.044128703553895],[22.593500315224617,40.015654787928554]]]},"properties":{}},{"type":"Feature","geometry":{"type":"MultiLineString","coordinates":[[[23.3762902020851,39.961718652999934],[23.358234294692807,39.957570685173664]]]},"properties":{}},{"type":"Feature","geometry":{"type":"MultiLineString","coordinates":[[[23.358234294692807,39.957570685173664],[23.378930987320757,40.009892019666154]]]},"properties":{}},{"type":"Feature","geometry":{"type":"MultiLineString","coordinates":[[[23.75418946100575,39.92618897304982],[23.3762902020851,39.961718652999934]]]},"properties":{}},{"type":"Feature","geometry":{"type":"MultiLineString","coordinates":[[[-1.317769999999655,44.12832999999955],[-1.42439000000013,43.6613899999993],[-1.51267,43.52726000000075]]]},"properties":{}},{"type":"Feature","geometry":{"type":"MultiLineString","coordinates":[[[12.319639999999708,44.306940000000395],[12.754240000000209,43.96911999999975]]]},"properties":{}},{"type":"Feature","geometry":{"type":"MultiLineString","coordinates":[[[13.101119999999355,45.64675999999963],[12.881199999999808,45.60157000000072]]]},"properties":{}},{"type":"Feature","geometry":{"type":"MultiLineString","coordinates":[[[1.047560000000885,52.96682999999939],[0.512150000000474,52.96158]]]},"properties":{}},{"type":"Feature","geometry":{"type":"MultiLineString","coordinates":[[[1.345129999999699,52.9182],[1.047560000000885,52.96682999999939]]]},"properties":{}},{"type":"Feature","geometry":{"type":"MultiLineString","coordinates":[[[1.11953,51.93982],[1.058240000000296,51.951460000000225],[1.276680000000852,51.95770000000084],[1.156070000000909,52.04356],[1.352720000000772,51.94724999999926]]]},"properties":{}},{"type":"Feature","geometry":{"type":"MultiLineString","coordinates":[[[1.020290000000386,51.8058400000009],[1.098439999999755,51.77030999999988],[1.286369999999806,51.85886000000028],[1.199370000000272,51.87275000000045],[1.259529999999359,51.945449999999255],[1.11953,51.93982]]]},"properties":{}},{"type":"Feature","geometry":{"type":"MultiLineString","coordinates":[[[0.944810000000871,51.73494000000028],[0.748530000000756,51.68866999999955],[0.690660000000207,51.72869999999966],[0.850109999999404,51.74192000000039],[0.985749999999825,51.80819],[0.966870000000199,51.85223000000042],[1.020290000000386,51.8058400000009]]]},"properties":{}},{"type":"Feature","geometry":{"type":"MultiLineString","coordinates":[[[0.811690000000453,51.53658],[0.940169999999853,51.60461000000032],[0.819139999999607,51.61996999999974],[0.921720000000278,51.62814000000071],[0.944810000000871,51.73494000000028]]]},"properties":{}},{"type":"Feature","geometry":{"type":"MultiLineString","coordinates":[[[1.143500000000245,51.07342000000068],[1.001169999999604,51.07114999999976]]]},"properties":{}},{"type":"Feature","geometry":{"type":"MultiLineString","coordinates":[[[0.841350000000659,50.94571],[0.78571,50.9343300000001]]]},"properties":{}},{"type":"Feature","geometry":{"type":"MultiLineString","coordinates":[[[1.754469999999856,50.94837],[1.92794,50.98957999999948]]]},"properties":{}},{"type":"Feature","geometry":{"type":"MultiLineString","coordinates":[[[1.754469999999856,50.94837],[1.889914940992014,50.86918316693453],[2.216376990991989,50.83872606605979],[2.320121490846077,50.943422350316325],[2.638969265627338,51.040504359354316],[2.784972992945143,51.034793652940266],[2.538897067258858,50.89434200130273],[2.873211338578017,50.94288300582173],[2.913186283475966,51.01576589643031],[3.016692837229584,51.03242212347112],[2.907951469263082,51.07691804428015],[3.018596406034192,51.14551790507829],[2.985521898053264,51.19215534079245],[3.471788549204632,51.28757172712636],[4.37994186158727,51.236166221782184],[4.299535660172531,51.546220103418335],[4.85080517513353,51.634671635583345],[4.903694044530168,51.69722189505893],[5.131581573821506,51.66036981444648],[5.05020400742211,51.69177869972327],[5.098745011941105,51.74936165606442],[4.934086310337591,51.769349128513454],[4.945983615366742,51.85125017633413],[5.363579021889961,51.90597777946823],[4.965495195614608,51.921682222106654],[5.161809999999718,51.97372],[5.106190000000424,52.00350000000071],[4.723597130620995,51.89688417533395],[4.319896300811592,51.880397608943326]]]},"properties":{}}]}