{"type":"FeatureCollection","features":[{"type":"Feature","geometry":{"type":"Polygon","coordinates":[[[23.852246,35.535449],[24.166016,35.595215],[24.197754,35.537451],[24.108984,35.495801],[24.255371,35.468604],[24.274902,35.385986],[24.354004,35.359473],[24.721289,35.424805],[25.475684,35.306201],[25.730176,35.348584],[25.791309,35.122852],[26.167871,35.215088],[26.320215,35.315137],[26.244336,35.044678],[26.165625,35.018604],[24.799805,34.934473],[24.708887,35.089062],[24.463672,35.160352],[23.592773,35.257227],[23.569824,35.534766],[23.672656,35.513916],[23.736914,35.655518],[23.852246,35.535449]]]},"properties":{}},{"type":"Feature","geometry":{"type":"Polygon","coordinates":[[[23.41543,38.958643],[23.525,38.813477],[24.127539,38.648486],[24.275781,38.22002],[24.563281,38.14751],[24.578516,38.020166],[24.502344,37.969922],[24.359473,38.018555],[24.212012,38.117529],[24.040137,38.38999],[23.650781,38.443066],[23.617383,38.552539],[23.252148,38.801221],[22.870313,38.870508],[23.258203,39.031348],[23.41543,38.958643]]]},"properties":{}},{"type":"Feature","geometry":{"type":"Polygon","coordinates":[[[34.463184,35.593506],[33.941992,35.292041],[33.90791,35.202393],[34.050195,34.988379],[33.699414,34.969873],[33.414941,34.750879],[33.062305,34.674805],[33.00791,34.56958],[32.867188,34.661133],[32.449023,34.729443],[32.317188,34.95332],[32.300977,35.082959],[32.390918,35.049805],[32.652344,35.182666],[32.879883,35.180566],[32.941602,35.39043],[33.607617,35.35415],[34.556055,35.662061],[34.463184,35.593506]]]},"properties":{}},{"type":"Feature","geometry":{"type":"Polygon","coordinates":[[[3.145313,39.790088],[3.395898,39.777295],[3.461816,39.697754],[3.244727,39.386621],[3.072852,39.30127],[2.799805,39.385059],[2.700586,39.542139],[2.499512,39.477881],[2.37002,39.57207],[2.784961,39.854834],[3.158691,39.970508],[3.198633,39.889844],[3.145313,39.790088]]]},"properties":{}},{"type":"Feature","geometry":{"type":"Polygon","coordinates":[[[9.632031,40.882031],[9.805273,40.499561],[9.642969,40.268408],[9.706738,40.017041],[9.5625,39.166016],[9.056348,39.23916],[8.966602,38.963721],[8.881348,38.912891],[8.648535,38.926562],[8.418164,39.205713],[8.399121,39.481592],[8.451172,39.72168],[8.540527,39.731592],[8.547754,39.839209],[8.407813,39.917236],[8.471289,40.292676],[8.189941,40.651611],[8.224219,40.91333],[8.363281,40.846338],[8.571875,40.850195],[8.821191,40.949902],[9.228418,41.25708],[9.615332,41.017285],[9.553711,40.932129],[9.632031,40.882031]]]},"properties":{}},{"type":"Feature","geometry":{"type":"Polygon","coordinates":[[[9.480371,42.80542],[9.454199,42.658594],[9.526172,42.552637],[9.550684,42.129736],[9.400879,41.926221],[9.374219,41.678809],[9.186133,41.384912],[8.80752,41.588379],[8.886816,41.700684],[8.717969,41.761426],[8.74043,41.925146],[8.621875,41.930713],[8.700977,42.095605],[8.587793,42.16084],[8.566211,42.218799],[8.675488,42.284033],[8.565625,42.357715],[8.814844,42.60791],[9.137891,42.73291],[9.313379,42.713184],[9.363184,43.017383],[9.463281,42.981006],[9.480371,42.80542]]]},"properties":{}},{"type":"Feature","geometry":{"type":"Polygon","coordinates":[[[15.576563,38.220312],[15.234473,37.784814],[15.099512,37.458594],[15.116992,37.334717],[15.230273,37.244336],[15.174121,37.20918],[15.295703,37.055176],[15.11582,36.839258],[15.112598,36.687842],[14.501855,36.798682],[14.259082,37.046436],[13.800586,37.135889],[12.924121,37.570508],[12.640234,37.594336],[12.435547,37.819775],[12.547656,38.05293],[12.734375,38.183057],[12.902734,38.034863],[13.159961,38.190332],[13.291113,38.191455],[13.788867,37.981201],[14.505957,38.045508],[14.789648,38.166992],[15.11875,38.152734],[15.49873,38.290869],[15.634668,38.267578],[15.576563,38.220312]]]},"properties":{}},{"type":"Feature","geometry":{"type":"Polygon","coordinates":[[[-3.109668,58.515479],[-3.112891,58.408887],[-3.212354,58.32124],[-3.990039,57.959033],[-4.035596,57.852002],[-3.857129,57.818555],[-4.134521,57.577734],[-3.402783,57.708252],[-2.074072,57.702393],[-1.867383,57.612354],[-1.780664,57.474023],[-2.020312,57.258887],[-2.260254,56.86333],[-2.592676,56.561572],[-3.309961,56.363477],[-2.885156,56.39751],[-2.652734,56.318262],[-2.674268,56.253418],[-3.362256,56.027637],[-3.789062,56.095215],[-3.607812,56.016016],[-3.04873,55.951953],[-2.599316,56.027295],[-2.14707,55.902979],[-1.655371,55.570361],[-1.232422,54.703711],[-0.671387,54.503906],[-0.084375,54.118066],[-0.205566,54.021729],[0.115332,53.609277],[-0.27002,53.736768],[-0.659912,53.724023],[-0.293701,53.692334],[0.270996,53.335498],[0.355762,53.159961],[0.045898,52.905615],[0.279785,52.808691],[0.558789,52.966943],[1.055566,52.958984],[1.382129,52.893506],[1.656738,52.753711],[1.746582,52.468994],[1.591406,52.119775],[1.413477,51.994775],[1.232422,51.97124],[1.274414,51.845361],[1.188477,51.803369],[0.955078,51.807812],[0.752246,51.72959],[0.898047,51.689404],[0.890918,51.571436],[0.424512,51.465625],[0.52832,51.484473],[0.686523,51.386572],[0.889355,51.359521],[1.414941,51.363281],[1.397559,51.182031],[1.044434,51.047266],[0.960156,50.925879],[0.772363,50.933984],[0.205078,50.763037],[-0.203906,50.814355],[-0.785254,50.76543],[-1.416455,50.896875],[-1.334473,50.820801],[-1.60083,50.732861],[-2.031055,50.725391],[-1.962061,50.627783],[-2.03584,50.603076],[-2.433447,50.599219],[-2.999414,50.716602],[-3.40459,50.632422],[-3.679785,50.239941],[-3.793359,50.229248],[-4.19458,50.393311],[-4.727979,50.290479],[-5.009521,50.160742],[-5.118506,50.03833],[-5.433984,50.104443],[-5.622119,50.050684],[-5.65625,50.131885],[-5.342285,50.246143],[-4.893555,50.533691],[-4.58291,50.776367],[-4.523096,50.977441],[-4.296484,51.027148],[-4.188184,51.188525],[-3.135986,51.205029],[-2.433057,51.740723],[-3.293115,51.39043],[-3.562354,51.413818],[-3.890771,51.59165],[-4.23457,51.569092],[-4.091016,51.659912],[-4.386279,51.741064],[-4.600781,51.737646],[-4.902295,51.62627],[-5.168359,51.740723],[-5.200586,51.861377],[-5.262305,51.880176],[-5.18335,51.949658],[-4.217725,52.277441],[-3.980322,52.541748],[-4.078906,52.607861],[-4.039258,52.704053],[-4.117529,52.82002],[-4.101465,52.915479],[-4.683057,52.806152],[-4.268555,53.144531],[-3.764209,53.307617],[-3.326172,53.347168],[-3.097559,53.260303],[-3.165576,53.394678],[-3.064746,53.426855],[-2.918555,53.305371],[-2.749512,53.310205],[-2.913086,53.350244],[-3.0646,53.512842],[-2.925098,53.732764],[-3.031787,53.773584],[-3.026758,53.905908],[-2.899854,53.960693],[-2.846484,54.135303],[-2.867578,54.177246],[-3.165967,54.12793],[-3.569385,54.467578],[-3.592041,54.564355],[-3.4646,54.773096],[-3.26792,54.906592],[-3.03623,54.953076],[-3.550439,54.947412],[-3.95791,54.780957],[-4.253418,54.846777],[-4.51748,54.75835],[-4.818066,54.846143],[-4.91123,54.689453],[-5.032324,54.761377],[-5.172705,54.985889],[-5.055859,54.988135],[-4.676758,55.501318],[-4.891846,55.699121],[-4.87168,55.873926],[-4.806836,55.940137],[-4.584082,55.938672],[-4.844092,56.051172],[-4.800293,56.15835],[-4.9271,56.028076],[-5.228223,55.886328],[-5.222949,56.06582],[-4.996973,56.23335],[-5.084326,56.197461],[-5.410449,55.995361],[-5.38584,55.770117],[-5.556445,55.3896],[-5.730664,55.334131],[-5.767871,55.394971],[-5.681348,55.623975],[-5.504492,55.802393],[-5.622852,55.813135],[-5.60957,56.055273],[-5.391943,56.514795],[-5.188379,56.758057],[-5.652441,56.531982],[-5.864844,56.561865],[-5.968896,56.689893],[-6.133691,56.706689],[-5.730615,56.853076],[-5.861426,56.902686],[-5.591309,57.102344],[-5.561914,57.232715],[-5.794922,57.378809],[-5.801953,57.468018],[-5.581787,57.546777],[-5.744922,57.668311],[-5.60835,57.881348],[-5.157227,57.881348],[-5.413184,58.069727],[-5.338281,58.238721],[-5.008301,58.262646],[-5.090137,58.384521],[-5.016748,58.566553],[-4.809619,58.5729],[-4.71543,58.51001],[-4.491895,58.568457],[-4.433252,58.512842],[-3.053076,58.634814],[-3.109668,58.515479]]]},"properties":{}},{"type":"Feature","geometry":{"type":"Polygon","coordinates":[[[-7.178613,55.056885],[-7.030762,55.080615],[-6.947168,55.18252],[-6.12915,55.217383],[-5.716846,54.81748],[-5.710742,54.75708],[-5.878613,54.641309],[-5.58252,54.663428],[-5.47041,54.500195],[-5.483887,54.44165],[-5.671094,54.549756],[-5.655957,54.381738],[-5.557812,54.370996],[-5.606787,54.272559],[-5.826172,54.23584],[-6.019043,54.05127],[-6.218018,54.088721],[-6.156934,54.017236],[-6.345166,53.987207],[-6.141846,53.577539],[-6.15166,53.366406],[-6.027393,52.9271],[-6.169336,52.738135],[-6.217236,52.543115],[-6.463184,52.345361],[-6.325,52.24668],[-6.890234,52.159229],[-6.965771,52.249512],[-7.003271,52.165918],[-7.527295,52.098877],[-7.624902,51.993115],[-8.057812,51.825586],[-8.40918,51.88877],[-8.335596,51.792969],[-8.407812,51.712061],[-9.296484,51.498242],[-9.835352,51.48335],[-9.524902,51.681104],[-9.579834,51.689258],[-10.120752,51.600684],[-9.598828,51.874414],[-10.084229,51.770996],[-10.341064,51.798926],[-10.378711,51.86875],[-9.909668,52.122949],[-10.390234,52.134912],[-10.356689,52.206934],[-10.13208,52.28208],[-9.772119,52.250098],[-9.906055,52.403711],[-9.632227,52.546924],[-8.783447,52.679639],[-8.990283,52.75542],[-9.175391,52.634912],[-9.561035,52.653955],[-9.916602,52.569727],[-9.464893,52.823193],[-9.393652,52.89624],[-9.461963,52.947266],[-9.299219,53.097559],[-8.930127,53.20708],[-9.514209,53.238232],[-9.625977,53.334473],[-9.875781,53.342725],[-9.79541,53.394971],[-10.09126,53.412842],[-10.054395,53.47832],[-10.116992,53.548535],[-9.720654,53.604492],[-9.909717,53.657617],[-9.901611,53.727197],[-9.578223,53.80542],[-9.578857,53.879834],[-9.914062,53.863721],[-9.856445,54.095361],[-9.934473,54.075244],[-9.9771,54.187109],[-10.092676,54.155762],[-10.056396,54.257812],[-9.562305,54.308545],[-9.315527,54.298633],[-9.145898,54.209619],[-9.002441,54.287988],[-8.545557,54.241211],[-8.623145,54.346875],[-8.230371,54.507275],[-8.133447,54.64082],[-8.456543,54.609277],[-8.763916,54.681201],[-8.377295,54.889453],[-8.393262,55.02041],[-8.274609,55.146289],[-7.750537,55.185791],[-7.762549,55.24834],[-7.66709,55.256494],[-7.556641,55.122217],[-7.65874,54.970947],[-7.478418,55.046973],[-7.517871,55.247949],[-7.301758,55.298779],[-7.365967,55.360205],[-7.308789,55.36582],[-6.96167,55.237891],[-7.172852,55.137012],[-7.218652,55.091992],[-7.178613,55.056885]]]},"properties":{}},{"type":"Feature","geometry":{"type":"Polygon","coordinates":[[[13.938281,40.705615],[13.867676,40.70874],[13.871191,40.761816],[13.962109,40.739404],[13.938281,40.705615]]]},"properties":{}},{"type":"Feature","geometry":{"type":"Polygon","coordinates":[[[16.650684,42.996582],[17.188281,42.917041],[16.850684,42.895508],[16.650684,42.996582]]]},"properties":{}},{"type":"Feature","geometry":{"type":"Polygon","coordinates":[[[17.194043,43.125781],[16.679199,43.123145],[16.376465,43.21377],[17.194043,43.125781]]]},"properties":{}},{"type":"Feature","geometry":{"type":"Polygon","coordinates":[[[16.785254,43.270654],[16.423145,43.317236],[16.448926,43.387061],[16.891309,43.314648],[16.785254,43.270654]]]},"properties":{}},{"type":"Feature","geometry":{"type":"Polygon","coordinates":[[[-2.512305,49.494531],[-2.547363,49.428711],[-2.646143,49.468213],[-2.512305,49.494531]]]},"properties":{}},{"type":"Feature","geometry":{"type":"Polygon","coordinates":[[[-2.018652,49.23125],[-2.009912,49.180811],[-2.23584,49.176367],[-2.220508,49.266357],[-2.018652,49.23125]]]},"properties":{}},{"type":"Feature","geometry":{"type":"Polygon","coordinates":[[[47.983008,45.488232],[47.920313,45.562061],[47.947168,45.64707],[47.983008,45.488232]]]},"properties":{}},{"type":"Feature","geometry":{"type":"Polygon","coordinates":[[[36.90166,25.383057],[36.530273,25.601562],[36.533594,25.688721],[36.954785,25.414648],[36.90166,25.383057]]]},"properties":{}},{"type":"Feature","geometry":{"type":"Polygon","coordinates":[[[36.595508,25.712793],[36.543945,25.734277],[36.582715,25.855518],[36.595508,25.712793]]]},"properties":{}},{"type":"Feature","geometry":{"type":"Polygon","coordinates":[[[48.275391,29.624316],[48.179688,29.611426],[48.081445,29.798926],[48.184766,29.978857],[48.348242,29.782666],[48.275391,29.624316]]]},"properties":{}},{"type":"Feature","geometry":{"type":"Polygon","coordinates":[[[32.012207,46.203906],[32.150098,46.154687],[31.563867,46.257764],[31.508789,46.373145],[31.638477,46.272559],[32.012207,46.203906]]]},"properties":{}},{"type":"Feature","geometry":{"type":"Polygon","coordinates":[[[27.842773,35.929297],[27.715527,35.957324],[27.757324,36.069189],[27.716309,36.171582],[27.914453,36.345312],[28.231836,36.433643],[28.067676,36.129687],[28.087793,36.065332],[27.965527,36.04751],[27.842773,35.929297]]]},"properties":{}},{"type":"Feature","geometry":{"type":"Polygon","coordinates":[[[27.176074,35.465283],[27.137891,35.409082],[27.070703,35.597754],[27.223145,35.820459],[27.157227,35.629492],[27.233594,35.478564],[27.176074,35.465283]]]},"properties":{}},{"type":"Feature","geometry":{"type":"Polygon","coordinates":[[[27.860156,36.553906],[27.785742,36.60752],[27.8625,36.641162],[27.860156,36.553906]]]},"properties":{}},{"type":"Feature","geometry":{"type":"Polygon","coordinates":[[[27.019727,36.959033],[26.919922,36.945215],[26.888672,37.087256],[27.040137,37.001562],[27.019727,36.959033]]]},"properties":{}},{"type":"Feature","geometry":{"type":"Polygon","coordinates":[[[26.949609,36.7271],[27.214941,36.898633],[27.352148,36.868896],[26.949609,36.7271]]]},"properties":{}},{"type":"Feature","geometry":{"type":"Polygon","coordinates":[[[25.545898,36.967578],[25.456738,36.929688],[25.361914,37.07041],[25.525293,37.196387],[25.587891,37.152539],[25.545898,36.967578]]]},"properties":{}},{"type":"Feature","geometry":{"type":"Polygon","coordinates":[[[25.278906,37.068408],[25.199414,36.991309],[25.105469,37.034961],[25.235059,37.148535],[25.278906,37.068408]]]},"properties":{}},{"type":"Feature","geometry":{"type":"Polygon","coordinates":[[[25.482422,36.392627],[25.370508,36.358936],[25.408984,36.47373],[25.482422,36.392627]]]},"properties":{}},{"type":"Feature","geometry":{"type":"Polygon","coordinates":[[[25.381738,36.674023],[25.259961,36.758447],[25.406934,36.717334],[25.381738,36.674023]]]},"properties":{}},{"type":"Feature","geometry":{"type":"Polygon","coordinates":[[[26.824414,37.811426],[27.039648,37.77002],[27.055078,37.709277],[26.844922,37.644727],[26.581055,37.72373],[26.824414,37.811426]]]},"properties":{}},{"type":"Feature","geometry":{"type":"Polygon","coordinates":[[[26.029297,37.529395],[25.982422,37.525586],[26.086328,37.634912],[26.351367,37.674316],[26.029297,37.529395]]]},"properties":{}},{"type":"Feature","geometry":{"type":"Polygon","coordinates":[[[25.859375,36.79043],[25.743164,36.789746],[26.000684,36.937402],[26.064453,36.902734],[25.859375,36.79043]]]},"properties":{}},{"type":"Feature","geometry":{"type":"Polygon","coordinates":[[[26.460645,36.5854],[26.331445,36.511377],[26.27002,36.546924],[26.37002,36.638574],[26.460645,36.5854]]]},"properties":{}},{"type":"Feature","geometry":{"type":"Polygon","coordinates":[[[24.355957,37.576855],[24.288965,37.528271],[24.32041,37.677734],[24.379102,37.682715],[24.355957,37.576855]]]},"properties":{}},{"type":"Feature","geometry":{"type":"Polygon","coordinates":[[[24.435742,37.344434],[24.378906,37.314111],[24.369727,37.419629],[24.43125,37.475195],[24.481445,37.408008],[24.435742,37.344434]]]},"properties":{}},{"type":"Feature","geometry":{"type":"Polygon","coordinates":[[[24.535742,36.76377],[24.530664,36.683984],[24.325977,36.655615],[24.357422,36.744287],[24.535742,36.76377]]]},"properties":{}},{"type":"Feature","geometry":{"type":"Polygon","coordinates":[[[24.991699,37.759619],[24.962207,37.692383],[24.700195,37.96167],[24.79043,37.990137],[24.956348,37.904785],[24.991699,37.759619]]]},"properties":{}},{"type":"Feature","geometry":{"type":"Polygon","coordinates":[[[25.255859,37.599609],[25.156348,37.545068],[24.996484,37.676904],[25.255859,37.599609]]]},"properties":{}},{"type":"Feature","geometry":{"type":"Polygon","coordinates":[[[24.720898,36.921436],[24.681445,37.021631],[24.763184,36.949219],[24.720898,36.921436]]]},"properties":{}},{"type":"Feature","geometry":{"type":"Polygon","coordinates":[[[26.094043,38.218066],[25.998535,38.161523],[25.891895,38.243311],[25.991406,38.353516],[25.846094,38.574023],[26.0125,38.601709],[26.160352,38.540723],[26.157031,38.30293],[26.094043,38.218066]]]},"properties":{}},{"type":"Feature","geometry":{"type":"Polygon","coordinates":[[[26.410156,39.329443],[26.392773,39.270117],[26.578223,39.109521],[26.583984,39.031445],[26.488672,39.074805],[26.547168,38.994141],[26.16084,39.025879],[26.10791,39.081055],[26.273145,39.197559],[26.175977,39.194287],[26.072363,39.095605],[25.844141,39.200049],[25.90957,39.287549],[26.088379,39.304297],[26.16543,39.373535],[26.347754,39.383008],[26.410156,39.329443]]]},"properties":{}},{"type":"Feature","geometry":{"type":"Polygon","coordinates":[[[23.779785,39.114404],[23.666113,39.095361],[23.593945,39.208594],[23.779785,39.114404]]]},"properties":{}},{"type":"Feature","geometry":{"type":"Polygon","coordinates":[[[23.887988,39.158301],[23.841211,39.146582],[23.970898,39.267725],[23.887988,39.158301]]]},"properties":{}},{"type":"Feature","geometry":{"type":"Polygon","coordinates":[[[24.674707,38.809229],[24.541016,38.788672],[24.566406,38.832373],[24.461035,38.888623],[24.485645,38.980273],[24.674707,38.809229]]]},"properties":{}},{"type":"Feature","geometry":{"type":"Polygon","coordinates":[[[25.685742,40.426562],[25.572656,40.400439],[25.448047,40.482812],[25.568555,40.515869],[25.685742,40.426562]]]},"properties":{}},{"type":"Feature","geometry":{"type":"Polygon","coordinates":[[[25.437695,39.983301],[25.357031,39.808105],[25.263379,39.822949],[25.249414,39.894141],[25.185156,39.829932],[25.062207,39.852393],[25.058008,39.999658],[25.285742,39.956299],[25.449121,40.034814],[25.437695,39.983301]]]},"properties":{}},{"type":"Feature","geometry":{"type":"Polygon","coordinates":[[[24.774219,40.615186],[24.645898,40.579443],[24.516699,40.687207],[24.62334,40.79292],[24.719141,40.786279],[24.774219,40.615186]]]},"properties":{}},{"type":"Feature","geometry":{"type":"Polygon","coordinates":[[[25.97002,40.136328],[25.668945,40.135889],[25.918359,40.237988],[25.97002,40.136328]]]},"properties":{}},{"type":"Feature","geometry":{"type":"Polygon","coordinates":[[[11.278027,34.753809],[11.123633,34.681689],[11.254883,34.820312],[11.278027,34.753809]]]},"properties":{}},{"type":"Feature","geometry":{"type":"Polygon","coordinates":[[[10.957617,33.72207],[10.857422,33.687158],[10.72207,33.738916],[10.745215,33.888672],[10.921973,33.893115],[11.017871,33.82334],[10.957617,33.72207]]]},"properties":{}},{"type":"Feature","geometry":{"type":"Polygon","coordinates":[[[-1.17832,45.904053],[-1.213574,45.816602],[-1.388672,46.050391],[-1.17832,45.904053]]]},"properties":{}},{"type":"Feature","geometry":{"type":"Polygon","coordinates":[[[-1.065576,50.690234],[-1.251465,50.588818],[-1.563428,50.666113],[-1.312793,50.773486],[-1.065576,50.690234]]]},"properties":{}},{"type":"Feature","geometry":{"type":"Polygon","coordinates":[[[4.886133,53.070703],[4.787109,52.999805],[4.70918,53.036035],[4.886426,53.183301],[4.886133,53.070703]]]},"properties":{}},{"type":"Feature","geometry":{"type":"Polygon","coordinates":[[[10.395117,42.858154],[10.419336,42.713184],[10.109766,42.785059],[10.395117,42.858154]]]},"properties":{}},{"type":"Feature","geometry":{"type":"Polygon","coordinates":[[[8.478906,39.067529],[8.421484,38.968652],[8.358594,39.098779],[8.478906,39.067529]]]},"properties":{}},{"type":"Feature","geometry":{"type":"Polygon","coordinates":[[[8.286035,41.039844],[8.205664,40.997461],[8.320215,41.121875],[8.286035,41.039844]]]},"properties":{}},{"type":"Feature","geometry":{"type":"Polygon","coordinates":[[[4.293652,39.841846],[3.867188,39.95874],[3.853418,40.063037],[4.225781,40.032373],[4.315137,39.917236],[4.293652,39.841846]]]},"properties":{}},{"type":"Feature","geometry":{"type":"Polygon","coordinates":[[[1.593945,38.67207],[1.401953,38.711426],[1.436328,38.768213],[1.593945,38.67207]]]},"properties":{}},{"type":"Feature","geometry":{"type":"Polygon","coordinates":[[[1.445215,38.918701],[1.408984,38.857275],[1.22334,38.903857],[1.348633,39.080811],[1.613184,39.087402],[1.623633,39.038818],[1.445215,38.918701]]]},"properties":{}},{"type":"Feature","geometry":{"type":"Polygon","coordinates":[[[14.566211,35.852734],[14.436426,35.82168],[14.352344,35.872266],[14.35127,35.978418],[14.566211,35.852734]]]},"properties":{}},{"type":"Feature","geometry":{"type":"Polygon","coordinates":[[[14.810254,44.977051],[14.687012,44.955615],[14.437891,45.098633],[14.571094,45.224756],[14.810254,44.977051]]]},"properties":{}},{"type":"Feature","geometry":{"type":"Polygon","coordinates":[[[14.831445,44.758936],[14.856641,44.714844],[14.660352,44.799805],[14.754199,44.844824],[14.831445,44.758936]]]},"properties":{}},{"type":"Feature","geometry":{"type":"Polygon","coordinates":[[[15.188477,44.335742],[14.912793,44.48584],[14.741895,44.697363],[15.239941,44.350195],[15.188477,44.335742]]]},"properties":{}},{"type":"Feature","geometry":{"type":"Polygon","coordinates":[[[15.18877,43.922363],[15.13584,43.907275],[14.865039,44.167969],[15.18877,43.922363]]]},"properties":{}},{"type":"Feature","geometry":{"type":"Polygon","coordinates":[[[15.371387,43.973828],[15.437207,43.899512],[15.27002,44.010742],[15.371387,43.973828]]]},"properties":{}},{"type":"Feature","geometry":{"type":"Polygon","coordinates":[[[14.488086,44.660059],[14.419531,44.670312],[14.312402,44.900391],[14.340039,45.019971],[14.28584,45.144629],[14.33125,45.16499],[14.467383,44.970215],[14.488086,44.660059]]]},"properties":{}},{"type":"Feature","geometry":{"type":"Polygon","coordinates":[[[17.607813,42.769043],[17.744238,42.700342],[17.344141,42.790381],[17.607813,42.769043]]]},"properties":{}},{"type":"Feature","geometry":{"type":"Polygon","coordinates":[[[20.612305,38.38335],[20.624707,38.267871],[20.788867,38.14209],[20.761328,38.070557],[20.523535,38.106641],[20.452148,38.23418],[20.352539,38.179883],[20.408691,38.336768],[20.519629,38.332324],[20.563184,38.474951],[20.612305,38.38335]]]},"properties":{}},{"type":"Feature","geometry":{"type":"Polygon","coordinates":[[[20.888477,37.805371],[20.993945,37.708008],[20.909082,37.732129],[20.818555,37.664746],[20.619531,37.855029],[20.691504,37.929541],[20.888477,37.805371]]]},"properties":{}},{"type":"Feature","geometry":{"type":"Polygon","coordinates":[[[20.686719,38.608691],[20.554688,38.582568],[20.59248,38.760156],[20.694141,38.844238],[20.686719,38.608691]]]},"properties":{}},{"type":"Feature","geometry":{"type":"Polygon","coordinates":[[[20.758691,38.329443],[20.709277,38.318604],[20.623633,38.480322],[20.758691,38.329443]]]},"properties":{}},{"type":"Feature","geometry":{"type":"Polygon","coordinates":[[[20.07793,39.432715],[20.099609,39.376611],[19.883984,39.461523],[19.646484,39.76709],[19.838574,39.820117],[19.926074,39.77373],[19.84668,39.668115],[19.955273,39.47041],[20.07793,39.432715]]]},"properties":{}},{"type":"Feature","geometry":{"type":"Polygon","coordinates":[[[23.550977,37.925879],[23.419336,37.93125],[23.483691,37.991113],[23.550977,37.925879]]]},"properties":{}},{"type":"Feature","geometry":{"type":"Polygon","coordinates":[[[23.053809,36.189795],[23.042188,36.146387],[22.91084,36.220996],[22.950488,36.383936],[23.09707,36.246582],[23.053809,36.189795]]]},"properties":{}},{"type":"Feature","geometry":{"type":"Polygon","coordinates":[[[3.949121,51.739453],[4.075098,51.648779],[3.950977,51.627051],[3.699023,51.709912],[3.949121,51.739453]]]},"properties":{}},{"type":"Feature","geometry":{"type":"Polygon","coordinates":[[[25.402734,37.419141],[25.307129,37.412988],[25.312695,37.489307],[25.462988,37.471094],[25.402734,37.419141]]]},"properties":{}},{"type":"Feature","geometry":{"type":"Polygon","coordinates":[[[24.523535,37.125098],[24.424805,37.131982],[24.441211,37.186865],[24.529102,37.192334],[24.523535,37.125098]]]},"properties":{}},{"type":"Feature","geometry":{"type":"Polygon","coordinates":[[[17.979785,59.329053],[18.508887,59.407959],[18.617578,59.327051],[18.414258,59.290332],[18.285352,59.109375],[16.978125,58.65415],[16.214258,58.63667],[16.788477,58.585254],[16.923828,58.492578],[16.651953,58.434326],[16.769922,58.214258],[16.700098,58.160791],[16.694922,57.917529],[16.596973,57.912891],[16.555371,57.812256],[16.652246,57.500684],[16.475977,57.265137],[16.52793,57.068164],[15.99668,56.222607],[15.82666,56.124951],[15.626563,56.185596],[14.713965,56.134131],[14.754785,56.033154],[14.558594,56.048633],[14.215039,55.832617],[14.20293,55.72915],[14.341699,55.527734],[14.17373,55.396631],[13.806348,55.428564],[13.321387,55.346387],[12.88584,55.411377],[12.973926,55.748145],[12.471191,56.290527],[12.80166,56.263916],[12.656445,56.440576],[12.857422,56.452393],[12.919531,56.515576],[12.883691,56.617725],[12.717578,56.662842],[12.421484,56.906396],[12.151855,57.226953],[12.053223,57.446973],[11.961523,57.426074],[11.878711,57.679443],[11.734961,57.717676],[11.703223,57.973193],[11.549023,58.001221],[11.449316,58.118359],[11.431543,58.33999],[11.248242,58.369141],[11.20791,58.866406],[11.147168,58.988623],[11.195801,59.078271],[11.386426,59.065723],[10.834473,59.183936],[10.644922,59.389209],[10.595313,59.764551],[10.533887,59.695801],[10.569531,59.587109],[10.398145,59.519336],[10.431348,59.279639],[10.179395,59.009277],[9.842578,58.958496],[9.635156,59.117773],[9.557227,59.112695],[9.696094,59.009717],[9.656934,58.971191],[9.309961,58.856836],[9.395801,58.805664],[8.166113,58.145313],[7.465918,58.020947],[7.004883,58.024219],[6.877051,58.150732],[6.731445,58.068311],[6.555078,58.123437],[6.69248,58.224023],[6.659863,58.262744],[6.389063,58.267969],[6.054688,58.375146],[5.585938,58.62041],[5.522461,58.822656],[5.612207,59.012891],[6.099023,58.870264],[6.363281,59.000928],[6.099414,58.951953],[5.88916,59.097949],[5.968555,59.186133],[5.951855,59.299072],[6.415332,59.547119],[5.564063,59.291211],[5.362305,59.166357],[5.173242,59.162549],[5.131641,59.226465],[5.242188,59.564307],[5.472461,59.713086],[5.772168,59.660938],[6.216602,59.818359],[5.833984,59.794678],[5.730469,59.863086],[6.34873,60.352979],[6.518066,60.407568],[6.573633,60.360596],[6.526855,60.15293],[6.719922,60.418164],[6.995703,60.511963],[6.15332,60.34624],[5.876563,60.07002],[5.145801,59.638818],[5.104883,59.731689],[5.219531,59.97876],[5.205664,60.087939],[5.688574,60.123193],[5.28584,60.205713],[5.137109,60.445605],[5.64834,60.687988],[5.244043,60.56958],[5.11582,60.635986],[5.049121,60.70752],[5.008594,61.038184],[6.777832,61.142432],[6.97207,61.055957],[7.038672,60.95293],[7.040137,61.091162],[7.604492,61.210547],[7.403906,61.222168],[7.346582,61.300586],[7.442578,61.434619],[7.331152,61.372021],[7.275977,61.180957],[6.942578,61.160547],[6.657031,61.206592],[6.599902,61.289648],[6.492578,61.15459],[6.383496,61.133887],[6.08252,61.167285],[5.324609,61.108252],[5.02168,61.250586],[4.989941,61.377686],[5.002734,61.433594],[5.338672,61.485498],[4.99668,61.645215],[4.910352,61.80957],[4.985059,61.900439],[5.465332,61.896924],[6.01582,61.7875],[6.730762,61.869775],[6.131152,61.852441],[5.266895,61.935596],[5.096484,62.02666],[5.143164,62.159912],[5.357715,62.151709],[5.533301,62.310889],[5.718164,62.378906],[5.908301,62.416016],[6.208984,62.352783],[6.692383,62.468066],[6.136133,62.407471],[6.118457,62.447168],[6.35293,62.611133],[6.961133,62.626758],[7.570117,62.548193],[7.690723,62.585596],[7.527441,62.610303],[7.538379,62.67207],[8.095508,62.731836],[6.734961,62.720703],[6.94043,62.930469],[7.571875,63.099512],[8.100586,63.090967],[8.623145,62.84624],[8.158008,63.161523],[8.271484,63.286572],[8.635547,63.342334],[8.59375,63.426123],[8.386523,63.445264],[8.360742,63.498877],[8.576172,63.601172],[8.842383,63.645898],[9.13584,63.593652],[9.075879,63.500391],[9.156055,63.459326],[9.323633,63.570361],[9.696875,63.624561],[10.020996,63.39082],[10.340039,63.469336],[10.760156,63.461279],[10.673633,63.558008],[10.725293,63.625],[11.370703,63.804834],[11.175586,63.898877],[11.457617,64.002979],[11.306641,64.048877],[10.914258,63.921094],[11.047266,63.845215],[10.934863,63.770215],[10.055078,63.512695],[9.924023,63.521777],[9.76748,63.699512],[9.567285,63.706152],[10.009961,64.083154],[10.565625,64.418311],[11.63291,64.813916],[11.296777,64.754785],[11.349902,64.905908],[11.489355,64.97583],[12.159668,65.178955],[12.306543,65.085986],[12.508398,65.099414],[12.915527,65.339258],[12.417578,65.184082],[12.133887,65.27915],[12.122168,65.362354],[12.272852,65.568164],[12.688867,65.902197],[13.033105,65.95625],[12.783789,66.100439],[13.674414,66.17998],[14.03418,66.297559],[13.118848,66.230664],[13.068164,66.430811],[13.104688,66.539404],[13.191602,66.537158],[13.211426,66.64082],[13.621094,66.794824],[13.959473,66.794336],[13.651563,66.90708],[13.880176,66.964893],[14.108789,67.119238],[15.415723,67.202441],[15.434766,67.24668],[14.441699,67.271387],[14.961914,67.574268],[15.409375,67.47417],[15.594434,67.348535],[15.575684,67.443848],[15.691504,67.521387],[15.487305,67.514795],[15.24873,67.602148],[15.218652,67.655371],[15.345801,67.734424],[15.303906,67.765283],[14.781348,67.674902],[14.798926,67.809326],[15.134277,67.972705],[15.621387,67.948291],[15.292871,68.036475],[16.00791,68.228711],[16.120801,68.027344],[16.312305,67.881445],[16.258594,68.001221],[16.391992,68.091602],[16.259766,68.144531],[16.203809,68.316748],[16.387891,68.389551],[16.951367,68.354687],[17.552832,68.42627],[17.426172,68.481934],[16.584863,68.466455],[16.514355,68.532568],[16.651855,68.625781],[17.131152,68.693457],[17.39082,68.799365],[17.70459,69.100049],[18.101465,69.156299],[18.078711,69.325244],[18.259766,69.470605],[18.645508,69.321875],[18.858984,69.314453],[18.915918,69.335596],[18.624414,69.434375],[18.614453,69.490576],[18.991113,69.561133],[19.038379,69.6604],[19.197266,69.747852],[19.687012,69.804736],[19.641504,69.424023],[19.960547,69.824609],[20.324219,69.945312],[20.387207,69.867627],[20.338184,69.61665],[20.04375,69.355664],[20.107227,69.341211],[20.486719,69.54209],[20.739453,69.520508],[20.532715,69.692334],[20.545996,69.851074],[20.62207,69.913916],[21.163086,69.889502],[21.253711,70.003223],[21.43291,70.013184],[21.974707,69.83457],[21.802734,70.066064],[21.355762,70.233398],[21.780273,70.229883],[22.219434,70.30918],[22.321973,70.264502],[22.421191,70.337598],[22.68457,70.374756],[22.941211,70.30498],[23.046484,70.101855],[23.353906,69.983398],[23.400195,70.019775],[23.286035,70.104834],[23.379395,70.247461],[23.66123,70.399756],[24.038477,70.485352],[24.42002,70.702002],[24.263477,70.826318],[24.764746,71.008447],[25.264648,70.843506],[25.435938,70.911865],[25.781445,70.816797],[25.273535,70.552393],[25.146387,70.324023],[24.994238,70.218213],[24.982715,70.143994],[25.043848,70.109033],[25.418848,70.235498],[25.470508,70.340576],[26.506934,70.912793],[26.661328,70.939746],[26.733984,70.853564],[26.558203,70.669141],[26.644629,70.63623],[26.585059,70.41001],[26.989355,70.511377],[27.183691,70.744043],[27.309375,70.803564],[27.546484,70.804004],[27.235254,70.947217],[27.331641,70.996729],[27.59707,71.091309],[28.141699,71.043018],[28.392285,70.975293],[28.382715,70.869434],[27.898047,70.67793],[28.271777,70.667969],[28.202734,70.576904],[28.192969,70.248584],[28.609375,70.759668],[28.831543,70.863965],[29.102344,70.860742],[29.7375,70.646826],[30.065137,70.702979],[30.237695,70.622168],[30.213184,70.543311],[30.595898,70.523682],[30.960645,70.343848],[30.944141,70.274414],[30.262988,70.124707],[28.781152,70.14541],[28.804297,70.092529],[29.601367,69.976758],[29.635938,69.780127],[29.694629,69.74458],[30.088281,69.717578],[30.237598,69.862207],[30.348828,69.83457],[30.42832,69.722266],[30.484375,69.794873],[30.714453,69.795703],[31.546973,69.696924],[31.788574,69.815771],[31.997949,69.809912],[31.98457,69.953662],[33.007812,69.722119],[32.994629,69.626172],[32.915039,69.601709],[32.176758,69.674023],[32.091504,69.632568],[32.330566,69.554248],[32.377734,69.479102],[32.999805,69.470117],[32.978906,69.367334],[33.454297,69.428174],[33.327734,69.151855],[33.141211,69.068701],[33.435645,69.130371],[33.684375,69.310254],[35.00957,69.22124],[35.289844,69.275439],[35.85791,69.191748],[37.730566,68.692139],[38.430176,68.355615],[38.831543,68.324902],[39.568945,68.071729],[39.82334,68.058594],[39.746289,68.162207],[39.809277,68.15083],[40.380664,67.831885],[40.966406,67.713477],[41.133887,67.386035],[41.133887,67.266943],[41.358789,67.209668],[41.275586,66.914307],[41.188965,66.826172],[40.521582,66.446631],[40.10332,66.299951],[38.653906,66.069043],[37.900684,66.095605],[36.983691,66.272559],[35.513477,66.395801],[34.824609,66.611133],[34.482617,66.550342],[34.396094,66.613184],[34.451563,66.651221],[33.150195,66.843945],[32.847559,67.021533],[32.930469,67.086816],[31.895313,67.161426],[32.500977,67.003857],[32.463672,66.916309],[32.862402,66.721387],[33.180566,66.679932],[33.217383,66.531641],[33.655957,66.442627],[33.360547,66.329541],[34.112695,66.225244],[34.691797,65.951855],[34.786328,65.864551],[34.776953,65.768262],[34.615723,65.509912],[34.406445,65.395752],[34.803516,64.985986],[34.832617,64.800195],[34.952246,64.755957],[34.858301,64.706689],[34.869531,64.56001],[35.035352,64.440234],[35.432031,64.346777],[35.64707,64.37832],[36.146484,64.189014],[36.364941,64.002832],[37.442188,63.813379],[37.967969,63.949121],[38.070801,64.02583],[38.062207,64.091016],[37.953711,64.320117],[37.740625,64.396973],[37.183691,64.408496],[36.578711,64.790967],[36.53457,64.938623],[36.785938,64.987158],[36.882812,65.172363],[37.14082,65.194287],[37.528125,65.108252],[38.009375,64.87876],[38.412109,64.85708],[39.567383,64.570557],[39.758008,64.577051],[39.848633,64.690527],[40.057813,64.770752],[40.444922,64.778711],[40.28125,64.998096],[39.798047,65.349854],[39.749121,65.447949],[39.816504,65.597949],[40.327832,65.751709],[40.691602,65.963428],[41.475781,66.123437],[42.210547,66.519678],[42.602148,66.42251],[43.233203,66.415527],[43.653125,66.250977],[43.541895,66.123389],[43.84375,66.142383],[44.104395,66.008594],[44.145313,66.112744],[44.097168,66.235059],[44.488672,66.671777],[44.429297,66.937744],[44.291797,67.099658],[43.855371,67.188623],[43.782422,67.254492],[44.225391,67.995605],[44.204688,68.25376],[44.169141,68.3271],[43.333203,68.673389],[44.048047,68.548828],[45.078125,68.578174],[45.891992,68.479687],[46.683594,67.970459],[46.69043,67.848828],[45.528711,67.757568],[44.902148,67.413135],[44.939453,67.350781],[45.562207,67.185596],[45.885352,66.891064],[46.492383,66.800195],[47.655859,66.975928],[47.768066,67.275635],[47.908203,67.454688],[47.874707,67.58418],[48.833203,67.681494],[48.87793,67.731348],[48.695703,67.874219],[48.754297,67.895947],[49.155273,67.87041],[50.699414,68.317725],[51.994727,68.53877],[52.285352,68.459375],[52.183496,68.374268],[52.39668,68.351709],[52.722656,68.484033],[52.550098,68.592432],[52.344043,68.608154],[53.801953,68.995898],[54.491211,68.992334],[53.797656,68.907471],[53.970605,68.844287],[53.758887,68.633984],[53.917676,68.536963],[53.930859,68.435547],[53.342578,68.343213],[53.260547,68.26748],[53.967871,68.227344],[54.476172,68.294141],[54.717969,68.18418],[54.861328,68.201855],[54.923047,68.373828],[55.418066,68.567822],[56.043652,68.648877],[57.126855,68.554004],[58.173047,68.889746],[58.237012,68.833936],[58.353906,68.916211],[59.057324,69.006055],[59.110156,68.896289],[59.370508,68.738379],[59.112305,68.616309],[59.099023,68.444336],[59.725684,68.351611],[59.922852,68.471338],[59.865137,68.604932],[59.895996,68.706348],[60.48916,68.728955],[60.933594,68.986768],[60.858594,69.145508],[60.664551,69.110254],[60.170605,69.590918],[60.909082,69.847119],[63.361426,69.675293],[64.19043,69.534668],[64.928516,69.325391],[64.896289,69.247803],[65.031543,69.269824],[66.416113,68.947852],[67.002441,68.873584],[67.149219,68.753955],[67.730762,68.513672],[68.371191,68.314258],[68.504199,68.348438],[68.829492,68.567432],[69.140527,68.950635],[68.762891,68.917383],[68.542773,68.96709],[68.117383,69.23623],[68.005859,69.480029],[67.624121,69.584424],[67.064453,69.693701],[66.89668,69.553809],[66.80293,69.740137],[66.926367,70.014258],[67.069043,70.005615],[67.239258,70.108057],[67.146484,70.219922],[67.284766,70.738721],[67.143359,70.837549],[66.702246,70.818506],[66.666113,70.900586],[66.84707,71.063721],[66.639648,71.081396],[66.917578,71.282373],[67.541797,71.412012],[68.269238,71.682812],[68.607422,72.012744],[69.039062,72.669922],[69.391406,72.955518],[69.694336,72.977539],[69.645117,72.897559],[69.738281,72.884961],[71.616992,72.9021],[72.812109,72.691406],[72.75293,72.343164],[72.574121,72.012549],[72.279492,71.695508],[71.912012,71.547949],[71.867285,71.457373],[72.079297,71.306689],[72.581348,71.151123],[72.704492,70.963232],[72.7,70.457324],[72.469434,70.274951],[72.599414,69.793213],[72.615625,69.484033],[72.527051,69.154248],[72.576758,68.968701],[72.811914,68.815234],[73.548047,68.574512],[73.591699,68.481885],[73.139453,68.181348],[73.173047,67.973047],[73.066797,67.766943],[72.594336,67.586963],[71.847461,67.007617],[71.668164,66.939697],[71.365234,66.961523],[71.551172,66.760449],[71.539551,66.683105],[71.341992,66.686719],[70.724902,66.519434],[70.382812,66.60249],[70.690723,66.745312],[70.283398,66.685791],[69.877148,66.845459],[69.013477,66.78833],[69.194336,66.578662],[69.982422,66.401416],[70.339453,66.342383],[71.358008,66.359424],[72.067578,66.25332],[72.321582,66.332129],[72.417383,66.560791],[73.513574,66.861084],[73.79209,66.995312],[74.074512,67.414111],[74.769531,67.766357],[74.742676,68.073535],[74.391406,68.420605],[74.480957,68.658887],[74.57959,68.751221],[75.124609,68.861719],[76.45918,68.978271],[77.238477,68.46958],[77.248438,67.941016],[77.174414,67.778516],[77.771582,67.570264],[78.922461,67.589111],[77.588281,67.751904],[77.535937,68.007666],[77.664844,68.190381],[77.995117,68.259473],[77.650684,68.903027],[76.000977,69.235059],[75.42002,69.238623],[74.814844,69.090576],[74.362598,69.14458],[73.977441,69.114648],[73.775684,69.198242],[73.890918,69.417969],[73.560156,69.707227],[73.578125,69.802979],[73.830176,70.175684],[74.343359,70.578711],[73.576563,71.216504],[73.08623,71.444922],[73.671777,71.845068],[74.992188,72.144824],[75.089941,72.263135],[75.060352,72.548779],[74.786816,72.811865],[75.152441,72.852734],[75.369336,72.796631],[75.603516,72.581055],[75.591406,72.457227],[75.741406,72.29624],[75.394531,71.983203],[75.273828,71.958936],[75.247461,71.813379],[75.503223,71.654639],[75.468555,71.534375],[75.280273,71.430078],[75.332031,71.341748],[75.733594,71.265918],[76.741992,71.202051],[76.929004,71.127881],[76.995215,71.181055],[77.589648,71.16792],[78.320605,70.93042],[79.01543,70.950195],[79.083887,71.002002],[78.723926,70.975977],[78.491406,71.025391],[78.212598,71.266309],[77.481055,71.311572],[76.433398,71.55249],[76.312109,71.595459],[76.032422,71.9104],[76.871387,72.033008],[77.550781,71.84209],[78.186914,71.90708],[78.232422,71.952295],[78.016406,72.092041],[77.41084,72.107764],[77.471582,72.192139],[77.968164,72.328711],[78.482617,72.394971],[79.42207,72.380762],[79.953906,72.223047],[80.7625,72.08916],[80.856055,71.970215],[81.661621,71.715967],[82.757812,71.764111],[83.106641,71.720508],[83.233594,71.668164],[82.977051,71.451367],[82.322852,71.26001],[82.23916,70.997705],[82.335938,70.807373],[82.163184,70.598145],[82.221191,70.395703],[82.258398,70.543604],[82.59248,70.889941],[82.869141,70.954834],[83.010156,70.89541],[83.030176,70.580518],[82.919824,70.407422],[82.682324,70.217725],[82.856543,70.104541],[83.080762,70.093018],[83.132031,70.157178],[83.073828,70.276709],[83.49707,70.345264],[83.659863,70.418359],[83.735938,70.546484],[83.578906,70.765918],[83.15127,71.103613],[83.550488,71.543652],[83.534375,71.683936],[83.200293,71.874707],[82.64541,71.925244],[82.319141,72.071826],[82.093652,72.26543],[81.098145,72.389746],[80.827051,72.488281],[80.65625,72.712012],[80.841602,72.94917],[80.509668,73.086084],[80.424512,73.231152],[80.398047,73.356836],[80.595898,73.474023],[80.583203,73.568457],[81.816992,73.658838],[83.544727,73.666504],[84.737891,73.762842],[85.200586,73.721533],[85.44834,73.734619],[85.611426,73.821582],[86.892969,73.887109],[87.029492,73.82417],[86.094141,73.57832],[85.792578,73.43833],[85.818164,73.326953],[86.677051,73.106787],[86.715039,73.12583],[85.910059,73.39043],[86.092383,73.519141],[87.120117,73.615039],[87.571191,73.810742],[87.209668,73.878662],[86.571094,74.24375],[86.001367,74.316016],[86.18291,74.423047],[86.395801,74.450098],[86.897949,74.325342],[87.229688,74.363867],[86.425684,74.585498],[85.791016,74.645117],[85.880762,74.740234],[86.058887,74.728223],[86.20127,74.816211],[86.651465,74.682422],[86.862891,74.717871],[87.419336,74.940918],[87.467578,75.013232],[86.939063,75.068115],[87.005957,75.169824],[87.671387,75.12959],[88.733105,75.369189],[89.310254,75.470117],[89.595117,75.458252],[90.184961,75.591064],[91.479492,75.649658],[94.156348,75.959229],[93.574023,75.956299],[93.406055,75.90127],[93.178125,75.958984],[92.986621,75.902686],[92.89043,75.909961],[92.858594,75.979492],[92.971582,76.075098],[93.104883,76.02583],[93.259277,76.098779],[93.648438,76.05415],[94.575586,76.151758],[95.578711,76.137305],[96.075488,76.081982],[95.65332,75.892188],[96.600586,75.989893],[96.49707,75.891211],[97.350684,76.033398],[97.499219,75.980225],[97.669824,76.078027],[98.662012,76.242676],[99.77041,76.02876],[99.602344,75.852051],[99.442187,75.803174],[99.540723,75.798584],[99.851367,75.930273],[99.825391,76.135937],[98.805664,76.480664],[100.84375,76.525195],[101.597754,76.439209],[101.683789,76.485498],[100.928027,76.556738],[101.099316,76.704004],[100.92041,76.82251],[100.905859,76.900684],[100.989941,76.990479],[101.517676,77.198096],[102.610156,77.508545],[104.014551,77.73042],[105.710254,77.525244],[106.05957,77.390527],[105.38457,77.237842],[104.202441,77.101807],[105.645898,77.100684],[105.712012,77.001465],[105.822168,76.99751],[106.941602,77.034375],[107.429785,76.926563],[106.63877,76.573389],[106.384668,76.589453],[106.413574,76.512256],[107.722168,76.522314],[107.902246,76.569678],[108.02793,76.718457],[108.181641,76.737842],[111.114844,76.723047],[111.786133,76.603564],[112.093945,76.480322],[111.942676,76.380469],[112.29707,76.434668],[112.619531,76.383545],[112.68418,76.218848],[112.798438,76.129639],[112.65625,76.053564],[113.150391,76.174512],[112.987988,76.239746],[113.272656,76.25166],[113.563867,75.89165],[113.857227,75.921289],[113.870996,75.856006],[113.74873,75.704785],[113.567578,75.568408],[113.485938,75.563965],[113.517188,75.621875],[113.391602,75.677881],[112.466113,75.843652],[112.955664,75.571924],[113.242969,75.611426],[113.726172,75.450635],[113.613574,75.292969],[112.924902,75.015039],[109.840332,74.321973],[109.911328,74.261328],[109.810254,74.169189],[109.075,74.032324],[108.199512,73.694092],[107.271094,73.621045],[106.679395,73.330664],[106.188672,73.308008],[105.677148,72.959277],[105.143945,72.777051],[105.708203,72.83667],[106.47793,73.139404],[107.750391,73.173145],[108.351465,73.310205],[109.089941,73.378418],[109.331055,73.487451],[109.855273,73.472461],[110.868164,73.730713],[110.722363,73.779932],[109.752734,73.722559],[109.665625,73.800244],[109.869141,73.930615],[110.261426,74.017432],[111.05625,73.939355],[111.130859,74.052832],[111.550586,74.028516],[111.228125,73.968555],[111.400391,73.827734],[112.147266,73.708936],[112.79541,73.746094],[112.939648,73.835645],[112.835938,73.962061],[113.032813,73.913867],[113.416211,73.647607],[113.156934,73.45957],[113.490918,73.346094],[113.474609,73.047852],[113.127832,72.830664],[113.312207,72.657373],[113.664551,72.634521],[113.711914,72.65415],[113.215527,72.805859],[113.542773,73.054346],[113.558887,73.232617],[113.88623,73.345801],[113.539453,73.433643],[113.510352,73.50498],[114.060547,73.584668],[114.816016,73.607178],[115.337695,73.702588],[118.450195,73.589795],[118.870898,73.537891],[118.936426,73.481201],[118.457031,73.464404],[118.376563,73.367236],[118.430273,73.246533],[119.750391,72.979102],[121.747852,72.969678],[122.5375,72.877783],[122.751953,72.906494],[122.501953,72.970654],[122.526758,73.016699],[123.160352,72.954883],[123.622266,73.193262],[123.322656,73.430811],[123.305078,73.53291],[123.416211,73.636865],[123.796875,73.626758],[124.019043,73.712305],[124.541211,73.75127],[125.61709,73.520605],[125.598535,73.447412],[126.254492,73.548193],[126.344922,73.506299],[126.257422,73.419775],[126.29248,73.394189],[126.552539,73.334912],[127.031348,73.547461],[127.740332,73.481543],[128.281445,73.330566],[128.257812,73.26748],[128.587012,73.262402],[128.888672,73.190234],[128.913379,73.110596],[129.100586,73.112354],[129.053711,73.04541],[128.599023,72.895166],[129.017285,72.872461],[129.229102,72.775732],[129.250391,72.705176],[128.418262,72.535156],[129.281348,72.437695],[129.411719,72.315479],[129.410645,72.166309],[129.283496,72.092041],[128.934961,72.079492],[127.803418,72.434033],[127.726074,72.413184],[128.911426,71.755322],[129.116602,71.824609],[129.121582,71.953223],[129.210254,71.916943],[129.46084,71.739307],[128.843262,71.663477],[128.922656,71.601758],[129.134277,71.592871],[129.761914,71.119531],[130.537109,70.892529],[130.668457,70.88833],[130.757129,70.962354],[131.021582,70.746094],[131.268262,70.765527],[131.562012,70.901025],[131.906445,71.202637],[132.035352,71.244043],[132.003711,71.350195],[132.227637,71.642773],[132.653906,71.925977],[132.803613,71.767578],[133.130859,71.606689],[133.688867,71.434229],[134.702734,71.386816],[135.022363,71.515039],[135.55918,71.610352],[136.090332,71.61958],[137.11582,71.415674],[137.939648,71.133398],[137.991699,71.142725],[137.844043,71.226807],[138.314063,71.325537],[137.918359,71.384082],[138.04834,71.525977],[138.23418,71.596338],[138.525195,71.562744],[138.780176,71.629004],[139.209375,71.444775],[139.98418,71.491504],[139.695117,71.700439],[139.722949,71.884961],[139.359277,71.951367],[139.640234,71.99834],[139.84707,72.148584],[140.187695,72.191309],[139.616992,72.225684],[139.176367,72.163477],[139.14082,72.329736],[139.601172,72.496094],[140.450586,72.493115],[141.079297,72.586914],[140.983203,72.630029],[140.972852,72.716992],[140.652344,72.842822],[140.808203,72.890967],[142.061426,72.720801],[143.51582,72.698242],[146.25293,72.442236],[146.234766,72.349707],[144.897461,72.39624],[144.169238,72.258789],[144.470703,72.174756],[145.03916,72.259863],[146.831836,72.29541],[146.599219,72.123535],[146.113281,71.944971],[146.005859,71.945459],[146.230273,72.1375],[145.758594,72.225879],[145.664062,72.066992],[145.756738,72.020654],[145.756738,71.941309],[145.407227,71.890137],[145.063965,71.926074],[145.07373,71.830859],[144.989648,71.753369],[145.188574,71.695801],[146.073242,71.80835],[147.261816,72.327881],[148.402051,72.311963],[149.501563,72.164307],[149.963086,71.992188],[150.016895,71.895654],[149.04873,71.795752],[148.92334,71.714648],[149.857129,71.601465],[150.06084,71.51084],[150.599805,71.520117],[150.667773,71.455225],[150.097656,71.226562],[150.967773,71.380469],[151.582422,71.286963],[152.092773,71.023291],[151.762012,70.982471],[152.508789,70.834473],[153.794141,70.87998],[155.895215,71.095508],[157.447363,71.074512],[158.702148,70.93501],[159.350684,70.790723],[159.72793,70.649658],[159.911816,70.506104],[160.006445,70.309668],[159.729395,69.870215],[159.83252,69.784961],[160.910742,69.606348],[161.035547,69.098193],[161.309863,68.982275],[161.340625,68.905176],[161.129004,68.653857],[160.856055,68.53833],[161.104492,68.5625],[161.365137,68.822998],[161.565625,68.905176],[161.565625,69.063965],[161.480078,69.201709],[161.536914,69.379541],[162.166016,69.611572],[163.201367,69.714746],[163.945996,69.735156],[164.513281,69.609131],[166.820312,69.499561],[167.628125,69.740332],[167.856836,69.728223],[168.15,69.577393],[168.303027,69.271484],[169.310645,69.079541],[169.414648,68.919629],[169.609863,68.786035],[170.537598,68.825391],[170.99541,69.045312],[170.99668,69.134717],[170.582227,69.58335],[170.160938,69.626563],[170.503125,69.856543],[170.486816,70.107568],[172.55957,69.968359],[173.277441,69.823828],[173.438672,69.946826],[174.785547,69.855664],[175.921484,69.895313],[176.924414,69.645996],[178.84834,69.387207],[178.950684,69.295801],[179.272656,69.259668],[180,68.983447],[180,65.067236],[179.448242,64.822021],[178.519531,64.602979],[177.748633,64.717041],[177.179199,65.014111],[176.880859,65.081934],[176.341016,65.047314],[177.037305,64.999658],[177.222852,64.86167],[177.06875,64.78667],[176.429492,64.855176],[176.061133,64.960889],[175.781152,64.844043],[174.548828,64.683887],[175.67793,64.782471],[176.056543,64.904736],[176.246973,64.843018],[176.350977,64.705127],[176.140918,64.58584],[176.507617,64.682422],[176.842871,64.633789],[177.3875,64.774023],[177.467188,64.736816],[177.43291,64.444482],[177.6875,64.304736],[178.044727,64.21958],[178.130566,64.235254],[178.229492,64.364404],[178.477148,64.127881],[178.451367,64.011377],[178.650293,63.965283],[178.69248,63.842334],[178.731445,63.66709],[178.44043,63.605566],[178.466113,63.574072],[178.653711,63.556641],[178.706445,63.521533],[178.678711,63.402295],[178.744043,63.394775],[178.792969,63.540332],[178.921484,63.34502],[179.332324,63.190186],[179.405078,63.077734],[179.25957,63.008301],[179.570508,62.773486],[179.570508,62.6875],[179.477246,62.613086],[179.176953,62.469189],[179.120703,62.320361],[178.019238,62.546973],[177.292578,62.599023],[177.338965,62.781348],[177.023535,62.777246],[176.964746,62.658643],[177.189648,62.591602],[177.159473,62.560986],[176.702539,62.505762],[176.328418,62.346045],[174.715039,61.9479],[174.514355,61.823633],[174.138867,61.795166],[173.822363,61.679395],[173.623438,61.716064],[173.131836,61.406641],[172.856543,61.469189],[172.806836,61.436133],[172.908008,61.311621],[172.730664,61.314404],[172.584766,61.19043],[172.396094,61.167383],[172.392773,61.061768],[170.608203,60.434912],[170.350977,59.965527],[169.982617,60.06709],[169.618359,60.438037],[169.226758,60.595947],[168.1375,60.573926],[167.226758,60.406299],[166.964063,60.307031],[166.273047,59.85625],[166.186523,59.849463],[166.136035,59.979346],[166.352148,60.484814],[166.180176,60.480371],[165.08457,60.098584],[165.073633,59.945605],[164.953711,59.843604],[164.779395,59.874219],[164.525293,60.061279],[164.376855,60.058057],[164.113281,59.897559],[164.135059,59.984375],[163.743848,60.028027],[163.364844,59.781445],[163.269043,59.52002],[163.272852,59.302588],[163.084863,59.131396],[162.940039,59.114307],[163.004297,59.020166],[162.969824,58.986475],[162.453027,58.708594],[162.141602,58.447412],[161.960059,58.076904],[162.039648,57.918262],[162.411426,57.778369],[162.391406,57.717236],[162.521973,57.904102],[162.654297,57.948242],[163.225781,57.790381],[163.187891,57.637402],[162.779297,57.357617],[162.761523,57.243945],[162.802637,56.811475],[162.92207,56.722656],[163.256543,56.688037],[163.335547,56.23252],[163.047363,56.044678],[162.840332,56.065625],[162.628125,56.232275],[163.038379,56.521875],[162.671484,56.490088],[162.488672,56.399121],[162.528223,56.260693],[162.084961,56.089648],[161.723926,55.496143],[161.784961,55.205322],[162.080273,54.886133],[162.105566,54.752148],[161.624805,54.51626],[161.294043,54.520557],[161.129883,54.598242],[160.772656,54.541357],[160.074414,54.18916],[159.921777,54.008398],[159.84375,53.783643],[159.955859,53.552197],[159.897656,53.380762],[160.002148,53.274902],[160.025098,53.12959],[159.585938,53.237695],[158.952051,53.047559],[158.74541,52.908936],[158.564648,53.05],[158.47207,53.032373],[158.432324,52.957422],[158.608789,52.873633],[158.480762,52.62666],[158.493164,52.383154],[158.103516,51.809619],[156.747754,50.969287],[156.670801,51.226855],[156.521191,51.380273],[156.489844,51.913037],[156.364746,52.509375],[156.228613,52.62627],[156.110352,52.866162],[155.950195,53.744287],[155.563867,55.199121],[155.716602,56.072217],[155.98252,56.695215],[156.728418,57.152246],[156.848828,57.290186],[156.976758,57.466309],[156.948242,57.615771],[156.791602,57.747949],[156.829883,57.779639],[156.985742,57.830176],[157.450391,57.799268],[157.666406,58.019775],[158.275195,58.008984],[158.449414,58.162842],[159.210645,58.519434],[159.591504,58.803662],[159.847363,59.127148],[161.753516,60.152295],[162.068164,60.466406],[162.973145,60.78291],[163.352344,60.800439],[163.709961,60.916797],[163.553516,61.025635],[164.005469,61.343799],[163.972754,61.419873],[163.804395,61.461377],[163.882715,61.640137],[164.019531,61.710693],[164.074219,62.04502],[164.207227,62.292236],[164.59834,62.470557],[165.208105,62.373975],[165.213867,62.448193],[165.417383,62.44707],[165.396582,62.493896],[164.792383,62.571094],[164.418359,62.704639],[163.331738,62.550928],[163.244238,62.455371],[163.302148,62.372998],[163.163477,62.25957],[163.131055,62.049902],[163.017676,61.891064],[163.009277,61.791504],[163.257812,61.699463],[163.085254,61.570557],[162.993945,61.544189],[162.855957,61.705029],[162.392578,61.662109],[161.037109,60.962891],[160.766602,60.75332],[160.482031,60.739844],[160.173633,60.638428],[160.225781,60.831543],[160.378906,61.025488],[160.184277,61.047656],[159.79043,60.956641],[159.949219,61.128613],[159.883105,61.291797],[160.246875,61.647607],[160.309375,61.894385],[159.552344,61.719482],[159.189258,61.929395],[158.070117,61.753613],[157.469336,61.798926],[157.08418,61.675684],[156.680273,61.480615],[156.629688,61.272461],[156.055957,60.995605],[155.716113,60.682373],[154.970801,60.37666],[154.578223,60.09502],[154.440723,59.883789],[154.293066,59.83335],[154.268848,59.658398],[154.149805,59.528516],[154.272168,59.475146],[154.58252,59.540088],[154.971289,59.449609],[155.166699,59.360156],[155.160449,59.190137],[154.703516,59.141309],[154.458008,59.216553],[154.010938,59.075537],[153.695215,59.224756],[153.361133,59.214795],[153.272949,59.091309],[153.077734,59.081885],[152.817871,58.92627],[152.319629,59.030762],[152.165234,58.997021],[152.087891,58.910449],[151.326758,58.875098],[151.121094,59.08252],[152.260645,59.223584],[151.798047,59.323242],[151.348242,59.561133],[151.033594,59.585645],[150.823438,59.460742],[150.483594,59.494385],[150.667285,59.556348],[149.642578,59.77041],[149.424512,59.760986],[149.065234,59.630518],[149.20498,59.488184],[148.925,59.475],[148.79707,59.532324],[148.708887,59.448535],[148.744141,59.373535],[148.964648,59.369141],[148.914062,59.282715],[148.72666,59.25791],[148.491211,59.262305],[148.257422,59.414209],[147.874609,59.388037],[147.514453,59.268555],[146.537207,59.456982],[146.444336,59.430469],[146.273438,59.221484],[146.049512,59.170557],[145.931641,59.198389],[145.756445,59.37373],[145.55459,59.413525],[143.86875,59.411377],[143.523828,59.343652],[143.192188,59.370117],[142.580273,59.240137],[142.025391,58.999658],[141.60293,58.649023],[140.790234,58.303467],[140.446875,57.813672],[140.002344,57.6875],[139.80332,57.51416],[139.181641,57.261523],[138.965723,57.088135],[138.662109,56.965527],[137.691504,56.139355],[135.2625,54.943311],[135.211523,54.84082],[135.257715,54.731494],[135.851562,54.583936],[136.797266,54.620996],[136.82041,54.452344],[136.683008,53.931299],[136.718848,53.804102],[137.155371,53.82168],[137.258008,54.025244],[137.096191,54.128564],[137.141602,54.182227],[137.377734,54.282324],[137.666016,54.283301],[137.339258,54.100537],[137.622754,53.970459],[137.834766,53.946729],[137.644824,53.86582],[137.516992,53.70708],[137.221484,53.579199],[137.253711,53.546143],[137.950488,53.603564],[138.25293,53.726416],[138.378906,53.909277],[138.52793,53.959863],[138.569141,53.818799],[138.249707,53.524023],[138.450684,53.537012],[138.660742,53.744775],[138.72168,54.04375],[138.657227,54.29834],[138.695703,54.32002],[139.319727,54.192969],[139.795508,54.256445],[140.178711,54.051562],[140.34707,53.812598],[140.687598,53.596436],[141.37373,53.292773],[141.402051,53.183984],[141.18125,53.015283],[140.839648,53.087891],[141.255859,52.840137],[141.24502,52.550146],[141.132422,52.435693],[141.485254,52.178516],[141.385547,52.057227],[141.366895,51.920654],[140.932617,51.619922],[140.687695,51.232275],[140.670703,51.051318],[140.520898,50.800195],[140.476367,50.545996],[140.535449,50.130762],[140.624512,50.082422],[140.462695,49.911475],[140.517188,49.596143],[140.308984,49.053906],[140.37832,48.964111],[140.224219,48.772852],[140.113281,48.422656],[139.372656,47.887354],[139.001367,47.383301],[138.586816,47.057227],[138.336914,46.543408],[138.210156,46.462939],[138.106348,46.250732],[137.685449,45.818359],[136.803516,45.171143],[136.251172,44.666797],[136.142285,44.489111],[135.874609,44.373535],[135.483398,43.83501],[135.131055,43.525732],[134.010449,42.947461],[133.159961,42.696973],[132.996582,42.808008],[132.863574,42.79375],[132.708984,42.87583],[132.303809,42.883301],[132.30957,43.313525],[131.947266,43.09541],[131.866602,43.095166],[132.013086,43.280029],[131.794727,43.255273],[131.158301,42.626025],[130.709375,42.656396],[130.83418,42.522949],[130.729883,42.325781],[130.636523,42.274854],[130.45752,42.301709],[130.235742,42.183203],[129.756348,41.712256],[129.686328,41.594971],[129.76582,41.303857],[129.708691,40.857324],[129.341113,40.726318],[129.109766,40.491064],[128.701367,40.317529],[128.51123,40.130225],[128.304492,40.035937],[127.966602,39.995605],[127.86709,39.895947],[127.568164,39.781982],[127.548926,39.461084],[127.522852,39.377393],[127.422266,39.373584],[127.394531,39.20791],[127.786133,39.084131],[128.329492,38.680908],[128.618848,38.176074],[129.335156,37.274561],[129.418262,37.059033],[129.473438,36.741895],[129.403516,36.052148],[129.458301,36.006445],[129.572852,36.050537],[129.561719,35.947656],[129.419141,35.497852],[129.21416,35.181836],[128.980078,35.101514],[128.510938,35.100977],[128.418848,35.015674],[128.443945,34.870361],[128.094531,34.933594],[128.03623,35.021973],[127.714844,34.954687],[127.639355,34.889697],[127.742188,34.782568],[127.71543,34.721045],[127.632422,34.690234],[127.523633,34.840088],[127.404297,34.823096],[127.389648,34.743018],[127.479102,34.625244],[127.324609,34.463281],[127.173438,34.546143],[127.260547,34.66167],[127.24707,34.755127],[126.897461,34.438867],[126.754785,34.511865],[126.531445,34.314258],[126.481738,34.493945],[126.264453,34.673242],[126.301074,34.719971],[126.524512,34.6979],[126.472852,34.756348],[126.593359,34.824365],[126.420703,34.823389],[126.291113,35.15415],[126.492773,35.50127],[126.614062,35.570996],[126.488477,35.64707],[126.717383,35.768848],[126.753027,35.871973],[126.647461,35.922412],[126.693457,36.01416],[126.54043,36.166162],[126.487695,36.693799],[126.38877,36.651172],[126.180859,36.691602],[126.160547,36.771924],[126.217188,36.870947],[126.487012,37.007471],[126.784473,36.948437],[126.87207,36.824463],[126.976855,36.939404],[126.868945,36.975732],[126.746387,37.193555],[126.790527,37.294922],[126.650293,37.447119],[126.563379,37.716504],[126.633887,37.781836],[126.369922,37.878369],[126.116699,37.74292],[126.050293,37.869824],[125.769141,37.985352],[125.449316,37.730225],[125.357813,37.724805],[125.310742,37.843506],[124.98877,37.931445],[125.24668,38.056836],[125.206738,38.081543],[124.690918,38.129199],[124.874512,38.233398],[124.880566,38.34165],[125.067383,38.556738],[125.309668,38.665381],[125.554492,38.68623],[125.168848,38.805518],[125.409668,39.288379],[125.36084,39.526611],[124.775293,39.758057],[124.732227,39.652197],[124.638281,39.615088],[124.557422,39.790576],[124.348633,39.906885],[124.35,40.011572],[124.105762,39.841016],[123.760156,39.822412],[123.650879,39.881592],[123.580664,39.786133],[122.840039,39.60083],[122.334863,39.366113],[121.982324,39.053174],[121.677246,39.003418],[121.649902,38.865088],[121.163574,38.731641],[121.106738,38.920801],[121.679883,39.108691],[121.627637,39.220166],[121.818457,39.386523],[121.275488,39.384766],[121.26748,39.544678],[121.517578,39.638965],[121.474219,39.754883],[121.517383,39.844824],[121.800977,39.950537],[122.263867,40.500195],[122.14043,40.688184],[121.858789,40.84209],[121.834863,40.974268],[121.729297,40.846143],[121.174512,40.90127],[120.770703,40.589062],[120.479102,40.230957],[119.591113,39.902637],[119.391113,39.75249],[119.224609,39.408057],[118.976953,39.182568],[118.626367,39.176855],[118.297852,39.06709],[118.040918,39.226758],[117.784668,39.134473],[117.553809,38.691455],[117.656055,38.424219],[118.014941,38.183398],[118.543262,38.094922],[118.8,38.12666],[118.940039,38.042773],[119.08916,37.700732],[118.99082,37.641357],[118.952637,37.331152],[119.287402,37.138281],[119.760547,37.155078],[119.8875,37.253369],[119.88291,37.35083],[120.311523,37.622705],[120.257227,37.679004],[120.75,37.833936],[121.640234,37.460352],[121.964844,37.445312],[122.056641,37.528906],[122.337695,37.405273],[122.666992,37.402832],[122.57334,37.31792],[122.587305,37.181104],[122.44668,37.068115],[122.519727,36.946826],[122.340918,36.832227],[122.242285,36.849854],[122.162402,36.958643],[121.932715,36.959473],[121.053809,36.611377],[120.81084,36.632812],[120.895801,36.444141],[120.711523,36.413281],[120.637891,36.129932],[120.393066,36.053857],[120.327734,36.228174],[120.183301,36.202441],[120.094141,36.118896],[120.284766,35.984424],[120.054688,35.861133],[119.429688,35.301416],[119.165332,34.848828],[119.200977,34.748437],[119.351367,34.749414],[119.58291,34.582227],[120.266699,34.274023],[120.504785,33.638184],[120.871094,33.016504],[120.853223,32.661377],[121.341699,32.425049],[121.400977,32.371924],[121.403906,32.20625],[121.751074,31.992871],[121.856348,31.816455],[121.866309,31.703564],[121.680859,31.712158],[121.351953,31.858789],[120.973535,31.869385],[120.791699,32.031738],[120.520117,32.105859],[120.035937,31.936279],[120.191602,31.906348],[120.497168,32.019824],[120.715527,31.98374],[120.787793,31.819775],[121.055371,31.719434],[121.660645,31.319727],[121.87793,30.916992],[121.418945,30.789795],[120.997656,30.558252],[120.821484,30.354639],[120.449805,30.387842],[120.194629,30.241309],[120.494531,30.303076],[120.633398,30.133154],[120.904492,30.160645],[121.258008,30.304102],[121.432715,30.22666],[121.67793,29.979102],[122.08291,29.870361],[121.50625,29.48457],[121.887988,29.627783],[121.968359,29.490625],[121.917773,29.13501],[121.71748,29.256348],[121.533691,29.236719],[121.447656,29.131348],[121.679688,28.953125],[121.540039,28.931885],[121.6625,28.851416],[121.475195,28.641406],[121.609961,28.292139],[121.509961,28.324268],[121.272266,28.222119],[121.216797,28.346191],[121.145703,28.32666],[120.958594,28.037012],[120.747656,28.009961],[120.833008,27.891455],[120.5875,27.580762],[120.60752,27.412402],[120.278711,27.09707],[120.138574,26.886133],[120.086719,26.671582],[119.967773,26.586377],[119.882227,26.610449],[119.824219,26.846387],[119.710449,26.728662],[119.588184,26.784961],[119.638184,26.621191],[119.784766,26.546631],[119.881055,26.33418],[119.463086,26.054688],[119.139453,26.121777],[119.332031,25.94873],[119.61875,26.003564],[119.648242,25.918701],[119.539453,25.59126],[119.622461,25.391162],[119.421777,25.459619],[119.180078,25.449805],[119.169336,25.355713],[119.285547,25.232227],[118.977539,25.209277],[118.914453,25.126807],[118.955664,25.004785],[118.909082,24.928906],[118.636914,24.835547],[118.719141,24.746143],[118.657031,24.621436],[118.295313,24.572754],[118.087109,24.627002],[118.005957,24.481982],[117.842676,24.474316],[117.879004,24.395898],[118.024219,24.379639],[118.056055,24.246094],[117.839453,24.012305],[117.741699,24.014795],[117.628223,23.836719],[117.466406,23.840576],[117.367676,23.588623],[117.29082,23.714355],[117.08252,23.57876],[116.910645,23.64668],[116.860938,23.453076],[116.629395,23.353857],[116.698828,23.277783],[116.538281,23.179688],[116.470703,22.945898],[116.251855,22.981348],[116.157422,22.887451],[115.852148,22.801563],[115.64043,22.853418],[115.49834,22.718848],[115.195801,22.817285],[114.853809,22.616797],[114.750391,22.626318],[114.65166,22.755273],[114.544434,22.620605],[114.554199,22.528906],[114.340625,22.593213],[114.266016,22.540967],[114.335254,22.39624],[114.267969,22.295557],[113.902539,22.396094],[114.01543,22.511914],[113.82832,22.607227],[113.619629,22.861426],[113.620508,23.12749],[113.519727,23.1021],[113.445312,23.055078],[113.441895,22.940576],[113.331055,22.912012],[113.553027,22.594043],[113.548145,22.222607],[113.149023,22.075],[113.08877,22.207959],[112.953906,21.907324],[112.808594,21.944629],[112.586328,21.776855],[112.359668,21.978027],[112.389746,21.801221],[112.30498,21.741699],[111.943945,21.849658],[111.873438,21.717139],[111.775977,21.719238],[111.602734,21.559082],[111.319141,21.486133],[111.016895,21.511719],[110.996777,21.430273],[110.771094,21.386523],[110.567187,21.214062],[110.458008,21.230566],[110.410937,21.338135],[110.374609,21.172363],[110.154004,20.944629],[110.180371,20.858594],[110.36543,20.837598],[110.313086,20.67168],[110.511523,20.518262],[110.449512,20.35542],[110.344727,20.294824],[109.938477,20.295117],[109.88584,20.413135],[109.983887,20.403271],[109.968359,20.448145],[109.861035,20.514307],[109.662598,20.916895],[109.68125,21.131641],[109.77959,21.337451],[109.921094,21.376465],[109.930762,21.480566],[109.759375,21.560059],[109.686914,21.524609],[109.521484,21.693408],[109.544043,21.537939],[109.34668,21.453955],[109.081543,21.440283],[109.101758,21.590479],[108.77168,21.630469],[108.61582,21.770459],[108.59375,21.901025],[108.479883,21.904639],[108.502148,21.633447],[108.444336,21.607324],[108.324805,21.693506],[108.246289,21.558398],[107.809082,21.497119],[107.409961,21.284814],[107.354297,21.055176],[107.164746,20.94873],[107.075195,20.999268],[106.88623,20.95],[106.683398,21.000293],[106.753418,20.735059],[106.550781,20.526562],[106.572852,20.392187],[106.517969,20.288867],[106.165723,19.992041],[105.984082,19.939062],[105.813965,19.587451],[105.791113,19.294189],[105.621777,18.966309],[105.888281,18.50249],[106.499023,17.946436],[106.478906,17.71958],[106.370508,17.746875],[107.119922,17.055518],[107.180371,16.897949],[107.549316,16.642578],[107.833789,16.322461],[108.029395,16.331104],[108.208984,16.091064],[108.267383,16.089795],[108.577832,15.584717],[108.821289,15.37793],[109.084863,14.716162],[109.30332,13.856445],[109.288086,13.765039],[109.24707,13.854736],[109.271875,13.279346],[109.423926,12.955957],[109.444922,12.599609],[109.335547,12.751904],[109.218945,12.645801],[109.304688,12.391162],[109.206836,12.415381],[109.25918,11.954541],[109.247266,11.908691],[109.199121,11.999023],[109.15752,11.837109],[109.198633,11.724854],[109.13252,11.601074],[109.039648,11.592676],[108.986719,11.336377],[108.820801,11.31543],[108.27168,10.934277],[108.094922,10.897266],[108.001367,10.720361],[107.845117,10.700098],[107.261523,10.398389],[107.087793,10.49834],[107.006641,10.660547],[106.947461,10.400342],[106.812695,10.433301],[106.727344,10.535645],[106.605859,10.464941],[106.741211,10.444385],[106.757422,10.295801],[106.464063,10.298291],[106.785254,10.116455],[106.595605,9.859863],[106.136426,10.22168],[106.507422,9.82124],[106.572461,9.641113],[106.378027,9.556104],[105.830957,10.000732],[106.158594,9.594141],[106.206152,9.502344],[106.168359,9.396729],[105.500977,9.093213],[105.322266,8.801123],[105.114355,8.629199],[104.77041,8.597656],[104.896289,8.746631],[104.818555,8.801855],[104.845215,9.606152],[104.903223,9.81626],[105.092578,9.900977],[105.027832,10.067432],[104.801953,10.202734],[104.663477,10.169922],[104.262402,10.54126],[103.937109,10.586621],[103.870508,10.655127],[103.840527,10.580566],[103.661914,10.508936],[103.587109,10.552197],[103.54043,10.668701],[103.680859,10.758594],[103.721875,10.890137],[103.654297,11.058691],[103.532422,11.14668],[103.353613,10.921582],[103.152832,10.913721],[103.091113,11.211084],[103.125488,11.460645],[103.010547,11.588672],[103.004199,11.710596],[102.948633,11.773486],[102.912305,11.703857],[102.594141,12.203027],[102.540234,12.109229],[102.259082,12.394336],[102.22959,12.331641],[102.034375,12.531885],[101.723633,12.689355],[101.444922,12.618945],[100.897754,12.653809],[100.962695,13.431982],[100.60293,13.568164],[100.235645,13.484473],[100.01748,13.353174],[99.990527,13.243457],[100.089941,13.045654],[99.963965,12.690039],[99.989062,12.170801],[99.627344,11.462891],[99.486914,10.889551],[99.165039,10.319824],[99.160742,9.734033],[99.288281,9.4146],[99.253906,9.265234],[99.393848,9.213721],[99.723828,9.314209],[99.835547,9.288379],[99.989551,8.589209],[100.129297,8.428076],[100.163477,8.508398],[100.279395,8.268506],[100.545215,7.226904],[100.439355,7.280762],[100.380371,7.541504],[100.283789,7.551514],[100.317383,7.715967],[100.256641,7.774902],[100.158203,7.728125],[100.160742,7.599268],[100.423535,7.187842],[100.58623,7.175977],[101.017871,6.860937],[101.301953,6.908301],[101.497949,6.865283],[101.799219,6.474609],[102.101074,6.242236],[102.340137,6.172021],[102.534375,5.862549],[102.982422,5.524951],[103.196973,5.262158],[103.453906,4.669482],[103.46875,4.393262],[103.362012,3.769141],[103.453516,3.520605],[103.439453,2.933105],[103.537305,2.774756],[103.812207,2.580469],[103.967773,2.26123],[104.288477,1.480664],[104.176367,1.364893],[103.981445,1.623633],[103.991504,1.454785],[103.694531,1.449658],[103.480273,1.329492],[103.356836,1.546143],[102.727148,1.855566],[102.548242,2.042383],[102.145605,2.248486],[101.78125,2.573584],[101.519727,2.683643],[101.295508,2.885205],[101.354297,3.011133],[101.299902,3.253271],[100.71543,3.966211],[100.795508,4.023389],[100.614551,4.373437],[100.614551,4.652246],[100.352637,5.587695],[100.343262,5.98418],[100.119141,6.441992],[99.695996,6.87666],[99.720313,7.106201],[99.553027,7.218799],[99.596973,7.355615],[99.358594,7.372217],[99.263672,7.619043],[99.183398,7.718066],[99.077637,7.718066],[99.051074,7.887842],[98.788672,8.059814],[98.703516,8.256738],[98.579199,8.344287],[98.420996,8.178223],[98.305469,8.226221],[98.238184,8.423096],[98.241797,8.767871],[98.702539,10.190381],[98.562598,10.034961],[98.496875,10.18252],[98.464941,10.67583],[98.675586,10.986914],[98.744727,11.240381],[98.741406,11.591699],[98.875977,11.719727],[98.804785,11.779248],[98.636328,11.738379],[98.696289,12.225244],[98.600293,12.245312],[98.678711,12.348486],[98.624414,12.440723],[98.663184,12.662402],[98.575977,13.161914],[98.24541,13.733496],[98.200391,13.980176],[98.149512,13.647607],[98.110645,13.712891],[98.100195,14.161523],[97.909766,14.652686],[97.929297,14.695557],[98.01875,14.652588],[97.936523,14.763916],[97.869141,14.738721],[97.812305,14.858936],[97.710352,15.875537],[97.584277,16.01958],[97.633691,16.457666],[97.725977,16.568555],[97.375879,16.522949],[97.211719,16.892578],[97.200195,17.09541],[96.851465,17.401025],[96.909766,17.304834],[96.850879,17.20293],[96.908594,17.030957],[96.76543,16.710352],[96.622461,16.563916],[96.431152,16.504932],[96.282227,16.595996],[96.248926,16.765332],[96.189063,16.768311],[96.324316,16.444434],[95.763281,16.169043],[95.679492,15.976758],[95.389551,15.722754],[95.301465,15.756152],[95.346777,16.097607],[95.176953,15.825684],[94.942578,15.818262],[94.893164,16.182812],[94.798145,15.971094],[94.661523,15.904395],[94.70332,16.511914],[94.665234,16.336133],[94.441602,16.094385],[94.223828,16.016455],[94.271289,16.517285],[94.564453,17.308545],[94.588965,17.569336],[94.430762,18.20166],[94.170703,18.732422],[94.245703,18.741162],[94.07002,18.893408],[94.044922,19.287402],[93.941016,19.146094],[93.929199,18.899658],[93.705469,19.026904],[93.493066,19.369482],[93.578613,19.401172],[93.824902,19.238477],[93.962012,19.329346],[93.998145,19.440869],[93.611719,19.776074],[93.707031,19.912158],[93.581836,19.90957],[93.40957,20.03833],[93.25,20.070117],[93.156641,20.040771],[93.199023,19.89834],[93.129492,19.858008],[93.001953,20.074854],[93.095508,20.181348],[93.015137,20.185254],[93.066797,20.377637],[93.035352,20.406152],[92.882129,20.152148],[92.82832,20.177588],[92.791211,20.211426],[92.891113,20.340332],[92.735645,20.562695],[92.722852,20.295605],[92.307813,20.79043],[92.056055,21.174805],[92.008008,21.684766],[91.824805,22.228662],[91.863379,22.350488],[91.79707,22.297461],[91.529688,22.707666],[91.480078,22.884814],[91.216211,22.642236],[90.945605,22.597021],[90.65625,23.025488],[90.604004,23.591357],[90.555664,23.421533],[90.269141,23.455859],[90.590918,23.266406],[90.595117,23.133936],[90.466016,23.053906],[90.552246,22.904883],[90.461621,22.881787],[90.435059,22.751904],[90.616113,22.362158],[90.230566,21.829785],[90.071191,21.887256],[90.087891,22.01748],[90.20957,22.156592],[89.954199,22.022852],[89.918066,22.116162],[89.893848,22.308398],[89.985156,22.466406],[89.881836,22.387598],[89.811914,21.983496],[89.568555,21.767432],[89.483203,22.275537],[89.500586,21.914355],[89.353711,21.721094],[89.234277,21.722363],[89.093945,21.872754],[89.051465,22.093164],[89.02793,21.937207],[88.949316,21.937939],[89.05166,21.654102],[88.907422,21.653076],[88.85752,21.744678],[88.74502,21.584375],[88.691211,21.733496],[88.740234,22.00542],[88.641602,22.121973],[88.584668,21.659717],[88.445996,21.614258],[88.2875,21.758203],[88.253711,21.622314],[88.12207,21.635791],[88.056836,21.694141],[88.196289,22.139551],[87.994434,22.265674],[87.941406,22.374316],[87.961621,22.255029],[88.159277,22.121729],[87.948438,21.825439],[87.678223,21.653516],[87.100684,21.500781],[86.85957,21.236719],[86.842285,21.106348],[86.975488,20.700146],[86.7625,20.419141],[86.750391,20.313232],[86.49873,20.171631],[86.376563,20.006738],[86.245215,20.053027],[86.311914,19.987793],[86.216211,19.895801],[85.575,19.69292],[85.496875,19.696924],[85.559766,19.753467],[85.504102,19.887695],[85.248633,19.757666],[85.180762,19.594873],[85.370898,19.678906],[85.441602,19.626562],[84.770996,19.125391],[84.104102,18.292676],[83.654297,18.069873],[83.19834,17.608984],[82.35957,17.096191],[82.281934,16.936084],[82.359766,16.782812],[82.258789,16.559863],[81.761914,16.329492],[81.286133,16.337061],[81.132129,15.961768],[80.978711,15.75835],[80.825977,15.765918],[80.781836,15.867334],[80.646582,15.89502],[80.293457,15.710742],[80.101074,15.323633],[80.053418,15.074023],[80.178711,14.47832],[80.111719,14.212207],[80.306543,13.485059],[80.15625,13.71377],[80.062109,13.60625],[80.342383,13.361328],[80.229102,12.690332],[79.858496,11.98877],[79.754102,11.575293],[79.793359,11.44668],[79.693164,11.312549],[79.799023,11.338672],[79.848633,11.196875],[79.838184,10.322559],[79.531641,10.329639],[79.314551,10.256689],[79.257812,10.035205],[78.939941,9.565771],[78.919141,9.452881],[79.019922,9.33335],[79.275488,9.284619],[79.411426,9.192383],[78.97959,9.268555],[78.421484,9.105029],[78.19248,8.890869],[78.060156,8.38457],[77.517578,8.07832],[77.301465,8.145312],[77.065918,8.315918],[76.553418,8.902783],[76.324609,9.4521],[76.242383,9.9271],[76.343066,9.827344],[76.375586,9.539893],[76.458789,9.53623],[76.346484,9.922119],[76.195605,10.086133],[76.201465,10.200635],[75.723828,11.361768],[75.524512,11.703125],[75.19668,12.05752],[74.945508,12.564551],[74.770508,13.077344],[74.670898,13.667627],[74.382227,14.494727],[73.949219,15.074756],[73.800781,15.396973],[73.931934,15.396973],[73.771777,15.573047],[73.832813,15.659375],[73.679883,15.708887],[73.476074,16.054248],[73.337598,16.459863],[73.156055,17.621924],[72.875488,18.642822],[73.005566,19.021094],[72.97207,19.15332],[72.834668,18.975586],[72.803027,19.079297],[72.811621,19.298926],[72.987207,19.277441],[72.787891,19.362988],[72.799414,19.519824],[72.726562,19.578271],[72.667773,19.830957],[72.89375,20.672754],[72.813867,21.117188],[72.692383,21.177637],[72.623828,21.371973],[72.734766,21.470801],[72.613281,21.461816],[73.1125,21.750439],[72.543066,21.696582],[72.59248,21.877588],[72.700195,21.971924],[72.522266,21.976221],[72.553027,22.159961],[72.80918,22.233301],[72.182813,22.269727],[72.306445,22.189209],[72.274414,22.089746],[72.037207,21.823047],[72.210352,21.728223],[72.254004,21.531006],[72.015234,21.155713],[71.024609,20.738867],[70.719336,20.74043],[70.485059,20.840186],[70.034375,21.178809],[69.191699,21.991504],[68.969922,22.290283],[69.05166,22.437305],[69.276563,22.285498],[70.177246,22.572754],[70.513477,23.00249],[70.489258,23.089502],[70.339453,22.939746],[70.118262,22.947021],[69.664648,22.759082],[69.235938,22.848535],[68.81709,23.053711],[68.640723,23.189941],[68.41748,23.571484],[68.776758,23.8521],[68.234961,23.596973],[68.165039,23.857324],[68.115527,23.753369],[68.037012,23.848242],[67.950977,23.828613],[67.859961,23.902686],[67.819043,23.828076],[67.668457,23.810986],[67.645801,23.919873],[67.563086,23.881836],[67.309375,24.174805],[67.171484,24.756104],[66.703027,24.860937],[66.698633,25.226318],[66.428613,25.575342],[66.219043,25.589893],[66.131152,25.493262],[66.356445,25.507373],[66.467676,25.445312],[64.77666,25.307324],[64.658984,25.184082],[64.059375,25.40293],[63.935547,25.342529],[63.556641,25.353174],[63.491406,25.21084],[62.664746,25.264795],[62.315332,25.134912],[62.198633,25.224854],[61.90791,25.131299],[61.533105,25.195508],[61.412207,25.1021],[60.663867,25.282227],[60.510547,25.437061],[60.400195,25.311572],[59.616016,25.403271],[59.456055,25.481494],[59.046094,25.417285],[58.797852,25.55459],[58.20293,25.591602],[57.936621,25.69165],[57.796094,25.653027],[57.73252,25.724902],[57.33457,25.791553],[57.104297,26.371436],[57.036035,26.800684],[56.910449,26.99458],[56.728125,27.127686],[56.356152,27.200244],[56.118066,27.143115],[55.941113,27.037598],[55.650293,26.977539],[55.424023,26.770557],[55.294141,26.785937],[54.895801,26.556689],[54.644922,26.508936],[54.24707,26.696631],[53.705762,26.725586],[53.45498,26.943262],[52.691602,27.323389],[52.475879,27.616504],[52.030762,27.824414],[51.589063,27.864209],[51.278906,28.131348],[51.093848,28.512109],[51.062012,28.726123],[50.866992,28.870166],[50.875781,29.062695],[50.675195,29.146582],[50.649609,29.420068],[50.168945,29.92124],[50.071582,30.198535],[49.554883,30.028955],[49.001953,30.373926],[49.190332,30.375391],[49.247266,30.4125],[49.224512,30.472314],[49.001953,30.506543],[49.037109,30.450488],[48.891211,30.327637],[48.919141,30.120898],[48.832422,30.035498],[48.454199,29.938477],[48.141699,30.040918],[47.98252,30.011328],[48.143457,29.572461],[47.969629,29.616699],[47.722656,29.393018],[48.051465,29.355371],[48.183789,28.979395],[48.808984,27.895898],[48.797168,27.724316],[49.2375,27.492725],[49.175098,27.437646],[49.405273,27.180957],[49.537695,27.151758],[49.716504,26.955859],[49.986133,26.828906],[50.149805,26.662646],[50.008105,26.678516],[50.027344,26.526855],[50.184961,26.404932],[50.213867,26.308496],[50.155469,26.100537],[50.031641,26.110986],[50.081055,25.961377],[50.238965,25.622852],[50.455176,25.424805],[50.55791,25.08667],[50.804395,24.789258],[50.846777,24.888574],[50.75459,25.399268],[51.003125,25.981445],[51.262305,26.153271],[51.543066,25.902393],[51.572266,25.781006],[51.485352,25.524707],[51.608887,25.052881],[51.42793,24.668262],[51.267969,24.607227],[51.418359,24.530957],[51.309863,24.340381],[51.534766,24.286328],[51.605469,24.338428],[51.664551,24.250439],[51.767578,24.254395],[51.843164,24.010889],[52.118555,23.971094],[52.648242,24.154639],[53.801758,24.069482],[54.147949,24.171191],[54.39707,24.278174],[54.746777,24.810449],[55.098145,25.041602],[55.522852,25.498145],[55.941211,25.793994],[56.164453,26.207031],[56.305566,26.235205],[56.413086,26.351172],[56.373633,25.80459],[56.297852,25.650684],[56.363477,25.569385],[56.372852,25.018311],[56.640625,24.470312],[56.9125,24.150195],[57.219824,23.922754],[58.324512,23.623828],[58.578027,23.643457],[58.773047,23.517187],[59.429395,22.66084],[59.823242,22.508984],[59.824414,22.305176],[59.371484,21.498828],[58.895703,21.112793],[58.474219,20.406885],[58.208984,20.423975],[58.24502,20.599219],[58.169434,20.589502],[57.861816,20.244141],[57.71416,19.678418],[57.811621,19.01709],[57.176563,18.902588],[56.825977,18.753516],[56.655078,18.587354],[56.550781,18.165967],[56.383496,17.987988],[55.479102,17.843262],[55.255371,17.585645],[55.275195,17.320898],[55.06416,17.038916],[54.771875,16.964648],[54.566504,17.03125],[54.068164,17.005518],[53.609863,16.759961],[53.297754,16.72334],[52.581445,16.470361],[52.237305,16.171387],[52.174023,15.956836],[52.21748,15.655518],[51.322461,15.22627],[50.527051,15.038184],[50.166895,14.851025],[49.906348,14.828125],[49.349902,14.637793],[49.048047,14.456445],[48.928711,14.26748],[48.668359,14.050146],[48.277832,13.997656],[47.989941,14.048096],[47.407715,13.661621],[46.788867,13.465576],[45.657324,13.338721],[45.393555,13.067041],[45.163867,12.998291],[45.038672,12.815869],[44.755273,12.76377],[44.617773,12.817236],[44.358496,12.669141],[43.929785,12.616504],[43.634375,12.744482],[43.487598,12.698828],[43.475293,12.839014],[43.231934,13.26709],[43.282422,13.692529],[43.234082,13.858936],[43.089063,14.010986],[42.936426,14.938574],[42.855664,15.132959],[42.657813,15.232812],[42.697852,15.326318],[42.788477,15.265723],[42.799023,15.32627],[42.717188,15.654639],[42.839648,16.032031],[42.789844,16.451562],[42.698828,16.736963],[42.383301,17.122461],[42.293945,17.434961],[41.658008,18.007666],[41.431738,18.452441],[41.229492,18.678418],[41.116016,19.082178],[40.75918,19.755469],[40.080664,20.265918],[39.72832,20.390332],[39.276074,20.973975],[39.093555,21.310352],[39.14707,21.518994],[38.987891,21.881738],[39.095898,22.392773],[39.062012,22.592187],[38.46416,23.711865],[37.919727,24.1854],[37.543066,24.29165],[37.180859,24.82002],[37.266309,24.960059],[37.148828,25.291113],[36.920703,25.641162],[36.762695,25.751318],[36.675195,26.038867],[36.51875,26.104883],[36.249609,26.594775],[35.180469,28.034863],[34.72207,28.130664],[34.625,28.064502],[34.779883,28.507324],[34.973438,29.555029],[34.736426,29.270605],[34.617188,28.75791],[34.446484,28.357324],[34.399707,28.016016],[34.220117,27.764307],[33.760254,28.047656],[33.247754,28.567725],[33.130176,28.978271],[32.721484,29.521777],[32.565723,29.973975],[32.473047,29.925439],[32.489453,29.851514],[32.359766,29.630664],[32.599023,29.321924],[32.658887,28.927734],[33.202148,28.208301],[33.54707,27.898145],[33.549805,27.607373],[33.849316,27.184912],[33.959082,26.649023],[34.565137,25.691162],[35.194141,24.475146],[35.477832,24.154785],[35.783887,23.937793],[35.54082,23.920654],[35.504395,23.779297],[35.522754,23.442529],[35.697852,22.946191],[35.913379,22.739648],[36.229688,22.628809],[36.414551,22.394189],[36.87041,22.015771],[36.926953,21.586523],[37.258594,21.108545],[37.257227,21.039404],[37.150586,21.10376],[37.141113,20.981787],[37.227539,20.556738],[37.193164,20.120703],[37.248438,19.581885],[37.471289,18.820117],[37.921875,18.555908],[38.201758,18.249414],[38.283105,18.286719],[38.574023,18.072949],[38.911719,17.427148],[39.142578,16.72915],[39.298926,15.921094],[39.422266,15.78667],[39.506543,15.532129],[39.63125,15.452539],[39.785547,15.124854],[39.86377,15.470312],[40.041016,15.334521],[40.084082,15.151953],[40.204102,15.014111],[40.546289,14.933594],[40.799316,14.743018],[41.176465,14.620312],[41.658203,13.983057],[42.245117,13.587646],[42.399316,13.212598],[42.522852,13.221484],[42.734473,13.018604],[42.796191,12.864258],[42.969531,12.80835],[42.999023,12.899512],[43.08291,12.824609],[43.130859,12.660449],[43.353516,12.367041],[43.409766,12.189941],[43.336719,12.027002],[42.799023,11.739404],[42.640039,11.560107],[42.521777,11.572168],[42.539746,11.504297],[42.911523,11.586621],[43.161719,11.566016],[43.441211,11.346436],[43.852734,10.784277],[44.279297,10.471875],[44.942969,10.436719],[45.816699,10.835889],[46.565039,10.745996],[47.40498,11.174023],[47.7125,11.112012],[48.019238,11.139355],[48.572559,11.320508],[49.062109,11.27085],[50.110059,11.529297],[50.466211,11.727539],[50.635938,11.943799],[50.792285,11.983691],[51.254883,11.830713],[51.084277,11.335645],[51.140625,10.656885],[51.031836,10.444775],[51.188281,10.479736],[51.192969,10.554639],[51.369141,10.475244],[51.38457,10.386523],[51.208789,10.431055],[50.930078,10.335547],[50.825,9.428174],[50.429785,8.845264],[50.102832,8.199805],[49.852051,7.962549],[49.671191,7.469531],[49.234961,6.777344],[49.049316,6.173633],[47.975293,4.497021],[46.878809,3.285645],[46.051172,2.475146],[44.920215,1.810156],[43.717578,0.857861],[41.979883,-0.973047],[41.732227,-1.430078],[41.386914,-1.866992],[41.106836,-1.982324],[40.995508,-1.950586],[40.952148,-2.055957],[40.889746,-2.023535],[40.922363,-2.19375],[40.813184,-2.392383],[40.644141,-2.539453],[40.404492,-2.555664],[40.278516,-2.628613],[40.179785,-2.819043],[40.194727,-3.019238],[40.11543,-3.250586],[39.860938,-3.576758],[39.819141,-3.786035],[39.490918,-4.478418],[39.376953,-4.625488],[39.228125,-4.665527],[38.819238,-5.877637],[38.804688,-6.070117],[38.874023,-6.33125],[39.125488,-6.555957],[39.287305,-6.814941],[39.472363,-6.878613],[39.546094,-7.024023],[39.288477,-7.517871],[39.287012,-7.787695],[39.330469,-7.74668],[39.428418,-7.812793],[39.441016,-8.011523],[39.304004,-8.443848],[39.377344,-8.720801],[39.488379,-8.861816],[39.45127,-8.942969],[39.641309,-9.19248],[39.625488,-9.409473],[39.783789,-9.914551],[39.725195,-10.000488],[39.86377,-10.021973],[39.983594,-10.15957],[40.083691,-10.156641],[40.38877,-10.353516],[40.611719,-10.661523],[40.486621,-10.765137],[40.597168,-10.830664],[40.402832,-11.332031],[40.531543,-12.00459],[40.487109,-12.492188],[40.580859,-12.635547],[40.55332,-12.824609],[40.436816,-12.983105],[40.56875,-12.984668],[40.595703,-14.122852],[40.715625,-14.214453],[40.646094,-14.538672],[40.72666,-14.420703],[40.818164,-14.467578],[40.835156,-14.791504],[40.617773,-15.115527],[40.650977,-15.260938],[40.558984,-15.473438],[40.108789,-15.979297],[39.983594,-16.225488],[39.790918,-16.294531],[39.844629,-16.435645],[39.242285,-16.792578],[39.084375,-16.972852],[38.669922,-17.050293],[38.144922,-17.242773],[37.512305,-17.570703],[36.939355,-17.993457],[36.899609,-18.129004],[36.540137,-18.518164],[36.403711,-18.769727],[36.327246,-18.793164],[36.262891,-18.719629],[36.235645,-18.861328],[36.125,-18.842383],[35.853711,-18.993359],[35.365332,-19.493945],[34.947852,-19.812695],[34.852344,-19.820508],[34.649414,-19.701367],[34.755762,-19.821973],[34.705078,-20.473047],[34.982324,-20.80625],[35.128027,-21.395313],[35.267676,-21.650977],[35.315723,-22.396875],[35.383008,-22.45459],[35.456348,-22.115918],[35.540234,-22.302637],[35.490234,-22.657715],[35.575391,-22.963086],[35.37041,-23.798242],[35.541992,-23.824414],[35.438086,-24.171191],[35.155957,-24.541406],[34.99209,-24.650586],[33.347461,-25.260938],[32.792188,-25.644336],[32.59043,-26.004102],[32.848828,-26.268066],[32.954883,-26.083594],[32.88916,-26.830469],[32.534766,-28.199707],[32.375195,-28.498242],[32.027246,-28.839551],[31.778223,-28.937109],[31.335156,-29.378125],[30.472266,-30.714551],[29.971191,-31.32207],[29.48291,-31.674707],[28.855957,-32.294238],[27.860645,-33.053906],[27.077441,-33.521191],[26.613672,-33.707422],[26.429492,-33.75957],[25.805859,-33.737109],[25.652441,-33.849609],[25.638184,-34.011133],[25.574219,-34.035352],[25.00293,-33.973633],[24.827148,-34.168945],[24.595508,-34.174512],[23.697852,-33.992773],[23.268164,-34.081152],[22.553809,-34.010059],[22.245508,-34.069141],[21.788965,-34.372656],[20.989844,-34.36748],[20.529883,-34.463086],[20.020605,-34.785742],[19.634961,-34.75332],[19.391504,-34.605664],[19.298242,-34.615039],[19.330762,-34.492383],[19.09834,-34.350098],[18.831348,-34.364063],[18.808789,-34.108203],[18.752148,-34.082617],[18.500391,-34.109277],[18.461621,-34.346875],[18.352051,-34.188477],[18.354395,-33.939063],[18.465039,-33.887793],[18.433008,-33.717285],[18.26123,-33.42168],[17.992578,-33.152344],[17.851074,-32.827441],[17.965234,-32.708594],[18.036523,-32.775098],[18.125,-32.749121],[18.325293,-32.50498],[18.310742,-32.122461],[18.21084,-31.74248],[17.677441,-31.019043],[17.34707,-30.444824],[16.95,-29.403418],[16.739453,-29.009375],[16.480762,-28.641504],[15.719043,-27.96582],[15.341504,-27.386523],[15.132812,-26.787598],[15.139063,-26.508008],[14.967773,-26.318066],[14.845215,-25.725684],[14.837109,-25.033203],[14.501563,-24.201953],[14.473828,-23.281152],[14.40332,-22.968066],[14.438477,-22.880566],[14.495703,-22.921387],[14.519922,-22.805176],[14.462793,-22.449121],[13.450586,-20.916699],[13.168359,-20.184668],[12.458203,-18.926758],[12.041211,-18.470703],[11.775879,-18.001758],[11.72168,-17.466797],[11.819922,-16.504297],[11.750879,-15.831934],[11.899902,-15.719824],[12.016113,-15.513672],[12.550488,-13.437793],[12.897656,-13.027734],[12.983203,-12.775684],[13.416992,-12.52041],[13.685547,-12.123828],[13.785352,-11.812793],[13.847461,-11.054395],[13.721387,-10.633594],[13.539453,-10.420703],[13.332227,-9.998926],[12.998535,-9.048047],[13.046777,-8.922266],[13.092773,-8.899707],[13.053809,-9.006836],[13.358984,-8.687207],[13.378516,-8.369727],[12.862305,-7.231836],[12.823438,-6.954785],[12.521289,-6.590332],[12.283301,-6.124316],[12.790625,-6.003906],[13.068164,-5.864844],[12.86084,-5.854102],[12.45293,-6.000488],[12.24043,-5.807324],[12.155469,-5.632715],[12.177148,-5.324805],[11.820703,-4.755469],[11.777539,-4.56582],[11.032031,-3.826465],[10.947266,-3.662109],[10.640723,-3.398047],[10.347656,-3.013086],[9.72207,-2.467578],[10.001953,-2.588379],[10.062012,-2.549902],[9.624609,-2.36709],[9.533203,-2.163867],[9.298926,-1.903027],[9.482813,-1.962305],[9.483203,-1.894629],[9.265625,-1.825098],[9.036328,-1.308887],[9.318848,-1.632031],[9.52334,-1.59834],[9.501074,-1.555176],[9.295801,-1.515234],[9.34668,-1.325],[9.203809,-1.382422],[9.064648,-1.29834],[8.703125,-0.591016],[8.821387,-0.708398],[8.946387,-0.68877],[9.136523,-0.57334],[9.29668,-0.35127],[9.339063,-0.058252],[9.301855,0.288525],[9.354883,0.343604],[9.468164,0.159766],[9.796777,0.044238],[9.812695,0.125586],[10.001465,0.194971],[9.77666,0.19248],[9.546484,0.295947],[9.324805,0.5521],[9.32998,0.61084],[9.495313,0.664844],[9.617969,0.576514],[9.599414,1.054443],[9.385938,1.139258],[9.494238,1.435303],[9.632129,1.565527],[9.807031,1.92749],[9.821777,2.539258],[9.948438,3.079053],[9.876172,3.309766],[9.67207,3.537598],[9.765723,3.623828],[9.642383,3.611768],[9.556152,3.798047],[9.628125,3.87002],[9.739648,3.85293],[9.639941,3.965332],[9.688867,4.056396],[9.483691,4.066113],[9.500781,4.000732],[9.425293,3.922314],[9.000098,4.091602],[8.918262,4.55376],[8.761914,4.580029],[8.660352,4.670996],[8.689648,4.550244],[8.574414,4.526221],[8.532813,4.605859],[8.570508,4.7521],[8.431348,4.74624],[8.252734,4.923975],[8.328027,4.656104],[8.293066,4.557617],[7.644238,4.525342],[7.530762,4.655176],[7.459863,4.555225],[7.284375,4.547656],[7.076563,4.716162],[7.16416,4.615576],[7.154688,4.514404],[6.923242,4.390674],[6.767676,4.724707],[6.793066,4.469141],[6.860352,4.37334],[6.633008,4.340234],[6.57998,4.475977],[6.55459,4.341406],[6.263672,4.309424],[6.270996,4.432129],[6.205566,4.292285],[6.076563,4.290625],[5.587793,4.647217],[5.493262,4.83877],[5.383301,5.129004],[5.475977,5.153857],[5.37002,5.19502],[5.367969,5.337744],[5.500879,5.378613],[5.549707,5.474219],[5.38584,5.401758],[5.199219,5.533545],[5.456641,5.611719],[5.350293,5.623291],[5.327344,5.70752],[5.172852,5.602734],[5.112402,5.641553],[5.093066,5.76709],[4.861035,6.026318],[4.431348,6.348584],[3.450781,6.427051],[3.716992,6.597949],[3.430176,6.525],[3.335547,6.396924],[2.286914,6.328076],[1.310645,6.146875],[1.105566,6.051367],[0.949707,5.810254],[0.259668,5.757324],[-0.34873,5.500781],[-0.797705,5.226709],[-1.50166,5.037988],[-2.001855,4.762451],[-2.398926,4.929346],[-3.246387,5.114062],[-3.019141,5.130811],[-3.168701,5.203027],[-3.151416,5.348291],[-3.199951,5.354492],[-3.347559,5.130664],[-4.120166,5.309717],[-4.608887,5.235889],[-4.037207,5.230127],[-4.899707,5.13833],[-5.023682,5.203613],[-5.282373,5.210254],[-5.367529,5.150781],[-5.061816,5.130664],[-5.91377,5.010937],[-7.544971,4.351318],[-8.259033,4.58999],[-9.132178,5.054639],[-10.276367,6.077637],[-10.785596,6.310156],[-10.849023,6.465088],[-11.291602,6.688232],[-11.733447,7.088574],[-12.485645,7.386279],[-12.432715,7.54502],[-12.510449,7.665723],[-12.480273,7.753271],[-12.697607,7.715869],[-12.850879,7.818701],[-12.956934,8.145312],[-13.148975,8.2146],[-13.272754,8.429736],[-13.26123,8.487598],[-13.08501,8.424756],[-12.894092,8.629785],[-13.181836,8.576904],[-13.206934,8.843115],[-13.059473,8.881152],[-13.271631,8.987402],[-13.269482,9.170557],[-13.436279,9.420312],[-13.568262,9.543408],[-13.691357,9.535791],[-13.689795,9.927783],[-13.820117,9.887207],[-13.954639,9.968701],[-14.04502,10.14126],[-14.17041,10.128613],[-14.426904,10.24834],[-14.60957,10.549854],[-14.593506,10.766699],[-14.677344,10.688965],[-14.775928,10.931641],[-14.886719,10.968066],[-15.012402,10.804346],[-15.09375,11.011035],[-15.05459,11.141943],[-15.222119,11.030908],[-15.216699,11.15625],[-15.393115,11.217236],[-15.348437,11.378076],[-15.479492,11.410303],[-15.429102,11.498877],[-15.072656,11.597803],[-15.230371,11.686768],[-15.412988,11.615234],[-15.500244,11.778369],[-15.415723,11.871777],[-15.21084,11.870947],[-15.078271,11.968994],[-15.434766,11.943555],[-15.819385,11.763477],[-15.941748,11.786621],[-15.920215,11.937793],[-16.138428,11.917285],[-16.328076,12.051611],[-16.24458,12.237109],[-16.436816,12.20415],[-16.711816,12.354834],[-16.784863,12.47251],[-16.677637,12.560059],[-16.442871,12.609473],[-16.597656,12.715283],[-16.701416,12.603174],[-16.767969,12.628418],[-16.824805,13.341064],[-16.750391,13.425391],[-16.669336,13.475],[-16.556445,13.303223],[-16.413379,13.269727],[-16.185059,13.282715],[-16.158398,13.384033],[-15.42749,13.468359],[-16.135449,13.448242],[-16.440527,13.353174],[-16.530078,13.457959],[-16.587793,13.689551],[-16.766943,13.904932],[-16.618115,14.040527],[-16.791748,14.00415],[-16.973828,14.403223],[-17.168066,14.640625],[-17.345801,14.729297],[-17.418457,14.723486],[-17.44502,14.651611],[-17.535645,14.755127],[-17.147168,14.922021],[-16.570752,15.734424],[-16.463623,16.601514],[-16.078906,17.54585],[-16.030322,17.887939],[-16.084961,18.521191],[-16.213086,19.00332],[-16.514453,19.361963],[-16.371289,19.410254],[-16.305273,19.512646],[-16.444873,19.473145],[-16.283398,19.787158],[-16.210449,20.22793],[-16.429785,20.652344],[-16.53042,20.709521],[-16.562695,20.60415],[-16.62251,20.63418],[-16.876074,21.086133],[-16.92793,21.114795],[-16.998242,21.039697],[-17.048047,20.806152],[-17.098779,20.856885],[-16.930859,21.9],[-16.793262,22.159717],[-16.514404,22.333496],[-16.35874,22.594531],[-16.304297,22.834814],[-16.169727,23.031934],[-16.210254,23.0979],[-15.789258,23.792871],[-15.80166,23.842236],[-15.980713,23.670312],[-15.899316,23.844434],[-14.904297,24.719775],[-14.794922,25.40415],[-14.522754,25.925244],[-14.470557,26.163037],[-14.168359,26.41543],[-13.575781,26.735107],[-13.175977,27.655713],[-12.948926,27.91416],[-11.986084,28.129297],[-11.552686,28.310107],[-11.080957,28.71377],[-10.486475,29.064941],[-10.200586,29.380371],[-9.66709,30.109277],[-9.65293,30.447559],[-9.875488,30.71792],[-9.808691,31.424609],[-9.674951,31.710986],[-9.347461,32.086377],[-9.24585,32.572461],[-8.512842,33.252441],[-6.900977,33.969043],[-6.353125,34.776074],[-5.924805,35.785791],[-5.397363,35.929883],[-5.277832,35.902734],[-5.337646,35.745215],[-5.252686,35.614746],[-4.837207,35.281299],[-4.62832,35.206396],[-4.32998,35.161475],[-3.693262,35.27998],[-3.394727,35.211816],[-3.206006,35.239111],[-2.972217,35.407275],[-2.839941,35.127832],[-1.913281,35.094238],[-1.33584,35.364258],[-0.91748,35.668408],[-0.426123,35.861523],[-0.048242,35.832812],[0.312207,36.162354],[1.257227,36.51958],[2.593359,36.600684],[2.972852,36.784473],[3.520508,36.795117],[3.779004,36.896191],[4.758105,36.896338],[5.29541,36.648242],[6.064746,36.864258],[6.486523,37.085742],[6.575879,37.003027],[6.927539,36.919434],[7.238477,36.968506],[7.204297,37.092383],[7.432422,37.059277],[7.910449,36.856348],[8.823535,36.997607],[9.141992,37.194629],[9.687988,37.340381],[9.838477,37.308984],[9.783984,37.211426],[9.830273,37.135352],[9.896387,37.181641],[9.875586,37.25415],[10.196387,37.205859],[10.18877,37.033887],[10.334082,36.865381],[10.293262,36.781494],[10.412305,36.731836],[10.571289,36.879443],[10.951367,37.059277],[11.053906,37.07251],[11.12666,36.874072],[10.798145,36.493115],[10.487988,36.254883],[10.505762,36.032422],[10.59082,35.887256],[11.004297,35.633838],[11.043262,35.335107],[11.120117,35.240283],[10.690918,34.678467],[10.064844,34.211621],[10.049023,34.056299],[10.158984,33.850049],[10.305273,33.728271],[10.454297,33.6625],[10.713184,33.689014],[10.722754,33.514404],[10.898438,33.533691],[10.958008,33.626318],[11.08457,33.562891],[11.150293,33.369238],[11.257422,33.308838],[11.202637,33.249219],[11.813477,33.093701],[12.279883,32.858545],[12.753516,32.801074],[13.283496,32.914648],[14.155664,32.709766],[14.513379,32.511084],[15.176563,32.391162],[15.359082,32.159668],[15.363086,31.971191],[15.496387,31.656787],[15.705957,31.426416],[16.123047,31.264453],[16.781543,31.214746],[17.830469,30.927588],[18.19043,30.777295],[18.669824,30.415674],[18.936426,30.29043],[19.291699,30.288086],[19.589844,30.41377],[20.013184,30.800684],[20.150977,31.078613],[20.141113,31.195508],[19.96123,31.556006],[19.926367,31.817529],[20.121484,32.21875],[20.621094,32.580176],[21.062305,32.775537],[21.424707,32.79917],[21.635938,32.937305],[22.187402,32.918262],[23.090625,32.61875],[23.10625,32.331445],[23.286328,32.213818],[23.797656,32.158691],[24.129688,32.009229],[24.878516,31.984277],[25.025,31.88335],[25.225488,31.533789],[25.382227,31.512793],[25.893262,31.620898],[26.768652,31.470361],[27.248047,31.377881],[27.540039,31.212695],[27.82998,31.19502],[27.967578,31.097412],[28.514844,31.050439],[29.07207,30.830273],[29.428516,30.927441],[29.929785,31.22749],[30.222656,31.258398],[30.395117,31.457617],[30.923535,31.566846],[30.562988,31.416992],[31.001758,31.462793],[31.08291,31.60332],[31.524414,31.458252],[31.888965,31.541406],[32.136035,31.341064],[31.892188,31.482471],[31.771094,31.292578],[32.008496,31.220508],[32.101758,31.092822],[32.281836,31.200879],[32.250586,31.294922],[32.60332,31.06875],[33.129883,31.168164],[33.194336,31.084521],[33.902539,31.180957],[34.17627,31.303906],[34.483984,31.592285],[34.678418,31.895703],[35.108594,33.083691],[35.611816,34.032178],[35.647852,34.248242],[35.97793,34.547412],[35.887891,34.948633],[35.943066,35.223828],[35.902441,35.420703],[35.764453,35.571582],[35.839648,35.849219],[35.956934,35.998145],[35.810938,36.309863],[36.188477,36.658984],[36.180078,36.807227],[36.048926,36.910596],[35.661133,36.724316],[35.537402,36.597021],[35.393164,36.575195],[34.703613,36.816797],[34.299609,36.604199],[33.954883,36.295215],[33.694727,36.181982],[32.794824,36.035889],[32.377734,36.183643],[32.021973,36.535303],[31.240625,36.821729],[30.644043,36.865674],[30.446094,36.269873],[30.231641,36.307324],[29.689063,36.156689],[29.223633,36.324463],[29.038281,36.693457],[28.969629,36.715332],[28.816895,36.675293],[28.303711,36.811963],[28.111523,36.646387],[28.019434,36.634473],[28.083984,36.751465],[27.54043,36.684229],[27.466895,36.746338],[28.005371,36.831982],[28.242383,37.029053],[27.262988,36.976562],[27.300195,37.126855],[27.535059,37.163867],[27.520117,37.249121],[27.219238,37.38916],[27.147949,37.603613],[27.067969,37.65791],[27.224414,37.725439],[27.232422,37.978662],[26.878613,38.054785],[26.682813,38.19834],[26.582422,38.149268],[26.290723,38.277197],[26.343652,38.370068],[26.416406,38.367871],[26.377832,38.62417],[26.441309,38.641211],[26.586523,38.557031],[26.59502,38.418604],[26.674219,38.335742],[26.727344,38.418604],[26.861426,38.372949],[27.144238,38.451953],[26.906836,38.481738],[26.763672,38.709619],[27.013672,38.886865],[26.814941,38.960986],[26.853613,39.115625],[26.681836,39.292236],[26.899219,39.549658],[26.113086,39.467383],[26.181348,39.990088],[26.313379,40.025],[26.738086,40.400244],[27.28457,40.455615],[27.475586,40.319922],[27.728027,40.328809],[27.848535,40.381738],[27.731836,40.481494],[27.874902,40.512939],[27.989551,40.489453],[27.962598,40.369873],[29.007129,40.389746],[29.055176,40.42417],[28.787891,40.534033],[28.958008,40.630566],[29.849219,40.760107],[29.364746,40.809277],[29.113867,40.937842],[29.045508,41.007568],[29.148145,41.221045],[29.919336,41.15083],[30.344922,41.196924],[30.810059,41.084863],[31.254883,41.107617],[31.458008,41.32002],[32.306445,41.72959],[33.381348,42.017578],[34.750488,41.956836],[35.006445,42.063281],[35.154883,42.027539],[35.12207,41.891113],[35.297754,41.728516],[35.558008,41.634033],[35.919824,41.713721],[36.051758,41.682568],[36.179199,41.426562],[36.405371,41.274609],[36.777734,41.363477],[37.066211,41.184424],[38.381055,40.924512],[39.426367,41.106445],[39.80791,40.98252],[40.265234,40.961328],[41.414355,41.423633],[41.701758,41.70542],[41.762988,41.97002],[41.419434,42.737646],[41.128711,42.828125],[40.836621,43.063477],[40.462109,43.145703],[39.873633,43.472803],[38.717285,44.288086],[38.18125,44.419678],[37.851465,44.698828],[37.495117,44.695264],[37.204785,44.971973],[36.627637,45.151318],[36.941211,45.289697],[36.72041,45.371875],[36.865918,45.427051],[37.213574,45.272314],[37.647168,45.377197],[37.671875,45.488379],[37.609961,45.499512],[37.612402,45.564697],[37.840918,45.799561],[37.933105,46.001709],[38.014258,46.047754],[38.07959,45.934814],[38.183594,46.094824],[38.492285,46.090527],[38.077734,46.394336],[37.913867,46.406494],[37.766504,46.636133],[37.967969,46.618018],[38.22998,46.70127],[38.500977,46.663672],[38.438672,46.813086],[39.270703,47.044141],[39.293457,47.105762],[39.195703,47.268848],[39.02373,47.272217],[38.92832,47.175684],[38.668164,47.143945],[38.552441,47.150342],[38.761914,47.261621],[38.577246,47.239111],[38.17832,47.080225],[37.543359,47.074561],[37.339844,46.916895],[37.047559,46.876221],[36.794824,46.714404],[36.558789,46.762695],[36.279492,46.658594],[35.827148,46.624316],[35.400195,46.381396],[35.204395,46.169189],[35.014551,46.106006],[35.280176,46.279492],[35.230371,46.440625],[35.064063,46.267236],[34.849609,46.189893],[34.857324,45.987354],[35.022852,45.700977],[35.45752,45.316309],[35.833496,45.401611],[36.012891,45.37168],[36.170508,45.453076],[36.575,45.393555],[36.393359,45.065381],[35.870117,45.005322],[35.677539,45.102002],[35.472559,45.098486],[35.087695,44.802637],[34.716895,44.807129],[34.469922,44.72168],[34.281738,44.538428],[33.909961,44.387598],[33.655859,44.433203],[33.450684,44.553662],[33.612207,44.907812],[33.555176,45.097656],[33.39248,45.187842],[33.186914,45.194775],[32.918652,45.348145],[32.611328,45.328076],[32.508008,45.403809],[33.142285,45.749219],[33.664844,45.94707],[33.594141,46.09624],[33.429883,46.057617],[33.202246,46.175732],[32.476758,46.083691],[32.035742,46.260986],[31.83125,46.281689],[31.77998,46.324658],[31.991699,46.364404],[32.008496,46.42998],[31.554883,46.554297],[32.361328,46.474951],[32.578027,46.615625],[32.354102,46.564844],[32.044336,46.64248],[31.944922,46.784375],[31.939551,46.981982],[31.75918,47.212842],[31.912695,46.926123],[31.872852,46.649756],[31.532129,46.664746],[31.563379,46.777295],[31.40293,46.628809],[30.796289,46.552002],[30.656738,46.266504],[30.219043,45.866748],[29.628418,45.722461],[29.601172,45.6],[29.726953,45.343311],[29.55752,44.843408],[29.048242,44.757568],[29.095313,44.975049],[28.930566,44.96582],[28.926172,44.81001],[28.807031,44.565039],[28.888184,44.574756],[28.64541,44.295654],[28.658594,43.983838],[28.561816,43.501318],[28.46543,43.389307],[28.133691,43.395605],[27.928906,43.186133],[27.888867,42.749707],[27.753711,42.706543],[27.484766,42.468066],[27.708203,42.349951],[27.982715,42.047412],[27.987305,41.854883],[28.197852,41.554492],[29.057227,41.229736],[28.95625,41.008203],[28.780371,40.97417],[28.172168,41.080713],[27.925195,40.990576],[27.499414,40.973145],[27.258008,40.687354],[26.77207,40.498047],[26.202734,40.075391],[26.253809,40.314697],[26.79209,40.626611],[26.105469,40.611328],[26.010742,40.769141],[25.855664,40.844092],[25.104492,40.994727],[24.792969,40.85752],[24.477051,40.947754],[24.082324,40.724072],[23.762793,40.747803],[23.743262,40.677002],[23.878906,40.544385],[23.831934,40.481543],[23.866797,40.418555],[24.212793,40.327783],[24.343359,40.147705],[23.913184,40.358789],[23.72793,40.329736],[23.96748,40.114551],[24.000781,40.024609],[23.94707,39.965576],[23.664551,40.223828],[23.42627,40.263965],[23.386426,40.221973],[23.433203,40.11543],[23.674121,39.958887],[23.627344,39.924072],[23.395605,39.989844],[23.312012,40.216455],[22.896484,40.399902],[22.851367,40.490625],[22.922266,40.590869],[22.629492,40.495557],[22.592188,40.036914],[22.978809,39.563818],[23.233398,39.358447],[23.327734,39.174902],[23.154688,39.101465],[23.161719,39.257764],[22.921387,39.306348],[22.838965,39.258594],[22.886035,39.169971],[22.965527,39.030908],[23.066699,39.037939],[22.802637,38.901611],[22.569141,38.86748],[23.25293,38.66123],[23.368945,38.525537],[23.569629,38.489404],[23.683984,38.352441],[23.966992,38.275],[24.024512,38.139795],[24.062305,37.774512],[24.019727,37.677734],[23.501758,38.034863],[23.036328,37.878369],[23.147168,37.795312],[23.197559,37.620215],[23.396191,37.579785],[23.489258,37.440186],[23.161523,37.333838],[23.015137,37.481787],[22.775,37.585107],[22.725391,37.542139],[23.060352,36.853516],[23.041016,36.644531],[23.160156,36.448096],[22.98291,36.528369],[22.717188,36.793945],[22.608398,36.779736],[22.489063,36.568164],[22.489453,36.446924],[22.427734,36.475781],[22.374805,36.513574],[22.375977,36.701904],[22.080469,37.028955],[21.955566,36.990088],[21.892383,36.737305],[21.58291,37.080957],[21.678906,37.387207],[21.571289,37.541016],[21.329297,37.669336],[21.288477,37.774512],[21.124707,37.891602],[21.308105,38.027441],[21.403711,38.19668],[21.658398,38.175098],[21.824707,38.328125],[22.920313,37.958301],[22.893164,38.050928],[23.12207,38.07334],[23.183496,38.133691],[23.148926,38.176074],[22.834375,38.234717],[22.42168,38.438525],[22.319922,38.356836],[21.965332,38.412451],[21.472559,38.321387],[21.331055,38.487305],[21.30332,38.373926],[21.182617,38.345557],[20.992188,38.654004],[20.776855,38.80752],[20.768555,38.874414],[20.777344,38.927881],[20.893164,38.941113],[21.111621,38.896289],[21.118359,39.02998],[20.779688,39.008545],[20.300781,39.3271],[20.191406,39.545801],[20.00127,39.709424],[19.851855,40.043555],[19.398145,40.284863],[19.322266,40.40708],[19.45918,40.405371],[19.3375,40.663818],[19.46123,40.933301],[19.440625,41.424756],[19.575684,41.64043],[19.577539,41.7875],[19.186426,41.948633],[18.894238,42.249463],[18.63291,42.378076],[18.645898,42.442725],[18.51748,42.43291],[17.823828,42.797412],[17.04541,43.014893],[17.219824,43.025879],[17.723633,42.850684],[16.903125,43.392432],[16.393945,43.543359],[15.985547,43.519775],[15.941504,43.656641],[15.499414,43.908789],[15.18584,44.172119],[15.122949,44.256787],[15.470996,44.271973],[14.981348,44.60293],[14.895215,44.706592],[14.85459,45.081006],[14.550488,45.297705],[14.312695,45.337793],[13.96582,44.835645],[13.860742,44.837402],[13.629297,45.108203],[13.517188,45.481787],[13.783301,45.627246],[13.62832,45.770947],[13.465137,45.709961],[13.206348,45.771387],[13.030273,45.6375],[12.432129,45.46792],[12.536133,45.544922],[12.491797,45.546289],[12.274316,45.446045],[12.225684,45.241504],[12.523438,44.967969],[12.384473,44.79834],[12.278906,44.832227],[12.24834,44.72251],[12.396289,44.223877],[12.691113,43.994727],[13.56416,43.571289],[14.010449,42.689551],[14.540723,42.244287],[15.16875,41.934033],[16.164648,41.896191],[16.15127,41.758496],[15.91377,41.62085],[15.900488,41.512061],[17.103418,41.062158],[17.474219,40.840576],[17.95498,40.655176],[18.460645,40.221045],[18.48584,40.104834],[18.34375,39.821387],[18.07793,39.936963],[17.865039,40.280176],[17.395801,40.340234],[17.17998,40.502783],[16.928223,40.458057],[16.669629,40.137207],[16.521875,39.747559],[16.597754,39.638916],[16.824316,39.57832],[17.114551,39.380615],[17.174609,38.998096],[17.098535,38.919336],[16.951465,38.939795],[16.616699,38.800146],[16.558984,38.714795],[16.545605,38.409082],[16.282422,38.249561],[16.056836,37.941846],[15.724512,37.939111],[15.645801,38.034229],[15.643066,38.175391],[15.822363,38.302979],[15.904785,38.483496],[15.878906,38.613916],[15.972363,38.712598],[16.196777,38.759229],[16.209961,38.941113],[16.107422,39.023828],[16.023633,39.353613],[15.692773,39.990186],[15.585156,40.052832],[15.294531,40.07002],[14.950879,40.239014],[14.947656,40.469336],[14.765723,40.668408],[14.339941,40.598828],[14.460547,40.728711],[14.308887,40.812646],[14.044336,40.812256],[13.733398,41.235645],[13.246875,41.288867],[13.088672,41.243848],[12.849219,41.40874],[12.630859,41.469678],[12.075293,41.940869],[11.807031,42.082031],[11.637305,42.287549],[11.296289,42.423291],[11.141211,42.389893],[11.103223,42.416602],[11.184766,42.456592],[11.167773,42.535156],[10.708398,42.936328],[10.514844,42.967529],[10.520801,43.203809],[10.320508,43.513086],[10.188086,43.94751],[9.289355,44.319238],[8.76582,44.422314],[8.551953,44.346143],[8.00498,43.876758],[7.261523,43.696094],[6.716602,43.373584],[6.570215,43.199072],[6.115918,43.072363],[5.809473,43.0979],[5.406543,43.228516],[5.320215,43.344922],[5.073145,43.366602],[5.059766,43.444531],[4.712109,43.373291],[4.224219,43.479639],[4.052637,43.593066],[3.258887,43.193213],[3.043066,42.837891],[3.090918,42.590869],[3.306738,42.288965],[3.166406,42.256494],[3.150391,42.162451],[3.238086,42.082227],[3.248047,41.944238],[3.004883,41.767432],[2.310938,41.466504],[2.082617,41.287402],[1.03291,41.062061],[0.714648,40.822852],[0.891113,40.722363],[0.596094,40.614502],[-0.327002,39.519873],[-0.204932,39.062598],[0.201563,38.75918],[-0.520801,38.317285],[-0.814648,37.769922],[-0.721582,37.631055],[-1.327539,37.561133],[-1.640967,37.386963],[-2.111523,36.77666],[-2.187695,36.745459],[-2.452832,36.831152],[-2.787549,36.714746],[-3.14917,36.758496],[-3.43125,36.70791],[-3.827783,36.756055],[-4.366846,36.718115],[-4.674121,36.506445],[-5.171484,36.423779],[-5.360937,36.134912],[-5.443604,36.150586],[-5.4625,36.073779],[-5.625488,36.025928],[-6.040674,36.188428],[-6.22627,36.426465],[-6.268945,36.596729],[-6.384131,36.637012],[-6.412256,36.728857],[-6.216797,36.913574],[-6.396191,36.831641],[-6.492432,36.954639],[-6.884619,37.194238],[-6.86377,37.278906],[-6.974658,37.198437],[-7.493604,37.168311],[-7.834131,37.005713],[-8.597656,37.121338],[-8.997803,37.032275],[-8.81416,37.430811],[-8.791846,37.732812],[-8.878955,37.958691],[-8.802246,38.183838],[-8.881104,38.44668],[-8.668311,38.424316],[-8.798877,38.518164],[-9.213281,38.448096],[-9.250391,38.656738],[-9.021484,38.746875],[-8.938086,38.998096],[-8.791602,39.078174],[-8.954297,39.016064],[-9.135791,38.742773],[-9.356738,38.6979],[-9.474121,38.730859],[-9.479736,38.798779],[-9.374756,39.338281],[-9.148291,39.542578],[-8.837842,40.115674],[-8.872656,40.259082],[-8.684619,40.752539],[-8.659814,41.086279],[-8.805664,41.56001],[-8.75542,41.698389],[-8.887598,41.7646],[-8.777148,41.941064],[-8.87832,41.946875],[-8.887207,42.105273],[-8.690918,42.27417],[-8.81582,42.285254],[-8.730029,42.411719],[-8.812109,42.470068],[-8.811523,42.640332],[-9.033105,42.593848],[-8.927197,42.798584],[-9.041602,42.814014],[-9.235205,42.976904],[-9.178076,43.174023],[-8.873682,43.334424],[-8.665625,43.316602],[-8.355469,43.396826],[-8.248926,43.439404],[-8.256738,43.579883],[-7.698145,43.764551],[-7.060986,43.553955],[-5.84668,43.645068],[-4.523047,43.415723],[-3.604639,43.519482],[-3.045605,43.371582],[-2.875049,43.454443],[-2.337109,43.328027],[-1.991309,43.345068],[-1.631445,43.438037],[-1.484863,43.56377],[-1.245508,44.559863],[-1.076953,44.689844],[-1.152881,44.764014],[-1.245215,44.666699],[-1.081006,45.532422],[-0.826318,45.380664],[-0.691113,45.093457],[-0.548486,45.000586],[-0.641113,45.090186],[-0.790771,45.468018],[-1.195996,45.714453],[-1.209961,45.770898],[-1.031738,45.741064],[-1.146289,46.311377],[-1.786523,46.514844],[-2.09248,46.865039],[-2.018896,47.037646],[-2.19707,47.162939],[-2.148584,47.223926],[-2.027588,47.273584],[-1.742529,47.215967],[-1.975391,47.310693],[-2.503125,47.312061],[-2.530029,47.381592],[-2.427686,47.470898],[-2.770312,47.513867],[-2.733105,47.601807],[-2.787207,47.625537],[-2.964062,47.601074],[-3.158838,47.694678],[-3.900928,47.837549],[-4.312109,47.8229],[-4.427979,47.968945],[-4.678809,48.039502],[-4.329443,48.169971],[-4.577148,48.290039],[-4.241406,48.303662],[-4.393164,48.367627],[-4.719385,48.363135],[-4.7625,48.450244],[-4.720752,48.539893],[-4.531201,48.619971],[-3.714795,48.710498],[-3.231445,48.84082],[-3.003223,48.790674],[-2.692334,48.536816],[-2.446191,48.648291],[-2.079443,48.64502],[-2.003711,48.58208],[-1.905713,48.697119],[-1.824707,48.630518],[-1.376465,48.652588],[-1.565479,48.805518],[-1.583105,49.202393],[-1.813428,49.490137],[-1.856445,49.683789],[-1.258643,49.680176],[-1.232275,49.494873],[-1.138525,49.387891],[-0.163477,49.296777],[0.416895,49.448389],[0.129395,49.508447],[0.186719,49.703027],[1.407227,50.088525],[1.592773,50.252197],[1.551563,50.293945],[1.579492,50.739258],[1.767676,50.935693],[2.445703,51.066504],[3.425781,51.393506],[4.226172,51.386475],[3.586914,51.453906],[3.448926,51.540771],[3.743945,51.596045],[4.141309,51.455762],[4.274121,51.471631],[4.004785,51.59585],[4.182617,51.610303],[3.946875,51.810547],[4.026074,51.927734],[4.482813,52.30918],[4.76875,52.941309],[4.887988,52.90835],[5.06123,52.960645],[5.358398,53.096484],[5.532031,53.268701],[6.062207,53.40708],[6.816211,53.441162],[6.968164,53.327295],[7.197266,53.282275],[7.05332,53.37583],[7.107129,53.556982],[7.206445,53.654541],[7.629199,53.697266],[8.009277,53.690723],[8.16709,53.543408],[8.108496,53.467676],[8.200781,53.432422],[8.333887,53.606201],[8.492676,53.514355],[8.495215,53.394238],[8.528418,53.781104],[8.618945,53.875],[9.205566,53.855957],[9.585352,53.600488],[9.783984,53.554639],[9.63125,53.600195],[9.312012,53.859131],[8.978125,53.926221],[8.903516,54.000293],[8.906641,54.260791],[8.644922,54.294971],[8.648047,54.397656],[8.951855,54.467578],[8.957227,54.53833],[8.682324,54.791846],[8.572949,55.134277],[8.669824,55.155664],[8.615918,55.418213],[8.132129,55.599805],[8.202344,55.982373],[8.121484,56.139893],[8.163965,56.606885],[8.67168,56.495654],[8.736133,56.627441],[8.888086,56.735059],[9.06709,56.793848],[9.196387,56.70166],[9.254883,57.011719],[9.110449,57.043652],[8.992773,57.016113],[8.771973,56.725293],[8.468359,56.664551],[8.268262,56.754004],[8.284082,56.852344],[8.618555,57.111279],[9.433594,57.174316],[9.962305,57.580957],[10.609961,57.736914],[10.444629,57.562207],[10.537109,57.448535],[10.524121,57.243213],[10.296094,56.999121],[10.282715,56.620508],[10.490234,56.520508],[10.845898,56.521729],[10.926172,56.443262],[10.856445,56.295508],[10.753418,56.241992],[10.538965,56.200342],[10.426953,56.276172],[10.31875,56.212891],[10.183008,55.865186],[9.903711,55.842822],[10.023633,55.761426],[9.591113,55.493213],[9.670996,55.266406],[9.453711,55.039551],[9.688184,55.000146],[9.745898,54.807178],[10.022168,54.673926],[10.028809,54.581299],[9.868652,54.472461],[10.143457,54.488428],[10.212402,54.408936],[10.360449,54.43833],[10.731543,54.31626],[11.013379,54.37915],[11.064355,54.280518],[11.008594,54.181152],[10.810742,54.075146],[10.85459,54.009814],[11.399609,53.944629],[11.796289,54.145459],[12.111328,54.168311],[12.575391,54.467383],[13.028613,54.411035],[13.147461,54.282715],[13.448047,54.140869],[13.724219,54.153223],[13.865527,53.853369],[13.950391,53.801367],[14.583496,53.639355],[14.558398,53.823193],[13.925781,53.879053],[13.827734,54.127246],[14.38418,53.924707],[16.186328,54.290381],[16.559766,54.553809],[17.261914,54.729541],[18.085645,54.83584],[18.323438,54.838184],[18.759277,54.68457],[18.799609,54.63335],[18.43623,54.744727],[18.669629,54.430908],[18.836426,54.36958],[19.407129,54.386084],[19.858887,54.633838],[19.974512,54.921191],[20.39668,54.95127],[20.678906,55.102637],[21.014063,55.401953],[21.114844,55.616504],[21.031738,55.350488],[20.594824,54.982373],[20.8875,54.909473],[21.188867,54.935205],[21.237891,55.455029],[21.061914,55.813428],[21.031445,56.636572],[21.071289,56.82373],[21.350781,57.017676],[21.45918,57.322461],[21.728711,57.570996],[22.55459,57.724268],[22.648633,57.595361],[23.136816,57.323828],[23.287305,57.089746],[23.647754,56.971045],[23.931152,57.008496],[24.382617,57.250049],[24.301563,57.784131],[24.529102,58.354248],[24.336914,58.381396],[24.114844,58.266113],[23.767578,58.36084],[23.509277,58.658545],[23.680762,58.787158],[23.503613,58.789844],[23.432031,58.920654],[23.515039,58.999219],[23.467773,59.032178],[23.494434,59.195654],[24.083398,59.291895],[24.053613,59.372314],[24.380371,59.472656],[25.44375,59.521143],[25.520898,59.559473],[25.509277,59.639014],[26.625,59.553906],[26.974707,59.450635],[27.892578,59.414209],[28.063965,59.554004],[28.013965,59.724756],[28.058008,59.781543],[28.33457,59.692529],[28.518164,59.849561],[28.947266,59.82876],[29.147266,59.999756],[30.122559,59.873584],[30.172656,59.957129],[29.721191,60.195312],[29.069141,60.191455],[28.643164,60.375293],[28.491602,60.540137],[28.622461,60.491602],[28.650586,60.610986],[28.512793,60.677295],[27.462402,60.464844],[27.205273,60.543457],[26.534668,60.412891],[26.569336,60.624561],[26.377734,60.424072],[25.955957,60.474219],[26.03584,60.341504],[25.758008,60.267529],[25.656445,60.333203],[24.600488,60.114258],[24.445605,60.021289],[23.463574,59.98623],[23.021289,59.816016],[22.963867,59.826367],[23.198438,60.021826],[22.994141,60.098535],[22.911719,60.209717],[22.749805,60.057275],[22.462695,60.029199],[22.442676,60.156885],[22.589941,60.228369],[22.512305,60.281348],[22.584961,60.380566],[21.854297,60.50542],[21.805273,60.594141],[21.613281,60.530957],[21.436035,60.596387],[21.360547,60.96748],[21.513477,61.281201],[21.506641,61.484326],[21.565039,61.484326],[21.498242,61.551953],[21.605957,61.591553],[21.384863,61.914941],[21.255957,61.989648],[21.343359,62.277393],[21.165625,62.414062],[21.103613,62.622949],[21.143848,62.73999],[21.45752,62.95],[21.473535,63.033252],[21.650977,63.039307],[21.545117,63.204297],[21.895703,63.210254],[22.319727,63.310449],[22.243262,63.437939],[22.345996,63.442383],[22.318652,63.504395],[22.398047,63.491162],[22.527637,63.57998],[22.532324,63.647852],[22.75625,63.68335],[23.598926,64.040918],[23.65293,64.13418],[24.27832,64.515283],[24.55791,64.801025],[24.942188,64.884033],[25.288184,64.860352],[25.228027,64.951025],[25.372656,65.009473],[25.255859,65.143262],[25.347852,65.479248],[24.674902,65.670703],[24.581543,65.757129],[24.628027,65.85918],[24.404297,65.780469],[23.691406,65.828516],[23.102344,65.735352],[22.746582,65.870947],[22.538574,65.794336],[22.400977,65.862109],[22.287598,65.750635],[22.254004,65.597559],[22.08623,65.610938],[22.147559,65.552881],[21.920117,65.532373],[21.95,65.470361],[21.87959,65.424023],[21.565527,65.408105],[21.523438,65.358594],[21.60918,65.261377],[21.410352,65.317432],[21.573926,65.125781],[21.138184,64.808691],[21.519629,64.463086],[21.465039,64.37959],[21.018457,64.177979],[20.762695,63.867822],[19.913672,63.610547],[19.72207,63.46333],[19.502344,63.509033],[19.494629,63.424365],[19.354297,63.47749],[19.034375,63.237744],[18.816699,63.257471],[18.858984,63.206592],[18.606445,63.178271],[18.530664,63.063525],[18.312891,62.996387],[18.502051,62.988867],[18.463086,62.89585],[18.17002,62.789355],[17.87959,62.873193],[17.974414,62.721045],[17.903027,62.659473],[18.037305,62.600537],[17.646387,62.450879],[17.410254,62.508398],[17.378418,62.462793],[17.429004,62.334717],[17.633691,62.233008],[17.510156,62.166309],[17.374512,61.866309],[17.46543,61.684473],[17.196387,61.724561],[17.215625,61.656348],[17.130762,61.575732],[17.20293,60.951855],[17.278906,60.812158],[17.250977,60.700781],[17.593066,60.627686],[17.661133,60.535156],[17.955762,60.589795],[18.1625,60.40791],[18.55752,60.253564],[18.535449,60.152881],[18.787012,60.079492],[18.99043,59.827783],[18.970508,59.757227],[17.979785,59.329053]],[[50.679883,46.938721],[50.419336,46.879492],[49.886328,46.595654],[49.347461,46.519141],[49.362109,46.410205],[49.205664,46.385693],[49.245898,46.291602],[48.683691,46.086182],[48.72959,45.896826],[48.487012,45.934863],[48.15918,45.737012],[47.701074,45.686182],[47.633301,45.584033],[47.463281,45.679688],[47.529492,45.530225],[47.413086,45.421045],[47.35127,45.217725],[47.083789,44.816992],[47.00293,44.876074],[46.755273,44.656543],[46.720898,44.45166],[47.023633,44.343262],[47.307031,44.103125],[47.462793,43.555029],[47.562598,43.834668],[47.646484,43.884619],[47.508984,43.509717],[47.463184,43.035059],[47.709082,42.810937],[47.727734,42.680713],[48.080176,42.353711],[48.383789,41.953418],[48.823926,41.62959],[49.106641,41.301709],[49.226465,41.026221],[49.456738,40.799854],[49.775977,40.583984],[50.18252,40.504785],[50.365918,40.279492],[49.918848,40.316406],[49.551172,40.194141],[49.324414,39.60835],[49.362793,39.349561],[49.269336,39.285156],[49.165332,39.030273],[49.120996,39.003906],[49.111328,39.084717],[49.013477,39.133984],[48.961719,39.07876],[48.850879,38.815332],[48.870703,38.392529],[48.959961,37.890137],[49.080957,37.667578],[49.372461,37.519971],[50.130469,37.407129],[50.337891,37.14917],[50.927441,36.810205],[51.762012,36.614502],[52.190137,36.621729],[53.767676,36.930322],[53.91543,36.930322],[53.679492,36.853125],[53.970117,36.818311],[54.017188,36.95249],[53.823535,37.92793],[53.868652,38.949268],[53.724121,39.103076],[53.70459,39.20957],[53.336328,39.34082],[53.156641,39.26499],[53.124805,39.43208],[53.235645,39.608545],[53.389648,39.536426],[53.603125,39.546973],[53.472266,39.668799],[53.487305,39.909375],[52.9875,39.987598],[52.952148,39.895459],[53.035547,39.774414],[52.804688,40.054004],[52.733691,40.39873],[52.943457,41.038086],[53.145215,40.824951],[53.615234,40.818506],[53.76377,40.665674],[53.87002,40.648682],[54.192969,40.72041],[54.377344,40.693262],[54.319434,40.83457],[54.685059,40.873047],[54.703711,41.071143],[54.094824,41.519385],[53.846484,42.091162],[53.752344,42.129395],[53.16416,42.093799],[52.97002,41.976221],[52.814844,41.711816],[52.883496,41.652539],[52.850391,41.200293],[52.609375,41.529443],[52.467578,41.885889],[52.462109,42.100635],[52.638477,42.555664],[52.596582,42.760156],[52.493945,42.820264],[51.898242,42.869629],[51.616016,43.158447],[51.29541,43.174121],[51.301758,43.482373],[51.064844,43.750146],[50.830762,44.192773],[50.331152,44.325488],[50.252539,44.406494],[50.297461,44.581543],[50.409473,44.624023],[50.860352,44.62876],[51.177148,44.501367],[51.543555,44.531006],[51.310254,44.61875],[51.05791,44.811572],[51.009375,44.921826],[51.415723,45.357861],[52.426758,45.404639],[53.200391,45.331982],[52.773828,45.572754],[53.135254,46.19165],[53.063965,46.475293],[53.170215,46.669043],[53.069434,46.856055],[52.916016,46.954395],[52.483203,46.990674],[52.138281,46.828613],[51.744531,46.93374],[51.615234,47.029932],[51.178027,47.110156],[50.679883,46.938721]]]},"properties":{}}]}