{"type":"FeatureCollection","features":[{"type":"Feature","geometry":{"type":"Polygon","coordinates":[[[26.719375,40.537998],[26.718642555093574,40.64303901537555],[26.82012607939087,40.64646581747885],[26.836718,40.582641],[26.719375,40.537998]]]},"properties":{}},{"type":"Feature","geometry":{"type":"Polygon","coordinates":[[[25.3126,40.034810852783984],[25.312400000000153,40.13529871518308],[25.495151877090844,40.13480593592143],[25.49871707300515,40.034562682679805],[25.3126,40.034810852783984]]]},"properties":{}},{"type":"Feature","geometry":{"type":"Polygon","coordinates":[[[25.3124,37.96865],[25.3124,39.3751],[26.015725,39.3751],[26.015725,39.28967064222854],[25.904275,39.294204],[25.831666,39.188723],[26.015725,39.10270390450444],[26.015725,38.59936980000009],[25.831125700000143,38.54615850000005],[25.99223840000002,38.390755500000125],[25.9658061,38.29584020000004],[25.863287700000058,38.24769689999994],[26.015725,38.15103990690511],[26.015725,37.96865],[25.3124,37.96865]],[[25.554044199999964,38.5695171000001],[25.609188,38.53448650000013],[25.620228,38.58983470000004],[25.554044199999964,38.5695171000001]]]},"properties":{}},{"type":"Feature","geometry":{"type":"Polygon","coordinates":[[[26.478844142201215,38.671975],[26.71885,38.671975],[26.7015421,38.3148289],[26.5842389,38.4265212],[26.6246176,38.5313385],[26.478844142201215,38.671975]]]},"properties":{}},{"type":"Feature","geometry":{"type":"Polygon","coordinates":[[[26.015525,37.96865],[26.0237036,38.1790357],[26.1602496,38.3124658],[26.1629165,38.5366721],[26.015525,38.5993698],[26.015525,38.671975],[26.404547539143287,38.671975],[26.3532735,38.6388312],[26.3930596,38.4474429],[26.5158324,38.4278139],[26.451026,38.4279485],[26.4832102,38.3760496],[26.3715178,38.3080603],[26.2847849,38.3764596],[26.3033486,38.3208752],[26.2303283,38.2702993],[26.3916574,38.2608344],[26.5924128,38.1031889],[26.6358111,38.2080389],[26.7162493,38.2115414],[26.71885,37.96865],[26.015525,37.96865]]]},"properties":{}},{"type":"Feature","geometry":{"type":"Polygon","coordinates":[[[26.1259635,39.30728265153752],[26.015525,39.28962180223287],[26.015525,39.3751],[26.181600646560003,39.3751],[26.1259635,39.30728265153752]]]},"properties":{}},{"type":"Feature","geometry":{"type":"Polygon","coordinates":[[[26.015525,38.671775],[26.015525,39.10275909194194],[26.255158,39.2050637],[26.2811773,39.1547385],[26.0846171,39.0734973],[26.1689852,39.0052474],[26.517775,38.9705779],[26.546153,39.003652],[26.4440082,39.1070245],[26.502288,39.110053],[26.540345,39.011077],[26.6129283,39.0443709],[26.3807709,39.2699675],[26.4245517,39.3335935],[26.3500266,39.3557471],[26.617585414653156,39.3751],[26.64807,39.325408],[26.690822,39.3337185],[26.623453380396732,39.3751],[26.71885,39.3751],[26.608335,39.276359],[26.71885,39.25834342565602],[26.71885,38.671775],[26.015525,38.671775]]]},"properties":{}},{"type":"Feature","geometry":{"type":"Polygon","coordinates":[[[26.938638403125,38.38448010569826],[26.8002369,38.3554594],[26.71865,38.4270059670409],[26.71865,39.258482971635246],[26.8876599,39.0753829],[26.799022,39.032098],[26.802252,38.9509968],[27.0540736,38.9302734],[26.9761185,38.807483],[26.8919643,38.8238783],[26.9339154,38.757378],[26.7269138,38.7214428],[26.7227025,38.6525338],[26.9442537,38.4280245],[27.1712214,38.4615925],[26.938638403125,38.38448010569826]]]},"properties":{}},{"type":"Feature","geometry":{"type":"Polygon","coordinates":[[[26.71865,37.96865],[26.7515175,38.2228966],[26.8667188,38.0316467],[26.9804053,38.0744209],[27.25767616580311,37.96865],[26.71865,37.96865]]]},"properties":{}},{"type":"Feature","geometry":{"type":"Polygon","coordinates":[[[26.71865,39.3749],[26.719197,39.56353],[26.9453868,39.5664636],[26.9302259,39.4849604],[26.71865,39.3749]]]},"properties":{}},{"type":"Feature","geometry":{"type":"Polygon","coordinates":[[[23.567312899999987,37.987511699999985],[23.387230198156427,37.980031549685975],[23.52306643080484,38.04469003990397],[23.59493840048755,38.03293881208034],[23.567312899999987,37.987511699999985]]]},"properties":{}},{"type":"Feature","geometry":{"type":"Polygon","coordinates":[[[23.207940500000017,38.67189610000002],[23.440349848231435,38.671975],[23.626511900000047,38.54162460000004],[23.587446,38.44826090000003],[23.6386235,38.406595699999954],[23.906285223344288,38.38601636983603],[23.90635,38.29810252886348],[23.6568331,38.35127330000004],[23.551885099999982,38.5066263],[23.332381500000018,38.49741549999997],[23.377295899999982,38.527614],[23.28438220000004,38.560771],[23.33506346959504,38.624298017055764],[23.207940500000017,38.67189610000002]]]},"properties":{}},{"type":"Feature","geometry":{"type":"Polygon","coordinates":[[[23.20434699734499,39.3743496266593],[23.90635,39.3751],[23.90625,39.22825],[23.828176537272565,39.15037666209525],[23.90635,39.1629],[23.90635,38.67358718388201],[23.4710242,38.83533620000002],[23.317924900000026,39.038376300000046],[23.203025,39.00395408443951],[23.20924787824817,39.12615739780758],[23.3511789,39.187287],[23.20434699734499,39.3743496266593]],[[23.428364100000017,39.13638750000004],[23.5121523,39.18725109999998],[23.387014700000034,39.1590956],[23.428364100000017,39.13638750000004]],[[23.72425,39.13975],[23.5895,39.2035],[23.653,39.0855],[23.7925,39.1205],[23.72425,39.13975]]]},"properties":{}},{"type":"Feature","geometry":{"type":"Polygon","coordinates":[[[23.203025,38.67576946793808],[23.203025,38.83085847522738],[23.440425308484507,38.671775],[23.203025,38.67576946793808]]]},"properties":{}},{"type":"Feature","geometry":{"type":"Polygon","coordinates":[[[24.094078046794394,38.6712235642993],[24.609475,38.671975],[24.609475,37.96865],[24.53698145947622,37.973443226950344],[24.58837732377595,38.15910078863743],[24.34916693871386,38.15490692095228],[24.260391,38.20948020000003],[24.181669102808332,38.393786930802065],[24.23190845022536,38.52497386793868],[24.094078046794394,38.6712235642993]]]},"properties":{}},{"type":"Feature","geometry":{"type":"Polygon","coordinates":[[[24.368101165877867,37.969044999908526],[24.007414116908325,37.96865],[23.9809292,38.106174800000076],[24.057822,38.122186500000076],[24.074225099999982,38.195631500000026],[23.90615,38.29814247181136],[23.906057050805742,38.38590458730542],[24.05108339999999,38.3938591],[24.02275920000005,38.32824010000007],[24.111178700000014,38.31612840000001],[24.112211648420278,38.250450671957445],[24.154418,38.2791511],[24.116517151234287,38.22047385362303],[24.18589210000003,38.21588329999996],[24.2029912,38.0853277],[24.306942415546345,38.0688670629733],[24.368101165877867,37.969044999908526]]]},"properties":{}},{"type":"Feature","geometry":{"type":"Polygon","coordinates":[[[24.165073,39.37138660000003],[24.25791250000003,39.3751],[24.25791250000003,38.671775],[23.90615,38.67360040943714],[23.906125980741425,39.169749569213],[23.983604818349626,39.26603722325123],[23.90615,39.22916189649592],[23.90615,39.3751],[24.165073,39.37138660000003]]]},"properties":{}},{"type":"Feature","geometry":{"type":"Polygon","coordinates":[[[24.60807266968645,38.749645410492455],[24.609486883986374,38.671775],[24.257724383986435,38.671775],[24.257724383986435,39.3751],[24.609486883986374,39.3751],[24.609486883986374,38.85099948965519],[24.49100338398637,38.97830160000003],[24.43010398398645,38.88117620000004],[24.565003983986383,38.84107470000007],[24.531288583986417,38.78531370000012],[24.60807266968645,38.749645410492455]]]},"properties":{}},{"type":"Feature","geometry":{"type":"Polygon","coordinates":[[[24.609275,38.76356026652157],[24.686069699999987,38.7924763],[24.609275,38.85113862714024],[24.609275,39.3751],[25.3126,39.3751],[25.3126,37.96865],[24.609275,37.96865],[24.609275,38.76356026652157]]]},"properties":{}},{"type":"Feature","geometry":{"type":"Polygon","coordinates":[[[23.90568724183958,40.319505201344896],[23.90635,40.15943149895753],[23.693734025895093,40.28697339425918],[23.736037505900494,40.353874016919455],[23.906201410303716,40.36549921469511],[23.90568724183958,40.319505201344896]]]},"properties":{}},{"type":"Feature","geometry":{"type":"Polygon","coordinates":[[[23.82506922447547,40.46695728819248],[23.9060696,40.52360109999997],[23.906331923347558,40.391141060634716],[23.82506922447547,40.46695728819248]]]},"properties":{}},{"type":"Feature","geometry":{"type":"Polygon","coordinates":[[[24.22322634858783,40.77965811490537],[24.609475,40.78135],[24.5112195,40.65928839999999],[24.609676874532088,40.60217447359814],[24.609475,39.3749],[24.165298951152394,39.37488732915726],[24.176593491808678,39.43150439161684],[24.145741837908833,39.3749],[23.90615,39.3749],[23.906150694417295,39.959334427309855],[23.99207170000005,39.94816330000001],[24.0227,40.019322],[23.90615,40.15941070921601],[23.906210124371032,40.318922688794295],[23.94863661660762,40.31022693001675],[23.906201410303716,40.36549921469511],[24.161742769450296,40.28082405942484],[24.302082629557713,40.11545445791782],[24.39838621345397,40.15581396422811],[24.01035245613887,40.45047333394284],[24.0053314,40.385317699999966],[23.906331923347558,40.391141060634716],[23.920569449179222,40.533301263680784],[23.694556536705665,40.68535962615055],[23.85465942914093,40.79572322638565],[24.04556050040142,40.71873865658698],[24.22322634858783,40.77965811490537]]]},"properties":{}},{"type":"Feature","geometry":{"type":"Polygon","coordinates":[[[24.730237,40.77607119999996],[25.3126,40.78135],[25.3126,39.95841126425043],[25.0331782,39.9853258],[25.04716370000004,39.83302470000005],[25.16957580000003,39.85509880000005],[25.137082,39.8034828],[25.226785599999957,39.79679670000015],[25.190689599999935,39.883839500000015],[25.278656300000097,39.89542429999997],[25.235450500000166,39.84997800000012],[25.3126,39.791165621005774],[25.3126,39.37490000000012],[24.60927500000011,39.37490000000012],[24.60927500000011,40.59635921949117],[24.775318921505033,40.60701601294385],[24.785445300000035,40.73625830000007],[24.730237,40.77607119999996]],[[24.97337530000015,39.492275],[25.05733200000014,39.52991360000002],[24.998072900000054,39.56126070000005],[24.97337530000015,39.492275]]]},"properties":{}},{"type":"Feature","geometry":{"type":"Polygon","coordinates":[[[25.312543620260215,40.945056396889804],[25.3126,40.78115],[24.226421305208664,40.7811887051313],[24.491587017651074,40.95600089016028],[24.7305128998419,40.893254419257275],[24.989105857044237,40.93076375239274],[25.08136,41.006588],[25.312543620260215,40.945056396889804]]]},"properties":{}},{"type":"Feature","geometry":{"type":"Polygon","coordinates":[[[22.87328738607006,40.64108779555126],[22.645312305501623,40.55240817543752],[22.632002240755085,40.4877250982585],[22.51712431423622,40.54010435431488],[22.623723672072398,40.68516939856778],[22.87328738607006,40.64108779555126]]]},"properties":{}},{"type":"Feature","geometry":{"type":"Polygon","coordinates":[[[20.387028815132435,38.15130640678408],[20.390725,37.96865],[19.6874,37.96865],[19.6874,39.3751],[20.279327510834552,39.3751],[20.390725,39.28479496997911],[20.390725,38.303411166062844],[20.336747668755255,38.200306321266034],[20.387028815132435,38.15130640678408]]]},"properties":{}},{"type":"Feature","geometry":{"type":"Polygon","coordinates":[[[19.703952300000026,39.67155719999997],[19.830308107656087,39.57439044860822],[19.8686638,39.456369700000025],[20.067121342350454,39.3749],[19.6874,39.3749],[19.703952300000026,39.67155719999997]]]},"properties":{}},{"type":"Feature","geometry":{"type":"Polygon","coordinates":[[[22.483564500000032,36.3857416],[22.5001,33.7499],[19.6874,33.7499],[19.6874,36.5626],[22.383219565453402,36.5626],[22.353157833504504,36.50041574845741],[22.483564500000032,36.3857416]]]},"properties":{}},{"type":"Feature","geometry":{"type":"Polygon","coordinates":[[[19.6874,36.5624],[19.6874,37.96885],[21.09385,37.96885],[21.09385,36.5624],[19.6874,36.5624]],[[20.79812540000004,37.8451009],[20.699502399999986,37.933851900000064],[20.618519,37.862001299999974],[20.815562,37.648222400000066],[20.885387,37.732164700000055],[20.993448200000017,37.70306359999998],[20.79812540000004,37.8451009]]]},"properties":{}},{"type":"Feature","geometry":{"type":"Polygon","coordinates":[[[23.277512306666242,32.200325862298115],[23.09502150000002,32.30906370000001],[23.094446075325585,32.432191997927454],[23.137613690001864,32.40459137885141],[23.158762907524608,32.45718715121067],[23.115744631536337,32.62855923208746],[22.50001961028427,32.80985037855598],[22.4999,33.7501],[28.1251,33.7501],[28.1251,31.089758653039805],[27.90664360000002,31.106770399999952],[27.85440740000004,31.24701220000004],[27.6758291,31.177231100000075],[27.44601410000004,31.215648400000028],[27.340196100000043,31.37278060000006],[27.18201840000005,31.358991900000056],[27.22586349999999,31.369227300000038],[25.911433199999987,31.62758469999998],[25.4970132,31.518353599999973],[25.218544100000027,31.518394599999972],[24.979247,31.971264699999978],[24.710070400000035,32.02269180000008],[24.13352760000003,32.00505369999997],[23.75508910000005,32.169811500000016],[23.315951900000034,32.21357370000005],[23.31923880000004,32.1524709],[23.277512306666242,32.200325862298115]]]},"properties":{}},{"type":"Feature","geometry":{"type":"Polygon","coordinates":[[[23.188370300000017,37.9535791],[23.203225,37.59575668351012],[23.15566350000002,37.6229589],[23.175727506411683,37.71607685110972],[23.117524494712995,37.73137233519889],[23.17858624884922,37.803364799283045],[22.9920257,37.87958290000001],[23.188370300000017,37.9535791]]]},"properties":{}},{"type":"Feature","geometry":{"type":"Polygon","coordinates":[[[23.276869200000085,37.26423150000002],[23.90635,37.265725],[23.90635,36.5624],[23.203025,36.5624],[23.203025,37.265725],[23.276869200000085,37.26423150000002]]]},"properties":{}},{"type":"Feature","geometry":{"type":"Polygon","coordinates":[[[23.3518682,37.54062050000005],[23.203025,37.61728750000003],[23.3175523,37.6125277],[23.3518682,37.54062050000005]]]},"properties":{}},{"type":"Feature","geometry":{"type":"Polygon","coordinates":[[[23.4089302,37.602477299999954],[23.554787500000018,37.61728750000003],[23.554787500000018,37.36965764323542],[23.363331187296957,37.29923227433573],[23.55421507594141,37.35592699046812],[23.554787500000018,37.265525],[23.203025,37.265525],[23.26737931247079,37.40596069257522],[23.524519100000045,37.4367583],[23.3912747,37.50921820000004],[23.4089302,37.602477299999954]],[[23.489473300000054,37.5023699],[23.484948700000018,37.560016600000026],[23.421832700000046,37.518043699999986],[23.489473300000054,37.5023699]]]},"properties":{}},{"type":"Feature","geometry":{"type":"Polygon","coordinates":[[[23.90615,36.5624],[23.90615,37.265725],[24.2579125,37.265725],[24.2579125,36.5624],[23.90615,36.5624]]]},"properties":{}},{"type":"Feature","geometry":{"type":"Polygon","coordinates":[[[24.257712500000082,36.5624],[24.257712500000082,36.914162499999975],[24.43369375000009,36.914162499999975],[24.43369375000009,36.68952974714682],[24.35407120000002,36.75124720000002],[24.317315599999972,36.660167],[24.431967300000053,36.661052],[24.43369375000009,36.5624],[24.257712500000082,36.5624]]]},"properties":{}},{"type":"Feature","geometry":{"type":"Polygon","coordinates":[[[24.43349375,36.5624],[24.4374699,36.6665663],[24.609475,36.73838125],[24.609475,36.5624],[24.43349375,36.5624]]]},"properties":{}},{"type":"Feature","geometry":{"type":"Polygon","coordinates":[[[24.43349375,36.755858706603775],[24.43349375,36.9141625],[24.609475,36.9141625],[24.609475,36.73818125],[24.43349375,36.755858706603775]],[[24.591433,36.8090599],[24.5590367,36.8484679],[24.5193956,36.7993589],[24.591433,36.8090599]]]},"properties":{}},{"type":"Feature","geometry":{"type":"Polygon","coordinates":[[[24.257712500000025,36.91396250000008],[24.257712500000025,37.265725],[24.609475,37.265725],[24.609475,36.91396250000008],[24.257712500000025,36.91396250000008]],[[24.476143550000074,37.20148091344606],[24.41445939999994,37.1215115],[24.535251300000027,37.13182709999995],[24.476143550000074,37.20148091344606]]]},"properties":{}},{"type":"Feature","geometry":{"type":"Polygon","coordinates":[[[24.530820800936365,37.96860912855802],[24.609475,37.96885],[24.609475,37.265525],[23.90615,37.265525],[23.90615,37.728505],[24.0305698,37.64836749999998],[24.0815654,37.74418850000006],[24.007483948395286,37.96885],[24.530820800936365,37.96860912855802]],[[24.26838360000003,37.5956585],[24.29387677082354,37.52373440163055],[24.410338616803852,37.65451208926072],[24.327411299999987,37.68227219999997],[24.26838360000003,37.5956585]],[[24.384514,37.3032259],[24.486401500000024,37.3992254],[24.435884700000035,37.483056100000034],[24.36504230000002,37.422613699999964],[24.384514,37.3032259]]]},"properties":{}},{"type":"Feature","geometry":{"type":"Polygon","coordinates":[[[24.609251205390024,36.562376205390024],[24.609251205390024,36.774464206806954],[24.665910705390104,36.75401330539],[24.609251205390024,36.78403502615561],[24.609251205390024,37.26570120538992],[25.312576205389973,37.26570120538992],[25.312576205389973,36.787523846566444],[25.245912305389936,36.721704605390016],[25.312576205389973,36.68838804804278],[25.312576205389973,36.562376205390024],[24.609251205390024,36.562376205390024]],[[25.19600055539007,37.13463398546804],[25.107295005390085,37.06389600539006],[25.117554505390046,36.992392005389945],[25.277983005389956,37.04958630539005],[25.293617505390046,37.14383220539014],[25.19600055539007,37.13463398546804]],[[25.08694830539008,37.04739470539005],[25.015398505390067,36.98486580539003],[25.071634905390113,36.93878540539009],[25.08694830539008,37.04739470539005]],[[24.66911186539278,36.97131335132508],[24.70285250539007,36.90114280539001],[24.765214205389952,36.94935610539005],[24.636220505390042,37.041056905390064],[24.66911186539278,36.97131335132508]]]},"properties":{}},{"type":"Feature","geometry":{"type":"Polygon","coordinates":[[[24.816780367076966,37.966615388760275],[24.961037500000046,37.96885],[24.960015099999982,37.82134529999996],[24.9563401,37.89929430000003],[24.838499996270652,37.9099882943084],[24.816780367076966,37.966615388760275]]]},"properties":{}},{"type":"Feature","geometry":{"type":"Polygon","coordinates":[[[24.95993694724541,37.682722577147274],[24.961037500000145,37.419362283655175],[24.883383900000126,37.51467990000009],[24.854563,37.39691230000017],[24.961004852598705,37.396854168719756],[24.961037500000145,37.265525],[24.609275,37.265525],[24.609275,37.96885],[24.69883150567557,37.96885],[24.710001600000112,37.87138920000001],[24.95993694724541,37.682722577147274]]]},"properties":{}},{"type":"Feature","geometry":{"type":"Polygon","coordinates":[[[24.96278910397683,37.68362545940215],[24.960837500000082,37.96885],[25.3126,37.96885],[25.3126,37.265525],[24.960837500000082,37.265525],[24.96278910397683,37.68362545940215]],[[25.16209363596431,37.53207063730258],[25.23141990000005,37.536354900000106],[25.25367119999993,37.61105850000007],[24.973207,37.671317],[25.16209363596431,37.53207063730258]]]},"properties":{}},{"type":"Feature","geometry":{"type":"Polygon","coordinates":[[[25.3124,33.7499],[25.3124,34.98177527327985],[25.9772871,35.0392226],[26.1107681,34.9951903],[26.2315613,35.0337409],[26.281143841670833,35.15635],[26.71885,35.15635],[26.71885,33.7499],[25.3124,33.7499]]]},"properties":{}},{"type":"Feature","geometry":{"type":"Polygon","coordinates":[[[26.015525,35.2211159615905],[26.015525,36.5626],[26.273402694745016,36.5626],[26.32739550000008,36.50642420000008],[26.354264862593766,36.5626],[26.71885,36.5626],[26.71885,35.15615],[26.28128577930636,35.15615],[26.31121480000013,35.31735950000012],[26.15959150000009,35.19790619999998],[26.015525,35.2211159615905]]]},"properties":{}},{"type":"Feature","geometry":{"type":"Polygon","coordinates":[[[26.71865,33.7499],[26.71865,35.15635],[28.1251,35.15635],[28.1251,33.7499],[26.71865,33.7499]]]},"properties":{}},{"type":"Feature","geometry":{"type":"Polygon","coordinates":[[[26.71865,35.15615],[26.71865,35.859475],[27.421975,35.859475],[27.421975,35.15615],[26.71865,35.15615]],[[27.1132715,35.50500819999996],[27.07965460000014,35.4477113],[27.13484080000012,35.396523400000035],[27.242624200000137,35.4940064000001],[27.1507861,35.616475399999956],[27.23117840000009,35.829629400000044],[27.061269200000027,35.59672050000006],[27.1132715,35.50500819999996]],[[26.8753637,35.393880600000045],[26.884299100000135,35.3396321],[27.015069900000015,35.43279039999999],[26.8753637,35.393880600000045]]]},"properties":{}},{"type":"Feature","geometry":{"type":"Polygon","coordinates":[[[27.421775,35.15615],[27.421775,36.5626],[28.1251,36.5626],[28.1251,36.42002965354345],[27.878395000000125,36.3226355],[27.683605400000033,36.15278970000003],[27.758484300000134,36.09586790000009],[27.718733,35.939991],[27.789297,35.886744],[27.953613200000063,36.0452295],[28.08706710000007,36.05439360000008],[28.1251,36.187341445617676],[28.1251,35.15615],[27.421775,35.15615]]]},"properties":{}},{"type":"Feature","geometry":{"type":"Polygon","coordinates":[[[25.3124,36.5624],[25.3124,36.68518097572581],[25.3842713,36.6503738],[25.4030956,36.7134241],[25.3124451,36.7849866],[25.3124,37.265725],[25.6641625,37.265725],[25.6641625,36.899290117335674],[25.6058536,36.8812891],[25.6641625,36.875589256411544],[25.6641625,36.5624],[25.3124,36.5624]],[[25.4696547,37.1595805],[25.33292,37.0762058],[25.4492071,36.9162617],[25.5500482,36.9581285],[25.6064953,37.0858063],[25.538748,37.2026385],[25.4696547,37.1595805]]]},"properties":{}},{"type":"Feature","geometry":{"type":"Polygon","coordinates":[[[25.6639625,36.5624],[25.6639625,37.265725],[26.015725,37.265725],[26.015725,36.9335344482042],[25.7403035,36.7949307],[25.8640431,36.7869284],[26.015725,36.892821968113154],[26.015725,36.5624],[25.6639625,36.5624]]]},"properties":{}},{"type":"Feature","geometry":{"type":"Polygon","coordinates":[[[25.31240000000014,37.265525],[25.32171390000002,37.42225040000005],[25.462058100000093,37.46185870000005],[25.31240000000014,37.492072495133755],[25.31240000000014,37.96885],[26.015725,37.96885],[25.9737027,37.52294480000006],[26.015725,37.51609686467941],[26.015725,37.265525],[25.31240000000014,37.265525]]]},"properties":{}},{"type":"Feature","geometry":{"type":"Polygon","coordinates":[[[26.015525,36.5624],[26.015525,36.89275984232353],[26.086412100000075,36.896611600000085],[26.015525,36.93359431315969],[26.015525,37.265725],[26.71885,37.265725],[26.71885,36.5624],[26.369483887713045,36.5624],[26.474729300000092,36.58000349999992],[26.3813454000001,36.64558480000011],[26.3574233,36.56992260000004],[26.015525,36.5624]]]},"properties":{}},{"type":"Feature","geometry":{"type":"Polygon","coordinates":[[[26.015525,37.265525],[26.015525,37.51610498091183],[26.2227766,37.5707742],[26.3656528,37.6885597],[26.015525,37.581592569327356],[26.015525,37.96885],[26.3672875,37.96885],[26.3672875,37.265525],[26.015525,37.265525]]]},"properties":{}},{"type":"Feature","geometry":{"type":"Polygon","coordinates":[[[26.3670875,37.265525],[26.3670875,37.96885],[26.71885,37.96885],[26.71885,37.805865157399886],[26.5660837,37.7307841],[26.5914167,37.6753698],[26.71885,37.71009285477104],[26.71885,37.265525],[26.3670875,37.265525]],[[26.4721451,37.5743061],[26.5093907,37.5263933],[26.516224,37.6558664],[26.4721451,37.5743061]],[[26.5442732,37.3269855],[26.6144695,37.3404113],[26.533975,37.3785639],[26.5730223,37.2701642],[26.5442732,37.3269855]]]},"properties":{}},{"type":"Feature","geometry":{"type":"Polygon","coordinates":[[[27.0552358,36.767842500000064],[27.07041249999999,36.5624],[26.71865,36.5624],[26.71865,37.265725],[27.07041249999999,37.265725],[27.07041249999999,36.843409250236284],[26.917333,36.718029700000024],[26.974083,36.67269450000001],[26.9732838,36.745542700000016],[27.0552358,36.767842500000064]],[[26.822618700000042,37.1961904],[26.764794100000017,37.17299590000006],[26.8877873,37.09761020000001],[26.822618700000042,37.1961904]],[[26.94397839427919,36.92663967701473],[27.05408119243915,36.94564023848568],[27.05350568545902,36.9955988826743],[26.88965435687447,37.08011587284673],[26.9680726,37.0161283],[26.90916310891723,36.95208324281527],[26.94397839427919,36.92663967701473]]]},"properties":{}},{"type":"Feature","geometry":{"type":"Polygon","coordinates":[[[27.302771310996196,36.89011871578675],[27.07021250000004,36.84295743992678],[27.07021250000004,37.265725],[27.421975,37.265725],[27.421905,37.117882],[27.323226536533276,37.15924767642229],[27.2254681,37.05825250000004],[27.286438468292925,36.957844664208],[27.421975,37.03185828397713],[27.422388724980607,36.715559559550734],[27.361478200000036,36.70417960000002],[27.421975,36.670487659417454],[27.421975,36.5624],[27.196126415774103,36.5624],[27.1685773,36.6210871],[27.15185338446602,36.5624],[27.07021250000004,36.5624],[27.07021250000004,36.764963501816666],[27.3559917,36.85903670000005],[27.302771310996196,36.89011871578675]]]},"properties":{}},{"type":"Feature","geometry":{"type":"Polygon","coordinates":[[[27.065475447757265,37.641167698199624],[27.070412500000323,37.26552500000034],[26.718650000000252,37.26552500000034],[26.792301400000287,37.29971220000024],[26.718650000000252,37.32601523151259],[26.75938310000025,37.37418000000036],[26.718650000000252,37.71010837593849],[26.859485500000382,37.63601780000044],[27.069885800000332,37.71650300000041],[27.02414900000035,37.752383000000336],[27.066878000000262,37.77882500000036],[26.718650000000252,37.80582985245642],[26.718650000000252,37.96885000000036],[27.070412500000323,37.96885000000036],[27.070412500000323,37.684476299146596],[27.003157364014786,37.65926349914928],[27.065475447757265,37.641167698199624]]]},"properties":{}},{"type":"Feature","geometry":{"type":"Polygon","coordinates":[[[27.080517214555027,37.683573131464975],[27.070212500000476,37.96885000000058],[27.257592746114465,37.96885000000058],[27.250349800000464,37.74342890000059],[27.080517214555027,37.683573131464975]]]},"properties":{}},{"type":"Feature","geometry":{"type":"Polygon","coordinates":[[[27.41855957577962,37.306413274463964],[27.42185616013644,37.2656195772156],[27.070093660136365,37.2656195772156],[27.070093660136365,37.641787235039615],[27.274149143726397,37.53647353352674],[27.191825960136416,37.353878666257344],[27.330071260136382,37.34294658001317],[27.416227740561226,37.41604515808442],[27.41855957577962,37.306413274463964]]]},"properties":{}},{"type":"Feature","geometry":{"type":"Polygon","coordinates":[[[27.421905,37.117882],[27.421775,37.265725],[27.63961505293425,37.25733299623958],[27.575360715370444,37.215084972704965],[27.615561648426986,37.18744501822544],[27.525973385216215,37.1942150995783],[27.572047600414553,37.127530816708315],[27.470320676994955,37.08056747858295],[27.421905,37.117882]]]},"properties":{}},{"type":"Feature","geometry":{"type":"Polygon","coordinates":[[[27.42324725123796,36.73730807562672],[27.4236218,37.03596709999998],[27.565366,36.97483],[27.7735375,36.993402953051636],[27.7735375,36.7893788118333],[27.640881070627273,36.81119864375716],[27.42324725123796,36.73730807562672]]]},"properties":{}},{"type":"Feature","geometry":{"type":"Polygon","coordinates":[[[27.771230446796153,36.76044997930998],[27.7735375,36.5624],[27.421775,36.5624],[27.421775,36.670445466546084],[27.678775086585734,36.657712189378046],[27.690878899999984,36.73096760000005],[27.771230446796153,36.76044997930998]]]},"properties":{}},{"type":"Feature","geometry":{"type":"Polygon","coordinates":[[[28.1251,36.61772763636363],[28.1251,36.5624],[28.02594002067416,36.5624],[28.1251,36.61772763636363]]]},"properties":{}},{"type":"Feature","geometry":{"type":"Polygon","coordinates":[[[27.773337499999986,36.789380422905815],[27.77521494414872,36.99868649887447],[28.1251,37.033734390894786],[28.1251,36.936041356752824],[28.01460746792595,36.906085278932494],[28.059579,36.800607],[27.773337499999986,36.789380422905815]]]},"properties":{}},{"type":"Feature","geometry":{"type":"Polygon","coordinates":[[[27.8232675,36.62152928975022],[27.774873,36.60382],[27.7733375,36.759439989403454],[28.1251,36.805369920026884],[28.1028458,36.7065022],[27.964195,36.683881],[28.072855,36.675758],[28.064544,36.604925],[27.868840837209305,36.5624],[27.873011,36.631403],[27.8232675,36.62152928975022]]]},"properties":{}},{"type":"Feature","geometry":{"type":"Polygon","coordinates":[[[28.125119,36.934879],[28.1249,37.03381696546308],[28.328332100000043,37.0503716],[28.170881888833453,36.907615195668214],[28.125119,36.934879]]]},"properties":{}},{"type":"Feature","geometry":{"type":"Polygon","coordinates":[[[22.493557197523558,32.811298235984566],[22.14565565167078,32.93820144762077],[21.631506200000103,32.92685039999998],[21.407560586619923,32.7869784060253],[20.942962477187848,32.71537425814654],[20.3596251216984,32.404733939651294],[19.942860763971396,31.95574354072653],[19.921291620902764,31.75731271282575],[19.99259553918762,31.477008175844276],[20.173024177299055,31.164960599094343],[20.126756625667667,30.97851653636104],[19.776099032180184,30.529921890621722],[19.304174049012147,30.291230881587126],[18.945449321319245,30.28669538127832],[18.661289,30.415989200000126],[18.176528600000097,30.788856700000053],[17.392664131646427,31.076016239603064],[16.8749,31.18295416273253],[16.8749,33.750100000000145],[22.5001,33.750100000000145],[22.493557197523558,32.811298235984566]]]},"properties":{}},{"type":"Feature","geometry":{"type":"Polygon","coordinates":[[[25.3124,39.3749],[25.3124,39.791204347427914],[25.3721698,39.80945460000006],[25.34043930000002,39.8779883],[25.447223900000036,40.03421640000004],[25.3124,39.9583472980264],[25.31240079436887,40.94502403231957],[25.550227000000138,40.858891],[26.039090835150525,40.823033674971846],[26.061053000000133,40.63876300000013],[26.123458943845105,40.594295813513206],[26.71885,40.64302329175945],[26.708214,40.512294],[26.215638,40.316406],[26.281984,40.24365900000012],[26.188152900000013,40.04094490000013],[26.71885,40.45954775820906],[26.691583045001554,40.35073623055641],[26.401184,40.19632200000011],[26.333482000000124,40.02768790000001],[26.178486,39.990309],[26.163471,39.660237],[26.063582,39.479207],[26.71885,39.56287370909091],[26.71885,39.3749],[25.3124,39.3749]],[[25.57161650000005,40.3956177816445],[25.699227199999974,40.464877400000034],[25.4434537,40.47627640000006],[25.57161650000005,40.3956177816445]],[[25.840104655986714,40.21137588039533],[25.665618,40.124706000000174],[26.013656000000132,40.14693700000016],[25.945460000000146,40.240312000000124],[25.840104655986714,40.21137588039533]],[[26.073809,39.831088],[25.962297,39.838105],[26.051265,39.787254],[26.073809,39.831088]]]},"properties":{}},{"type":"Feature","geometry":{"type":"Polygon","coordinates":[[[23.89409856497752,37.708353876757215],[23.90635,37.265525],[23.5545875,37.265525],[23.5545875,37.96693163033713],[23.687333230263036,37.939861457930725],[23.770219800000024,37.7978696],[23.9013,37.7741377],[23.89409856497752,37.708353876757215]]]},"properties":{}},{"type":"Feature","geometry":{"type":"Polygon","coordinates":[[[23.5001641912785,37.77289618011373],[23.417372300000043,37.761690499999965],[23.47864115143584,37.673569123739426],[23.554787500000018,37.74530861002055],[23.554787500000018,37.61708750000004],[23.203025,37.61708750000004],[23.203025,37.95779602599873],[23.500658211564026,37.96459799021291],[23.40508719308965,37.929899292844034],[23.449191300000024,37.8731613],[23.554787500000018,37.9429099376317],[23.554787500000018,37.77081738532454],[23.5001641912785,37.77289618011373]]]},"properties":{}},{"type":"Feature","geometry":{"type":"Polygon","coordinates":[[[19.9399382,39.75086369999998],[19.84916090000003,39.82206370000003],[19.6874,39.79595982425341],[19.6874,40.122520953265024],[20.01303040000002,39.872404399999965],[19.973727302818926,39.749873889450456],[20.023693800000018,39.745276099999984],[20.019686900000025,39.814107],[20.050898799999988,39.7583166],[19.982590922677552,39.689646971943155],[20.187242803095785,39.62445416694085],[20.138490351866114,39.531577216569076],[20.260358294591015,39.50913310502802],[20.21255801002368,39.491981830467154],[20.273347769424497,39.44499070460161],[20.213274500000036,39.44537140000004],[20.280675732526525,39.375765918723154],[20.118527644584297,39.3749],[20.070986599999987,39.460878499999986],[19.93731679400944,39.472291747961414],[19.932916700000018,39.624317499999975],[19.83805330000002,39.69566129999998],[19.9399382,39.75086369999998]]]},"properties":{}},{"type":"Feature","geometry":{"type":"Polygon","coordinates":[[[20.7422875,38.695280195231696],[20.742087500000014,38.79211192168666],[20.866201389520395,38.7965343581337],[20.918372089732134,38.67176687509473],[20.7422875,38.695280195231696]]]},"properties":{}},{"type":"Feature","geometry":{"type":"Polygon","coordinates":[[[21.188663102688214,38.4639759712044],[21.21440082006453,38.38974012541457],[21.32655598416898,38.38547006898758],[21.17935004350176,38.36066736847357],[21.188663102688214,38.4639759712044]]]},"properties":{}},{"type":"Feature","geometry":{"type":"Polygon","coordinates":[[[20.762068004629004,38.94665471152931],[20.83105444432121,38.95991613824752],[20.755434354173147,39.006995908283386],[20.794490600000035,39.0606205],[20.921971400000015,39.00425120000005],[21.103988404473675,39.047691535647],[21.175371800000054,38.8682004],[20.762068004629004,38.94665471152931]]]},"properties":{}},{"type":"Feature","geometry":{"type":"Polygon","coordinates":[[[20.75601365993352,38.95030271939642],[20.801183885903125,38.870039276672344],[20.72772170000005,38.81487239999996],[20.742287500000028,38.671775],[20.693935005046278,38.836388907310244],[20.55684705376287,38.671775],[20.390525,38.671775],[20.390525,39.28472063594874],[20.47757430000003,39.27617410000007],[20.75601365993352,38.95030271939642]]]},"properties":{}},{"type":"Feature","geometry":{"type":"Polygon","coordinates":[[[21.78053875582197,38.30889990251118],[21.78700850000002,38.374411600000045],[21.9355938,38.4070849],[22.185430800000017,38.320226500000054],[22.377582434088957,38.33207899581811],[22.40371960000004,38.4494817],[22.551408223757264,38.281846467024174],[22.65770540000002,38.38593479999996],[22.797188200000033,38.27571289999998],[22.7787158,38.233266],[23.2247198,38.1494869],[23.14243120000002,38.0654288],[22.88546830000004,38.05363780000003],[22.84906950000005,38.02802210000005],[22.976565799999985,37.9768547],[22.873016100000047,37.93345670000003],[22.01013901968058,38.31400402003069],[21.78053875582197,38.30889990251118]]]},"properties":{}},{"type":"Feature","geometry":{"type":"Polygon","coordinates":[[[21.25149029132878,37.971000012645526],[20.390525,37.96865],[20.433083542242937,38.280351287086674],[20.513279796891155,38.10011360525912],[20.786435811967053,38.05689506785728],[20.815991286096075,38.111952225872024],[20.678213933549806,38.27988557065172],[20.625548859504637,38.25882542145805],[20.56322563785131,38.474942331703495],[20.534171900000015,38.341481],[20.401023392597295,38.357668908317855],[20.390525,38.30318741404991],[20.390525,38.671975],[20.556797784677862,38.671975],[20.541118,38.560711],[20.59481550000001,38.63202740000008],[20.640153,38.5788811],[20.7158625954174,38.62175251469383],[20.713470020698903,38.67347981150634],[20.78009304993877,38.671975],[20.734839800000035,38.64037550000008],[20.8105506,38.5897234],[20.75281593790931,38.62607897228328],[20.800206300000045,38.669906200000014],[20.982222868743328,38.671975],[21.02757147376687,38.50221803625513],[21.093814180682337,38.53314846917336],[21.115234320683683,38.44804792966932],[21.208953335175014,38.48262059595831],[21.12251675551358,38.413945363483805],[21.17974603583342,38.3484649394092],[21.332471787086945,38.38890710222569],[21.318769550789906,38.49963141675695],[21.51176921326332,38.314428953438],[21.63977680918684,38.357227038186196],[21.78053875582197,38.30889990251118],[21.606891200000014,38.143103199999985],[21.37445096328983,38.21724985497236],[21.25149029132878,37.971000012645526]],[[20.647735503406945,38.501678424340696],[20.614891950793808,38.46612363947259],[20.694896700000015,38.315810299999974],[20.765742196614838,38.31900131470071],[20.735475854842285,38.387223155033304],[20.674297076512072,38.36525999255935],[20.70981791163515,38.434596756679184],[20.647735503406945,38.501678424340696]]]},"properties":{}},{"type":"Feature","geometry":{"type":"Polygon","coordinates":[[[21.13676117970529,37.96885],[21.110183482329358,37.841970905669776],[21.285866291484865,37.77657093948083],[21.310359100000042,37.632331],[21.373432900000022,37.65896710000005],[21.531533971898327,37.56844604761861],[21.668732799555332,37.40427477265616],[21.69361909999999,37.29387640000006],[21.565431307360228,37.16106711116512],[21.5734396286827,37.05933271223259],[21.7109345,36.941770400000024],[21.703804200000018,36.812879],[21.822722900000077,36.803475800000015],[21.877522300000063,36.717843299999984],[21.967639,36.79409560000007],[21.93077110000004,36.98326990000008],[22.029301202762262,37.05427189933934],[22.14558625429134,37.01935914168832],[22.12559589971125,36.914898566529885],[22.22654520000007,36.89367030000005],[22.38822510051699,36.69444493663959],[22.38341921642458,36.5624],[21.09365,36.5624],[21.09365,37.96885],[21.13676117970529,37.96885]]]},"properties":{}},{"type":"Feature","geometry":{"type":"Polygon","coordinates":[[[22.622096204479316,36.80494657944972],[22.68074740938605,36.85479372898575],[22.777662995551307,36.80871384439874],[22.80655080051162,36.67199360334863],[22.96478337203341,36.527373813457324],[22.493074381901785,36.40517291830245],[22.476213560867887,36.614534651599094],[22.528562311942434,36.61654689048454],[22.522247370512574,36.70797417857924],[22.622096204479316,36.80494657944972]]]},"properties":{}},{"type":"Feature","geometry":{"type":"Polygon","coordinates":[[[23.07259724474897,37.36665653277029],[23.16931295506321,37.28561986218093],[23.203214,37.3412905],[23.203225,36.5624],[23.032298600000047,36.6254863],[23.026383700000036,36.72808170000004],[23.110378936837947,36.773260301263356],[22.984141740152296,37.08495066545198],[22.897045800000036,37.119776],[22.91186350339794,37.18988191536724],[22.75370628820716,37.392162843335726],[22.7175972,37.563905799999986],[22.780904695646587,37.58925490403329],[22.852015,37.51269890000003],[23.123268080750435,37.4498168426187],[23.07259724474897,37.36665653277029]]]},"properties":{}},{"type":"Feature","geometry":{"type":"Polygon","coordinates":[[[23.90615,33.7499],[23.90615,35.22913253915459],[24.3836563,35.1942453],[24.7227368418204,35.09274513979606],[24.7313666,34.9220828],[25.3126,34.98181368392129],[25.3126,33.7499],[23.90615,33.7499]]]},"properties":{}},{"type":"Feature","geometry":{"type":"Polygon","coordinates":[[[23.85881405236112,35.239755095654495],[23.90632147843274,35.229117668095746],[23.90632147843274,33.7499],[22.4998714784327,33.7499],[22.493074381901785,36.40517291830245],[22.96478337203341,36.527373813457324],[23.19905084486777,36.435883858323294],[23.103702410662518,36.5626],[23.90632147843274,36.5626],[23.90632147843274,35.51944634306033],[23.779312078432735,35.5453075],[23.737457878432753,35.6956949],[23.717911478432757,35.50723830000004],[23.611768478432715,35.5206776],[23.59574287843272,35.628066],[23.514642478432748,35.306066],[23.59058867843274,35.23109029999998],[23.85881405236112,35.239755095654495]],[[23.000796378432746,36.14434770000003],[23.047762978432733,36.1301955],[23.103674044662974,36.24345638657358],[22.9501842784327,36.3857798],[22.900657528522302,36.229940961648715],[23.000796378432746,36.14434770000003]],[[22.98819432828702,36.46152718899947],[22.979754907500137,36.51118421473222],[22.927008478432644,36.480809600000065],[22.98819432828702,36.46152718899947]]]},"properties":{}},{"type":"Feature","geometry":{"type":"Polygon","coordinates":[[[25.733792586525226,35.256963686525296],[25.77266818652521,35.34141138652524],[25.450345186525226,35.292073486525226],[25.31245948652537,35.33531369529186],[25.31245948652537,36.56265948652526],[26.015784486525263,36.56265948652526],[26.015784486525263,35.221267421965194],[25.8076924,35.1096546],[25.725008,35.1321356],[25.733792586525226,35.256963686525296]],[[25.459555486525232,36.429166386525196],[25.370514186525213,36.47389188652534],[25.434548786525284,36.39269098652528],[25.353815686525195,36.35796418652518],[25.463259586525282,36.34400708652521],[25.459555486525232,36.429166386525196]],[[25.854128886525245,36.34987998652531],[25.767664586525257,36.40502818652516],[25.72760098652526,36.36709778652528],[25.854128886525245,36.34987998652531]]]},"properties":{}},{"type":"Feature","geometry":{"type":"Polygon","coordinates":[[[24.26214328999505,35.364533300507325],[24.243183,35.47556780000008],[24.05975870000003,35.49252469999993],[24.181771200000014,35.50293490000013],[24.169051,35.58944059999999],[23.90615,35.51945590440374],[23.90615,36.5626],[25.3126,36.5626],[25.3124386,35.3352582],[25.054866400000094,35.341484],[24.973205899999982,35.432033300000114],[24.26214328999505,35.364533300507325]]]},"properties":{}},{"type":"Feature","geometry":{"type":"Polygon","coordinates":[[[27.23796328957277,35.90306494753219],[26.718650000000117,35.85927500000015],[26.718650000000117,36.5626],[27.421975,36.5626],[27.421975,36.404198286624194],[27.351785000000127,36.483779],[27.292068,36.42535900000012],[27.421975,36.38819865299678],[27.421975,35.85927500000015],[27.238148238755716,35.85927500000015],[27.23796328957277,35.90306494753219]]]},"properties":{}},{"type":"Feature","geometry":{"type":"Polygon","coordinates":[[[22.723514389998293,38.803126261826236],[22.404500295233635,38.82961542300798],[22.53319165860504,38.90947799581083],[22.755007891608834,38.86905137730848],[22.990574300000045,38.9441959],[23.06719425776511,39.03878525298904],[22.958954764635532,39.00790736592856],[22.99998894725991,39.06571142907531],[22.890757357102697,39.18891250809441],[22.849517800000026,39.1542509],[22.82103269312031,39.277192378968216],[22.946720758323565,39.299491672696725],[22.941081517115208,39.36189752849208],[23.163455950275647,39.27335886588378],[23.203225,39.14467919770442],[23.093454467505797,39.09600627739914],[23.106200092291555,39.16011298242645],[23.05034535630177,39.09639245069139],[23.196855257250288,39.103917413320396],[23.203225,39.00395708946174],[22.828540200000024,38.82480060000002],[22.992316900000038,38.85051740000004],[22.9636453,38.890317400000065],[23.19553273372583,38.83473012752964],[23.203189305572003,38.67533838810199],[22.723514389998293,38.803126261826236]]]},"properties":{}},{"type":"Feature","geometry":{"type":"Polygon","coordinates":[[[23.322261533647126,40.196961058470535],[23.401602400000037,40.2792836],[23.65325230000003,40.22425540000001],[23.90362909999999,39.98353689999998],[23.90635,39.3749],[23.20393342218908,39.3749],[22.935666,39.573472199999955],[22.85181248506193,39.800676890176206],[22.570363900000018,40.056369400000015],[22.548214546130854,40.15482419091061],[22.662076629484996,40.36274475825671],[22.586304015871363,40.46215576990494],[22.645312305501623,40.55240817543752],[22.931207467422226,40.63602171123078],[22.975872241836104,40.536883941272556],[22.816373918524935,40.5017989346723],[22.887655059169475,40.37309266994954],[23.322261533647126,40.196961058470535]],[[23.33229257881433,40.197000616696826],[23.35538003054541,39.95388081203997],[23.75009229817355,39.91587240004763],[23.494434654220317,40.03343899810961],[23.33229257881433,40.197000616696826]]]},"properties":{}},{"type":"Feature","geometry":{"type":"Polygon","coordinates":[[[29.886050181235554,31.19873930894494],[29.47707646405448,30.9366377534184],[29.138530364054496,30.821814955633837],[28.976069464054504,30.834048066036104],[28.830911764054495,30.952896167290657],[28.43286846405459,31.087898582733782],[28.124852464054577,31.08965370177485],[28.124852464054577,33.75002095066751],[33.75005246405447,33.75002095066751],[33.7499,31.13109955980348],[33.446377473233866,31.142676721631794],[33.40776417132839,31.084048906919037],[33.13793335298161,31.03867161021429],[33.09538594842137,31.12620110696919],[33.157246915974,31.112452307757888],[33.09338494042155,31.18151528628953],[32.95455621152089,31.100814986134782],[33.062997587245924,31.121396660400904],[33.007970764054534,31.04929764967923],[32.931045626097976,31.103702573938616],[32.71539098560724,31.018343547055206],[32.668235327648226,31.048118676057992],[32.92292955697772,31.146368036426267],[32.59654854693537,31.059623664575003],[32.3406335640545,31.237530011214503],[32.34275656405459,31.299892664925814],[32.21720426405448,31.285180952246264],[32.05942426405452,31.36846822409904],[31.940586864054577,31.515717851552687],[31.567344064054534,31.442495288107082],[31.100635264054546,31.601435325992906],[30.362073464054458,31.464561607213113],[30.247036564054522,31.296752062218488],[30.124206364054462,31.271057540078814],[30.069737964054536,31.32944879041536],[29.886050181235554,31.19873930894494]],[[33.10662152620687,31.22810509471435],[32.92903302150642,31.13938485082048],[33.097952003923524,31.22336539649867],[33.27007807813195,31.21688819438366],[33.10662152620687,31.22810509471435]]]},"properties":{}},{"type":"Feature","geometry":{"type":"Polygon","coordinates":[[[28.1249,33.7499],[28.1249,36.18739762302016],[28.247628300000088,36.38684089999998],[28.22096790000012,36.45784610000004],[28.1249,36.420031543307175],[28.1249,36.5626],[29.090225654010737,36.5626],[29.101224,36.387445],[29.353191,36.229904],[29.53135,36.210210541864114],[29.53135,33.7499],[28.1249,33.7499]]]},"properties":{}},{"type":"Feature","geometry":{"type":"Polygon","coordinates":[[[29.53115,33.7499],[29.53115,36.210214965244866],[29.777276,36.136815],[29.9221204,36.234006],[30.2739691,36.3182133],[30.4093657,36.2743007],[30.405329,36.21001],[30.529141,36.334645],[30.480375,36.43406],[30.57538709236489,36.5626],[30.9376,36.5626],[30.9376,33.7499],[29.53115,33.7499]]]},"properties":{}},{"type":"Feature","geometry":{"type":"Polygon","coordinates":[[[28.1249,36.5624],[28.163242,36.684159],[28.303485700000067,36.730407499999956],[28.24775790000001,36.83606430000009],[28.398564,36.785286],[28.42680036837794,36.83551931854208],[28.378916000000117,36.84730000000013],[28.44684180000013,36.88046090000012],[28.46135500000014,36.812148],[28.62369460000008,36.78862380000004],[28.62605500000012,36.698775],[28.828225,36.65130712354312],[28.828225,36.5624],[28.1249,36.5624]]]},"properties":{}},{"type":"Feature","geometry":{"type":"Polygon","coordinates":[[[28.828025,36.5624],[28.9287725,36.7555152],[29.1223611,36.647073],[29.0401998,36.6191053],[29.045942831578945,36.5624],[28.828025,36.5624]]]},"properties":{}},{"type":"Feature","geometry":{"type":"Polygon","coordinates":[[[30.9376,36.8546070163234],[30.9376,36.5624],[30.57531120586199,36.5624],[30.6057902,36.839352],[30.6990094,36.8853276],[30.9376,36.8546070163234]]]},"properties":{}},{"type":"Feature","geometry":{"type":"Polygon","coordinates":[[[32.14717410000003,36.43192089999999],[32.389591,36.163622000000125],[32.80202850000005,36.0167871],[32.94761390000004,36.1034215],[33.081227,36.06995],[33.14303284009129,36.13776017214908],[33.560799,36.125836],[33.64720930000004,36.194207099999986],[33.689783,36.135055],[33.7501,36.21088478740161],[33.749423,35.405324],[33.419801,35.33177220000006],[32.92077560000002,35.40409640000004],[32.8815537,35.16212390000003],[32.62411297185503,35.19301118775564],[32.42897320000003,35.045117699999956],[32.269213,35.070336],[32.400190399999985,34.754626699999974],[32.9441948922161,34.62290691296736],[33.6024319,34.81560119999996],[33.601247658983226,34.90295484690287],[33.62414590000003,34.84886],[33.652257293725626,34.954434565233406],[33.7501,34.981118407169795],[33.7501,33.7499],[30.9374,33.7499],[30.9374,36.5626],[31.927556496423446,36.5626],[32.14717410000003,36.43192089999999]]]},"properties":{}},{"type":"Feature","geometry":{"type":"Polygon","coordinates":[[[30.9374,36.5624],[30.9374,36.854609164776676],[30.987704,36.857914],[31.3405715,36.8065163],[31.92861485413951,36.5624],[30.9374,36.5624]]]},"properties":{}},{"type":"Feature","geometry":{"type":"Polygon","coordinates":[[[33.7499,31.131099559803364],[33.7499,33.7501],[35.45094399873602,33.7501],[35.106058500000024,33.1019449],[35.05911030000002,32.844787],[34.95496794552334,32.8255520094673],[34.7896497,32.14032870000003],[34.57968434285906,31.713457466816543],[34.18534990676976,31.298975498208094],[33.7499,31.131099559803364]]]},"properties":{}},{"type":"Feature","geometry":{"type":"Polygon","coordinates":[[[36.09991883986386,36.560149863997985],[35.77960768203875,36.3191313370453],[35.98174883986385,36.01017803276852],[35.799841839863795,35.85327828051126],[35.84449618133551,35.741920427252],[35.719096172279066,35.58308359877289],[35.91469866544975,35.41834604780134],[35.952952639863824,35.19353417928323],[35.864190792419166,34.907216762953865],[35.988854050072135,34.53824392868154],[35.80669783986386,34.45486789801238],[35.67161143986386,34.303230042411904],[35.64349783986385,33.9978356313092],[35.57230003986383,33.90461345830602],[35.46967473986383,33.90021785957732],[35.4509655088479,33.749924702959134],[33.750018839863834,33.749924702959134],[33.750377427278785,34.98198498564499],[34.08577953986385,34.9564223499368],[33.91237983986383,35.16267228850289],[33.9066752398638,35.25734626019778],[34.588659039863835,35.694975328497875],[33.750018839863834,35.406179615566366],[33.750055,36.210876],[33.88085483986385,36.31777943864637],[33.96514729050291,36.23419641773365],[34.252489672082305,36.56262386323391],[36.09991883986386,36.560149863997985]]]},"properties":{}},{"type":"Feature","geometry":{"type":"Polygon","coordinates":[[[34.252602500000016,36.5627914],[34.5660641318779,36.77038276287371],[34.7326522684325,36.811635139192],[34.98455033046631,36.77086747999111],[35.35161695980332,36.596462852904835],[35.334830829040484,36.55053260407717],[34.252602500000016,36.5627914]]]},"properties":{}},{"type":"Feature","geometry":{"type":"Polygon","coordinates":[[[35.46295140362786,36.595286623161826],[35.55795687034457,36.60489886766139],[35.56686986013018,36.71348365479325],[35.792505,36.766885],[36.005752,36.93045549999997],[36.20456,36.784868],[36.19359823160032,36.59852838391902],[36.10269304245767,36.5624],[35.38565305851831,36.5624],[35.46295140362786,36.595286623161826]]]},"properties":{}},{"type":"Feature","geometry":{"type":"MultiPolygon","coordinates":[[[[11.247251800000036,33.20455889999998],[11.174966548906923,33.207994775438216],[11.128191178512026,33.31454067278179],[11.2501,33.29225040486057],[11.247251800000036,33.20455889999998]]]]},"properties":{}},{"type":"Feature","geometry":{"type":"MultiPolygon","coordinates":[[[[9.8811749,44.08228020000002],[10.116631396740562,43.99583858880199],[10.297263138732882,43.780831673735904],[10.341828087660918,43.65929942844577],[10.300742769945217,43.5329201131922],[10.529740099999989,43.22499380000007],[10.495454,42.93150569999999],[10.74337120000012,42.92726409999999],[10.786573404172206,42.88845349435597],[10.733263172274363,42.80177803926322],[11.05231949488788,42.68698966629311],[11.1914696,42.51310440000009],[11.0960708,42.39291930000015],[11.369536865680935,42.40676212096585],[11.623644400000028,42.30045640000016],[11.834814604448187,42.0293682042624],[12.1379341,41.918150299999965],[12.619706559119576,41.44731962533857],[12.892915100000044,41.3958135],[13.045588100000073,41.2269017000001],[13.282851926525376,41.29726874655763],[13.549691100000063,41.206583799999976],[13.621312600000063,41.26076159999998],[13.738384200000045,41.23814000000011],[14.00739140000003,40.94177650000005],[14.04577680000003,40.790183800000044],[14.274055900000036,40.84461650000004],[14.472830057425139,40.74287365756353],[14.324626499999988,40.569044700000084],[14.79000110000003,40.66464810000016],[14.999375500000083,40.38890480000001],[14.908735934176445,40.24361630625721],[15.039549100000036,40.170116400000076],[15.151104381405375,40.18590288175163],[15.271210600000082,40.02232960000012],[15.420050652196899,39.99066178207262],[15.572455841866306,40.078548205853366],[15.676725,40.0301765000001],[15.767192130401831,39.932807350596526],[15.874202076192478,39.554035032230686],[15.99891041869631,39.43648438484427],[16.11960783510904,39.01894107706902],[16.280540778677857,38.88671948518419],[16.13661001160144,38.71825700025946],[15.836138077047977,38.64537952591262],[15.942403579718835,38.49922881952188],[15.810115411601442,38.29366917010326],[15.635913189749012,38.23094067813102],[15.634704111250402,38.01396417096836],[15.710476185718932,37.93679698052322],[16.063863411601396,37.92491014414097],[16.288219311601463,38.25910476766078],[16.571863011601394,38.428129179622765],[16.534969611601362,38.71347559991812],[16.605493911601393,38.8115480069229],[16.841862411601372,38.916661514446936],[17.094179,38.89246550000003],[17.1720963,38.956828499999965],[17.206410700000077,39.02843550000007],[17.106170385844344,39.111768176093676],[17.15679210000004,39.401195800000025],[16.773588800000095,39.61958430000003],[16.53617320478239,39.65004233179091],[16.48655678138084,39.76398656602735],[16.627258,39.95719690000003],[16.618332116781396,40.12272349746102],[17.00015311134322,40.517142714922635],[17.317139500000046,40.499490800000075],[17.20332960000002,40.4078812],[17.507973,40.29487230000005],[17.903785584295854,40.25697980334402],[18.0100676842958,40.108834537891475],[18.02981068429582,39.94878807509529],[18.281363584295857,39.82787550001231],[18.281363584295857,39.3751],[19.6876,39.3751],[19.6876,33.7499],[16.8751,33.7499],[16.8751,31.182961489843546],[16.125715500000073,31.251807200000183],[15.662991367377357,31.447291656717294],[15.48026325548373,31.68362672713041],[15.358976527022048,31.967836865435824],[15.3568417,32.16427830000005],[15.202889600000036,32.38073630000015],[14.484761475401092,32.5099816794048],[14.222491100000012,32.69655760000006],[13.803286900000051,32.802539800000055],[13.598990250588992,32.79172440077462],[13.388630600000033,32.8965977000001],[12.743984500000016,32.79294430000006],[12.294239800000016,32.83786680000013],[11.33684896356816,33.26317677255318],[11.44612138646091,33.17974659494453],[11.2499,33.20510623177528],[11.2499,33.292289218183384],[11.295871644910473,33.27808603432834],[11.095869112353514,33.359903907117115],[11.11534806886552,33.53486484621181],[11.048631369323706,33.62422919430414],[10.921382314765022,33.619846797473876],[10.924448383251299,33.529011750267195],[10.749868672390832,33.47361738403326],[10.68054144677157,33.53537153123546],[10.731974400000059,33.70176340000008],[10.444790094012147,33.63386255864453],[10.062928567972785,33.970339700000224],[10.00956308812097,34.23355307280596],[10.047072514334724,34.20744250513036],[10.183588239214156,34.341701887502545],[10.180143326511663,34.408639375817195],[10.211698273426718,34.34858609581112],[10.270800839513107,34.38005832740962],[10.237820780796659,34.42478956355414],[10.593310834246967,34.53758196647323],[10.871400467972874,34.79915290000015],[11.038376109363963,35.135239915268656],[11.158772906108258,35.217316568546224],[11.035309567972842,35.34140610000015],[11.08260836797289,35.50784830000017],[11.046880567972797,35.62677970000008],[10.831282233859241,35.69890209415838],[10.83460956797284,35.78797320000024],[10.652085767972817,35.80953960000003],[10.466514565741575,36.14815223308352],[10.541909067972838,36.369705699999955],[10.808549967972885,36.45683530000013],[11.136646875186418,36.874893533441316],[11.0353100078366,37.08836352320784],[10.731517954844184,36.8915921475848],[10.609041591203622,36.88206805597978],[10.482882984682774,36.72444192946275],[10.355552002305913,36.7256692380062],[10.297927541176973,36.80809892576386],[10.19186094720425,36.80085520617179],[10.304088199716862,36.81325961967708],[10.35461087846594,36.86918135868095],[10.318177190699382,36.91694286714085],[10.206191574489754,36.90782977811732],[10.244903651801698,36.94746387229596],[10.189091764666811,37.0089935032702],[10.023726690204079,37.07741668021734],[10.279520107836689,37.18131724221888],[10.06939138383983,37.26854528126786],[9.90479183433874,37.25794221707967],[9.843792607836617,37.33275593316851],[9.84365,44.10929376096524],[9.8811749,44.08228020000002]],[[10.411809100000097,42.87289320000004],[10.357355400000014,42.79925140000008],[10.26326140000008,42.830071600000025],[10.10242770000004,42.76625800000011],[10.158727700000057,42.72560560000012],[10.344534400000057,42.7639607000001],[10.4231232,42.707847200000096],[10.411809100000097,42.87289320000004]],[[10.079492800000054,42.61917060000001],[10.049921600000054,42.57494170000015],[10.10332120000005,42.5758334],[10.079492800000054,42.61917060000001]],[[14.95944604199322,38.52352605126714],[14.897641641993257,38.48613324885281],[14.954175041993244,38.439195045824924],[14.95944604199322,38.52352605126714]],[[13.729739113006225,37.9754147],[13.56611969999999,38.03893180000002],[13.537772100000037,38.1126913],[13.3836945,38.108868],[13.3181889,38.22427470000007],[13.105741500000178,38.19078540000007],[13.07770220000011,38.087581700000015],[12.902689300000118,38.024533],[12.730648100000051,38.18935230000019],[12.71047650000016,38.10896970000009],[12.494780846217868,38.01964036398375],[12.424344700000042,37.802059],[12.672957100000017,37.5600814],[12.91757,37.5771287],[13.0201094,37.495282],[13.1692712,37.4920944],[13.7501081,37.149497099999984],[14.260903,37.05801650000009],[14.494235966048118,36.78664719425771],[15.0186002,36.70205520000006],[15.077992549537862,36.64414102133926],[15.140797040763152,36.68545172339687],[15.09414230000002,36.799305500000145],[15.1531507000001,36.91426800000011],[15.335494766437074,37.00763760989448],[15.1775484,37.20689530000005],[15.257410700000031,37.24374930000011],[15.098092700000025,37.320635],[15.09026,37.49970860000004],[15.176743600000037,37.576212399999974],[15.21176710000005,37.75393070000007],[15.653185711601374,38.267846368278235],[15.54151841160144,38.30142497065159],[15.286232241993236,38.20604283083145],[15.23111224199316,38.271430435028606],[15.21123814199323,38.18553282951621],[15.096225741993239,38.120919725376716],[14.914745833419955,38.19241040123709],[14.525430300000066,38.042293],[14.0218628,38.041638700000014],[13.729739113006225,37.9754147]],[[12.02482310000002,36.73524870000002],[12.051363900000048,36.79970220000004],[11.934919200000028,36.83400130000007],[12.02482310000002,36.73524870000002]],[[14.236382600000034,36.08215310000013],[14.186328800000037,36.035963399999986],[14.3362037,36.03218720000003],[14.236382600000034,36.08215310000013]],[[14.366665500000074,35.99762670000004],[14.318884400000059,35.971600500000044],[14.341997200000057,35.873550200000096],[14.562300800000045,35.819857],[14.5710488,35.87251880000011],[14.366665500000074,35.99762670000004]],[[11.247972567972834,34.828615],[11.125609267972822,34.663559900000116],[11.30456840000008,34.735366200000044],[11.271493900000017,34.77804470000015],[11.317945600000062,34.80114690000003],[11.247972567972834,34.828615]],[[11.12001261615546,34.663479332561394],[10.968837067972855,34.65578260000013],[11.047306387477768,34.61298762288444],[11.12001261615546,34.663479332561394]],[[10.792377267972793,33.902930500000124],[10.728022467972762,33.751071],[10.762663100000063,33.6996391000001],[10.830029300000037,33.736812900000075],[10.876686500000112,33.6367678000001],[11.060280667972828,33.782357400000066],[10.935634667972828,33.89419390000016],[10.792377267972793,33.902930500000124]]]]},"properties":{}},{"type":"Feature","geometry":{"type":"MultiPolygon","coordinates":[[[[14.049291300000041,44.94723969999998],[14.0626,42.61772006845611],[13.625607199999989,43.5504491],[12.656104851565486,44.00748958124572],[12.65615,45.0001],[13.723193331465538,45.0001],[13.91924590000004,44.766083],[13.883064580985042,44.822861807155846],[14.0014813,44.80245020000007],[13.980776700000014,44.901807799999986],[14.049291300000041,44.94723969999998]]]]},"properties":{}},{"type":"Feature","geometry":{"type":"MultiPolygon","coordinates":[[[[14.7051549,42.173865],[14.658425214003278,42.1876],[15.46885,42.1876],[15.46885,41.905002752821495],[15.088588200000013,41.9385217],[14.7409316,42.086703],[14.7051549,42.173865]]]]},"properties":{}},{"type":"Feature","geometry":{"type":"MultiPolygon","coordinates":[[[[15.4899058,41.90725680000007],[15.46865,42.1876],[16.8751,42.1876],[16.87500650000005,41.1246249],[15.924430457425169,41.49211007420577],[15.90198160715186,41.61712877170056],[16.1894471,41.774728300000056],[16.15286220000005,41.90872039999997],[15.798251497345296,41.920544959910096],[15.759574679671829,41.84317553607882],[15.6612266,41.9224067],[15.4899058,41.90725680000007]]]]},"properties":{}},{"type":"Feature","geometry":{"type":"MultiPolygon","coordinates":[[[[15.3411522,43.8086846],[15.29286875,43.9454125],[15.4511896,43.8868644],[15.387205,43.9446023],[15.444408571124363,43.9454125],[15.46885,43.76943125],[15.3411522,43.8086846]]]]},"properties":{}},{"type":"Feature","geometry":{"type":"MultiPolygon","coordinates":[[[[14.333725900000042,45.35170550000002],[14.543357464953736,45.30549403233179],[14.846927534682546,45.11577073532692],[14.928034277719588,44.95214451790246],[14.889227800000075,44.7164377],[14.98562840000004,44.57683109999998],[15.525800400000032,44.26905430000005],[15.632426,44.1443133],[15.2758456,44.3324914],[15.299368,44.2481438],[15.130232100000018,44.27835389999997],[15.117287500000048,44.12494345425362],[15.061532300000032,44.15666],[15.117287500000048,43.980808654411796],[14.883119,44.16453],[14.818619,44.155098],[15.198267,43.865159],[15.12902070000004,43.9216324],[15.223721,43.904523],[15.15223568092104,43.94541250000002],[15.29306875,43.94541250000002],[15.2528381,43.88465840000001],[15.29306875,43.83687847542052],[15.220484800000028,43.86983339999998],[15.29306875,43.769631250000025],[15.46885,43.769631250000025],[15.46885,43.59385],[15.73076750000004,43.62963680000006],[15.644431249999984,43.66735079625366],[15.693513300000033,43.6792698],[15.649300700000039,43.80132279999999],[15.957395400000015,43.68599480000005],[15.902449,43.64815],[15.974617,43.630513],[15.912238,43.627437],[15.926989400000018,43.5509931],[15.99465,43.538015800000046],[15.96978290000001,43.49393379999998],[16.4281656,43.545679],[16.4774843,43.53214480000005],[16.387929500000013,43.50768209999998],[16.88614430000003,43.40099979999996],[17.744913799999985,42.8349781],[17.274772,43.01003210000004],[17.004598400000038,43.04810680000003],[17.0083587,43.006180300000025],[17.21842350000007,42.98090090000005],[17.759477,42.7615161],[17.696680600000043,42.83504310000004],[17.887937799999985,42.7874785],[18.524577099999984,42.39365960000008],[18.515714651526068,42.458742639624866],[18.76355480000005,42.489745100000114],[18.770899600000053,42.422132400000095],[18.6864582,42.47337620000008],[18.7087064309552,42.3929140470592],[18.5472862,42.414279600000015],[18.970266011261028,42.1874000000001],[14.659051351500057,42.1874000000001],[14.50827170000004,42.25253160000005],[14.0624,42.61796198658975],[14.076633500000074,44.97794030000004],[14.034308161617425,45.039002163737486],[14.100727300000049,44.973167800000056],[14.065061700000072,44.944994499999986],[14.164055300000062,44.973453600000056],[14.1686178066302,45.13499591084008],[14.2102012,45.118354800000056],[14.333725900000042,45.35170550000002]],[[14.555664600000041,45.24495790000004],[14.52826110000001,45.12419250000002],[14.43756622487912,45.06523816455008],[14.623958,45.040277200000034],[14.6172833,44.979401600000024],[14.734392453952717,44.93469911131851],[14.820215900000013,44.97068450000002],[14.555664600000041,45.24495790000004]],[[14.461523191707286,44.93424436550702],[14.310472218641129,45.172064624555446],[14.27637943851183,45.10441088989548],[14.417281555613839,44.946645933488846],[14.29874730000002,44.90599060000007],[14.498767605024668,44.60252068061804],[14.545070210979462,44.631118469037624],[14.464960040568583,44.72108835817322],[14.461523191707286,44.93424436550702]],[[14.72611430000001,44.85258870000005],[14.670347500000025,44.772982800000115],[14.869429100000014,44.704700100000096],[14.72611430000001,44.85258870000005]],[[14.760868434588478,44.68461149322922],[14.907266900000023,44.483942099999965],[15.11614030000003,44.37870010000007],[15.110758500000046,44.318667100000035],[15.2562672,44.321563600000054],[14.760868434588478,44.68461149322922]],[[14.8017495,44.265498500000035],[14.829802,44.20080810000007],[14.9108116,44.21153840000002],[14.8017495,44.265498500000035]],[[14.76001910000001,44.41634720000004],[14.7437622,44.36807450000003],[14.817227400000053,44.34172890000006],[14.76001910000001,44.41634720000004]],[[14.921831700000075,44.4221718],[14.969171200000032,44.402039799999976],[14.884827300000017,44.45471],[14.921831700000075,44.4221718]],[[14.391838501450652,44.553862426064235],[14.4601689233997,44.54526709184166],[14.340059972789449,44.71277501876077],[14.391838501450652,44.553862426064235]],[[16.438743400000043,43.3923189],[16.4089006,43.31726750000006],[16.52940090000002,43.26993150000005],[16.899548899999985,43.31392410000003],[16.438743400000043,43.3923189]],[[16.5606015,43.2354424],[16.519131700000017,43.22483779999999],[16.598978700000025,43.184411799999985],[16.3663315,43.1951194],[16.658539900000036,43.12160610000002],[17.196824800000016,43.12480780000001],[16.71945810000004,43.15660590000002],[16.5606015,43.2354424]],[[16.1851102,43.079695800000025],[16.0534142,43.05698790000004],[16.0664236,43.00615819999997],[16.258124300000013,43.0599948],[16.1851102,43.079695800000025]],[[16.693626500000043,42.994141099999986],[16.627978400000025,42.98571290000004],[16.717460400000025,42.962392500000014],[16.63858020000001,42.925649299999975],[17.202257,42.91724339999998],[16.693626500000043,42.994141099999986]],[[17.3670479,42.80494009999998],[17.31722590000002,42.78530010000002],[17.7541895,42.6925331],[17.3670479,42.80494009999998]],[[16.84211559999999,42.72287229999996],[16.94333160000003,42.76658910000003],[16.83449550000004,42.77703550000002],[16.84211559999999,42.72287229999996]],[[16.246022899999986,43.47903439999998],[16.39221849999998,43.48887140000002],[16.203125,43.4966584],[16.246022899999986,43.47903439999998]]]]},"properties":{}},{"type":"Feature","geometry":{"type":"MultiPolygon","coordinates":[[[[15.29286875,43.76943125],[15.2979421,43.8128792],[15.382712605508477,43.76943125],[15.29286875,43.76943125]]]]},"properties":{}},{"type":"Feature","geometry":{"type":"MultiPolygon","coordinates":[[[[15.1170875,43.97046362029562],[15.1170875,44.02497241239669],[15.1677498,43.9958242],[15.1170875,44.10417552793677],[15.2602809,44.0213819],[15.1170875,44.127106083413075],[15.1176968,44.2578438],[15.4444408,43.9455874],[15.2655354,44.0211027],[15.328090717516444,43.9452125],[15.1170875,43.97046362029562]]]]},"properties":{}},{"type":"Feature","geometry":{"type":"MultiPolygon","coordinates":[[[[15.46865,43.59365],[15.46865,43.70987208250573],[15.5202797,43.6870353],[15.46865,43.711175940639926],[15.4778276,43.918763],[15.64463125,43.83044692836222],[15.5644534,43.8280756],[15.64463125,43.76722411572206],[15.64463125,43.66718834605303],[15.6005964,43.6783649],[15.64463125,43.59365],[15.46865,43.59365]]]]},"properties":{}},{"type":"Feature","geometry":{"type":"MultiPolygon","coordinates":[[[[17.644148900000015,40.7774709],[18.28135,40.78135],[18.28135,40.40611485001878],[18.04503259999999,40.55620030000003],[18.02160520000005,40.64252510000002],[17.644148900000015,40.7774709]]]]},"properties":{}},{"type":"Feature","geometry":{"type":"MultiPolygon","coordinates":[[[[16.87492376797282,41.127670748387004],[16.87492376797282,42.187591194560255],[18.281373767972795,42.187591194560255],[18.281373767972795,40.7811410013263],[17.60057436797279,40.786542002058],[16.87492376797282,41.127670748387004]]]]},"properties":{}},{"type":"Feature","geometry":{"type":"MultiPolygon","coordinates":[[[[19.68070210625028,39.79491239416792],[19.628128224156765,39.752454310396985],[19.6837576,39.7093777],[19.6876,39.3749],[18.28115,39.3749],[18.28115,39.828073759620004],[18.376948,39.800561600000066],[18.414024900000015,39.991479800000064],[18.520512100000047,40.107147699999985],[18.428241200000038,40.28911189999999],[18.28115,40.40621701768135],[18.28115,40.78135],[19.37401718778845,40.78135],[19.31378760000005,40.64625580000007],[19.380378677820264,40.54445102971743],[19.453337224093698,40.5613483971102],[19.445760781841244,40.498443542127696],[19.37660790000003,40.538743],[19.4936799,40.44633940000005],[19.48528976669884,40.34818683488746],[19.421584578102163,40.32134960433835],[19.35570070000002,40.42342730000006],[19.2888941541736,40.42033437462458],[19.443410598692157,40.235477198688095],[19.6876,40.12247687263423],[19.68070210625028,39.79491239416792]]]]},"properties":{}},{"type":"Feature","geometry":{"type":"MultiPolygon","coordinates":[[[[19.4567721,41.10413220000003],[19.453742316478632,40.92638567189814],[19.500248341916638,40.98356949651935],[19.525085873452806,40.90931803416818],[19.416255900000028,40.91770430000002],[19.3739827042097,40.78115],[18.28115,40.78115],[18.28115,42.1876],[18.97012480569951,42.1876],[19.141580200000014,42.0437208],[19.161672385268375,41.94091687276477],[19.59671980000002,41.80862220000002],[19.6032543107021,41.6101758702205],[19.444255079014944,41.58780904990352],[19.51123980000003,41.49353820000002],[19.391385800000023,41.41360890000003],[19.518791600000018,41.2633453],[19.4567721,41.10413220000003]]]]},"properties":{}},{"type":"Feature","geometry":{"type":"MultiPolygon","coordinates":[[[[13.322631,45.69791840000005],[13.359475,44.9999],[12.65615,44.9999],[12.65615,45.50707240150277],[13.153180632289736,45.695252247453666],[13.07276494561224,45.703225],[13.322631,45.69791840000005]]]]},"properties":{}},{"type":"Feature","geometry":{"type":"MultiPolygon","coordinates":[[[[13.172755600000013,45.704436400000034],[13.0671585,45.71113859999995],[13.18369375,45.77317190118067],[13.172755600000013,45.704436400000034]]]]},"properties":{}},{"type":"Feature","geometry":{"type":"MultiPolygon","coordinates":[[[[13.318541400000017,45.7125815],[13.183493749999984,45.703025],[13.244236500000019,45.71854610000002],[13.183493749999984,45.713637100000064],[13.183493749999984,45.77319533166776],[13.359475,45.73440623860777],[13.318541400000017,45.7125815]]]]},"properties":{}},{"type":"Feature","geometry":{"type":"MultiPolygon","coordinates":[[[[13.687391,45.051311],[13.711037500000018,44.9999],[13.359275,44.9999],[13.359275,45.35166250000001],[13.624817082028002,45.33177074867057],[13.568481400000028,45.298277],[13.579751979013041,45.19774654058561],[13.603270200000026,45.13192870000004],[13.711037500000018,45.13721405252175],[13.6066892,45.116534200000025],[13.687391,45.051311]]]]},"properties":{}},{"type":"Feature","geometry":{"type":"MultiPolygon","coordinates":[[[[13.5404532,45.352351600000034],[13.359275,45.3514625],[13.359275,45.703225],[13.711037500000018,45.703225],[13.711037500000018,45.546566538142216],[13.562948500000044,45.53039460000003],[13.613861854993653,45.464875818296036],[13.490513100000049,45.4900003],[13.5404532,45.352351600000034]]]]},"properties":{}},{"type":"Feature","geometry":{"type":"MultiPolygon","coordinates":[[[[13.79859130000004,45.610254300000044],[13.7108375,45.59356168995771],[13.7108375,45.703225],[13.79859130000004,45.610254300000044]]]]},"properties":{}},{"type":"Feature","geometry":{"type":"MultiPolygon","coordinates":[[[[13.7114743,45.704190799999985],[13.359275,45.73443123982395],[13.552072800000019,45.723924],[13.543625806516937,45.79615531597086],[13.7114743,45.704190799999985]]]]},"properties":{}},{"type":"Feature","geometry":{"type":"MultiPolygon","coordinates":[[[[12.9678852,45.622688300000014],[12.859543538454101,45.58379430250986],[12.916776816864068,45.64025624155445],[12.875895903714044,45.68796178832949],[12.9678852,45.622688300000014]]]]},"properties":{}},{"type":"Feature","geometry":{"type":"MultiPolygon","coordinates":[[[[12.780227781306989,45.64704566646241],[12.817725656285958,45.628619226197515],[12.757488106118952,45.60049406791284],[12.780227781306989,45.64704566646241]]]]},"properties":{}},{"type":"Feature","geometry":{"type":"MultiPolygon","coordinates":[[[[12.741374561449245,45.640728712410905],[12.736856745186726,45.56560771623066],[12.637916569037412,45.60112624886811],[12.741374561449245,45.640728712410905]]]]},"properties":{}},{"type":"Feature","geometry":{"type":"MultiPolygon","coordinates":[[[[12.645747450559114,45.57741458814942],[12.70990044148697,45.547259973977745],[12.56533032108615,45.580260516331315],[12.645747450559114,45.57741458814942]]]]},"properties":{}},{"type":"Feature","geometry":{"type":"MultiPolygon","coordinates":[[[[12.301728543141653,45.21786692835128],[12.57969466228059,45.34105507597309],[12.847084355848738,45.075223673243855],[12.838171366063124,44.51229822988125],[12.65615,44.015781228665055],[12.21810457000071,44.39954423596522],[12.241826759164606,44.68513782042494],[12.135403284327237,44.74623793397255],[12.301728543141653,45.21786692835128]]]]},"properties":{}},{"type":"Feature","geometry":{"type":"MultiPolygon","coordinates":[[[[12.884242514712817,45.58532664083589],[12.758801547537482,45.47482424171137],[12.805152967085808,45.21727705470307],[12.297949435472603,45.23378678502873],[12.254350349660454,45.18827623314502],[12.225583342015678,45.26664787659121],[12.160675385200886,45.26112482653054],[12.190103950397898,45.324918970603385],[12.140687165963447,45.34804633455134],[12.194323161695982,45.36705991511017],[12.150738641644343,45.390683331360535],[12.258744596030615,45.41860476989861],[12.176863929866728,45.45317023685779],[12.25927937541773,45.42085696487518],[12.23814941715539,45.4763549937236],[12.444865436966447,45.5054304307037],[12.471832277973427,45.56178528119892],[12.554647983868191,45.50096059817167],[12.884242514712817,45.58532664083589]]]]},"properties":{}},{"type":"Feature","geometry":{"type":"MultiPolygon","coordinates":[[[[12.138729575667847,45.153945042463626],[12.256048289219578,45.15635861532788],[12.225625284084625,45.113972147582935],[12.138729575667847,45.153945042463626]]]]},"properties":{}},{"type":"Feature","geometry":{"type":"MultiPolygon","coordinates":[[[[12.126184236441903,45.010038782322184],[12.196893955407948,45.01770488880953],[12.172383233497426,44.97179794907379],[12.126184236441903,45.010038782322184]]]]},"properties":{}},{"type":"Feature","geometry":{"type":"MultiPolygon","coordinates":[[[[12.01300081739968,44.96405474273544],[12.082424593967428,44.94764327477634],[12.080466873586953,44.872773094937685],[11.971286313908891,44.83626254819505],[12.01300081739968,44.96405474273544]]]]},"properties":{}},{"type":"Feature","geometry":{"type":"MultiPolygon","coordinates":[[[[12.068034455495134,44.75506048047771],[12.000116617681625,44.75880326639097],[12.081889092033597,44.81972308525727],[12.068034455495134,44.75506048047771]]]]},"properties":{}},{"type":"Feature","geometry":{"type":"MultiPolygon","coordinates":[[[[12.118124027690552,44.72367740227491],[12.216048075468565,44.68806791095315],[12.14388851016407,44.663459570822724],[12.118124027690552,44.72367740227491]]]]},"properties":{}},{"type":"Feature","geometry":{"type":"MultiPolygon","coordinates":[[[[12.103910779979199,44.69351886659831],[12.218439073967158,44.68371832075259],[12.17652193676612,44.68042286719723],[12.234967381786955,44.63257620107029],[12.188572298956148,44.55664509140276],[12.109893178723228,44.58521256042048],[12.111635371126646,44.65256276171137],[12.174359051244728,44.64434709846412],[12.103910779979199,44.69351886659831]]]]},"properties":{}},{"type":"Feature","geometry":{"type":"MultiPolygon","coordinates":[[[[11.956682718995024,44.75528775720193],[12.091399588607992,44.716522594796814],[12.106230803611078,44.578946952255656],[11.849441625894373,44.700779495068225],[11.956682718995024,44.75528775720193]]]]},"properties":{}},{"type":"Feature","geometry":{"type":"MultiPolygon","coordinates":[[[[15.375945471369265,41.89220251479727],[15.572459070162262,41.91173253009424],[15.309418915609564,41.885036473554585],[15.375945471369265,41.89220251479727]]]]},"properties":{}},{"type":"Feature","geometry":{"type":"MultiPolygon","coordinates":[[[[15.934083499999987,41.6359507],[15.913662625890291,41.51521989379623],[15.829004824224358,41.53895117920954],[15.934083499999987,41.6359507]]]]},"properties":{}},{"type":"Feature","geometry":{"type":"MultiPolygon","coordinates":[[[[16.012720320404078,41.425887101600296],[16.136389836277274,41.375439759097816],[15.924873893077212,41.427940107785915],[16.012720320404078,41.425887101600296]]]]},"properties":{}},{"type":"Feature","geometry":{"type":"MultiPolygon","coordinates":[[[[27.851669289378584,42.167259627273744],[28.1251,42.18760000000015],[28.1251,41.61097527318292],[27.979035,41.84006870000004],[28.057202,41.88513],[28.03298057231802,41.99433832891455],[27.851669289378584,42.167259627273744]]]]},"properties":{}},{"type":"Feature","geometry":{"type":"MultiPolygon","coordinates":[[[[26.71862244153406,40.38570917536204],[26.740110697758187,40.47737785921477],[27.30897792958469,40.70272478923858],[27.512056900000022,40.9745196000001],[27.758078,41.01391189999999],[27.955605354929983,40.96412224742707],[28.1251,41.06261219413221],[28.123742,40.38716700000017],[27.927726493973932,40.362770824859744],[27.897073800000015,40.39112469999996],[28.032625155429386,40.48042893754159],[27.753420109982095,40.5287375943681],[27.687684,40.474161900000055],[27.879862500000023,40.37538490000012],[27.7617614,40.3065347],[27.437010215234153,40.32296254691411],[27.317176850164778,40.37804214214655],[27.285940600000036,40.47501780000009],[27.03346,40.389798],[26.71862244153406,40.38570917536204]],[[27.574684100000052,40.575337600000026],[27.74412082784553,40.633152911879726],[27.548653019853965,40.65506474008065],[27.574684100000052,40.575337600000026]],[[27.63708820405484,40.461649253752604],[27.598341654858874,40.50893938757542],[27.577767700000088,40.4630716],[27.63708820405484,40.461649253752604]]]]},"properties":{}},{"type":"Feature","geometry":{"type":"MultiPolygon","coordinates":[[[[27.460072423058755,42.490190518547145],[27.52321044088261,42.557467660372666],[27.650787908749976,42.55474227245092],[27.635243157291736,42.62530022053837],[27.730362584283654,42.70868509290588],[27.90070880000003,42.70138930000005],[27.88906410209744,43.039293780649125],[27.9461703,43.171636],[27.645810397981545,43.19172631434405],[28.006174653516975,43.22077718918028],[28.1251,43.391233155531125],[28.1251,42.1874],[27.83754160636904,42.18824097349606],[27.753198,42.249452],[27.7943236,42.306759100000036],[27.729157,42.41026950000003],[27.343836695985768,42.493392408881945],[27.460072423058755,42.490190518547145]]]]},"properties":{}},{"type":"Feature","geometry":{"type":"MultiPolygon","coordinates":[[[[28.125927743262636,41.61016725673737],[28.12492974326268,42.1875702567375],[30.93762974326262,42.1875702567375],[30.93762974326262,41.07274416627541],[30.27079364326277,41.20970225673743],[30.02019888714465,41.13377233423367],[29.16547654326268,41.22442925673737],[29.006387843262576,41.0217689567375],[29.287413993664654,40.85463590002366],[29.257171643262733,40.80267445673741],[29.941346343262705,40.730576456737545],[29.557288843262747,40.68640995673739],[29.51486624326274,40.74141805673734],[28.99072433167429,40.64431723818275],[28.781493832868684,40.53646382161031],[29.15125210587519,40.436483537419086],[29.05238504326262,40.36240475673754],[28.12492974326268,40.38999002596825],[28.125555643262647,41.063506856737526],[28.542053556180296,40.98464769169585],[28.548629424966894,41.08918708024613],[28.599521796354022,40.968545341552726],[28.831051690128323,40.95612369667217],[28.985394243262725,41.00583595673743],[28.943831743262635,41.0647499567375],[29.033013446140597,41.04990915545711],[29.036307744702544,41.156706433997165],[29.113475050854248,41.229320496267654],[28.619503543262667,41.35689625673745],[28.125927743262636,41.61016725673737]]]]},"properties":{}},{"type":"Feature","geometry":{"type":"MultiPolygon","coordinates":[[[[28.129408,43.3931525],[28.326027300000046,43.4173263],[28.46525920000005,43.36013420000005],[28.58530430859176,43.48991366453722],[28.575986885834716,43.800411548882494],[28.667802900000034,43.98802190000005],[28.625677200000023,44.32336220000002],[29.081154,44.74637109999996],[29.5899231,44.82682250000003],[29.63883889526772,45.0001],[30.9376,45.0001],[30.9376,42.1874],[28.1249,42.1874],[28.129408,43.3931525]]]]},"properties":{}},{"type":"Feature","geometry":{"type":"MultiPolygon","coordinates":[[[[33.60318810000003,44.99943471347494],[33.51039656617941,44.63112557702545],[33.60198769999999,44.60990901347493],[33.37869060000002,44.58320131347493],[33.7501,44.389836196566876],[33.7501,41.97780838065381],[33.338602,42.01906751347496],[32.51043,41.805556213475064],[31.40088550000008,41.3158186134748],[31.409457600000078,41.21308121347498],[31.3117026000001,41.12247591347487],[30.9374,41.07271081763759],[30.9374,45.00004051347504],[33.60318810000003,44.99943471347494]]]]},"properties":{}},{"type":"Feature","geometry":{"type":"MultiPolygon","coordinates":[[[[33.76837410000009,44.38810840000013],[34.1247249,44.4281429],[34.34716370000002,44.5488918],[34.48902120000012,44.726546000000106],[34.96360860000007,44.840901900000084],[35.081719,44.79248800000012],[35.254831700000054,44.96152730000004],[35.38366900000013,44.94708710000014],[35.38753552438665,45.0001],[37.21355230934638,45.0001],[37.455077200000105,44.70643050000019],[37.7362601,44.6496537],[37.804246996842025,44.73245063973102],[38.203078586847646,44.41810793401339],[38.74498858770006,44.30190826971872],[38.99869743614637,44.16134657263754],[39.3751,43.87417620404685],[39.3751,41.0825634630259],[38.362755900000096,40.908894400000094],[37.88152330000012,40.986174400000024],[37.783893,41.05208400000014],[37.786786,41.116039],[37.68278512106093,41.13651776045704],[37.53655190000006,41.02147020000017],[37.293178419223736,41.14522446613256],[37.05404,41.174659],[37.00910079020611,41.27767726370262],[36.83540659967037,41.34832356177972],[36.650697547964896,41.38065777074058],[36.53678477229332,41.27089782325912],[36.393734039827265,41.25193531788533],[36.13306772187545,41.45949824930841],[36.114771200000106,41.62491080000004],[35.9599780314731,41.73470193825279],[35.57312025760103,41.63207440325205],[35.2774156704473,41.71525345914772],[35.08925904945457,41.923623044477615],[35.12200372405954,42.01388759453187],[35.211378893503635,42.018036386632076],[35.05931303426024,42.03304386396071],[35.01625262969638,42.093073518831105],[34.717939,41.943241],[33.7499,41.9778519637188],[33.76837410000009,44.38810840000013]]]]},"properties":{}},{"type":"Feature","geometry":{"type":"MultiPolygon","coordinates":[[[[39.39979580000002,43.855808],[39.94832630000005,43.39920380000014],[40.24443919999992,43.3160854],[40.340856,43.14679540000004],[40.865371900000056,43.075078600000126],[40.96759950000011,42.982156400000186],[41.052042000000135,42.98891080000013],[41.14988560000011,42.7966735],[41.44173520000013,42.7367832],[41.65985188015689,42.132175108231756],[41.752030972866024,42.12961481929102],[41.70298027656308,42.08754960902008],[41.769385011290176,41.80098484206544],[41.57782070198478,41.608465094939525],[41.660910528523964,41.57031483971394],[41.57296564974843,41.59429980665268],[41.41252210000008,41.38852860000012],[41.064452663626184,41.21820878855899],[40.187617199999984,40.9153141000001],[39.374900000000174,41.08246793089272],[39.39979580000002,43.855808]]]]},"properties":{}},{"type":"Feature","geometry":{"type":"MultiPolygon","coordinates":[[[[29.64161577565432,45.01944018412293],[29.718306204683174,45.16404430504628],[29.63191830000004,45.21159010000002],[29.757390900000036,45.222751700000046],[29.781364164453574,45.467208658786774],[29.6069144,45.4870237],[30.250638,45.887394],[30.7521961,46.3752281],[30.7476643,46.5420636],[30.937752220848513,46.58020735826927],[30.9376,44.9999],[29.64161577565432,45.01944018412293]]]]},"properties":{}},{"type":"Feature","geometry":{"type":"MultiPolygon","coordinates":[[[[30.9374,44.9999],[30.9374,46.40635],[32.057242,46.400357],[31.7571946,46.2959122],[31.874076,46.265835],[31.8972119,46.3156006],[32.34385,46.10544838546366],[32.34385,44.9999],[30.9374,44.9999]],[[31.644537025,46.24525648394576],[31.518212,46.364632],[31.6200481,46.2393717],[32.0417161,46.1717861],[31.644537025,46.24525648394576]]]]},"properties":{}},{"type":"Feature","geometry":{"type":"MultiPolygon","coordinates":[[[[30.9374,46.40615],[30.93731854676088,46.580129444998285],[31.640725,46.649817623813355],[31.640725,46.53879036336415],[31.512109499999987,46.57694160000003],[31.640725,46.4839396492418],[31.640725,46.40615],[30.9374,46.40615]]]]},"properties":{}},{"type":"Feature","geometry":{"type":"MultiPolygon","coordinates":[[[[31.6515799,46.64915710000006],[31.89150520000002,46.640416799999976],[31.877313,46.80084410000003],[32.01796550000004,46.9029166],[31.9226335,46.788361],[31.9814495,46.65822140000004],[32.140662,46.557250099999976],[32.289895,46.5772765],[32.34385,46.46361596351714],[31.640525,46.53882415130369],[31.6515799,46.64915710000006]]]]},"properties":{}},{"type":"Feature","geometry":{"type":"MultiPolygon","coordinates":[[[[31.640525,46.40615],[31.640525,46.48411321709013],[31.7118622,46.4265971],[31.667362,46.4656769],[31.752889,46.488369],[32.04983093150429,46.40615],[31.640525,46.40615]]]]},"properties":{}},{"type":"Feature","geometry":{"type":"MultiPolygon","coordinates":[[[[32.42760519998434,46.49206558012504],[32.34365,46.48736383491206],[32.4263581,46.556668],[32.34365,46.54800971434785],[32.486987,46.5163575],[32.34365,46.46364990927381],[32.42760519998434,46.49206558012504]]]]},"properties":{}},{"type":"Feature","geometry":{"type":"MultiPolygon","coordinates":[[[[32.34365,44.9999],[32.34365,46.10550056135798],[32.543915800000036,46.06621860000002],[33.026053,46.111191],[33.224658925134875,46.21638674801591],[33.202698,46.107936],[33.283198900000045,46.133511100000035],[33.2860332,46.0764464],[33.331077,46.115204],[33.5027956,46.02807930000005],[33.4962148,46.07453],[33.56339029999999,46.0746235],[33.51095975027831,46.123554106997815],[33.60578121192162,46.1500326649268],[33.61817706047578,45.94702950184644],[33.7501,45.94995352717397],[33.68309640000004,45.843034399999986],[33.61369,45.89023],[33.261513,45.754855],[33.17098610565386,45.79306482160074],[33.14019560000005,45.72026310000005],[32.47977650000004,45.39558190000004],[32.65263730605861,45.31525185680958],[32.9123169,45.35979510000002],[33.26369690000007,45.14707450000002],[33.412682,45.19355439999998],[33.603081917094606,44.9999],[32.34365,44.9999]],[[32.610396,46.061153],[32.547541100000025,46.0668353],[33.08280421959108,46.015961046420855],[32.610396,46.061153]]]]},"properties":{}},{"type":"Feature","geometry":{"type":"MultiPolygon","coordinates":[[[[35.149384,45.561518],[35.01642432387097,45.703225],[35.15635,45.703225],[35.149384,45.561518]]]]},"properties":{}},{"type":"Feature","geometry":{"type":"MultiPolygon","coordinates":[[[[34.988289839335934,45.7426333879364],[34.8045875,46.1634487551021],[35.15635,46.356636619422574],[35.15635,46.1694735588235],[34.98318566599219,46.078466769591365],[35.15635,46.13091273311905],[35.15635,45.703025],[34.988289839335934,45.7426333879364]]]]},"properties":{}},{"type":"Feature","geometry":{"type":"MultiPolygon","coordinates":[[[[35.393374,45.000989],[35.42015570000002,45.08147240000002],[35.575661,45.130685],[35.83621922033899,44.9999],[35.393374,45.000989]]]]},"properties":{}},{"type":"Feature","geometry":{"type":"MultiPolygon","coordinates":[[[[35.84432584237365,44.9999],[36.43245126078366,45.081738],[36.41641336078369,45.2827693],[36.48311482750224,45.36196871799692],[36.56261426078367,45.34789726627855],[36.56261426078367,45.2622800448499],[36.51974796078372,45.2902194],[36.56261426078367,44.9999],[35.84432584237365,44.9999]]]]},"properties":{}},{"type":"Feature","geometry":{"type":"MultiPolygon","coordinates":[[[[35.165309,46.360013],[35.2128563458887,46.40484097713612],[35.17760844228321,46.488084712649204],[35.2695074079992,46.43545229811184],[35.265567700000034,46.35277960000004],[35.35935890000004,46.36144160000005],[35.15615,46.1694088529412],[35.165309,46.360013]]]]},"properties":{}},{"type":"Feature","geometry":{"type":"MultiPolygon","coordinates":[[[[36.5133671549711,45.436445676126056],[36.14977279999999,45.467287],[35.986072695191524,45.369909120651336],[35.84494472646536,45.47314259993493],[35.718992,45.3338982],[35.4483282,45.311364],[35.156279,45.555616],[35.15615,46.130831186457065],[35.41080567592964,46.40635],[36.5626,46.40635],[36.5626,45.425467750148385],[36.5133671549711,45.436445676126056]]]]},"properties":{}},{"type":"Feature","geometry":{"type":"MultiPolygon","coordinates":[[[[35.425599700000014,46.418397799999966],[35.86836439156687,46.64583691259892],[36.19621743104336,46.67039799361005],[36.249751372097094,46.57822032302826],[36.362204278014985,46.701681159579216],[36.562603940354485,46.76116781909528],[36.5626,46.40615],[35.425599700000014,46.418397799999966]]]]},"properties":{}},{"type":"Feature","geometry":{"type":"MultiPolygon","coordinates":[[[[36.63253091113419,45.37684280428525],[36.562563077129326,45.42537390341591],[36.562603940354485,46.76116781909528],[36.79796417712937,46.74323040389577],[36.82991975210905,46.70230986539047],[36.76297436808777,46.63118235950344],[36.91996821986143,46.82588144320668],[37.23519267712936,46.95102025870138],[37.3084795311446,46.87075888012899],[37.57117920948745,47.10005547268822],[37.96901307712937,47.089982757171484],[37.96901307712937,46.63395189464353],[37.69961687712935,46.700404772055805],[37.96901307712937,46.37403025300146],[37.96822578241695,45.89393729465286],[37.830195077129325,45.75232917295288],[37.61616807712937,45.664514108761466],[37.604708077129374,45.470180967049004],[37.52388097712933,45.37671619906012],[37.162597575764345,45.32811291537847],[37.32859930818413,45.28913197704596],[37.20151763116137,45.25927896062892],[36.598006277129365,45.19538936747007],[36.63355217712935,45.140151427465625],[37.214428522451236,44.999866789676936],[36.562563077129326,44.999858626035014],[36.562563077129326,45.34780194552132],[36.63253091113419,45.37684280428525]],[[36.91018170503569,45.24801558431469],[37.118125321930194,45.277731678540036],[37.13020064049173,45.33235124189236],[37.058499797061785,45.334062607128594],[37.146845351816744,45.34731902736925],[36.84315911168479,45.45089695523995],[36.62219643916084,45.30525631517114],[36.7737014453827,45.41561855056672],[36.866725527509296,45.38405334961623],[36.769872424970835,45.36654670795887],[36.803979465883764,45.30435189327698],[37.001253639805135,45.3245131675511],[36.91018170503569,45.24801558431469]]]]},"properties":{}},{"type":"Feature","geometry":{"type":"MultiPolygon","coordinates":[[[[38.086706,47.107834],[38.136171,47.057053],[38.08812640000004,47.02416270000003],[38.22664750000003,47.11845210000004],[38.47738508242137,47.144610923118734],[38.632627,47.25730960000002],[38.82700007775834,47.27439278121225],[38.606587782353486,47.2444216597116],[38.48150168453907,47.140759313434266],[38.86421344566199,47.172957714693084],[38.95344792259774,47.20515888368435],[38.954653,47.269315],[39.16176457679448,47.287053919993696],[39.27127166742867,47.25131225414095],[39.21331460383412,47.1902848996401],[39.2310058,47.0885191],[39.310738534749106,47.05946463139517],[39.1031968,47.039354800000034],[38.71126565173736,46.871344339863604],[38.45324440000001,46.854729],[38.39785852852526,46.72305999939419],[38.509225741697016,46.75115579274765],[38.593740799999985,46.662016],[38.33441280000004,46.66322450000003],[38.29203360155277,46.74211278128074],[37.96865,46.63399028103872],[37.96865,47.0900903827342],[38.086706,47.107834]]]]},"properties":{}},{"type":"Feature","geometry":{"type":"MultiPolygon","coordinates":[[[[37.981339,46.404964],[38.161971,46.364494],[38.568711,46.114613],[38.586211,46.043112],[38.460607,46.042845],[38.255046,46.15404],[38.271798500000045,46.25922160000005],[38.120863468868166,45.963295031646716],[38.224194730449305,46.01300676690762],[38.263924162670456,45.78917779324918],[38.15889222528676,45.77502680834601],[37.96822578241695,45.89393729465286],[37.981339,46.404964]]]]},"properties":{}},{"type":"Feature","geometry":{"type":"Polygon","coordinates":[[[-14.0626,26.438719297674417],[-14.0626,28.1251],[-11.999540504720759,28.1251],[-12.9356024,27.9452412],[-13.050818,27.751036],[-13.165131,27.692413],[-13.56328,26.744227],[-14.0626,26.438719297674417]]]},"properties":{}},{"type":"Feature","geometry":{"type":"Polygon","coordinates":[[[-14.0626,28.1249],[-14.0626,28.201522738230192],[-13.9008012,28.2758399],[-13.8224983,28.5931526],[-13.8424172,28.7260705],[-13.926078,28.7517194],[-14.0159368,28.715375],[-14.0626,28.55381523761866],[-14.0626,33.7501],[-11.2499,33.7501],[-11.2499,28.571895064704346],[-11.502623,28.3119459],[-12.000000484829593,28.1249],[-14.0626,28.1249]]]},"properties":{}},{"type":"Feature","geometry":{"type":"Polygon","coordinates":[[[-11.2501,28.571757388719558],[-11.2501,33.7501],[-7.307714640747618,33.7501],[-8.5262586,33.259112],[-8.744817,32.97716],[-9.2845191,32.5417],[-9.2316302,32.4748261],[-9.2900093,32.3601404],[-9.2611104,32.1750128],[-9.6760758,31.6985814],[-9.8425109,31.3910691],[-9.7960598,31.3301856],[-9.8413924,31.1048986],[-9.8049085,30.8173791],[-9.8897478,30.630642],[-9.7832624,30.609339],[-9.6043611,30.410677],[-9.6668913,30.0888145],[-10.2161094,29.3106299],[-10.4836025,29.0533861],[-11.0597062,28.7514333],[-11.2501,28.571757388719558]]]},"properties":{}},{"type":"Feature","geometry":{"type":"Polygon","coordinates":[[[8.4374,37.96865],[8.4387958,39.1140672],[8.5687337,39.0418422],[8.6399472,38.8649256],[8.7193125,38.9408418],[8.855556,38.8759841],[9.0211724,38.9840151],[9.0597383,39.223479],[9.2971663,39.213122],[9.5238615,39.0947757],[9.6342265,39.2992615],[9.603195576018171,39.3751],[9.84385,39.3751],[9.84385,37.96865],[8.4374,37.96865]]]},"properties":{}},{"type":"Feature","geometry":{"type":"Polygon","coordinates":[[[9.834575400000048,37.33543470000008],[9.216645779621786,37.24066676315997],[8.809010306702309,36.96318883564837],[8.4374,36.89866950487605],[8.4374,37.96885],[9.84385,37.96885],[9.834575400000048,37.33543470000008]]]},"properties":{}},{"type":"Feature","geometry":{"type":"Polygon","coordinates":[[[9.735464678973788,40.078225],[9.84385,40.078225],[9.84385,39.3749],[9.603064760086365,39.3749],[9.735464678973788,40.078225]]]},"properties":{}},{"type":"Feature","geometry":{"type":"Polygon","coordinates":[[[9.776447156594115,40.4297875],[9.84385,40.4297875],[9.84385,40.078025],[9.735475805719558,40.078025],[9.6278104,40.1969703],[9.776447156594115,40.4297875]]]},"properties":{}},{"type":"Feature","geometry":{"type":"Polygon","coordinates":[[[9.82595379635476,40.517678125],[9.84385,40.4295875],[9.776380201756009,40.4295875],[9.82595379635476,40.517678125]]]},"properties":{}},{"type":"Feature","geometry":{"type":"Polygon","coordinates":[[[9.755759375,40.594632057162436],[9.84385,40.60556875],[9.84385,40.517478125],[9.755759375,40.594632057162436]]]},"properties":{}},{"type":"Feature","geometry":{"type":"Polygon","coordinates":[[[9.676312903757967,40.78135],[9.84385,40.78135],[9.84385,40.60536875],[9.750801300523383,40.60536875],[9.676312903757967,40.78135]]]},"properties":{}},{"type":"Feature","geometry":{"type":"Polygon","coordinates":[[[9.54601757356869,41.13291250000009],[9.668068749999975,41.13291250000009],[9.667794900000047,40.852927199999954],[9.644317100000137,40.919861500000025],[9.49444040000003,40.91666450000014],[9.664573599999983,40.99568540000013],[9.504865,41.00810300000012],[9.54601757356869,41.13291250000009]]]},"properties":{}},{"type":"Feature","geometry":{"type":"Polygon","coordinates":[[[9.667868750000139,40.85312835087427],[9.667868750000139,41.13291250000009],[9.84385,41.13291250000009],[9.84385,40.78115],[9.6739086,40.78176589999998],[9.72866840000006,40.844214800000145],[9.667868750000139,40.85312835087427]]]},"properties":{}},{"type":"Feature","geometry":{"type":"Polygon","coordinates":[[[9.31630625,41.30849375],[9.31630625,41.484475],[9.4922875,41.484475],[9.4922875,41.30849375],[9.31630625,41.30849375]]]},"properties":{}},{"type":"Feature","geometry":{"type":"Polygon","coordinates":[[[9.4920875,41.14380322671778],[9.4920875,41.484475],[9.84385,41.484475],[9.84385,41.1327125],[9.4920875,41.14380322671778]]]},"properties":{}},{"type":"Feature","geometry":{"type":"Polygon","coordinates":[[[9.557483024285714,42.1876],[9.84385,42.1876],[9.84385,41.484275],[9.2681709,41.5002772],[9.3693211,41.5939521],[9.2811399,41.5971611],[9.3859201,41.6454834],[9.4129254,41.9538188],[9.557483024285714,42.1876]]]},"properties":{}},{"type":"Feature","geometry":{"type":"Polygon","coordinates":[[[8.4374,40.827318649140594],[8.4374,41.484475],[9.1215532,41.4429061],[9.1405601,41.1537136],[9.0119214,41.1250775],[8.791144,40.9224873],[8.4374,40.827318649140594]]]},"properties":{}},{"type":"Feature","geometry":{"type":"Polygon","coordinates":[[[9.140525,41.24141489256871],[9.140525,41.389544665996596],[9.2203926,41.3665009],[9.2655925,41.4247307],[9.2233837,41.4421255],[9.31650625,41.484475],[9.31650625,41.19234411119213],[9.2351554,41.259043],[9.140525,41.24141489256871]]]},"properties":{}},{"type":"Feature","geometry":{"type":"Polygon","coordinates":[[[8.468774143847591,40.0616436],[8.4384494,40.3223003],[8.4837519,40.2825624],[8.468774143847591,40.0616436]]]},"properties":{}},{"type":"Feature","geometry":{"type":"Polygon","coordinates":[[[8.4374,39.525836386079185],[8.4374,39.860356084025405],[8.5101007,39.9075119],[8.5707172,39.8640003],[8.5039856,39.7286438],[8.5594886,39.6931079],[8.4507848,39.7687715],[8.4374,39.525836386079185]]]},"properties":{}},{"type":"Feature","geometry":{"type":"Polygon","coordinates":[[[9.31630625,41.19224069296068],[9.31630625,41.30869375],[9.404396875,41.30869375],[9.404396875,41.175108472829166],[9.31630625,41.19224069296068]]]},"properties":{}},{"type":"Feature","geometry":{"type":"Polygon","coordinates":[[[9.404196875,41.17532046029412],[9.404196875,41.30869375],[9.4922875,41.30869375],[9.4922875,41.14377695221328],[9.404196875,41.17532046029412]],[[9.4810732,41.1857854],[9.460718,41.2452721],[9.4337412,41.1885086],[9.4810732,41.1857854]]]},"properties":{}},{"type":"Feature","geometry":{"type":"Polygon","coordinates":[[[8.4374,41.484275],[8.4374,42.1876],[8.578971610327358,42.1876],[8.5584505,42.1458323],[8.7473298,42.0504136],[8.5916788,41.9645376],[8.6074441,41.8948209],[8.803296,41.8953137],[8.6592009,41.7390661],[8.9140162,41.6906744],[8.774274,41.5922179],[8.967357,41.4856357],[8.4374,41.484275]]]},"properties":{}},{"type":"Feature","geometry":{"type":"Polygon","coordinates":[[[8.4374,42.1874],[8.4374,43.59385],[9.84385,43.59385],[9.84385,43.051569728240345],[9.7912939,43.0231681],[9.84385,43.03490669128713],[9.84385,42.1874],[9.55748131,42.1874],[9.422692,43.0118897],[9.3414564,42.9990955],[9.3023741,42.6780603],[9.1248599,42.7316974],[9.0174012,42.6418257],[8.7092107,42.576722],[8.6568597,42.4170868],[8.5431657,42.3684995],[8.6953176,42.2663698],[8.540471,42.2376574],[8.579037575683598,42.1874],[8.4374,42.1874]]]},"properties":{}},{"type":"Feature","geometry":{"type":"Polygon","coordinates":[[[8.4374,43.59365],[8.4483668,44.2856106],[8.7436622,44.4270218],[9.140725,44.36093174379366],[9.140725,43.59365],[8.4374,43.59365]]]},"properties":{}},{"type":"Feature","geometry":{"type":"Polygon","coordinates":[[[9.140525,43.59365],[9.140525,44.360921557055214],[9.84385,44.05878922222667],[9.84385,43.59365],[9.140525,43.59365]]]},"properties":{}},{"type":"Feature","geometry":{"type":"Polygon","coordinates":[[[7.03115,42.1874],[7.03115,43.5388022833769],[7.1384248,43.5459191],[7.125600344822774,43.59385],[8.4376,43.59385],[8.4376,42.1874],[7.03115,42.1874]]]},"properties":{}},{"type":"Feature","geometry":{"type":"Polygon","coordinates":[[[7.734475,43.795760578260875],[7.734475,43.59365],[7.125620104800447,43.59365],[7.1578086,43.6538856],[7.5145295,43.7829946],[7.734475,43.795760578260875]]]},"properties":{}},{"type":"Feature","geometry":{"type":"Polygon","coordinates":[[[7.734275,43.59365],[7.734275,43.79580015064935],[8.0740028,43.8917932],[8.2699932,44.1398359],[8.4376,44.237183998110204],[8.4376,43.59365],[7.734275,43.59365]]]},"properties":{}},{"type":"Feature","geometry":{"type":"Polygon","coordinates":[[[-1.406349999999748,45.0001000000002],[-1.202427999999713,44.99948300000028],[-1.254433299999676,44.62205240000026],[-1.163386899999523,44.77425280000028],[-1.018632799999693,44.66864930000031],[-1.192033599999832,44.660811500000364],[-1.258182099999601,44.53376330000009],[-1.460036199999706,43.61995930000012],[-1.609601599999962,43.426380300000176],[-1.905487399999743,43.319095300000185],[-2.354771899999832,43.298952200000144],[-2.752065199999834,43.456855100000155],[-2.946923399999605,43.43571640000033],[-3.021732851403783,43.32651381218767],[-3.460368,43.422144000000344],[-3.43286449999988,43.46356620000017],[-3.589384399999972,43.513621300000125],[-3.777244399999972,43.458231000000296],[-3.807220199999961,43.394690600000104],[-3.825357999999426,43.45169750000025],[-3.763297599999589,43.467162300000155],[-3.811574099999518,43.49489620000014],[-4.219559299999901,43.394640700000195],[-4.619554099999959,43.39518890000011],[-5.408987990769845,43.55499989389136],[-5.679179400000066,43.54123500000014],[-5.840197199999864,43.66031860000027],[-5.947987599999863,43.59717740000019],[-5.906532526893329,43.55329212277269],[-6.94387,43.57452000000029],[-7.02925,43.556679],[-7.050987500000019,43.46736660000016],[-7.04190159999979,43.55554340000009],[-7.268001268672322,43.54079667262897],[-7.245233696522405,43.574930509388196],[-7.467652,43.72403600000024],[-7.556432799999527,43.730047100000206],[-7.599560599999961,43.65779880000014],[-7.636479,43.75311900000031],[-7.705187395157338,43.70522476301005],[-7.688411,43.79042200000015],[-7.846626299999571,43.66849100000019],[-7.905394499999943,43.67127560000023],[-7.849935,43.716719],[-7.905216738576144,43.768329231612995],[-8.062044,43.70479900000015],[-8.047378,43.633427000000154],[-8.092690999999775,43.666298],[-8.32183499999985,43.56524100000013],[-8.340292,43.45846500000033],[-8.1513401,43.51750720000035],[-8.31664679999983,43.44497530000007],[-8.118502999999862,43.425283300000046],[-8.220890299999894,43.39163630000013],[-8.212988299999893,43.284822500000246],[-8.306800500000065,43.405662200000165],[-8.384730899999965,43.34168750000026],[-8.355705860058038,43.31041804558902],[-8.400634399999888,43.38999930000023],[-8.709238,43.289854],[-8.840992899999662,43.345160300000146],[-8.990880303932158,43.275285357901055],[-8.929239999999822,43.22129600000011],[-9.214026100000012,43.161803300000486],[-9.114371,43.13862400000016],[-9.29954969470208,43.056099666632804],[-9.27384247715247,42.88053177366123],[-9.190509199999951,42.95243430000022],[-9.11712149999994,42.91275780000029],[-9.150685,42.798269000000175],[-9.089366200000029,42.7381943000002],[-8.887506899999948,42.81721630000027],[-9.088877260512902,42.57062479102359],[-9.011389227234758,42.52130370476834],[-8.90208699999988,42.64304800000019],[-8.857254913161796,42.606362898833424],[-8.841375303931898,42.68662034146314],[-8.741263949813174,42.651280881182856],[-8.8369796,42.558776500000135],[-8.791154399999925,42.504742400000225],[-8.819632999999897,42.45167490000023],[-8.871405599999434,42.50130410000031],[-8.937818675644792,42.45747404099268],[-8.839131,42.38425700000016],[-8.628869699999541,42.44664720000003],[-8.838979399999971,42.33890530000025],[-8.817127499999913,42.27897980000017],[-8.855770599999346,42.30981440000045],[-8.87308645635295,42.25001881371105],[-8.611661218464235,42.345339296285715],[-8.61077319999987,42.28740010000001],[-8.850191799999948,42.15660480000025],[-8.799474399999497,42.11369460000026],[-8.900937072981037,42.11162831011387],[-8.881171199999585,41.75157490000032],[-8.667811499999459,41.13801590000054],[-8.661263999999846,40.924950800000204],[-8.909362499999702,40.18661160000005],[-8.866397299999505,40.11689540000026],[-9.0746469,39.5880688000002],[-9.270363899999722,39.40429180000035],[-9.408560499999908,39.360690300000215],[-9.3394533,39.22891070000031],[-9.500528399999553,38.78114720000042],[-9.458606899999836,38.69479650000028],[-9.133332390378712,38.706330200297145],[-8.986945689169545,38.94107165189206],[-8.922671714313594,38.76177883794651],[-9.050538795648606,38.69145159886784],[-8.955761917470454,38.690601299584046],[-9.093978198146885,38.65899134203852],[-9.049630971145007,38.60610562176669],[-9.146132715879787,38.68856408310461],[-9.259738725755199,38.66259393737721],[-9.183202599999959,38.52990099999988],[-9.2230138,38.4138710000002],[-8.898665299999948,38.52022590000013],[-8.773907799999506,38.49162170000022],[-8.806606,38.5480699000002],[-8.735316299999965,38.56937230000028],[-8.721707738728071,38.442001849172925],[-8.658526399999744,38.4105210000003],[-8.803160499999876,38.44172830000031],[-8.793465199999787,38.38185150000032],[-8.912286299999948,38.49038770000027],[-8.776768599999684,38.27207260000023],[-8.888189799999623,37.95757510000027],[-8.800382079772646,37.909483634232515],[-8.78582284429632,37.53211959353689],[-8.9970378,37.02249210000019],[-8.667603399999734,37.0788613000002],[-8.593800940072072,37.151393898369804],[-7.878137351309476,36.98108343835713],[-7.475758599999608,37.1742935000002],[-7.059842199999366,37.206196300000386],[-7.133167099999866,37.21990870000019],[-6.948008316491837,37.164548683248825],[-7.006465293798669,37.25563386977467],[-6.979909780787466,37.3652905593172],[-6.940276393798683,37.21186451484414],[-6.676052827162096,37.35801053662618],[-6.934477493798511,37.19121268894497],[-6.440555996443038,36.98647409355527],[-6.444299019492235,37.08975861085315],[-6.560478764326149,37.152678399635874],[-6.427749518622591,37.11531684603227],[-6.073036493799123,37.26643058333377],[-5.875486493798405,37.13955042421003],[-5.948956493799358,37.14158042675348],[-5.893906493798625,37.02943028648383],[-6.101126493798972,36.92517015640925],[-6.055646493798349,36.841550052313096],[-6.10855649379829,36.8097400127661],[-6.226396493799427,36.75041993909696],[-6.137850972395711,36.82617980184375],[-6.187968771753845,36.89431161590056],[-6.291236493798579,36.76664995924381],[-6.331106493799098,36.8076500101688],[-6.439587393798718,36.720330101768184],[-6.265511193798545,36.57961082754235],[-6.121164799544772,36.628404697699295],[-6.184661211460195,36.52871879559797],[-6.145206307389742,36.433131948657376],[-6.193230223631929,36.41808444616339],[-6.034916693798778,36.18145323770125],[-5.918128893798723,36.21145387444926],[-5.797408493798741,36.07793411110282],[-5.608207363059705,36.007289651162296],[-5.430471999999611,36.07114900000016],[-5.444643999999812,36.17618000000016],[-5.344580099999803,36.10944770000032],[-5.177357299999414,36.414109000000224],[-4.912486999999658,36.50535510000026],[-4.638999099999467,36.50683850000024],[-4.394718199999602,36.72252990000027],[-3.835489899999743,36.75398030000014],[-3.419952099999534,36.693780700000275],[-3.259052999999881,36.75340400000022],[-2.926859,36.75212840000023],[-2.700523699999565,36.6831784000002],[-2.56180190340541,36.81613111162801],[-2.362602199999685,36.84160090000023],[-2.124256299999956,36.731883800000276],[-1.895663499999785,36.94858690000035],[-1.802319100000034,37.22184380000027],[-1.672579299999825,37.35625080000028],[-1.326132299999927,37.56274960000013],[-1.111411699999906,37.53413310000013],[-0.993269477599313,37.604290400810555],[-0.9190834,37.553953100000115],[-0.717578333708332,37.60682603404922],[-0.733564450676397,37.7450473168235],[-0.73427,37.632307200000355],[-0.859833521166422,37.722419993318454],[-0.785003099999869,37.818327800000304],[-0.74819929999984,37.79009820000033],[-0.632332399999768,38.146661400000255],[-0.509216499999809,38.20333770000025],[-0.505649807648922,38.33299719243769],[0.231383100000016,38.731851900000265],[-0.181803299999672,39.03154050000023],[-0.322423605684833,39.50524204650719],[0.04970590000022,40.03520460000033],[0.408555900000522,40.357371400000204],[0.700991600000123,40.806906300000264],[1.041524390188556,41.06117233794265],[2.116263000000288,41.29091200000016],[2.26652600000017,41.458833000000254],[2.935033800000554,41.715171900000314],[3.202986600000202,41.89167370000018],[3.214642100000162,42.061214700000164],[3.112679434607003,42.209172833645084],[3.163364200000274,42.264394800000275],[3.264402600000324,42.237884800000074],[3.32246840000056,42.31861230000021],[3.163019100000497,42.360318100000086],[3.141170100000466,42.5157933000001],[3.051008300000433,42.54557660000023],[3.043690183348929,42.840071401761975],[2.948812527897019,42.83392579395377],[3.006711884572155,42.92873555713737],[3.049966300000222,42.87515930000012],[2.996002857219594,42.96036384828665],[3.039350000000241,42.932949900000324],[3.037245738553565,43.10255283389671],[3.088752630912609,43.06190410619183],[3.335378542295302,43.28229704849559],[3.509721300000194,43.27227050000016],[4.058159000000217,43.55758180000021],[4.174885600000152,43.47006780000021],[4.603325570340644,43.4548751256379],[4.755406432150778,43.37365185871744],[4.865268900000217,43.43025410000024],[4.799491777211188,43.513738499557405],[5.041335000000458,43.32746180000021],[5.336959129091326,43.352400056644115],[5.337306600000261,43.21354150000013],[5.686179800000502,43.179975900000386],[5.830035100000316,43.04934110000039],[5.946567400000333,43.067593400000135],[5.879449129062493,43.10542877935433],[5.920627141871819,43.12629213109051],[6.149011700000187,43.026118600000075],[6.2012706000001,43.1160730000002],[6.364547900000503,43.08647480000013],[6.386408900000276,43.14483560000025],[6.64690770000044,43.16755170000022],[6.697857300000521,43.266421900000296],[6.586000800000136,43.28007930000018],[7.016460600000414,43.551046300000166],[7.031350000000259,42.1876],[8.43760000000043,42.1876],[8.43760000000026,40.827216416384374],[8.289634900000351,40.85807740000007],[8.200012200000174,40.9723815000001],[8.218990200000121,40.86867790000014],[8.130844600000103,40.732755800000234],[8.20498350000031,40.685294500000225],[8.160756100000185,40.5609161000001],[8.193252400000404,40.618066500000225],[8.203683200000171,40.56814110000033],[8.308711900000162,40.60218070000019],[8.38244990000021,40.33859870000015],[8.43760000000026,40.32440870089715],[8.43760000000026,40.05212761573131],[8.37657390000038,40.035893200000146],[8.43760000000043,39.87807739775951],[8.43760000000026,39.526146922131716],[8.373024000000271,39.374709200000154],[8.437030700000207,39.29193100000015],[8.366636600000277,39.227755200000104],[8.43760000000043,39.09438172700078],[8.349218800000244,39.079249400000094],[8.43760000000043,38.96697417223862],[8.437212700000316,36.897897900000316],[8.22605450640009,36.95197480621175],[7.845006400000159,36.84288770000012],[7.760412558996791,36.88424103443583],[7.792205391628727,36.969567659181166],[7.621018339377088,36.96157962726062],[7.387932908229175,37.08384936787553],[7.21238414690913,37.08980565100592],[7.169411652155759,37.07713964433077],[7.25625630000053,37.02381920000022],[7.202663182952847,36.94409281817099],[6.929754900000319,36.88088250000021],[6.848818954724379,36.9573907696967],[6.58139452012631,36.97652823650941],[6.466667666150443,37.0892274517098],[6.26487757740415,37.02642606295257],[6.217833390495798,36.91124473997559],[5.69031932272992,36.818731642703824],[5.369263767973109,36.644065770441955],[5.136264667973137,36.679170761746946],[5.078002867972998,36.72132725129575],[5.106144767973206,36.77592443774495],[4.788547772995742,36.89155346826175],[3.894771260236496,36.92521336060554],[3.488244077156821,36.7679872720247],[3.230922971891175,36.81548264418291],[3.12391357189108,36.74227650781853],[3.010766871891235,36.82056214670854],[2.894689171891514,36.804941438942876],[2.793254800000398,36.6917973000003],[2.555464,36.59170860000012],[2.347429,36.64547920000024],[2.021505700000319,36.568037600000196],[1.343010901452828,36.55156750216332],[0.343650953571569,36.1942325054585],[-0.096280200000024,35.79185980000028],[-0.276167399999963,35.81976390000017],[-0.381225717045481,35.90887478443602],[-0.489316599999711,35.87620120000031],[-0.510233399999947,35.78236050000015],[-0.634420519273988,35.709044274038945],[-0.790794171467837,35.77326620336919],[-0.938293299999714,35.72815660000009],[-1.198682432669727,35.57371817932926],[-1.287793599999816,35.35517190000019],[-1.967437672348581,35.07262394366887],[-2.424662560496586,35.14738334869827],[-2.644750819206308,35.089756660147486],[-2.912599933367801,35.254487281952834],[-2.744550142792775,35.112321282730704],[-2.825273434028759,35.106932363202645],[-2.924057376787857,35.183466194459186],[-2.963076101981244,35.43972825150502],[-3.083977090911219,35.2807537683384],[-3.335645370755117,35.18549699211968],[-3.706035899999904,35.28829630000024],[-3.819425199999955,35.199810500000126],[-3.929379024703508,35.26156965219974],[-4.3555646,35.14730160000033],[-4.680240134496387,35.20519814619104],[-5.23968050000002,35.549507200000335],[-5.33709453433363,35.71833864282149],[-5.319095,35.88980130000027],[-5.465234799999848,35.91439940000015],[-5.781544493798663,35.776749044553355],[-5.929507943467002,35.78840349824725],[-6.300732290912265,34.868563883508045],[-6.808141505134017,34.021983998217365],[-7.308434608317327,33.74979634749752],[-22.5001,33.74990000000025],[-22.5001,45.00010000000037],[-1.406349999999748,45.0001000000002]],[[1.389212900000189,38.6404285000001],[1.58474490000026,38.66990660000022],[1.432959200000255,38.77164380000016],[1.389212900000189,38.6404285000001]],[[1.371197200000268,38.83042520000026],[1.621586700000307,39.0276812000003],[1.604334800000174,39.09104590000004],[1.358936400000289,39.07405470000015],[1.303243000000236,38.96965890000013],[1.214947600000301,38.95839000000035],[1.22405420000041,38.87087040000023],[1.371197200000268,38.83042520000026]],[[8.256988700000363,39.11732900000027],[8.30600410000011,39.09995860000009],[8.30962040000054,39.187515500000245],[8.223639700000263,39.16024030000017],[8.256988700000363,39.11732900000027]],[[2.943777271891236,39.126713523891965],[2.97681667189147,39.157954140253196],[2.91713037189129,39.16159724216203],[2.943777271891236,39.126713523891965]],[[3.055761771891412,39.26431379603838],[3.232232571891188,39.36159194717118],[3.478752200000372,39.71583480000015],[3.348025400000211,39.78937600000023],[3.253387700000246,39.72924650000033],[3.1372724000002,39.780722900000285],[3.121095000000366,39.83279819999996],[3.204234200000201,39.88910860000027],[3.106260000000361,39.85748830000017],[3.080046800000048,39.9022590000003],[3.213392800000406,39.96250850000018],[2.778011800000058,39.85533960000021],[2.347087200000431,39.59482320000018],[2.5217652,39.45661520000027],[2.541049300000054,39.52481530000023],[2.670205164562844,39.562537243601355],[2.749202300000206,39.50946510000023],[2.787303600000257,39.363031900000294],[2.957845170923804,39.362818300160086],[3.055761771891412,39.26431379603838]],[[3.833731000000284,39.96241410000022],[3.824047500000575,39.92185530000023],[3.98970460000038,39.93111360000012],[4.240203400000212,39.81318440000018],[4.30875730000048,39.848918900000115],[4.256622900000195,39.89722520000038],[4.327927000000273,39.876630600000226],[4.269541700000445,39.99673560000031],[4.154992700000207,40.067964100000154],[4.126787700000079,40.02570670000017],[4.092355000000225,40.08929400000022],[3.822372700000358,40.051145000000304],[3.833731000000284,39.96241410000022]],[[8.248924200000488,40.98394880000012],[8.262737800000309,41.05577990000029],[8.338794700000221,41.05998740000024],[8.319836800000132,41.120139400000255],[8.220586300000207,41.040831],[8.248924200000488,40.98394880000012]],[[6.199954200000036,42.98229030000033],[6.243094600000461,43.02658330000037],[6.159751500000425,43.0018912000001],[6.199954200000036,42.98229030000033]]]},"properties":{}},{"type":"Feature","geometry":{"type":"Polygon","coordinates":[[[36.30813165164237,22.5001],[36.5626,22.5001],[36.5626,22.29744985276173],[36.30813165164237,22.5001]]]},"properties":{}},{"type":"Feature","geometry":{"type":"Polygon","coordinates":[[[36.5624,22.297470073880902],[36.5624,22.5001],[37.96885,22.5001],[37.96885,19.6874],[37.25691603067696,19.6874],[37.269418799999926,19.84342650000002],[37.1803769,20.00421730000005],[37.18864789999992,20.454565200000104],[37.24144410000008,20.543408600000078],[37.09422540000014,21.0376334],[37.1025418000001,21.202981800000032],[37.23743340000004,21.1354551],[37.278559,21.042947200000015],[37.1989709,21.10544720000013],[37.25529259999996,20.992254300000013],[37.31942929999997,21.066267700000083],[37.062265900000114,21.354646899999977],[37.00301060000004,21.347775300000023],[37.05888450000009,21.361042699999985],[37.01548539999999,21.421021800000062],[36.9778343000001,21.40049550000009],[37.01606070000014,21.4292651],[36.9480322,21.487642600000072],[36.85391549999997,21.8364744000001],[36.89271229999997,22.065768100000128],[36.5624,22.297470073880902]]]},"properties":{}},{"type":"Feature","geometry":{"type":"Polygon","coordinates":[[[37.96865,19.6874],[37.96865,21.09385],[39.2391243,21.07519],[39.374906,20.8908231],[39.3751,19.6874],[37.96865,19.6874]]]},"properties":{}},{"type":"Feature","geometry":{"type":"Polygon","coordinates":[[[37.96865,21.09365],[37.96865,22.5001],[38.671975,22.5001],[38.671975,21.09365],[37.96865,21.09365]]]},"properties":{}},{"type":"Feature","geometry":{"type":"Polygon","coordinates":[[[38.671775,21.09365],[38.671775,21.796975],[39.039371636854604,21.796975],[39.0922089,21.7072398],[39.1469994,21.7721123],[39.0859328,21.7028504],[39.1896799,21.4134234],[39.0986033,21.323579],[39.21243133967391,21.09365],[38.671775,21.09365]]]},"properties":{}},{"type":"Feature","geometry":{"type":"Polygon","coordinates":[[[38.671775,21.796775],[38.671775,22.5001],[39.08123449523264,22.5001],[39.0954013,22.3607398],[39.1432865,22.4058769],[39.0409613,22.2034448],[39.0536644,22.062547],[39.0081836,21.9854827],[38.9647006,21.9856082],[38.9913396,22.0386537],[38.9300401,22.0123755],[39.03948953426876,21.796775],[38.671775,21.796775]]]},"properties":{}},{"type":"Feature","geometry":{"type":"Polygon","coordinates":[[[32.993934021345915,29.164307871875007],[33.1812271,29.000234],[33.2417202,28.5551387],[33.5647707,28.2959061],[33.7501,28.052189496432874],[33.7501,27.303250643063347],[33.4929633,27.6465572],[33.5932167,27.6429347],[33.5554519,27.7613006],[33.4700509,27.80785],[33.5849754,27.7902808],[33.5542745,27.8948811],[33.2429532,28.1450669],[33.0215026,28.4637101],[32.8660137,28.5734083],[32.8076081,28.7726609],[32.6222243,28.9791883],[32.6662694,29.1121611],[32.5939442,29.341246],[32.3428219,29.5916529],[32.5097443,29.8603227],[32.4806912,29.9404098],[32.5586242,29.9593877],[32.6336628,29.8691279],[32.7175091,29.4473791],[32.8187321,29.4034793],[32.8845892,29.2339256],[32.993934021345915,29.164307871875007]]]},"properties":{}},{"type":"Feature","geometry":{"type":"Polygon","coordinates":[[[36.5626,25.3126],[36.5626,22.4999],[36.308135577784256,22.4999],[36.232119900000036,22.6324406],[35.91860310466924,22.692974800613122],[35.666089073760496,22.945952316169343],[35.479938311091296,23.50520859822475],[35.47267870000008,23.926065200000046],[35.5136379,23.977749799999973],[35.558482429238545,23.9589580084661],[35.51053468640025,23.92642723182967],[35.793178800000014,23.90841610000002],[35.49277705693761,24.110817407339923],[35.137434900000024,24.5126491],[35.165955,24.56494179999999],[34.75042179647658,25.3126],[36.5626,25.3126]]]},"properties":{}},{"type":"Feature","geometry":{"type":"Polygon","coordinates":[[[33.93734736477757,26.71885],[35.15635,26.71885],[35.15635,25.3124],[34.7504990830852,25.3124],[33.93734736477757,26.71885]]]},"properties":{}},{"type":"Feature","geometry":{"type":"Polygon","coordinates":[[[33.7499,27.303252642082903],[33.7499,27.582024451455055],[33.8027021,27.5794767],[33.7499,27.602735108044914],[33.7499,28.052273709496266],[34.2510472,27.7241399],[34.2054783,27.7887154],[34.4272688,27.974422],[34.453225,28.1251],[34.453225,26.71865],[33.99878065122888,26.71865],[33.9701189,26.7788977],[33.990421649818444,26.71865],[33.93739497802153,26.71865],[33.9962598,26.9006209],[33.8302272,27.1031304],[33.8487758,27.2481961],[33.7499,27.303252642082903]],[[34.0196531,27.501507],[33.9150542,27.523095],[34.0346516,27.4479859],[34.0196531,27.501507]]]},"properties":{}},{"type":"Feature","geometry":{"type":"Polygon","coordinates":[[[34.453025,26.71865],[34.453025,28.1251],[34.59154618939472,28.1251],[34.6253965,28.0242774],[34.678518051266195,28.1251],[34.7547696,28.1016487],[34.7390119,28.0597954],[35.0132799,28.1213718],[35.1477158,28.0695686],[35.15635,26.71865],[34.453025,26.71865]],[[34.5263304,27.9879869],[34.5044457,27.9434278],[34.6212185,27.9193807],[34.5263304,27.9879869]]]},"properties":{}},{"type":"Feature","geometry":{"type":"Polygon","coordinates":[[[35.15615,25.3124],[35.1582242,28.0586024],[35.4294142,27.773776],[35.5921094,27.4337066],[35.807424,27.2240916],[35.800038,27.1134489],[36.0398662,26.8987867],[36.5626,26.07009770499999],[36.5626,25.3124],[35.15615,25.3124]]]},"properties":{}},{"type":"Feature","geometry":{"type":"Polygon","coordinates":[[[36.5624,22.4999],[36.5624,25.3126],[37.112171598625864,25.3126],[37.2503963,25.1702866],[37.2859814,24.9905868],[37.264999,24.8660618],[37.1552078,24.8238341],[37.460927,24.437685],[37.4269176,24.3693967],[37.5757912,24.2463082],[37.6928442,24.3006338],[37.8612538,24.1520662],[37.9289031,24.1462506],[37.9519418,24.2102422],[37.9346307,24.165852],[37.9910883,24.1569699],[37.9337754,24.1450086],[38.4631705,23.7806941],[38.5430962,23.5400123],[38.6049888,23.571331],[38.6841176,23.2981146],[38.7829482,23.1953049],[38.7982662,23.0086749],[38.9725348,22.8630814],[38.8497956,22.93819],[39.0115603,22.7600995],[39.0824761,22.504931],[36.5624,22.4999]]]},"properties":{}},{"type":"Feature","geometry":{"type":"Polygon","coordinates":[[[36.5624,25.3124],[36.5624,25.6641625],[36.909034,25.6616024],[36.9141625,25.3124],[36.5624,25.3124]]]},"properties":{}},{"type":"Feature","geometry":{"type":"Polygon","coordinates":[[[36.5624,25.6639625],[36.5624,26.015725],[36.705988180992264,26.015725],[36.6444432,25.8515173],[36.89588225605738,25.6639625],[36.5624,25.6639625]]]},"properties":{}},{"type":"Feature","geometry":{"type":"Polygon","coordinates":[[[36.9139625,25.3124],[36.9227247,25.6578099],[37.11224093029357,25.3124],[36.9139625,25.3124]]]},"properties":{}},{"type":"Feature","geometry":{"type":"Polygon","coordinates":[[[36.5624,26.015525],[36.5762275,26.0727419],[36.708443,26.0259118],[36.5624,26.015525]]]},"properties":{}},{"type":"Feature","geometry":{"type":"Polygon","coordinates":[[[34.96593833192538,29.375029180664068],[34.7768617,28.6713088],[34.8055277,28.5230476],[34.6587081,28.1643182],[34.442747257142855,28.1249],[34.4096749,28.3202129],[34.6269787,28.7306861],[34.7417568,29.3112242],[34.9586222,29.5543015],[35.0012883,29.5173921],[34.96593833192538,29.375029180664068]]]},"properties":{}}]}