{"type":"FeatureCollection","features":[{"type":"Feature","geometry":{"type":"MultiLineString","coordinates":[[[23.59756326676245,35.628154978602026],[23.61175,35.52004999999917],[23.65781000000061,35.4974299999995],[23.721419999999853,35.514080000000774],[23.704410000000394,35.63939000000039],[23.735660000000337,35.69573999999915],[23.77498999999989,35.669879999999466],[23.790339999999674,35.54041999999936],[23.993860000000552,35.512399999999616],[24.086530000000437,35.55496999999917],[24.08168,35.5940300000002],[24.17259000000024,35.58972],[24.203840000000184,35.53816000000012],[24.181479999999283,35.50367999999986],[24.064029999999548,35.48967000000084],[24.187540000000865,35.45050000000083],[24.239530000000684,35.475819999999715],[24.261759999999356,35.36640000000091],[24.290310000000318,35.353740000000585],[24.544599999999207,35.375019999999495],[24.699090000000183,35.42808999999954],[24.955,35.40304],[24.97372999999976,35.432670000000144],[25.047000000000537,35.404920000000914],[25.05211000000054,35.34216000000026],[25.387220000000525,35.33941000000061],[25.43113000000085,35.29442000000029],[25.658760000000314,35.347760000000676],[25.77397000000019,35.34172000000041],[25.727989999999465,35.30277000000035],[25.727720000000772,35.2621],[25.74172,35.29577000000063],[25.76112,35.25671],[25.71559,35.21975000000026],[25.712630000000104,35.16652000000062],[25.72676999999925,35.13214999999957],[25.810820000000604,35.11006000000094],[25.896619999999587,35.18817999999919],[25.95399,35.1849500000007],[26.0245699999997,35.22977],[26.16034000000036,35.19932999999946],[26.31308,35.31828999999931],[26.266470000000538,35.265489999999716],[26.270780000000798,35.20298999999977],[26.316849999999363,35.17815999999954],[26.283180000000414,35.168190000000436],[26.233210000000327,35.03442],[26.11737,34.99547],[25.97352,35.03813000000093],[25.794519999999466,34.9985400000005],[25.38067000000052,34.998659999999404],[25.096020000000863,34.93254],[24.73600000000073,34.920690000000945],[24.759029999999314,35.01561000000049],[24.739830000000552,35.082050000001004],[24.56063,35.10218999999972],[24.3889,35.19308],[24.050279999999418,35.19308],[23.98927999999978,35.22939000000048],[23.83425,35.24733000000015],[23.588180000000648,35.23008999999922],[23.514499999999373,35.305790000000286],[23.547360000000594,35.32183000000089],[23.529049999999245,35.38068000000027],[23.56757,35.42432],[23.5524800000004,35.4625699999998],[23.57834,35.479540000000384],[23.59756326676245,35.628154978602026]]]},"properties":{}},{"type":"Feature","geometry":{"type":"MultiLineString","coordinates":[[[25.717490000000907,34.868430000000444],[25.738760000000184,34.88042999999925],[25.686929999999847,34.871289999999135],[25.717490000000907,34.868430000000444]]]},"properties":{}},{"type":"Feature","geometry":{"type":"MultiLineString","coordinates":[[[25.148059999999532,31.64857999999913],[25.128559999999197,31.722390000000814],[25.03233,31.848330000000715],[25.040360000000874,31.926110000000335],[25.0,31.959000000000742]]]},"properties":{}},{"type":"Feature","geometry":{"type":"MultiLineString","coordinates":[[[30.374630000000252,31.462289999999484],[30.514359999999215,31.45552999999927],[30.97031000000061,31.58242000000064],[30.558360000000903,31.424000000000888],[30.545749999999316,31.390559999999823],[30.629329999999754,31.380310000000463],[30.673969999999827,31.421249999999418],[30.729310000000623,31.38568999999916],[30.79186,31.446029999999155],[30.89575,31.411529999999402],[30.996279999999388,31.4555],[31.02180000000044,31.51657999999952],[31.111629999999423,31.480499999999665],[31.147290000000794,31.50332999999955],[31.046990000000733,31.57054000000062],[31.073060000000623,31.603250000000116],[31.269889999999577,31.562560000000303],[31.563969999999244,31.441059999999197],[31.899419999999736,31.535400000000664],[31.960730000000694,31.498719999999594],[32.04449000000022,31.370709999999235],[32.333590000000186,31.247219999999288],[32.604629999999815,31.058390000000145]],[[30.114260000000286,31.327769999999873],[30.141939999999522,31.271500000000742],[30.252469999999448,31.298969999999827],[30.374369999999544,31.462030000000595]],[[29.133190000000468,30.81567],[29.538000000000466,30.964529999999286],[29.78334,31.14208999999937],[29.82625,31.137329999999565],[29.87889,31.21125000000029],[29.92950000000019,31.218469999999797],[30.10784000000058,31.358290000000125],[30.114509999999427,31.328279999999722]]]},"properties":{}},{"type":"Feature","geometry":{"type":"MultiLineString","coordinates":[[[25.148059999999532,31.64857999999913],[25.16921999999977,31.537469999999303],[25.276490000000194,31.506869999999253],[25.50376999999935,31.52124],[25.91661000000022,31.62658999999985],[26.337799999999334,31.52353000000039],[26.971439999999347,31.443740000000616],[27.084249999999884,31.382110000000466],[27.221639999999752,31.37053999999989],[27.180770000000848,31.361440000000584],[27.33570999999938,31.372729999999137],[27.443450000000666,31.2163],[27.690529999999853,31.177999999999884],[27.86186000000089,31.245639999999185],[27.894529999999577,31.122439999999187],[27.936579999999594,31.09433],[28.31992,31.067189999999755],[28.430560000000696,31.088910000000396],[28.756639999999607,30.984080000000176],[28.980439999999362,30.83270000000084],[29.133190000000468,30.81567]]]},"properties":{}},{"type":"Feature","geometry":{"type":"MultiLineString","coordinates":[[[35.9331600000005,36.880489999999554],[35.79335,36.76550999999927],[35.670249999999214,36.76687999999922],[35.5623599999999,36.71308999999928],[35.55991,36.60494],[35.43159999999989,36.59268999999949],[35.33936,36.53886000000057],[35.33285000000069,36.660579999999754],[34.993389999999636,36.78917]]]},"properties":{}},{"type":"Feature","geometry":{"type":"MultiLineString","coordinates":[[[35.91706999999951,35.92828],[35.98154000000068,36.00884000000042],[35.77963000000091,36.32113000000027],[36.03679999999986,36.53371999999945],[36.19247,36.596809999999095],[36.21407,36.65475999999944],[36.20481,36.7878],[36.12183,36.8807199999992],[36.02720000000045,36.93181],[35.93231000000014,36.87973000000056]]]},"properties":{}},{"type":"Feature","geometry":{"type":"MultiLineString","coordinates":[[[35.91706999999951,35.92828],[35.874550000000454,35.86628000000019],[35.79932999999983,35.854989999999816],[35.8432499999999,35.73975000000064],[35.768410000000586,35.67294000000038],[35.7747,35.60946999999942],[35.7189699999999,35.579859999999826],[35.77049000000079,35.53729000000021],[35.76298999999926,35.50439],[35.831200000000536,35.48891],[35.91444000000047,35.41599999999926],[35.93267999999989,35.257949999999255]]]},"properties":{}},{"type":"Feature","geometry":{"type":"MultiLineString","coordinates":[[[33.27069999999918,34.70881999999983],[33.60373000000078,34.81579000000056],[33.60247999999967,34.90871999999939],[33.629800000000614,34.89718],[33.62344999999925,34.84754000000066],[33.64365999999973,34.9404599999998],[33.716280000000665,34.98025000000064]],[[32.30844000000076,35.00210999999956],[32.315559999999095,34.9011],[32.389820000000384,34.83799999999985],[32.40194,34.75333999999941],[32.63926,34.662570000000414]],[[32.75652000000093,34.65179999999958],[32.85896999999932,34.66853000000094],[32.95584000000048,34.624089999999455],[33.01818,34.64853000000045]],[[33.65279000000015,35.35958000000022],[33.470789999999454,35.33245],[33.075899999999876,35.35304],[32.91995999999938,35.404790000000446],[32.93361999999985,35.261839999999154]],[[32.93419999999969,35.261459999999715],[32.89446999999939,35.173150000000646],[32.83964000000026,35.14351999999974],[32.65003000000081,35.196],[32.56221,35.17041000000063]],[[32.56258999999966,35.17041000000063],[32.40681000000052,35.03886000000057],[32.28266000000076,35.105809999999224],[32.27150000000074,35.04847999999947],[32.30844000000076,35.00249000000082]],[[34.07327000000089,34.99390999999929],[33.907240000000456,35.15783000000016],[33.90569999999934,35.256530000000566],[33.974860000000376,35.3251],[34.063360000000216,35.327219999999215],[34.14465000000018,35.422839999999326],[34.284910000000366,35.47998000000018],[34.436320000000705,35.60118999999952],[34.56310999999914,35.64063],[34.594080000000815,35.69745999999935],[34.242190000000846,35.56135999999981],[34.176680000000545,35.562519999999495],[34.1287799999991,35.50811000000067],[33.97833,35.44788999999946],[33.77197999999947,35.41460000000018],[33.652219999999886,35.35958000000022]]]},"properties":{}},{"type":"Feature","geometry":{"type":"MultiLineString","coordinates":[[[35.93267999999989,35.257949999999255],[35.95368000000053,35.20039999999972],[35.88798999999926,35.10740000000078],[35.89676999999938,35.008130000000165],[35.86148999999932,34.9136],[35.971410000000105,34.64324999999917]]]},"properties":{}},{"type":"Feature","geometry":{"type":"MultiLineString","coordinates":[[[35.97095000000081,34.64465000000018],[35.98655999999937,34.52806000000055],[35.90508000000045,34.47002000000066],[35.8074400000005,34.456060000000434],[35.81994999999915,34.41505999999936],[35.735930000000735,34.376109999999244],[35.7192500000001,34.31471000000056],[35.67847000000074,34.31187999999929],[35.65259999999944,34.225500000000466]]]},"properties":{}},{"type":"Feature","geometry":{"type":"MultiLineString","coordinates":[[[35.65259999999944,34.225500000000466],[35.626539999999295,34.14984999999979],[35.64307999999983,33.9999200000002],[35.548399999999674,33.903259999999136]]]},"properties":{}},{"type":"Feature","geometry":{"type":"MultiLineString","coordinates":[[[35.382550000000265,33.58122999999989],[35.26991000000095,33.42847000000086],[35.20331000000084,33.201859999999215],[35.106270000000336,33.088879999999335]]]},"properties":{}},{"type":"Feature","geometry":{"type":"MultiLineString","coordinates":[[[35.070879999999306,32.86631],[35.02635999999984,32.81356000000051],[34.95427000000018,32.821029999999155],[34.867560000000594,32.41087999999945]]]},"properties":{}},{"type":"Feature","geometry":{"type":"MultiLineString","coordinates":[[[37.60656000000017,45.64531999999963],[37.64869,45.60570999999982],[37.65151999999944,45.50731000000087],[37.625739999999496,45.491900000000896],[37.60625000000073,45.64531999999963]]]},"properties":{}},{"type":"Feature","geometry":{"type":"MultiLineString","coordinates":[[[33.05667,31.19991999999911],[32.92753000000084,31.144280000000435],[33.10657999999967,31.23029999999926],[33.26467000000048,31.21147000000019],[33.11503000000084,31.22758000000067],[33.05667,31.19991999999911]]]},"properties":{}},{"type":"Feature","geometry":{"type":"MultiLineString","coordinates":[[[33.3429500000002,31.19728000000032],[33.47193999999945,31.134140000000116],[33.26714,31.211499999999432],[33.3429500000002,31.19728000000032]]]},"properties":{}},{"type":"Feature","geometry":{"type":"MultiLineString","coordinates":[[[34.21846,31.32690999999977],[33.8705800000007,31.160359999999855],[33.60534,31.11338000000069],[33.44297,31.142079999999623],[33.45991999999933,31.10447000000022],[33.3905,31.113359999999375],[33.41056000000026,31.095079999999143],[33.390299999999115,31.081029999999373],[33.305309999999736,31.09675000000061],[33.36014000000068,31.08564],[33.36141999999927,31.060670000000755],[33.30739,31.058720000000903],[33.28994000000057,31.09194000000025],[33.14169000000038,31.038500000000568],[33.15410999999949,31.079530000000887],[33.10142000000087,31.126580000000104],[33.15759000000071,31.11579999999958],[33.10855000000083,31.18974999999955],[32.954390000000785,31.10131],[33.02874999999949,31.087550000000192],[33.06416999999965,31.12343999999939],[33.01289,31.04714000000058],[32.92656999999963,31.102489999999307],[32.909890000000814,31.067940000000817],[32.92010999999911,31.08567000000039],[32.868169999999736,31.08658],[32.7091,31.02596000000085],[32.66469999999936,31.044690000000628],[32.91983000000073,31.14322],[32.76766999999927,31.0751],[32.604629999999815,31.05859000000055]]]},"properties":{}},{"type":"Feature","geometry":{"type":"MultiLineString","coordinates":[[[49.466889999999694,40.0],[49.41541999999936,39.939329999999245],[49.44228,39.85852999999952],[49.388310000000274,39.79092],[49.419809999999416,39.69669000000067],[49.33280999999988,39.644749999999476],[49.27788999999939,39.496030000000246],[49.302309999999125,39.44694999999956],[49.41114000000016,39.3785599999992],[49.40368999999919,39.303970000000845],[49.43928000000051,39.273919999999634],[49.37889,39.27477999999974],[49.32003000000077,39.32785999999942],[49.256830000000264,39.3174199999994],[49.196029999999155,39.02277999999933],[49.10044000000016,38.9388],[49.054,38.955700000000434],[49.1823600000007,39.04099999999926],[49.20628000000033,39.094279999999344],[49.155829999999696,39.12117000000035],[49.09742,39.099529999999504],[49.09689000000071,39.13882999999987],[49.019389999999476,39.21578000000045],[48.94539000000077,39.15733],[48.91829999999936,39.053970000000845],[48.94678000000022,39.01421999999911],[48.93633000000045,38.93902999999955],[48.866830000000846,38.85647000000063],[48.82152999999926,38.867809999999736],[48.87082999999984,38.7493599999998],[48.87942,38.4369999999999]]]},"properties":{}},{"type":"Feature","geometry":{"type":"MultiLineString","coordinates":[[[48.87942,38.4369999999999],[48.86453000000074,38.295829999999114],[48.9325800000006,37.9008900000008],[49.003969999999754,37.72672000000057],[49.07481,37.653190000000905],[49.2242499999993,37.55568999999923],[49.46263999999974,37.47436000000016],[49.83445000000029,37.44286],[49.94344,37.467280000000756],[49.9625300000007,37.44427999999971],[49.93678,37.440780000000814],[49.99208,37.41686],[50.19944000000032,37.38536000000022],[50.29903000000013,37.1554500000002],[50.60135000000082,36.9677300000003]]]},"properties":{}},{"type":"Feature","geometry":{"type":"MultiLineString","coordinates":[[[32.64528000000064,29.786079999999856],[32.60974999999962,29.818419999999605],[32.63289000000077,29.86938999999984],[32.56228999999985,29.92382],[32.5646799999995,29.95310000000063]]]},"properties":{}},{"type":"Feature","geometry":{"type":"MultiLineString","coordinates":[[[32.564000000000306,29.95310000000063],[32.477530000000115,29.936030000000756],[32.45852999999988,29.88947],[32.50819000000047,29.855170000000726],[32.361000000000786,29.680500000000393],[32.34132999999929,29.588439999999537],[32.57288999999946,29.37380999999914],[32.65781000000061,29.119489999999132]]]},"properties":{}},{"type":"Feature","geometry":{"type":"MultiLineString","coordinates":[[[34.622699999999895,28.027140000000145],[34.60972000000038,28.099640000000363],[34.57871999999952,28.08980999999949],[34.57829999999922,28.113250000000335],[34.63532999999916,28.178579999999783],[34.65949999999975,28.168610000000626],[34.64636000000064,28.192670000000362],[34.806249999999636,28.523559999999634],[34.77578,28.66374999999971],[34.83408000000054,28.81145],[34.82577999999921,28.88525]]]},"properties":{}},{"type":"Feature","geometry":{"type":"MultiLineString","coordinates":[[[34.55067000000054,27.913829999999507],[34.50382999999965,27.9429999999993],[34.5018,28.001580000000104],[34.55405000000064,28.001220000000103],[34.5054999999993,27.99011000000064],[34.52900000000045,27.9636100000007],[34.58495000000039,27.96828]]]},"properties":{}},{"type":"Feature","geometry":{"type":"MultiLineString","coordinates":[[[34.89006999999947,29.48934],[34.74214000000029,29.30522000000019],[34.73655999999937,29.201779999999417],[34.69000000000051,29.154560000000856],[34.66382999999951,29.042359999999462],[34.6872199999998,28.983689999999115],[34.64183000000048,28.942559999999503],[34.628749999999854,28.730279999999766],[34.41424999999981,28.32256000000052],[34.4126899999992,28.23164],[34.45195000000058,28.168470000000525],[34.44311000000016,28.025970000000598],[34.36217000000033,27.913500000000568]]]},"properties":{}},{"type":"Feature","geometry":{"type":"MultiLineString","coordinates":[[[32.64528000000064,29.786079999999856],[32.69702999999936,29.729],[32.67783000000054,29.595219999999244],[32.72578000000067,29.54817],[32.7172300000002,29.447369999999864],[32.737559999999576,29.475580000000264],[32.81847000000016,29.395829999999478],[32.82753000000048,29.315679999999702],[32.88546999999926,29.233299999999872],[33.17902999999933,29.000640000000203],[33.17182999999932,28.85649999999987],[33.22953000000052,28.764170000000377],[33.19710999999916,28.66856],[33.24136,28.55233000000044],[33.4330800000007,28.364779999999882],[33.56414000000041,28.29169],[33.763639999999214,28.01994999999988],[33.875700000000506,27.93301000000065],[33.91639000000032,27.939220000000205],[34.05969999999979,27.80999999999949],[34.193779999999606,27.78208000000086],[34.245530000000144,27.72372]]]},"properties":{}},{"type":"Feature","geometry":{"type":"MultiLineString","coordinates":[[[33.77650999999969,27.550579999999172],[33.80510999999933,27.577719999999317],[33.76043000000027,27.62822000000051],[33.73957,27.586489999999685],[33.77616999999918,27.55160000000069]]]},"properties":{}},{"type":"Feature","geometry":{"type":"MultiLineString","coordinates":[[[34.04247000000032,27.45464],[33.96107999999913,27.535830000000715],[33.917419999999765,27.5263900000009],[34.030220000000554,27.445550000000367]]]},"properties":{}},{"type":"Feature","geometry":{"type":"MultiLineString","coordinates":[[[32.65781000000061,29.119489999999132],[32.62010999999984,28.980830000000424],[32.73625,28.815440000000308],[32.813389999999345,28.763170000000173],[32.86614,28.571169999999256],[33.02616999999918,28.462859999999637],[33.2453600000008,28.144829999999274],[33.342469999999594,28.05305000000044],[33.488139999999476,27.98464000000058],[33.5622199999998,27.88803],[33.58872999999949,27.791579999999158],[33.48845000000074,27.83577999999943],[33.469709999999395,27.81086999999934],[33.5248100000008,27.7501400000001],[33.557950000000346,27.758190000000468],[33.527830000000904,27.709279999999126],[33.59657999999945,27.641499999999724],[33.5313900000001,27.682220000000598],[33.49741999999969,27.648890000000392],[33.55316,27.592169999999896],[33.55862999999954,27.528889999999592],[33.65364000000045,27.44514]]]},"properties":{}},{"type":"Feature","geometry":{"type":"MultiLineString","coordinates":[[[34.622699999999895,28.027140000000145],[34.687949999999546,28.136389999999665],[34.75394000000051,28.10342],[34.7415,28.061999999999898],[34.811390000000756,28.11103],[34.8059200000007,28.07172],[34.86578,28.112859999999273],[34.853549999999814,28.071470000000772],[34.998890000000756,28.11103],[35.023559999999634,28.089749999999185],[35.01723999999922,28.120790000000852]]]},"properties":{}},{"type":"Feature","geometry":{"type":"MultiLineString","coordinates":[[[35.20564000000013,27.9213],[35.232780000000275,27.93557999999939],[35.1587,27.994720000000598],[35.20564000000013,27.9213]]]},"properties":{}},{"type":"Feature","geometry":{"type":"MultiLineString","coordinates":[[[34.7186899999997,27.904749999999694],[34.68355999999949,27.94247],[34.65316999999959,27.92208000000028],[34.663080000000264,27.94672],[34.726440000000366,27.945439999999508],[34.7186899999997,27.904749999999694]]]},"properties":{}},{"type":"Feature","geometry":{"type":"MultiLineString","coordinates":[[[34.36217000000033,27.913500000000568],[34.330260000000635,27.9090699999997],[34.3165599999993,27.847669999999198],[34.27211999999963,27.85161],[34.26049000000057,27.791409999999814],[34.20679000000018,27.78628000000026],[34.255699999999706,27.764390000000276],[34.245530000000144,27.72372]]]},"properties":{}},{"type":"Feature","geometry":{"type":"MultiLineString","coordinates":[[[33.90049999999974,27.235969999999725],[33.96133,27.186639999999898],[33.924440000000686,27.260259999999107],[33.90049999999974,27.23632]]]},"properties":{}},{"type":"Feature","geometry":{"type":"MultiLineString","coordinates":[[[33.99468999999954,26.706389999999374],[33.99272000000019,26.76608],[33.95660999999927,26.790059999999357],[33.99468999999954,26.706389999999374]]]},"properties":{}},{"type":"Feature","geometry":{"type":"MultiLineString","coordinates":[[[36.11521999999968,26.589830000000802],[36.083559999999125,26.63456000000042],[36.01539000000048,26.64292000000023],[36.11521999999968,26.589830000000802]]]},"properties":{}},{"type":"Feature","geometry":{"type":"MultiLineString","coordinates":[[[36.427809999999226,26.179190000000744],[36.39705999999933,26.18203],[36.40222,26.160389999999097],[36.36197,26.18547000000035],[36.427809999999226,26.179190000000744]]]},"properties":{}},{"type":"Feature","geometry":{"type":"MultiLineString","coordinates":[[[36.457360000000335,26.128059999999095],[36.46039000000019,26.178110000000743],[36.40839000000051,26.168859999999768],[36.457360000000335,26.128059999999095]]]},"properties":{}},{"type":"Feature","geometry":{"type":"MultiLineString","coordinates":[[[36.603220000000874,25.69557999999961],[36.57338999999956,25.77299999999923],[36.557559999999285,25.737779999999475],[36.54750000000058,25.770249999999578],[36.58332999999948,25.850529999999708],[36.61614,25.85757999999987],[36.58986,25.86724999999933],[36.534309999999095,25.793079999999463],[36.54570000000058,25.717220000000452],[36.603220000000874,25.69557999999961]]]},"properties":{}},{"type":"Feature","geometry":{"type":"MultiLineString","coordinates":[[[36.668610000000626,25.54414],[36.68232999999964,25.569499999999607],[36.53089,25.631690000000162],[36.539779999999155,25.71061],[36.49152999999933,25.620999999999185],[36.668610000000626,25.54414]]]},"properties":{}},{"type":"Feature","geometry":{"type":"MultiLineString","coordinates":[[[36.84072000000015,25.528669999999693],[36.87211000000025,25.55127999999968],[36.85038999999961,25.57217],[36.84072000000015,25.528669999999693]]]},"properties":{}},{"type":"Feature","geometry":{"type":"MultiLineString","coordinates":[[[36.91554999999971,25.563669999999547],[36.930309999999736,25.550170000000435],[36.91916999999921,25.60678],[36.89827999999943,25.539969999999812],[36.938169999999445,25.51611000000048],[36.91554999999971,25.563669999999547]]]},"properties":{}},{"type":"Feature","geometry":{"type":"MultiLineString","coordinates":[[[36.965360000000146,25.490390000000843],[36.99013999999988,25.488890000000538],[36.95411000000058,25.51525000000038],[36.93738999999914,25.49683],[36.965360000000146,25.490390000000843]]]},"properties":{}},{"type":"Feature","geometry":{"type":"MultiLineString","coordinates":[[[36.750309999999445,25.47768999999971],[36.68974999999955,25.55428000000029],[36.7865299999994,25.524639999999636],[36.698529999999664,25.56981000000087],[36.67820000000029,25.539919999999256],[36.750309999999445,25.47768999999971]]]},"properties":{}},{"type":"Feature","geometry":{"type":"MultiLineString","coordinates":[[[36.83589000000029,25.488750000000437],[36.85419,25.45780999999988],[36.7756700000009,25.505919999999605],[36.83589000000029,25.488750000000437]]]},"properties":{}},{"type":"Feature","geometry":{"type":"MultiLineString","coordinates":[[[36.9648300000008,25.455],[36.9747499999994,25.420640000000276],[37.02186000000074,25.427890000000843],[37.00072,25.468779999999242],[36.958559999999125,25.472719999999754],[36.94391999999971,25.43844],[36.9648300000008,25.455]]]},"properties":{}},{"type":"Feature","geometry":{"type":"MultiLineString","coordinates":[[[36.66475,25.41961000000083],[36.67915999999968,25.405389999999898],[36.63375000000087,25.524939999999333],[36.586779999999635,25.556140000000596],[36.66475,25.41961000000083]]]},"properties":{}},{"type":"Feature","geometry":{"type":"MultiLineString","coordinates":[[[36.89725,25.35128000000077],[36.96099999999933,25.412529999999606],[36.9074700000001,25.378469999999652],[36.91489,25.420860000000175],[36.83472000000074,25.437809999999445],[36.782499999999345,25.485640000000785],[36.89725,25.35128000000077]]]},"properties":{}},{"type":"Feature","geometry":{"type":"MultiLineString","coordinates":[[[35.201059999999416,28.025359999999637],[35.17110999999932,27.993609999999535],[35.26635999999962,27.950999999999112],[35.34970000000067,27.856050000000323],[35.35719000000063,27.79947],[35.43517000000065,27.76433],[35.481799999999566,27.65542],[35.53053,27.6197800000009],[35.53917,27.52421999999933],[35.59747000000061,27.42743999999948],[35.74358000000029,27.32264000000032],[35.80342000000019,27.23567],[35.80478000000039,27.113219999999274],[35.97314,26.968360000000757],[36.02233999999953,26.87511000000086],[36.045500000000175,26.896389999999883],[36.10056000000077,26.73531],[36.253280000000814,26.60858],[36.37814000000071,26.345690000000104],[36.469779999999446,26.22833],[36.498170000000755,26.11555000000044],[36.574140000000625,26.060499999999593],[36.70442,26.02968999999939],[36.700919999999314,25.925250000000233],[36.64780000000064,25.852720000000772],[36.70067000000017,25.81847000000016],[36.71596999999929,25.739779999999882],[36.798689999999624,25.708889999999883],[36.80185999999958,25.75822],[36.87217000000055,25.67022],[36.935670000000755,25.64703],[37.00214000000051,25.49656],[37.074860000000626,25.43989],[37.07011000000057,25.409390000000712],[37.05139000000054,25.423860000000786],[37.12018999999964,25.298109999999724],[37.248310000000856,25.16878],[37.26719000000048,25.10747000000083],[37.24417,25.07014],[37.279780000000756,25.0]]]},"properties":{}},{"type":"Feature","geometry":{"type":"MultiLineString","coordinates":[[[37.06085999999959,24.95752999999968],[37.11642000000029,24.954530000000887],[37.07825000000048,24.993800000000192],[37.06085999999959,24.95752999999968]]]},"properties":{}},{"type":"Feature","geometry":{"type":"MultiLineString","coordinates":[[[33.65364000000045,27.44514],[33.71529,27.316349999999147],[33.84743999999955,27.249470000000656],[33.83274999999958,27.11053],[33.89741999999933,27.0649599999997],[33.90118000000075,26.99142000000029],[33.9686099999999,26.89502999999968],[33.99510999999984,26.898670000000493],[34.00583999999981,26.85016],[33.96564000000035,26.861829999999827],[33.94485999999961,26.82668999999987],[33.936499999999796,26.667859999999564],[34.017690000000584,26.612670000000435],[34.43102999999974,25.838190000000395],[34.54005,25.74663999999939],[34.63853000000017,25.57871999999952],[34.70036000000073,25.400980000000345],[34.94496000000072,25.000850000000355],[35.0,24.821389999999155]]]},"properties":{}},{"type":"Feature","geometry":{"type":"MultiLineString","coordinates":[[[37.279780000000756,25.0],[37.26188999999977,24.86403000000064],[37.1515,24.83314000000064],[37.19633000000067,24.776079999999638],[37.23149999999987,24.79077999999936],[37.224889999999505,24.70825],[37.29659,24.671220000000176],[37.32183000000077,24.62178],[37.33866999999918,24.637810000000172],[37.38355000000047,24.53943000000072]]]},"properties":{}},{"type":"Feature","geometry":{"type":"MultiLineString","coordinates":[[[35.37335999999959,24.39538999999968],[35.38927999999942,24.37706000000071],[35.37925,24.423140000000785],[35.37335999999959,24.39538999999968]]]},"properties":{}},{"type":"Feature","geometry":{"type":"MultiLineString","coordinates":[[[35.0,24.821389999999155],[35.07677999999942,24.746440000000803],[35.11106,24.60995],[35.168330000000424,24.56355000000076],[35.14235,24.506419999999707],[35.38955999999962,24.28233],[35.49893999999949,24.10411000000022],[35.4947200000006,24.139419999999518],[35.55488999999943,24.11161],[35.60792000000038,24.02075],[35.722169999999096,23.99283],[35.79397000000063,23.907030000000304],[35.745170000000144,23.93738999999914],[35.69439000000057,23.91164000000026],[35.60463999999956,23.92756],[35.56524999999965,23.956920000000537],[35.51405999999952,23.926079999999274],[35.5576400000009,23.96103000000039],[35.51032999999916,23.97867000000042],[35.474560000000565,23.93018999999913],[35.50203,23.730690000000322]]]},"properties":{}},{"type":"Feature","geometry":{"type":"MultiLineString","coordinates":[[[37.38355000000047,24.53943000000072],[37.462390000000596,24.433139999999185],[37.42711000000054,24.367389999999432],[37.518920000000435,24.27030999999988],[37.61975,24.246189999999842],[37.613579999999274,24.28874999999971],[37.691500000000815,24.294309999999314],[37.86367000000064,24.14789000000019],[37.92231,24.144060000000536],[37.9105,24.197469999999157],[37.94744,24.206420000000435],[37.93389000000025,24.159639999999854],[37.98855999999978,24.156530000000203],[37.936139999999796,24.137360000000626],[38.03291999999965,24.066000000000713],[38.07899999999972,24.07194999999956],[38.35786,23.87227999999959],[38.459860000000845,23.770669999999882],[38.532859999999346,23.543719999999666],[38.58374999999978,23.52327999999943],[38.55289000000084,23.561970000000656],[38.6001899999992,23.57172],[38.6389,23.42202]]]},"properties":{}},{"type":"Feature","geometry":{"type":"MultiLineString","coordinates":[[[35.72085999999945,23.191109999999753],[35.69228,23.240359999999782],[35.58403,23.22592000000077],[35.61696999999913,23.201559999999517],[35.5998,23.215109999999186],[35.676330000000235,23.22386],[35.72085999999945,23.191109999999753]]]},"properties":{}},{"type":"Feature","geometry":{"type":"MultiLineString","coordinates":[[[35.62335999999959,23.14689],[35.57322000000022,23.221639999999752],[35.558279999999286,23.375500000000102],[35.48739000000023,23.492889999999534],[35.50891000000047,23.697690000000875]]]},"properties":{}},{"type":"Feature","geometry":{"type":"MultiLineString","coordinates":[[[38.6389,23.42202],[38.69764000000032,23.25764],[38.79932999999983,23.124579999999696],[38.78141999999934,23.033190000000104],[38.81495,22.974029999999402],[38.835580000000846,22.996859999999288],[38.914670000000115,22.964780000000246]]]},"properties":{}},{"type":"Feature","geometry":{"type":"MultiLineString","coordinates":[[[38.92547000000013,22.89075000000048],[38.9417,22.87706000000071],[38.91369999999915,22.907170000000406],[38.92547000000013,22.89075000000048]]]},"properties":{}},{"type":"Feature","geometry":{"type":"MultiLineString","coordinates":[[[36.19139,22.78903],[36.20930000000044,22.810750000000553],[36.24453,22.78385999999955],[36.19139,22.78903]]]},"properties":{}},{"type":"Feature","geometry":{"type":"MultiLineString","coordinates":[[[36.62774999999965,22.251389999999446],[36.64408,22.282139999999345],[36.65853000000061,22.247419999999693],[36.62774999999965,22.251389999999446]]]},"properties":{}},{"type":"Feature","geometry":{"type":"MultiLineString","coordinates":[[[38.94836000000032,21.948080000000118],[38.97917000000052,21.95516999999927],[38.956780000000435,21.915139999999155],[38.94100000000071,22.02788999999939],[38.94836000000032,21.948080000000118]]]},"properties":{}},{"type":"Feature","geometry":{"type":"MultiLineString","coordinates":[[[35.62335999999959,23.14689],[35.66907999999967,22.941000000000713],[35.687079999999696,22.959969999999885],[35.75992000000042,22.845110000000204],[35.71696999999949,22.921189999999115],[35.758669999999256,22.909170000000813],[35.77844999999979,22.829390000000785],[35.79255999999987,22.84411],[35.8436700000002,22.762440000000424],[35.94275000000016,22.71622000000025],[35.94597000000067,22.6821400000008],[36.18449999999939,22.655860000000757],[36.25360999999975,22.60903],[36.30969999999979,22.48711],[36.424450000000434,22.42339],[36.434440000000905,22.360749999999825],[36.57214000000022,22.29229999999916],[36.718080000000555,22.162669999999707],[36.76703000000089,22.173640000000887],[36.89111000000048,22.064140000000407],[36.85688999999911,21.975469999999405],[36.87831,21.837030000000595],[36.848470000000816,21.834279999999126],[36.88228,21.82791999999972],[36.854559999999765,21.78853],[36.89360999999917,21.729859999999462],[36.88550000000032,21.640470000000278],[36.966449999999895,21.504469999999856],[36.944690000000264,21.48438999999962],[36.970139999999446,21.49561],[37.01317000000017,21.42617000000064],[36.97257999999965,21.395920000000842],[37.01130999999987,21.41699999999946],[37.055529999999635,21.36131000000023],[36.999219999999696,21.349280000000363],[37.057950000000346,21.35378],[37.15777999999955,21.24069000000054]]]},"properties":{}},{"type":"Feature","geometry":{"type":"MultiLineString","coordinates":[[[38.914670000000115,22.964780000000246],[38.9733899999992,22.863059999999678],[38.954939999999624,22.842140000000654],[38.83097000000089,22.964250000000902],[38.98094999999921,22.738750000000437],[39.024639999999636,22.75775000000067],[38.986360000000786,22.72530999999981],[39.08170000000064,22.550810000000638],[39.069830000000366,22.400690000000395],[39.09245,22.360140000000683],[39.118280000000595,22.381170000000566],[39.10331000000042,22.40553],[39.13746999999967,22.399810000000798],[39.07474999999977,22.341050000000905],[39.076419999999416,22.255189999999857],[39.03425000000061,22.195079999999507],[39.01513999999952,22.099969999999303],[39.04588999999942,22.162889999999607],[39.04977999999937,22.06093999999939],[38.97494999999981,21.9728099999993],[39.04442000000017,21.83368999999948],[38.946169999999256,21.913109999999506],[39.08146999999917,21.70233],[39.13750000000073,21.76241999999911],[39.08599999999933,21.680809999999838],[39.11341,21.53161],[39.173829999999725,21.4987],[39.15694000000076,21.4639700000007],[39.19117,21.40839000000051],[39.10664,21.29736000000048],[39.16749999999956,21.213190000000395],[39.17114000000038,21.15303],[39.19431000000077,21.17449999999917],[39.18232999999964,21.12536],[39.26375,21.033610000000408],[39.28144000000066,20.96122],[39.36982999999964,20.902169999999387]]]},"properties":{}},{"type":"Feature","geometry":{"type":"MultiLineString","coordinates":[[[37.15777999999955,21.24069000000054],[37.31500000000051,21.063889999999446],[37.24953,20.998610000000554],[37.197690000000875,21.10295000000042],[37.27477999999974,21.044330000000627],[37.23269000000073,21.137029999999868],[37.16142000000036,21.146969999999783],[37.16374999999971,21.211170000000493],[37.105530000000726,21.21660999999949],[37.12860999999975,21.08661000000029],[37.087390000000596,21.055920000000697],[37.154060000000754,20.932310000000143],[37.17561000000023,20.68844],[37.23735999999917,20.53939],[37.23416999999972,20.46158],[37.185199999999895,20.451859999999215],[37.2144700000008,20.08422000000064],[37.175530000000435,20.007799999999406],[37.266670000000886,19.840609999999288],[37.23606,19.603220000000874],[37.19750000000022,19.63858000000073],[37.22233000000051,19.621859999999288]]]},"properties":{}},{"type":"Feature","geometry":{"type":"MultiLineString","coordinates":[[[48.40422000000035,29.408830000000307],[48.39013999999952,29.39061000000038],[48.27036000000044,29.4317800000008],[48.31518999999935,29.47264],[48.40422000000035,29.408830000000307]]]},"properties":{}},{"type":"Feature","geometry":{"type":"MultiLineString","coordinates":[[[47.86015000000043,29.318740000000616],[47.8215,29.359329999999318],[47.87325000000055,29.385529999999562],[47.70428,29.3757999999998],[47.97581,29.56999999999971],[48.104419999999664,29.557329999999638],[48.130960000000414,29.519850000000588],[48.194830000000366,29.512140000000727]]]},"properties":{}},{"type":"Feature","geometry":{"type":"MultiLineString","coordinates":[[[48.11084999999912,29.21332000000075],[48.10132999999951,29.347830000000613],[48.05595,29.33813999999984],[48.01095999999961,29.370950000000448]]]},"properties":{}},{"type":"Feature","geometry":{"type":"MultiLineString","coordinates":[[[48.431469999999536,28.53564],[48.38882999999987,28.613030000000435],[48.39885999999933,28.737530000000334],[48.3073600000007,28.766139999999723],[48.29319000000032,28.874690000000555],[48.18822,28.95291999999972],[48.11084999999912,29.21332000000075]]]},"properties":{}},{"type":"Feature","geometry":{"type":"MultiLineString","coordinates":[[[48.82217,27.769000000000233],[48.842060000000856,27.79247000000032],[48.820920000000115,27.74785999999949],[48.82217,27.769000000000233]]]},"properties":{}},{"type":"Feature","geometry":{"type":"MultiLineString","coordinates":[[[48.87133,27.798440000000483],[48.84677999999985,27.72211000000061],[48.89596999999958,27.76433],[48.888779999999315,27.83314000000064],[48.75033000000076,27.95930000000044],[48.79754999999932,27.994810000000143],[48.69533000000047,28.01886000000013],[48.63191999999981,28.073420000000624],[48.61017,28.12782999999945],[48.635190000000875,28.19753],[48.51780999999937,28.327390000000378],[48.54600000000028,28.403689999999187],[48.47353,28.379000000000815],[48.52299999999923,28.41721999999936],[48.501280000000406,28.491609999999127],[48.431469999999536,28.53564]]]},"properties":{}},{"type":"Feature","geometry":{"type":"MultiLineString","coordinates":[[[49.620530000000144,27.06474999999955],[49.57166999999936,27.137000000000626],[49.58597,27.178439999999682],[49.5046999999995,27.160970000000816],[49.539310000000114,27.10858],[49.45195000000058,27.114779999999882],[49.44710999999916,27.1515],[49.42208000000028,27.110829999999623],[49.38496999999916,27.14919],[49.3796399999992,27.124690000000555],[49.42100000000028,27.194279999999708],[49.37263999999959,27.189500000000407],[49.35966,27.15207999999984],[49.358469999999215,27.19203000000016],[49.33446999999978,27.176139999999577],[49.32536000000073,27.323669999999765],[49.22933000000012,27.311170000000857],[49.24021999999968,27.365499999999884],[49.279420000000755,27.383169999999154],[49.24180999999953,27.404969999999594],[49.21378,27.370919999999387],[49.13666999999987,27.40769],[49.19014000000061,27.444139999999607],[49.19175,27.415890000000218],[49.22588999999971,27.443919999999707],[49.283079999999245,27.431300000000192],[49.305169999999634,27.460559999999532],[49.31572000000051,27.41711000000032],[49.313060000000405,27.47197000000051],[49.25922,27.52408],[49.10407999999916,27.539559999999256],[48.97264,27.621030000000246],[48.90897000000041,27.55847],[48.92108,27.62133],[48.850689999999304,27.60092000000077],[48.85461000000032,27.62569000000076],[48.881139999999505,27.60722],[48.861440000000584,27.637109999999666],[48.89071999999942,27.682220000000598],[48.85413999999946,27.65258],[48.82338999999956,27.740250000000742],[48.79069999999956,27.71111000000019],[48.81728,27.817080000000715],[48.87133,27.798440000000483]]]},"properties":{}},{"type":"Feature","geometry":{"type":"MultiLineString","coordinates":[[[29.675719999999274,45.216920000000755],[29.633390000000873,45.227419999999256],[29.6552,45.16708],[29.610399999999572,45.162239999999656],[29.67485999999917,45.1628]]]},"properties":{}},{"type":"Feature","geometry":{"type":"MultiLineString","coordinates":[[[0.512150000000474,52.96158],[0.331949999999779,52.69514999999956],[0.325759999999718,52.727600000000166],[0.274600000000646,52.70988000000034],[0.289779999999155,52.747269999999844],[0.15737000000081,52.69919999999911],[0.121380000000499,52.79900000000089],[-0.095789999999397,52.811649999999645],[-0.142589999999473,52.95305999999982],[-0.097610000000714,52.97808000000077],[0.008789999999863,52.949570000000676],[0.23229,53.09643],[0.334619999999632,53.1281999999992],[0.355980000000272,53.19561000000067],[0.316059999999197,53.28753999999935],[0.158910000000105,53.4750499999991],[0.039720000000671,53.50958],[-0.30213,53.71018],[-0.54263,53.67475999999988],[-0.61783,53.70597000000089],[-0.694579999999405,53.691070000000764]]]},"properties":{}},{"type":"Feature","geometry":{"type":"MultiLineString","coordinates":[[[-3.073609999999462,53.25214000000051],[-3.09886,53.25331],[-3.057609999999841,53.22422999999981],[-3.31420000000071,53.356620000000476],[-3.622110000000248,53.291839999999866],[-3.877360000000408,53.33995],[-3.800499999999374,53.27766999999949],[-3.811139999999796,53.23454],[-3.84577,53.29733],[-4.200419999999212,53.2119500000008],[-4.315000000000509,53.10081999999966],[-4.343179999999847,53.11984999999913],[-4.356069999999818,53.032900000000154],[-4.649199999999837,52.9061700000002],[-4.767009999999573,52.794190000000526],[-4.60333,52.82502000000022],[-4.528899999999339,52.77707999999984],[-4.486020000000281,52.79563000000053],[-4.506670000000668,52.82719999999972],[-4.465749999999389,52.86865000000034],[-4.391139999999723,52.895730000000185],[-4.056699999999182,52.92323000000033],[-4.151200000000244,52.89715000000069],[-4.116169999999329,52.831169999999474],[-4.151700000000346,52.81064999999944],[-4.054249999999229,52.7199899999996],[-3.935639999999694,52.74988999999914],[-4.051199999999881,52.71558999999979],[-4.130139999999301,52.61336999999912],[-4.093249999999898,52.60628999999972],[-4.123639999999796,52.60472999999911],[-4.069059999999808,52.542279999999664],[-4.025719999999637,52.54594999999972]]]},"properties":{}},{"type":"Feature","geometry":{"type":"MultiLineString","coordinates":[[[-6.40063,52.182810000000245],[-6.390040000000226,52.217070000000604],[-6.40776,52.18477999999959],[-6.498999999999796,52.19022000000041],[-6.442660000000615,52.19886000000042],[-6.488279999999577,52.21133],[-6.592580000000453,52.171329999999216],[-6.703,52.21580999999969],[-6.63069,52.20317000000068],[-6.65114,52.22185999999965],[-6.804050000000643,52.212139999999636],[-6.760780000000523,52.26447],[-6.83361,52.22863999999936],[-6.825689999999668,52.173109999999724],[-6.93055,52.1241399999999],[-6.90303,52.201059999999416],[-6.996440000000803,52.280249999999796]]]},"properties":{}},{"type":"Feature","geometry":{"type":"MultiLineString","coordinates":[[[-7.865859999999884,52.00210999999945],[-7.88467,51.99255000000085],[-7.833749999999782,51.972499999999854],[-7.83072,51.94175],[-7.727310000000216,51.94122000000061],[-7.703810000000885,51.974780000000464],[-7.5889700000007,51.99192000000039],[-7.537560000000667,52.05428000000029],[-7.59044,52.05197000000044],[-7.61089,52.08400000000074],[-7.645609999999579,52.06214],[-7.617969999999332,52.0885],[-7.639610000000175,52.10511000000042],[-7.553830000000744,52.07795000000078],[-7.439469999999346,52.128969999999754],[-7.089640000000145,52.151200000000244],[-7.109329999999318,52.17019000000073],[-7.064940000000206,52.15983000000051],[-7.106439999999566,52.126969999999346],[-7.021810000000187,52.13369000000057],[-6.948720000000321,52.178610000000845],[-6.980610000000524,52.18633000000045],[-6.988300000000891,52.27100000000064]]]},"properties":{}},{"type":"Feature","geometry":{"type":"MultiLineString","coordinates":[[[-4.02596000000085,52.54571000000033],[-3.94463,52.55724],[-4.059020000000601,52.53046],[-4.088820000000851,52.39798999999948],[-4.211900000000242,52.26188999999977],[-4.379559999999401,52.215399999999136],[-4.515439999999217,52.136210000000574],[-4.687400000000707,52.12917000000016],[-4.680169999999634,52.08676999999989],[-4.727860000000874,52.11737],[-4.83698,52.05055],[-4.831920000000537,52.02067999999963],[-4.90985,52.0347899999997],[-4.969880000000558,52.0006599999997],[-5.07148000000052,52.029490000000806],[-5.086380000000645,51.9696299999996],[-5.314350000000559,51.90317999999934]]]},"properties":{}},{"type":"Feature","geometry":{"type":"MultiLineString","coordinates":[[[-8.310499999999593,51.89139000000068],[-8.335189999999784,51.88089000000036],[-8.319830000000366,51.845139999999446],[-8.207500000000437,51.87766999999985],[-8.310499999999593,51.89139000000068]]]},"properties":{}},{"type":"Feature","geometry":{"type":"MultiLineString","coordinates":[[[-8.310499999999593,51.89139000000068],[-8.17497,51.9012500000008],[-8.214060000000245,51.867309999999634],[-8.176810000000842,51.862999999999374],[-8.256939999999304,51.83105000000069],[-8.260220000000118,51.79546999999911],[-8.069279999999708,51.81116],[-8.0085,51.82771999999932],[-8.011940000000322,51.858000000000175],[-7.871610000000146,51.88283000000047],[-7.931780000000799,51.90342000000055],[-7.848,51.9440799999993],[-7.888890000000174,51.99539],[-7.86967,52.005810000000565]]]},"properties":{}},{"type":"Feature","geometry":{"type":"MultiLineString","coordinates":[[[-5.314350000000559,51.90317999999934],[-5.29486,51.89499000000069],[-5.319330000000264,51.86126999999942],[-5.119800000000396,51.84922],[-5.10786,51.77519000000029],[-5.252420000000711,51.74015999999938],[-5.176170000000639,51.68218999999954],[-5.14897000000019,51.70269],[-5.167709999999715,51.72530999999981],[-4.932129999999233,51.70966000000044]]]},"properties":{}},{"type":"Feature","geometry":{"type":"MultiLineString","coordinates":[[[-8.53375000000051,51.666049999999814],[-8.510469999999259,51.70481],[-8.59693999999945,51.698309999999765],[-8.637500000000728,51.74102999999923],[-8.596110000000408,51.702219999999215],[-8.507190000000264,51.70838999999978],[-8.494109999999637,51.67739000000074],[-8.451670000000377,51.69683000000077],[-8.49033000000054,51.719419999999445],[-8.44047,51.68884000000071],[-8.341420000000653,51.720470000000205],[-8.301030000000537,51.770220000000336],[-8.34878000000026,51.76775000000089],[-8.278829999999289,51.81116],[-8.39108,51.8167799999992],[-8.296140000000378,51.81043999999929],[-8.35128000000077,51.841780000000654],[-8.340360000000146,51.87746999999945],[-8.434919999999693,51.88199999999961],[-8.391830000000482,51.89430999999968],[-8.436309999999139,51.90505999999914],[-8.288940000000366,51.908079999999245],[-8.310499999999593,51.89139000000068]]]},"properties":{}},{"type":"Feature","geometry":{"type":"MultiLineString","coordinates":[[[-4.932129999999233,51.70966000000044],[-4.887930000000779,51.732640000000174],[-4.938159999999698,51.76939999999922],[-4.85722,51.78601999999955],[-4.89552,51.740490000000136],[-4.834580000000642,51.72603999999956],[-4.861670000000231,51.71987000000081],[-4.840840000000753,51.693999999999505],[-4.885039999999208,51.71697999999924],[-4.976329999999507,51.686289999999644],[-4.938640000000305,51.67475000000013],[-5.124589999999444,51.680669999999736],[-5.062060000000201,51.6598699999995],[-5.059559999999692,51.62061],[-4.925149999999121,51.59614]]]},"properties":{}},{"type":"Feature","geometry":{"type":"MultiLineString","coordinates":[[[-9.41986,51.48063999999977],[-9.39636000000064,51.4749699999993],[-9.44706000000042,51.456420000000435],[-9.41986,51.48063999999977]]]},"properties":{}},{"type":"Feature","geometry":{"type":"MultiLineString","coordinates":[[[-3.171340000000782,51.445480000000316],[-2.980589999999211,51.566969999999856],[-2.972089999999298,51.540209999999206],[-2.904699999999139,51.53241],[-2.660410000000411,51.616869999999835]]]},"properties":{}},{"type":"Feature","geometry":{"type":"MultiLineString","coordinates":[[[-9.81214,51.45305999999982],[-9.767219999999725,51.485029999999824],[-9.774059999999736,51.45158000000083],[-9.705330000000686,51.4735],[-9.755919999999605,51.467169999999896],[-9.655189999999493,51.524890000000596],[-9.606579999999667,51.49747000000025],[-9.542750000000524,51.53381000000081],[-9.46119,51.52914000000055],[-9.45669000000089,51.566249999999854],[-9.39636000000064,51.54781],[-9.43417000000045,51.51656],[-9.41475,51.499470000000656],[-9.323080000000118,51.550170000000435],[-9.38357999999971,51.4728899999991],[-9.30703,51.51025],[-9.2325,51.483249999999316],[-9.17381000000023,51.55428000000029],[-9.176030000000537,51.518809999999576],[-9.11053,51.54169],[-9.14849999999933,51.58336000000054],[-9.086079999999129,51.549080000000686],[-9.015579999999318,51.564000000000306],[-9.027140000000145,51.585329999999885],[-8.954309999999168,51.53361000000041],[-8.889639999999417,51.55775],[-8.86724999999933,51.59494000000086],[-8.893110000000888,51.60793999999987],[-8.851580000000467,51.605530000000726],[-8.886220000000321,51.626580000000104],[-8.715640000000349,51.57282999999916],[-8.683890000000247,51.63858000000073],[-8.758830000000671,51.649390000000494],[-8.672440000000279,51.66699999999946],[-8.656580000000758,51.638199999999415],[-8.583640000000742,51.64761],[-8.535889999999199,51.60925],[-8.53375000000051,51.666049999999814]]]},"properties":{}},{"type":"Feature","geometry":{"type":"MultiLineString","coordinates":[[[-3.171340000000782,51.445480000000316],[-3.169029999999111,51.40528000000086],[-3.264890000000378,51.386529999999766],[-3.558279999999286,51.40027],[-3.65186,51.47817000000032],[-3.72027,51.48034],[-3.835450000000492,51.62750000000051],[-3.969940000000861,51.60979000000043],[-3.998369999999341,51.59244000000035],[-3.982949999999619,51.56450000000041],[-4.136510000000271,51.5696599999992],[-4.206239999999525,51.536659999999756],[-4.297300000000178,51.558820000000196],[-4.307409999999436,51.61094000000048],[-4.24719,51.64682999999968],[-4.171920000000682,51.62540000000081],[-4.077489999999671,51.65816000000086],[-4.322469999999157,51.67852999999923],[-4.38847,51.72975000000042],[-4.318849999999657,51.725790000000416],[-4.37666,51.74915999999939],[-4.346310000000813,51.797819999999774],[-4.406530000000203,51.75614999999925],[-4.4694,51.78889999999956],[-4.42725000000064,51.74698999999964],[-4.455669999999373,51.73350000000028],[-4.676559999999881,51.726520000000164],[-4.712209999999686,51.651599999999235],[-4.863890000000538,51.64602999999988],[-4.922500000000582,51.610749999999825]]]},"properties":{}},{"type":"Feature","geometry":{"type":"MultiLineString","coordinates":[[[-2.660410000000411,51.616869999999835],[-2.412029999999504,51.77244000000064],[-2.455920000000333,51.789380000000165],[-2.440169999999853,51.817769999999655],[-2.351150000000416,51.807849999999235],[-2.4362,51.814549999999144],[-2.449979999999414,51.79252000000088],[-2.386529999999766,51.76138],[-2.559600000000501,51.66745000000083],[-2.66523000000052,51.57279000000017],[-2.716050000000905,51.50727],[-2.699060000000827,51.49121000000014],[-2.803509999999733,51.485679999999775],[-2.900680000000648,51.405140000000756],[-2.978610000000117,51.38876],[-2.993370000000141,51.32085],[-3.035260000000562,51.32810000000063],[-3.013300000000527,51.29862999999932]]]},"properties":{}},{"type":"Feature","geometry":{"type":"MultiLineString","coordinates":[[[-3.100010000000111,51.209500000000844],[-3.397129999999379,51.1830000000009],[-3.539370000000417,51.23309999999947],[-3.783980000000156,51.24611],[-4.202509999999165,51.20087000000058],[-4.230929999999717,51.18665999999939],[-4.22226000000046,51.14571000000069],[-4.262010000000373,51.14427000000069],[-4.213830000000598,51.07512999999926],[-4.078219999999419,51.08043],[-4.156020000000353,51.07971],[-4.196239999999307,51.03451999999925]]]},"properties":{}},{"type":"Feature","geometry":{"type":"MultiLineString","coordinates":[[[-4.521090000000186,51.022469999999885],[-4.343150000000605,50.98935999999958],[-4.22307,51.06472000000031],[-4.190979999999399,51.05488999999943],[-4.197690000000875,51.00440999999955],[-4.196239999999307,51.03451999999925]]]},"properties":{}},{"type":"Feature","geometry":{"type":"MultiLineString","coordinates":[[[-0.937519999999495,50.77994000000035],[-0.96774,50.83516000000054],[-1.026270000000295,50.79349999999977],[-0.937519999999495,50.77994000000035]]]},"properties":{}},{"type":"Feature","geometry":{"type":"MultiLineString","coordinates":[[[0.00346,50.78850000000057],[-0.279660000000149,50.834210000000894],[-0.243940000000293,50.82842999999957],[-0.763720000000831,50.77318000000014],[-0.789000000000669,50.72285000000011],[-0.915160000000469,50.78096],[-0.808000000000902,50.83175999999912],[-0.847019999999247,50.805710000000545],[-0.858130000000529,50.839319999999134],[-0.879440000000614,50.8135199999997],[-0.91194,50.840039999999135],[-0.912860000000364,50.80329999999958],[-0.942769999999655,50.81742999999915],[-0.929749999999331,50.84432000000015],[-1.003360000000612,50.8463499999998],[-1.042020000000775,50.83231999999953],[-1.029940000000352,50.787319999999454],[-1.07913,50.7778500000004],[-1.10458,50.78727000000072],[-1.102380000000267,50.84568000000036],[-1.173909999999523,50.84552000000076],[-1.116439999999784,50.796189999999115],[-1.13811,50.774020000000746],[-1.313529999999446,50.8467]]]},"properties":{}},{"type":"Feature","geometry":{"type":"MultiLineString","coordinates":[[[-1.10772,50.69402000000082],[-1.11089,50.7217099999998],[-1.277169999999387,50.76606999999967],[-1.289899999999761,50.70574999999917],[-1.317139999999199,50.767110000000685],[-1.405749999999898,50.72639],[-1.372670000000653,50.71188000000075],[-1.429140000000189,50.72639],[-1.508809999999357,50.6820800000005],[-1.522290000000794,50.706019999999626],[-1.58256000000074,50.661990000000515],[-1.486520000000382,50.66749999999956],[-1.292970000000423,50.574570000000676],[-1.181529999999839,50.59867999999915],[-1.162580000000162,50.64762999999948],[-1.069879999999102,50.682629999999335],[-1.10772,50.69402000000082]]]},"properties":{}},{"type":"Feature","geometry":{"type":"MultiLineString","coordinates":[[[-4.912979999999152,50.53199999999924],[-4.84433,50.52501999999913],[-4.916180000000168,50.5384099999992],[-4.93534,50.58792999999969],[-4.790129999999408,50.60282],[-4.76459000000068,50.67081999999937],[-4.56286,50.782030000000304],[-4.543110000000524,50.831169999999474],[-4.570569999999861,50.90223],[-4.521090000000186,51.022469999999885]]]},"properties":{}},{"type":"Feature","geometry":{"type":"MultiLineString","coordinates":[[[-1.313529999999446,50.8467],[-1.383750000000873,50.88885999999911],[-1.372219999999288,50.91172],[-1.395829999999478,50.88111000000026],[-1.472859999999855,50.91611000000012],[-1.30555,50.8130000000001],[-1.395329999999376,50.78313999999955],[-1.445390000000771,50.818279999999504],[-1.390219999999317,50.776420000000144],[-1.530140000000756,50.75967],[-1.570799999999508,50.71414],[-1.547969999999623,50.705190000000584],[-1.714250000000902,50.73403],[-1.94686,50.68389000000025],[-1.958469999999579,50.714420000000246],[-2.042219999999361,50.73144999999931],[-2.078859999999622,50.6867000000002],[-2.025509999999485,50.70757000000049],[-2.052499999999782,50.67747000000054],[-1.94916000000012,50.67936],[-1.924189999999726,50.64021999999932],[-1.951909999999771,50.59447],[-2.053749999999127,50.57635999999911],[-2.1983,50.62207999999919],[-2.421500000000378,50.63706],[-2.469660000000658,50.58727999999974],[-2.418890000000829,50.55429],[-2.45687,50.51246],[-2.451090000000477,50.5606200000002],[-2.622110000000248,50.657859999999346],[-2.904280000000654,50.73233000000073],[-3.255999999999403,50.671329999999216],[-3.359109999999419,50.605970000000525],[-3.42339,50.61764000000039],[-3.477829999999813,50.688609999999244],[-3.424300000000585,50.60916],[-3.496119999999792,50.54090999999971]]]},"properties":{}},{"type":"Feature","geometry":{"type":"MultiLineString","coordinates":[[[-4.212600000000748,50.39222999999947],[-4.300300000000789,50.390369999999166],[-4.24755,50.385550000000876],[-4.210370000000694,50.424370000000636]]]},"properties":{}},{"type":"Feature","geometry":{"type":"MultiLineString","coordinates":[[[-3.495709999999235,50.53734000000077],[-3.513290000000779,50.486660000000484],[-3.481260000000475,50.46125000000029],[-3.53534000000036,50.462760000000344],[-3.559830000000147,50.42202999999972],[-3.48265,50.400110000000495],[-3.55229,50.3384700000006]]]},"properties":{}},{"type":"Feature","geometry":{"type":"MultiLineString","coordinates":[[[-4.210370000000694,50.424370000000636],[-4.23660000000018,50.43711000000076],[-4.200300000000425,50.43551],[-4.224070000000211,50.4695499999998],[-4.189379999999801,50.43519000000015],[-4.156619999999748,50.458950000000186],[-4.203820000000633,50.39667999999983],[-4.182870000000548,50.363540000000285],[-4.111730000000534,50.36135],[-4.121929999999338,50.32279000000017],[-4.07858,50.31524]]]},"properties":{}},{"type":"Feature","geometry":{"type":"MultiLineString","coordinates":[[[-4.642959999999221,50.32918000000063],[-4.660299999999552,50.393739999999525],[-4.608749999999418,50.361940000000686],[-4.636930000000575,50.32532999999967],[-4.387280000000828,50.363900000000285],[-4.18902,50.31833999999981],[-4.167299999999159,50.35207000000082],[-4.235049999999319,50.36460000000079],[-4.193719999999303,50.373100000000704],[-4.212600000000748,50.39222999999947]]]},"properties":{}},{"type":"Feature","geometry":{"type":"MultiLineString","coordinates":[[[-3.896269999999276,50.28187000000071],[-3.94677000000047,50.30242999999973],[-3.932469999999739,50.332619999999224],[-4.021269999999276,50.29479],[-4.07316,50.30681999999979],[-4.026550000000498,50.339350000000195],[-4.07858,50.31524]]]},"properties":{}},{"type":"Feature","geometry":{"type":"MultiLineString","coordinates":[[[-3.779430000000502,50.217570000000705],[-3.868759999999384,50.23833000000013],[-3.858410000000731,50.26104999999916],[-3.896269999999276,50.28187000000071]]]},"properties":{}},{"type":"Feature","geometry":{"type":"MultiLineString","coordinates":[[[-3.5638,50.33702000000085],[-3.634780000000319,50.29906999999912],[-3.642659999999523,50.22351999999955],[-3.766279999999824,50.22163],[-3.721910000000207,50.2693],[-3.760720000000219,50.27618000000075],[-3.779430000000502,50.217570000000705]]]},"properties":{}},{"type":"Feature","geometry":{"type":"MultiLineString","coordinates":[[[-4.642959999999221,50.32918000000063],[-4.755189999999857,50.33155000000079],[-4.798049999999421,50.2203499999996],[-4.860109999999622,50.234630000000834],[-4.94858000000022,50.20382000000063],[-5.006559999999808,50.13923000000068],[-4.994280000000799,50.16669],[-5.027040000000852,50.15728999999919],[-5.032209999999395,50.204789999999775],[-4.961880000000747,50.23853000000054],[-5.01463,50.227929999999105],[-5.04522,50.25659000000087],[-5.017040000000634,50.24021],[-5.037050000000818,50.20916000000034]]]},"properties":{}},{"type":"Feature","geometry":{"type":"MultiLineString","coordinates":[[[-5.05883,50.19434999999976],[-5.106770000000324,50.20759999999973],[-5.053799999999683,50.1875600000003],[-5.07467,50.182919999999285],[-5.053749999999127,50.161009999999806],[-5.093000000000757,50.16781000000083],[-5.040329999999813,50.14711999999963],[-5.089299999999639,50.10303000000022],[-5.208300000000236,50.0927],[-5.12327,50.0953499999996]]]},"properties":{}},{"type":"Feature","geometry":{"type":"MultiLineString","coordinates":[[[-5.715539999999237,50.062990000000354],[-5.673950000000332,50.167020000000775],[-5.497230000000854,50.22038000000066],[-5.436260000000402,50.177630000000136],[-5.394759999999224,50.24135000000024],[-5.330620000000636,50.24222],[-5.153619999999137,50.34908],[-5.147590000000491,50.405689999999595],[-5.083039999999528,50.4054500000002],[-5.12471,50.4107499999991],[-5.044019999999364,50.4420599999994],[-5.03306,50.55055],[-4.948630000000776,50.56982000000062],[-4.912979999999152,50.53199999999924]]]},"properties":{}},{"type":"Feature","geometry":{"type":"MultiLineString","coordinates":[[[-5.715539999999237,50.062990000000354],[-5.676439999999275,50.03425000000061],[-5.575269999999364,50.05232000000069],[-5.54023000000052,50.07438],[-5.54954,50.10777000000053],[-5.491809999999532,50.12916000000041],[-5.284900000000562,50.085080000000744],[-5.266289999999572,49.9999399999997],[-5.19938,49.95933999999943],[-5.056399999999485,50.05335000000014],[-5.12359,50.09574000000066]]]},"properties":{}},{"type":"Feature","geometry":{"type":"MultiLineString","coordinates":[[[-6.294060000000172,49.93571999999949],[-6.326499999999214,49.90999000000011],[-6.280810000000201,49.915720000000874],[-6.294060000000172,49.93571999999949]]]},"properties":{}},{"type":"Feature","geometry":{"type":"MultiLineString","coordinates":[[[-2.524830000000293,49.48867000000064],[-2.513139999999112,49.51274999999987],[-2.557360000000699,49.511529999999766],[-2.682469999999739,49.43511000000035],[-2.545029999999315,49.422920000000886],[-2.524830000000293,49.48867000000064]]]},"properties":{}},{"type":"Feature","geometry":{"type":"MultiLineString","coordinates":[[[-2.369919999999183,49.45284],[-2.385529999999562,49.41306000000077],[-2.35186000000067,49.430749999999534],[-2.369919999999183,49.45284]]]},"properties":{}},{"type":"Feature","geometry":{"type":"MultiLineString","coordinates":[[[-1.181360000000495,49.39326000000074],[-1.189329999999245,49.35099000000082],[-1.146469999999681,49.361510000000635],[-1.142390000000887,49.31623000000036],[-1.097610000000714,49.38721000000078],[-0.958049999999275,49.39737000000059],[-0.80247000000054,49.35456999999951],[-0.407970000000205,49.33690000000024],[-0.25594,49.26014000000032],[-0.00083000000086,49.32570999999916]]]},"properties":{}},{"type":"Feature","geometry":{"type":"MultiLineString","coordinates":[[[-2.035060000000158,49.19904999999926],[-2.027640000000247,49.23749999999927],[-2.09994,49.25916999999936],[-2.258830000000671,49.25663999999961],[-2.23392000000058,49.180420000000595],[-2.172860000000583,49.170140000000174],[-2.156859999999142,49.20203000000038],[-2.037500000000364,49.17100000000028],[-2.035060000000158,49.19904999999926]]]},"properties":{}},{"type":"Feature","geometry":{"type":"MultiLineString","coordinates":[[[-3.084199999999328,48.819620000000214],[-3.098690000000715,48.86844000000019],[-3.072609999999258,48.88523999999961],[-3.192779999999402,48.83549999999923]]]},"properties":{}},{"type":"Feature","geometry":{"type":"MultiLineString","coordinates":[[[-1.55964,48.60266000000047],[-1.358060000000478,48.631390000000465],[-1.500089999999545,48.682119999999486],[-1.571449999999459,48.745170000000144],[-1.57409,48.81967000000077],[-1.612999999999374,48.83256000000074],[-1.544369999999617,48.93058000000019],[-1.55703,49.023230000000694],[-1.50331,49.02000000000044],[-1.542589999999109,49.0366699999995],[-1.582350000000588,49.00268],[-1.60959,49.08302999999978],[-1.578980000000229,49.12809000000016],[-1.612339999999676,49.21705],[-1.546809999999823,49.2188100000003],[-1.629059999999299,49.2122],[-1.710559999999532,49.32006],[-1.686170000000857,49.32763999999952],[-1.806339999999182,49.371250000000146],[-1.84814,49.50145],[-1.88767,49.530759999999646],[-1.842640000000756,49.57028],[-1.847030000000814,49.62786000000051],[-1.94686,49.67441999999937],[-1.948210000000472,49.717070000000604],[-1.612890000000334,49.642219999999725],[-1.485609999999724,49.67051],[-1.472110000000612,49.698340000000826],[-1.267700000000332,49.698200000000725],[-1.22983000000022,49.607819999999265],[-1.298310000000129,49.58306000000084],[-1.311229999999341,49.54656000000068],[-1.179700000000594,49.388310000000274]]]},"properties":{}},{"type":"Feature","geometry":{"type":"MultiLineString","coordinates":[[[-3.203620000000228,48.83843999999954],[-3.22242,48.87054999999964],[-3.265820000000531,48.83431000000019],[-3.430870000000141,48.799160000000484],[-3.426009999999224,48.819690000000264],[-3.511570000000575,48.83678999999938],[-3.581599999999526,48.788080000000264],[-3.579400000000533,48.758089999999356],[-3.519959999999628,48.732490000000325],[-3.584349999999176,48.71928999999909],[-3.574699999999211,48.67504999999983],[-3.653619999999137,48.66624000000047],[-3.643729999999778,48.696610000000874],[-3.820330000000467,48.71874000000025],[-3.864670000000842,48.67385],[-3.855589999999211,48.6216600000007],[-3.891190000000279,48.67139999999927],[-3.95118,48.6540700000005],[-3.987339999999676,48.72808000000077],[-4.063340000000608,48.68018999999913],[-4.187589999999545,48.68624000000091],[-4.220590000000811,48.65774000000056],[-4.19742000000042,48.6533500000005],[-4.300119999999879,48.63321],[-4.296959999999672,48.66490999999951],[-4.344370000000708,48.67777000000024],[-4.435380000000805,48.65528000000086],[-4.408419999999751,48.63894000000073],[-4.552700000000186,48.627300000000105]]]},"properties":{}},{"type":"Feature","geometry":{"type":"MultiLineString","coordinates":[[[-2.02191,48.61946],[-2.037920000000668,48.64669],[-1.991050000000541,48.6839600000003],[-1.845579999999245,48.71204000000034],[-1.871800000000803,48.649929999999586],[-1.83849,48.61434],[-1.55964,48.60266000000047]]]},"properties":{}},{"type":"Feature","geometry":{"type":"MultiLineString","coordinates":[[[-2.030220000000554,48.61955999999918],[-2.14883,48.63304000000062],[-2.124610000000757,48.604419999999664],[-2.148279999999431,48.618179999999484],[-2.178869999999733,48.576209999999264],[-2.194869999999355,48.60923],[-2.220230000000811,48.5600400000003],[-2.247059999999692,48.64331999999922],[-2.343479999999545,48.616509999999835],[-2.28683,48.66331],[-2.318400000000111,48.68740000000071],[-2.415450000000419,48.63340000000062],[-2.489509999999427,48.64542000000074],[-2.475309999999808,48.62118],[-2.55501,48.59793],[-2.630900000000111,48.52440000000024],[-2.682689999999639,48.53298],[-2.685170000000653,48.49857999999949],[-2.727269999999407,48.5307300000004],[-2.713509999999587,48.554120000000694],[-2.824689999999464,48.59842000000026],[-2.82923,48.6538500000006],[-2.944120000000112,48.719600000000355],[-2.95118,48.772070000000895],[-3.041230000000724,48.7842899999996],[-3.010840000000826,48.821350000000166],[-3.077040000000125,48.8174199999994]]]},"properties":{}},{"type":"Feature","geometry":{"type":"MultiLineString","coordinates":[[[-4.584709999999177,48.561219999999594],[-4.705659999999625,48.570739999999205],[-4.777899999999136,48.50662000000011],[-4.756709999999657,48.4749699999993]]]},"properties":{}},{"type":"Feature","geometry":{"type":"MultiLineString","coordinates":[[[-5.113830000000235,48.464749999999185],[-5.139740000000529,48.45019999999931],[-5.036130000000412,48.462250000000495],[-5.113830000000235,48.464749999999185]]]},"properties":{}},{"type":"Feature","geometry":{"type":"MultiLineString","coordinates":[[[-4.754829999999856,48.47292000000016],[-4.79716,48.413329999999405],[-4.762759999999616,48.37645],[-4.788629999999102,48.37123000000065],[-4.759729999999763,48.36213999999927],[-4.772670000000289,48.32856999999967],[-4.681989999999132,48.354989999999816],[-4.612919999999576,48.33655],[-4.289979999999559,48.436719999999696],[-4.458679999999731,48.326639999999315],[-4.26591,48.35736],[-4.336629999999786,48.31470000000081],[-4.254349999999249,48.32763999999952],[-4.282419999999547,48.3127800000002],[-4.187480000000505,48.29709],[-4.279669999999896,48.28471]]]},"properties":{}},{"type":"Feature","geometry":{"type":"MultiLineString","coordinates":[[[-4.276920000000246,48.28792000000067],[-4.509169999999358,48.28139999999985],[-4.556510000000344,48.29764000000068],[-4.533390000000509,48.342500000000655],[-4.573019999999815,48.330659999999625],[-4.56999,48.28377],[-4.63026,48.2779900000005],[-4.623380000000907,48.25322000000051],[-4.546319999999469,48.2499200000002],[-4.576320000000123,48.23616000000038],[-4.554439999999886,48.167530000000625],[-4.49885,48.23192000000017],[-4.4330800000007,48.23523000000023],[-4.304159999999683,48.1948799999991],[-4.272329999999783,48.13846000000012],[-4.287469999999303,48.10405999999966],[-4.716350000000602,48.06609000000026],[-4.70727000000079,48.04600000000028],[-4.73892,48.04022000000077],[-4.567329999999856,48.00026000000071],[-4.534589999999298,48.032460000000356],[-4.364809999999125,47.892610000000786],[-4.347599999999147,47.833880000000136],[-4.376770000000761,47.81598999999915]]]},"properties":{}},{"type":"Feature","geometry":{"type":"MultiLineString","coordinates":[[[-3.12699000000066,47.58005000000048],[-3.018570000000182,47.567880000000514],[-3.0306700000001,47.63083],[-3.00467000000026,47.56596],[-2.993689999999333,47.58821999999964],[-2.929190000000744,47.553830000000744],[-2.97469,47.64139000000068],[-2.923329999999623,47.66338999999971],[-2.952110000000175,47.6307199999992],[-2.939720000000307,47.58986],[-2.892110000000685,47.574469999999565],[-2.866560000000391,47.6192800000008],[-2.786690000000817,47.618829999999434],[-2.793530000000828,47.64338999999927],[-2.736559999999372,47.62502999999924],[-2.773639999999432,47.61678000000029],[-2.74189,47.60044000000016],[-2.702059999999619,47.60246999999981],[-2.706029999999373,47.638419999999314],[-2.657999999999447,47.61696999999913],[-2.718609999999899,47.58381],[-2.733780000000479,47.53975],[-2.904780000000756,47.55913999999939],[-2.836139999999432,47.49332999999933],[-2.681469999999536,47.492410000000746],[-2.676970000000438,47.52435999999943],[-2.578970000000481,47.54358999999931],[-2.63098,47.503419999999096],[-2.47775,47.51272000000063]]]},"properties":{}},{"type":"Feature","geometry":{"type":"MultiLineString","coordinates":[[[-4.376770000000761,47.81598999999915],[-4.372359999999389,47.79370000000017],[-4.179729999999836,47.79893000000084],[-4.157709999999497,47.830079999999725],[-4.193489999999656,47.87109000000055],[-4.16762000000017,47.83944],[-4.11341,47.86201000000074],[-4.171469999999317,47.899209999999584],[-4.101849999999104,47.97291000000041],[-4.076580000000831,47.94189],[-4.140929999999571,47.90582],[-4.097719999999754,47.861189999999624],[-3.979670000000624,47.851049999999304],[-3.98957,47.89452999999958],[-3.948570000000473,47.89839000000029],[-3.8817,47.85528999999951],[-3.903159999999843,47.835479999999734],[-3.851979999999458,47.78853],[-3.755660000000717,47.79018],[-3.751000000000204,47.83396999999968],[-3.732410000000527,47.80422],[-3.693880000000718,47.82926000000043],[-3.6520500000006,47.82209999999941],[-3.71672000000035,47.79183000000012],[-3.53881,47.7609],[-3.52339000000029,47.803029999999126],[-3.526439999999639,47.76083],[-3.446760000000722,47.69485999999961],[-3.367229999999836,47.716050000000905],[-3.410250000000815,47.73342000000048],[-3.351109999999608,47.73517],[-3.378360000000612,47.78874999999971],[-3.345939999999246,47.73899999999958],[-3.286860000000161,47.78506000000016],[-3.36008000000038,47.707510000000184],[-3.281919999999445,47.6888],[-3.359800000000178,47.689080000000104],[-3.213260000000446,47.64432999999917],[-3.208689999999478,47.68643999999949],[-3.165720000000874,47.701139999999214],[-3.188469999999143,47.740750000000844],[-3.136500000000524,47.739330000000336],[-3.1605,47.70655000000079],[-3.114059999999881,47.723],[-3.11931,47.695920000000115],[-3.144580000000133,47.70814000000064],[-3.206930000000284,47.63817000000017],[-3.154920000000857,47.603440000000774],[-3.14214,47.48330999999962],[-3.08489,47.469859999999244],[-3.128090000000157,47.5263900000009],[-3.12699000000066,47.58005000000048]]]},"properties":{}},{"type":"Feature","geometry":{"type":"MultiLineString","coordinates":[[[-3.095230000000811,47.280140000000756],[-3.23596,47.30206],[-3.24798,47.38428000000022],[-3.060289999999441,47.31411999999909],[-3.095230000000811,47.280140000000756]]]},"properties":{}},{"type":"Feature","geometry":{"type":"MultiLineString","coordinates":[[[-2.283949999999095,46.68920000000071],[-2.39966,46.724669999999605],[-2.379660000000513,46.69680999999946],[-2.284499999999753,46.688930000000255]]]},"properties":{}},{"type":"Feature","geometry":{"type":"MultiLineString","coordinates":[[[-1.481470000000627,46.24747000000025],[-1.56297000000086,46.244080000000395],[-1.529860000000554,46.20239000000038],[-1.30883,46.142219999999725],[-1.25324,46.16313000000082],[-1.444470000000365,46.21686000000045],[-1.415779999999359,46.23320000000058],[-1.492280000000392,46.20977999999923],[-1.513329999999769,46.22642000000087],[-1.481470000000627,46.24747000000025]]]},"properties":{}},{"type":"Feature","geometry":{"type":"MultiLineString","coordinates":[[[-1.194610000000466,45.866470000000845],[-1.244029999999839,45.99008],[-1.408999999999651,46.04838000000018],[-1.383420000000115,45.951059999999416],[-1.267390000000887,45.8792799999992],[-1.240920000000187,45.80149999999958],[-1.194610000000466,45.866470000000845]]]},"properties":{}},{"type":"Feature","geometry":{"type":"MultiLineString","coordinates":[[[-2.46111000000019,47.44865000000027],[-2.432940000000599,47.41444000000047],[-2.557640000000902,47.37463000000025],[-2.478170000000318,47.29008000000067],[-2.543170000000828,47.292530000000625],[-2.491529999999329,47.26980999999978],[-2.378860000000714,47.279389999999694],[-2.30364,47.24474],[-2.141550000000279,47.319869999999355],[-1.95387,47.29152000000067]],[[-2.218940000000657,46.97686000000067],[-2.22056,47.01347],[-2.30381,47.02377999999953],[-2.297590000000127,46.987160000000586],[-2.189969999999448,46.94679999999971],[-2.154109999999491,46.89761],[-2.156390000000101,46.94753],[-2.218940000000657,46.97686000000067]],[[-1.954149999999572,47.28382000000056],[-2.13467,47.26454999999987],[-2.181179999999586,47.23291000000063],[-2.15683,47.19823],[-2.174399999999878,47.159530000000814],[-2.244450000000143,47.13436],[-2.063120000000708,47.09614],[-1.985640000000785,47.03230000000076],[-2.038839999999254,46.9963000000007],[-2.052620000000388,46.94082999999955],[-2.154070000000502,46.88782],[-2.143889999999374,46.820120000000315],[-1.857830000000831,46.607669999999416],[-1.808709999999337,46.49033000000054],[-1.802050000000236,46.51919000000089],[-1.651159999999436,46.42283999999927],[-1.510679999999411,46.40006999999969],[-1.468580000000657,46.34559000000081],[-1.363660000000891,46.34618000000046],[-1.292589999999109,46.29054999999971],[-1.287270000000717,46.313200000000506],[-1.204050000000279,46.26939999999922],[-1.193830000000162,46.30573],[-1.130629999999655,46.302120000000286]],[[-1.129440000000614,46.30225000000064],[-1.129919999999402,46.25717000000077],[-1.240859999999884,46.15845000000081],[-1.159309999999095,46.15460999999959],[-1.175359999999273,46.14021999999932],[-1.058419999999387,46.0359499999995],[-1.055720000000292,45.99761000000035],[-1.107579999999871,45.991939999999886],[-1.066829999999754,45.95375000000058],[-0.996080000000802,45.97270000000026],[-0.9955800000007,45.92736],[-1.00598,45.97133000000031],[-1.088079999999536,45.94964000000073],[-1.074109999999564,45.90719999999965],[-1.16172,45.85419],[-1.121440000000803,45.784890000000814],[-1.042579999999361,45.73631000000023],[-1.15308,45.80077999999958],[-1.22797,45.789419999999154],[-1.234640000000581,45.68884000000071],[-1.010389999999461,45.58908999999949],[-0.812659999999596,45.439109999999346],[-0.721020000000863,45.319289999999455],[-0.635710000000472,45.07437000000027],[-0.560589999999138,45.038870000000315]],[[-0.59994,45.013559999999416],[-0.679469999999128,45.07712],[-0.768910000000687,45.29507000000012],[-0.86096,45.42303999999967],[-1.065839999999298,45.56366],[-1.13278,45.51539000000048],[-1.261630000000878,44.63572000000022],[-1.246769999999742,44.620310000000245],[-1.227140000000873,44.69922000000042],[-1.164440000000468,44.773300000000745],[-1.02006000000074,44.65530000000035],[-1.11537,44.64535000000069],[-1.113530000000537,44.620530000000144],[-1.152930000000197,44.66214000000036],[-1.198529999999664,44.654749999999694],[-1.262049999999363,44.52729999999974],[-1.317769999999655,44.12832999999955]]]},"properties":{}},{"type":"Feature","geometry":{"type":"MultiLineString","coordinates":[[[-9.893,52.556580000000395],[-9.712110000000393,52.58182999999917],[-9.70108000000073,52.61564],[-9.549000000000888,52.644140000000334],[-9.584720000000743,52.67046999999911],[-9.418110000000524,52.60747000000083],[-9.266610000000583,52.64405000000079],[-9.3385,52.60367000000042],[-9.31761,52.59094999999979],[-9.243469999999434,52.62572],[-9.16367,52.620419999999285],[-9.075689999999668,52.67196999999942],[-9.031689999999799,52.72943999999916],[-9.052439999999478,52.74725000000035],[-8.957720000000336,52.77203],[-8.958109999999579,52.79922000000079],[-8.925390000000334,52.79478000000017],[-8.97306000000026,52.76169999999911],[-8.928389999999126,52.71578000000045],[-8.962970000000496,52.68733000000066],[-8.849500000000262,52.69686]]]},"properties":{}},{"type":"Feature","geometry":{"type":"MultiLineString","coordinates":[[[-9.071439999999711,53.15922],[-9.131330000000162,53.15266999999949],[-9.098889999999301,53.14442000000054],[-9.151390000000902,53.120450000000346],[-9.281670000000304,53.14581],[-9.476080000000366,52.94391999999971],[-9.347579999999653,52.9310600000008],[-9.435639999999694,52.884110000000874],[-9.43453000000045,52.836999999999534],[-9.495829999999842,52.811939999999595],[-9.498499999999694,52.754329999999754],[-9.610360000000583,52.7458600000009],[-9.653109999999288,52.681800000000294],[-9.941080000000511,52.56107999999949],[-9.893,52.556580000000395]]]},"properties":{}},{"type":"Feature","geometry":{"type":"MultiLineString","coordinates":[[[-8.849500000000262,52.69686],[-8.692779999999402,52.657390000000305],[-8.62133,52.69391999999971],[-8.622810000000754,52.670060000000376],[-8.953190000000177,52.66328000000067],[-9.053309999999328,52.600609999999506],[-9.120500000000902,52.61858000000029],[-9.299189999999726,52.57422000000042],[-9.432310000000143,52.58707999999933],[-9.479390000000421,52.54903000000013],[-9.623419999999896,52.58302999999978],[-9.67916999999943,52.55103000000054],[-9.689249999999447,52.48661],[-9.634280000000217,52.4695499999998],[-9.711719999999332,52.483360000000175],[-9.95118999999977,52.412280000000464],[-9.83527999999933,52.38375000000087],[-9.853859999999258,52.31516999999985],[-9.83006000000023,52.31346999999914],[-9.8790599999993,52.276920000000246],[-9.723330000000715,52.258780000000115],[-9.957749999999578,52.23432999999932],[-10.024279999999635,52.26731],[-10.01597000000038,52.3175],[-10.05861,52.3119200000001],[-10.042310000000725,52.27774999999929],[-10.106330000000526,52.245530000000144],[-10.182919999999285,52.23269000000073],[-10.148750000000291,52.26144000000022],[-10.176750000000538,52.293330000000424],[-10.355059999999867,52.23833000000013]]]},"properties":{}},{"type":"Feature","geometry":{"type":"MultiLineString","coordinates":[[[-10.350309999999808,51.93858],[-10.42886,51.88614000000052],[-10.286330000000817,51.92986000000019],[-10.350309999999808,51.93858]]]},"properties":{}},{"type":"Feature","geometry":{"type":"MultiLineString","coordinates":[[[-10.355059999999867,52.23833000000013],[-10.372750000000451,52.17425],[-10.41592,52.18522],[-10.405919999999242,52.20967000000019],[-10.470859999999448,52.18289],[-10.438669999999547,52.175390000000334],[-10.47697,52.15294],[-10.47722000000067,52.10958000000028],[-10.263440000000628,52.11642000000029],[-10.308360000000903,52.13191999999981],[-10.283470000000307,52.14003000000048],[-10.2497800000001,52.11722],[-10.207640000000538,52.13456000000042],[-10.196219999999812,52.10838999999942],[-9.992529999999533,52.14556000000084],[-9.942329999999856,52.10822],[-9.975529999999708,52.14396999999917],[-9.751360000000204,52.14961000000039],[-9.800559999999678,52.146450000000186],[-9.768309999999474,52.12480999999934],[-9.78650000000016,52.11305999999968],[-9.810999999999694,52.13328],[-9.898440000000846,52.111329999999725],[-9.901809999999386,52.13977999999952],[-9.924220000000787,52.068199999999706],[-9.97661,52.05955999999969],[-9.96969,52.092060000000856],[-10.024139999999534,52.04111000000012],[-10.25811000000067,51.993389999999636],[-10.322249999999258,51.95572],[-10.18383,51.96444],[-10.27803,51.93377999999939],[-10.254279999999198,51.907279999999446],[-10.392920000000231,51.88897],[-10.398059999999532,51.84555]]]},"properties":{}},{"type":"Feature","geometry":{"type":"MultiLineString","coordinates":[[[-9.50569,51.68978000000061],[-9.540170000000217,51.68399999999929],[-9.483469999999215,51.70983999999953],[-9.50569,51.68978000000061]]]},"properties":{}},{"type":"Feature","geometry":{"type":"MultiLineString","coordinates":[[[-10.159309999999095,51.61217000000033],[-10.068310000000565,51.62792000000081],[-10.062250000000859,51.6568900000002],[-10.09911,51.676579999999376],[-9.976000000000568,51.69086000000061],[-9.954030000000785,51.71778000000086],[-10.010669999999664,51.71850000000086],[-9.980639999999767,51.73805999999968],[-9.89086,51.766890000000785],[-9.886560000000827,51.7446400000008],[-9.852829999999813,51.78042],[-9.800970000000234,51.764250000000175],[-9.833280000000741,51.786079999999856],[-9.560999999999694,51.884],[-9.874560000000201,51.797780000000785],[-9.909139999999752,51.837579999999434],[-9.91403,51.8077200000007],[-10.132670000000871,51.74114],[-10.11666999999943,51.76613999999972],[-10.225309999999808,51.78163999999924],[-10.173720000000685,51.8080000000009],[-10.207080000000133,51.848],[-10.34158000000025,51.7867499999993],[-10.33585999999923,51.84853],[-10.398059999999532,51.84555]]]},"properties":{}},{"type":"Feature","geometry":{"type":"MultiLineString","coordinates":[[[-10.159309999999095,51.61217000000033],[-10.160470000000714,51.58527999999933],[-10.044749999999112,51.59280000000035],[-9.90875000000051,51.65336000000025],[-9.739809999999125,51.670640000000276],[-9.728919999999562,51.69572],[-9.629109999999855,51.684110000000146],[-9.555169999999634,51.71572000000015],[-9.54638999999952,51.754000000000815],[-9.50994,51.720139999999446],[-9.456809999999678,51.73582999999962],[-9.464809999999488,51.68355999999949],[-9.857939999999871,51.54620000000068],[-9.544749999999112,51.61960999999974],[-9.8393300000007,51.487419999999474],[-9.81214,51.45305999999982]]]},"properties":{}},{"type":"Feature","geometry":{"type":"MultiLineString","coordinates":[[[5.740719999999783,52.64704999999958],[5.72335000000021,52.65990000000056],[5.76404,52.64799999999923],[5.740719999999783,52.64704999999958]]]},"properties":{}},{"type":"Feature","geometry":{"type":"MultiLineString","coordinates":[[[6.19679,53.36030000000028],[5.935639999999694,53.382190000000264],[5.780979999999545,53.32818000000043],[5.71911,53.26864000000023],[5.749799999999595,53.090039999999135],[5.70507,53.095509999999194],[5.649869999999282,53.04925999999978],[5.60894,53.06377000000066],[5.690790000000561,53.09756000000016],[5.713869999999588,53.163800000000265],[5.696739999999409,53.217099999999846],[5.591329999999289,53.25351000000046],[5.45709,53.225689999999304],[5.380950000000666,53.154780000000756],[5.451380000000427,53.11000000000058],[5.431870000000345,53.08310999999958],[5.486119999999573,53.042419999999765],[5.41831,53.080729999999676],[5.408789999999499,53.12212999999974],[5.037710000000516,53.06049999999959],[5.021989999999278,53.1189200000008],[4.987030000000232,53.12594],[4.656520000000455,53.01339],[4.548609999999826,52.837069999999585],[4.604170000000522,52.666839999999866],[4.58966,52.61164],[4.665090000000419,52.55191999999988],[4.670079999999871,52.45031000000017],[4.701020000000426,52.42960999999923],[4.97965,52.36298999999963]]]},"properties":{}},{"type":"Feature","geometry":{"type":"MultiLineString","coordinates":[[[4.97965,52.36298999999963],[5.170599999999467,52.44627000000037],[5.138010000000577,52.4733899999992],[5.222120000000359,52.504329999999754],[5.163109999999506,52.52027000000089],[5.170959999999468,52.568569999999454],[5.333479999999327,52.64266999999927],[5.30278,52.7541199999996],[5.126109999999244,52.7162900000003],[5.093269999999393,52.74245999999948],[5.107309999999416,52.77815999999984],[5.33419,52.83407000000079],[5.43377,52.82551000000058],[5.50956000000042,52.756030000000464],[5.720499999999447,52.7879099999991]]]},"properties":{}},{"type":"Feature","geometry":{"type":"MultiLineString","coordinates":[[[5.720499999999447,52.7879099999991],[5.673619999999573,52.73913],[5.710030000000188,52.68797000000086],[5.961660000000848,52.69962999999916],[5.856480000000374,52.65704]]]},"properties":{}},{"type":"Feature","geometry":{"type":"MultiLineString","coordinates":[[[5.856480000000374,52.65704],[5.979740000000675,52.63420000000042],[5.828879999999117,52.611360000000786],[5.870759999999791,52.56305000000066],[5.73454,52.6004099999991]]]},"properties":{}},{"type":"Feature","geometry":{"type":"MultiLineString","coordinates":[[[5.326499999999214,52.27781999999934],[5.250710000000254,52.313420000000406],[5.084979999999632,52.342759999999544],[5.059880000000703,52.31603],[4.952569999999469,52.36186000000089],[4.729610000000321,52.3907],[4.647039999999834,52.45590000000084],[4.659540000000561,52.54089000000022],[4.599340000000666,52.580149999999776],[4.558170000000246,52.54946000000018],[4.50713,52.40012000000024]]]},"properties":{}},{"type":"Feature","geometry":{"type":"MultiLineString","coordinates":[[[5.524799999999232,52.57755],[5.53042,52.66834000000017],[5.654109999999491,52.67194000000018],[5.733159999999771,52.6244999999999],[5.524799999999232,52.57755]]]},"properties":{}},{"type":"Feature","geometry":{"type":"MultiLineString","coordinates":[[[5.73454,52.6004099999991],[5.638409999999567,52.58423000000039],[5.73279,52.541699999999764],[5.735650000000533,52.48578000000089],[5.620360000000801,52.41345],[5.458199999999124,52.41820999999982],[5.530059999999139,52.31826999999976],[5.44024,52.279959999999846],[5.326499999999214,52.27781999999934]]]},"properties":{}},{"type":"Feature","geometry":{"type":"MultiLineString","coordinates":[[[1.626539999999295,52.70662000000084],[1.68895,52.72091],[1.734769999999116,52.642799999999625],[1.587740000000849,52.65567999999985],[1.57847000000038,52.68807000000015],[1.626259999999093,52.70689999999922]],[[1.352720000000772,51.94724999999926],[1.560900000000402,52.11141999999927],[1.535589999999502,52.075440000000526],[1.587600000000748,52.09821000000011],[1.622740000000704,52.23681000000033],[1.757540000000517,52.480540000000474],[1.705250000000888,52.58934000000045],[1.644529999999577,52.56768999999986],[1.688669999999547,52.49880999999914],[1.651840000000448,52.46002000000044],[1.618669999999838,52.46198999999979],[1.634690000000774,52.49797000000035],[1.610230000000229,52.52860999999939],[1.535169999999198,52.54413000000022],[1.607420000000275,52.59473000000071],[1.540510000000722,52.68440999999984],[1.644809999999779,52.760879999999815],[1.345129999999699,52.9182]]]},"properties":{}},{"type":"Feature","geometry":{"type":"MultiLineString","coordinates":[[[4.50713,52.40012000000024],[4.332360000000335,52.1877800000002],[4.120109999999841,52.03756000000067],[4.193590000000768,51.943999999999505],[4.320970000000671,51.880740000000515],[4.241540000000896,51.85482000000047],[4.30254000000059,51.776599999999235],[4.281209999999191,51.74669999999969]]]},"properties":{}},{"type":"Feature","geometry":{"type":"MultiLineString","coordinates":[[[3.818890000000465,51.79708000000028],[3.684740000000602,51.72849999999926],[3.658869999999297,51.68359000000055],[3.760689999999158,51.623600000000806],[4.13825,51.556290000000445],[4.275840000000244,51.77936000000045],[4.210069999999178,51.91172],[4.04001000000062,51.96625999999924],[3.818890000000465,51.79708000000028]]]},"properties":{}},{"type":"Feature","geometry":{"type":"MultiLineString","coordinates":[[[0.543900000000576,51.51864000000023],[0.525509999999485,51.52932999999939],[0.551620000000185,51.545140000000174],[0.637559999999212,51.522469999999885],[0.543900000000576,51.51864000000023]]]},"properties":{}},{"type":"Feature","geometry":{"type":"MultiLineString","coordinates":[[[4.281209999999191,51.74669999999969],[4.177879999999277,51.611800000000585],[4.165220000000772,51.545210000000225],[4.29758000000038,51.424950000000536],[4.277490000000398,51.338260000000446],[4.329309999999168,51.283690000000206],[4.309499999999389,51.26003],[4.386549999999261,51.240490000000136]]]},"properties":{}},{"type":"Feature","geometry":{"type":"MultiLineString","coordinates":[[[0.748040000000401,51.447949999999764],[0.898349999999482,51.41880999999921],[0.949119999999311,51.37185999999929],[0.76854,51.36987000000045],[0.726350000000821,51.410869999999704],[0.748040000000401,51.447949999999764]]]},"properties":{}},{"type":"Feature","geometry":{"type":"MultiLineString","coordinates":[[[4.386829999999463,51.23609000000033],[4.294910000000527,51.2603],[4.314179999999396,51.2847899999997],[4.255339999999705,51.34154999999919],[4.276669999999285,51.42465000000084],[4.134400000000824,51.54464],[3.746649999999136,51.60914000000048],[3.490599999999176,51.60418000000027],[3.371989999999641,51.469890000000305],[3.385749999999462,51.37605000000076],[3.25297,51.36696999999913]]]},"properties":{}},{"type":"Feature","geometry":{"type":"MultiLineString","coordinates":[[[1.215399236844856,51.37911707466728],[0.894550000000891,51.34150000000045],[0.762580000000526,51.361440000000584],[0.728390000000218,51.42328000000089],[0.674279999999271,51.37580999999955],[0.54486,51.40891999999985],[0.712219999999434,51.434800000000905],[0.70161,51.47107999999935],[0.48531,51.48766000000069],[0.455780000000232,51.45169999999962],[0.3485,51.4465],[0.435260000000198,51.46067000000039],[0.462250000000495,51.50544000000082],[0.541579999999158,51.51052999999956],[0.510780000000523,51.531919999999445],[0.551830000000336,51.547889999999825],[0.811690000000453,51.53658]]]},"properties":{}},{"type":"Feature","geometry":{"type":"MultiLineString","coordinates":[[[3.25297,51.36696999999913],[2.957280000000537,51.258819999999105],[2.936439999999493,51.220900000000256],[2.867980000000898,51.22826999999961],[2.762039999999615,51.18121000000065],[2.748690000000352,51.130849999999555],[2.679070000000138,51.148740000000544],[2.62004,51.1227600000002]]]},"properties":{}},{"type":"Feature","geometry":{"type":"MultiLineString","coordinates":[[[2.62004,51.1227600000002],[2.367000000000189,51.03124000000025],[2.32985,51.049950000000536],[1.92794,50.98957999999948]]]},"properties":{}},{"type":"Feature","geometry":{"type":"MultiLineString","coordinates":[[[1.001169999999604,51.07114999999976],[0.87424,51.06327000000056],[0.809020000000658,51.01800999999978],[0.86975,50.99828999999954],[0.8197,50.98006],[0.84754000000072,50.955599999999436],[0.945089999999368,51.00452000000041],[0.960549999999728,51.0427],[1.026050000000453,51.05033999999972],[0.841350000000659,50.94571]]]},"properties":{}},{"type":"Feature","geometry":{"type":"MultiLineString","coordinates":[[[1.655650000000605,50.46952000000056],[1.790670000000318,50.46070999999938],[1.58028000000013,50.56574999999975],[1.56214,50.70086000000083],[1.597169999999096,50.72903000000042],[1.604450000000725,50.80203000000074],[1.576479999999719,50.86082999999962],[1.754469999999856,50.94837]]]},"properties":{}},{"type":"Feature","geometry":{"type":"MultiLineString","coordinates":[[[1.366969999999128,50.0654799999993],[1.559509999999136,50.18963000000076],[1.672189999999318,50.18549999999959],[1.634889999999359,50.220030000000406],[1.655650000000605,50.46952000000056]]]},"properties":{}},{"type":"Feature","geometry":{"type":"MultiLineString","coordinates":[[[0.661550000000716,49.4981800000005],[0.623569999999745,49.46625999999924],[0.51404,49.49598],[0.144329999999172,49.47600000000057],[0.066549999999552,49.51579],[0.163769999999204,49.688200000000506],[0.208269999999175,49.7160700000004],[0.585600000000341,49.85541999999987],[1.101210000000719,49.93808999999965],[1.366969999999128,50.0654799999993]]]},"properties":{}},{"type":"Feature","geometry":{"type":"MultiLineString","coordinates":[[[0.313430000000153,49.41783000000032],[0.508410000000367,49.40242000000035],[0.542530000000625,49.44094000000041],[0.654389999999694,49.44974999999977],[0.668700000000172,49.49872999999934]]]},"properties":{}},{"type":"Feature","geometry":{"type":"MultiLineString","coordinates":[[[14.41621,44.994839999999385],[14.365219999999681,45.08454999999958],[14.361979999999676,45.16194],[14.320470000000569,45.17245],[14.273999999999432,45.12178],[14.350440000000162,45.05177999999978],[14.357280000000173,44.99649999999929]]]},"properties":{}},{"type":"Feature","geometry":{"type":"MultiLineString","coordinates":[[[14.79862,44.9972],[14.817950000000621,44.970729999999094],[14.721779999999796,44.93736],[14.617640000000506,44.97811999999982],[14.626720000000205,45.03789999999947],[14.619730000000402,45.01389000000023],[14.5237400000006,45.015639999999735],[14.425769999999886,45.07987999999938],[14.473840000000678,45.12606000000045],[14.523859999999331,45.123040000000515],[14.52922000000035,45.22668999999962],[14.547179999999571,45.209899999999834],[14.540189999999768,45.23625999999973],[14.579369999999528,45.241389999999285],[14.630339999999705,45.16655999999966],[14.597900000000777,45.15272999999985],[14.67209,45.15341000000086],[14.677009999999427,45.07920000000013],[14.736469999999883,45.07050999999967],[14.79682,44.9962]]]},"properties":{}},{"type":"Feature","geometry":{"type":"MultiLineString","coordinates":[[[13.721079999999347,45.59447],[13.808940000000803,45.61295000000064],[13.749499999999898,45.63681],[13.755890000000363,45.67535999999927],[13.673109999999724,45.73956],[13.54803,45.79731],[13.523189999999886,45.75206000000071],[13.447969999999259,45.779529999999795],[13.551719999999477,45.725109999999404],[13.43260999999984,45.680169999999634],[13.218539999999848,45.71371999999974],[13.101119999999355,45.64675999999963]]]},"properties":{}},{"type":"Feature","geometry":{"type":"MultiLineString","coordinates":[[[12.21379,44.927],[12.13630000000012,44.74736999999914],[12.15164,44.71299999999974],[12.23862,44.690850000000864],[12.238419999999678,44.62209000000075],[12.11168,44.65128],[12.105929999999717,44.60541000000012],[12.140069999999469,44.55961000000025],[12.188850000000457,44.55645999999979],[12.23142,44.61341999999968],[12.192049999999654,44.56524999999965],[12.234019999999873,44.404959999999846],[12.17291,44.41765999999916],[12.100599999999758,44.37248999999974],[12.149729999999181,44.359630000000834],[12.22726,44.40140000000065],[12.319639999999708,44.306940000000395]],[[12.881199999999808,45.60157000000072],[12.529399999999441,45.4945000000007],[12.527389999999286,45.520220000000336],[12.586919999999736,45.545969999999215],[12.554109999999127,45.57183000000077],[12.506359999999404,45.5619200000001],[12.516250000000582,45.54233000000022],[12.464889999999286,45.55514000000039],[12.442189999999755,45.50461],[12.436939999999595,45.529169999999795],[12.378749999999854,45.51477999999952],[12.44564,45.4734499999995],[12.359780000000683,45.50996999999916],[12.286889999999403,45.47419000000082],[12.364359999999579,45.42591],[12.27981,45.462610000000495],[12.258079999999609,45.41844999999921],[12.17936,45.39021999999932],[12.191000000000713,45.373390000000654],[12.15114,45.39003000000048],[12.172749999999724,45.35092000000077],[12.145109999999477,45.32943999999952],[12.185830000000351,45.32380999999987],[12.156849999999395,45.25826000000052],[12.218730000000505,45.26365000000078],[12.243560000000798,45.189000000000306],[12.303669999999329,45.22847999999976],[12.293410000000222,45.18426]]]},"properties":{}},{"type":"Feature","geometry":{"type":"MultiLineString","coordinates":[[[13.721079999999347,45.59447],[13.75956000000042,45.54614000000038],[13.566500000000815,45.53088000000025],[13.590360000000146,45.48568999999952]]]},"properties":{}},{"type":"Feature","geometry":{"type":"MultiLineString","coordinates":[[[13.590360000000146,45.48568999999952],[13.490649999999732,45.48811000000023],[13.553250000000844,45.35760999999911],[13.538319999999658,45.33007],[13.609080000000176,45.313239999999496],[13.569299999999203,45.29733],[13.601360000000568,45.27960999999959],[13.57456,45.26669000000038],[13.591389999999592,45.14926999999989],[13.735720000000583,45.13314],[13.603479999999763,45.12020999999913],[13.640999999999622,45.09549999999945],[13.628660000000309,45.06545],[13.688319999999294,45.05580999999984],[13.729999999999563,45.0]]]},"properties":{}},{"type":"Feature","geometry":{"type":"MultiLineString","coordinates":[[[14.170500000000175,45.0],[14.1569,45.077760000000126],[14.2250499999991,45.13880000000063],[14.280189999999493,45.29989000000023],[14.331560000000536,45.35431000000062],[14.57014,45.28900000000067],[14.574010000000271,45.249840000000404],[14.6915599999993,45.16972],[14.843829999999798,45.113139999999476],[14.899590000000899,44.99553999999989]]]},"properties":{}},{"type":"Feature","geometry":{"type":"MultiLineString","coordinates":[[[29.389429999999265,45.475249999999505],[29.354269999999815,45.46279999999933],[29.46592000000055,45.550349999999526],[29.486989999999423,45.53628000000026],[29.483790000000226,45.56333000000086],[29.542540000000372,45.530759999999646],[29.57162000000062,45.57438],[29.575689999999668,45.532789999999295],[29.627290000000357,45.508309999999256],[29.704289999999673,45.57512999999926],[29.64133000000038,45.53874],[29.597900000000664,45.56240000000071],[29.601339999999254,45.68332],[29.644379999999728,45.7853899999991],[29.626640000000407,45.824360000000524],[29.696169999999256,45.80258999999933],[29.68341,45.705620000000636],[29.73286999999982,45.62545999999929],[29.865889999999126,45.669599999999264],[29.72411,45.587219999999434],[30.0,45.741330000000744]]]},"properties":{}},{"type":"Feature","geometry":{"type":"MultiLineString","coordinates":[[[29.389429999999265,45.475249999999505],[29.483840000000782,45.532250000000204],[29.571470000000772,45.521779999999126],[29.653000000000247,45.44478],[29.66475,45.47566999999981],[29.71622000000025,45.47127999999975]]]},"properties":{}},{"type":"Feature","geometry":{"type":"MultiLineString","coordinates":[[[29.75869000000057,45.461419999999634],[29.762440000000424,45.423500000000786],[29.73436000000038,45.41294000000016],[29.768050000000585,45.33361],[29.74453,45.23725000000013],[29.71828,45.23420000000078]]]},"properties":{}},{"type":"Feature","geometry":{"type":"MultiLineString","coordinates":[[[38.673979999999574,46.87104999999974],[38.83548999999948,46.90475999999944],[38.89592000000084,46.967500000000655],[38.928719999999885,46.95716],[39.09621999999945,47.03399999999965],[39.29711999999927,47.02117],[39.31424999999945,47.06061000000045],[39.23867000000064,47.09060999999929],[39.264030000000275,47.11768999999913],[39.22078,47.19988999999987],[39.237639999999374,47.2548599999991],[39.201390000000174,47.284669999999096],[39.09086000000025,47.28969999999936],[38.95864000000074,47.26361],[38.95780999999988,47.19123000000036],[38.573920000000726,47.142799999999625],[38.568419999999605,47.11446000000069],[38.44641000000047,47.149279999999635],[38.23447999999917,47.118860000000495]]]},"properties":{}},{"type":"Feature","geometry":{"type":"MultiLineString","coordinates":[[[37.038360000000466,46.872009999999136],[37.24323999999979,46.950989999999365],[37.31085999999959,46.92250000000058],[37.32133000000067,46.881030000000464],[37.28922000000057,46.86486],[37.31033000000025,46.86744],[37.52000000000044,47.06978],[37.59053,47.09627999999975],[37.801690000000235,47.08499999999913],[37.90093999999954,47.11046999999962],[37.97905999999966,47.08711000000039],[38.063060000000405,47.11161],[38.13293,47.07373],[38.0944,47.0263900000009],[38.23447999999917,47.118860000000495]]]},"properties":{}},{"type":"Feature","geometry":{"type":"MultiLineString","coordinates":[[[38.344279999999344,46.75287000000026],[38.35508999999911,46.7714],[38.32025000000067,46.75767000000087],[38.344279999999344,46.75287000000026]]]},"properties":{}},{"type":"Feature","geometry":{"type":"MultiLineString","coordinates":[[[31.18822999999975,46.6315799999993],[31.34556,46.60383],[31.412560000000667,46.625449999999546],[31.49064,46.72953000000052],[31.417279999999664,46.8137200000001],[31.50792,46.73370000000068],[31.51541999999972,46.77828000000045],[31.594779999999446,46.80989000000045],[31.591440000000148,46.851440000000366],[31.607420000000275,46.813749999999345],[31.548689999999624,46.774310000000696],[31.50442,46.66306000000077],[31.430280000000494,46.63289000000077],[31.55428000000029,46.60439000000042],[31.618329999999332,46.6507500000007],[31.795249999999214,46.61311000000023],[31.87894000000051,46.63407999999981],[31.914189999999508,46.72839000000022],[31.8744200000001,46.761389999999665],[31.87703,46.79999999999927],[31.975080000000162,46.8789199999992],[31.989190000000235,46.85724999999911],[31.932779999999184,46.79016000000047],[31.96531,46.72686000000067]]]},"properties":{}},{"type":"Feature","geometry":{"type":"MultiLineString","coordinates":[[[31.96531,46.72686000000067],[31.997219999999288,46.646419999999125],[32.10436,46.611000000000786],[32.13955999999962,46.55889000000025],[32.31223999999929,46.60956000000078],[32.27016,46.59106000000065],[32.31230999999934,46.55825],[32.280249999999796,46.545],[32.35150000000067,46.514719999999215],[32.29103000000032,46.48905999999988],[32.42400000000089,46.49025000000074],[32.344059999999445,46.464029999999184],[32.15947000000051,46.50691],[32.01132999999936,46.49142000000029],[31.74134000000049,46.54854999999952],[31.579309999999168,46.54344999999921],[31.513890000000174,46.57514000000083],[31.70394,46.437659999999596],[31.70122000000083,46.473470000000816],[31.76094000000012,46.49105000000054],[31.97862999999961,46.43980999999985],[31.963739999999234,46.42639000000054],[32.01932999999917,46.45349999999962],[32.04478000000017,46.411190000000715]]]},"properties":{}},{"type":"Feature","geometry":{"type":"MultiLineString","coordinates":[[[31.748470000000452,46.38017000000036],[31.73869999999988,46.425499999999374],[31.771779999999126,46.37745],[31.748470000000452,46.38017000000036]]]},"properties":{}},{"type":"Feature","geometry":{"type":"MultiLineString","coordinates":[[[31.94503000000077,46.187809999999445],[31.606190000000424,46.25631000000067],[31.55117000000064,46.28636],[31.518690000000788,46.373719999999594],[31.514359999999215,46.322330000000875],[31.59399999999914,46.2560799999992],[31.94503000000077,46.187809999999445]]]},"properties":{}},{"type":"Feature","geometry":{"type":"MultiLineString","coordinates":[[[35.09743999999955,46.29443999999967],[35.206490000000485,46.38984999999957],[35.17913000000044,46.50343000000066],[35.277249999999185,46.436110000000554],[35.26361,46.360969999999725],[35.32049,46.33690000000024],[35.363180000000284,46.36196000000018],[35.22233000000051,46.18944999999985],[35.05206,46.14466],[35.0881100000006,46.14338999999927],[34.98853000000054,46.08302999999978],[35.17682000000059,46.143700000000536],[35.45443999999952,46.43425000000025],[35.84886,46.63186999999925],[35.85449999999946,46.67085000000043],[35.87844000000041,46.644430000000284],[36.186470000000554,46.67055000000073],[36.24525,46.63953000000038],[36.225249999999505,46.54958000000079],[36.14861000000019,46.53471999999965],[36.115859999999884,46.48625],[36.17447,46.498750000000655],[36.387660000000324,46.713920000000144],[36.606729999999516,46.77635],[36.725860000000466,46.77752],[36.8185799999992,46.720359999999346],[36.8175,46.67807999999968],[36.80032000000028,46.69699000000037],[36.777210000000196,46.64552999999978],[36.76564999999937,46.66892],[36.76235000000088,46.6304],[36.81298000000061,46.661770000000615],[36.900079999999434,46.81064999999944],[37.038360000000466,46.872009999999136]]]},"properties":{}},{"type":"Feature","geometry":{"type":"MultiLineString","coordinates":[[[32.04478000000017,46.411190000000715],[32.064689999999246,46.38927999999942],[31.99917,46.358109999999215],[31.758610000000772,46.30533],[31.780080000000453,46.27333],[31.940389999999752,46.300059999999576],[32.23892,46.18399999999929],[32.22617,46.137549999999464],[32.48178,46.07933000000048],[32.772109999999884,46.12732999999935],[33.0271900000007,46.11631],[33.02002999999968,46.16164000000026],[33.14169000000038,46.133889999999155],[33.22791999999936,46.22207999999955],[33.19996999999967,46.11503000000084],[33.27897,46.13911],[33.313969999999244,46.1214400000008],[33.29081000000042,46.07791999999972],[33.329750000000786,46.07883000000038],[33.33414000000084,46.1190000000006],[33.42391999999927,46.0373],[33.46628000000055,46.0572800000009],[33.51217,46.03485999999975],[33.50417000000016,46.08114000000023],[33.57242000000042,46.081969999999274],[33.506939999999304,46.12366],[33.58194,46.16316999999981],[33.61996,46.12299999999959]]]},"properties":{}},{"type":"Feature","geometry":{"type":"MultiLineString","coordinates":[[[32.93433,46.01639000000068],[32.55358999999953,46.07324999999946],[32.79077999999936,46.04019999999946],[32.866330000000744,46.06883000000016],[33.062079999999696,46.02461000000039],[32.93433,46.01639000000068]]]},"properties":{}},{"type":"Feature","geometry":{"type":"MultiLineString","coordinates":[[[30.0,45.741330000000744],[30.26376,45.87357999999949],[30.398240000000442,45.99673000000075],[30.37652,46.01016999999956],[30.297049999999217,45.95036000000073],[30.38632999999936,46.0265500000005],[30.370919999999387,46.05307],[30.411920000000464,46.02952],[30.4750499999991,46.07459000000017],[30.417059999999765,46.09770000000026],[30.36161,46.199360000000524],[30.21695,46.239299999999275],[30.118459999999686,46.31119000000035],[30.101399999999558,46.33886999999959],[30.150649999999587,46.38486000000012],[30.23939000000064,46.393560000000434],[30.225860000000466,46.355939999999464],[30.286480000000665,46.310349999999744],[30.32359,46.37612000000081],[30.329390000000785,46.29544999999962],[30.413150000000314,46.26519999999982],[30.420819999999367,46.19811999999911],[30.504189999999653,46.14694000000054],[30.48233000000073,46.08733000000029],[30.753199999999197,46.376759999999194],[30.77227,46.44990999999936],[30.737660000000687,46.501399999999194],[30.751029999999446,46.54274000000078],[31.18822999999975,46.6315799999993]]]},"properties":{}},{"type":"Feature","geometry":{"type":"MultiLineString","coordinates":[[[36.91148361487319,45.26492820088794],[37.02490871631312,45.23827],[37.206978716311994,45.25789000000077],[37.24758871631212,45.299390000000244],[37.31409871631274,45.28335],[37.15508871631329,45.31427000000076],[37.16200871631298,45.338170000001014],[37.38047871631289,45.316109999999696],[37.38845871631327,45.34494000000092],[37.50783871631336,45.36659],[37.5663087163133,45.33043],[37.52795871631258,45.3678400000008],[37.55058871631377,45.39048],[37.53486871631253,45.3678400000008],[37.580458716312364,45.36124000000024],[37.62038871631307,45.39424999999949],[37.73466871631291,45.40337],[37.67524871631326,45.53353000000067],[37.69913871631371,45.54452999999921],[37.670848716313515,45.60081],[37.70511871631362,45.68851999999964],[38.052038716313575,45.8028300000006],[38.068078716312186,45.76572999999922],[38.17247871631241,45.728559999999675],[38.26126871631209,45.77259000000049],[38.24952871631223,45.83424],[38.301268716313075,45.81331999999935],[38.306038716312514,45.8426799999998],[38.21687871631309,45.85332000000017],[38.21173871631379,45.907690000000116],[38.156328716312885,45.94439000000051],[38.12697871631218,45.91833000000048],[38.14715871631353,45.85448999999977],[38.118168716312766,45.89008],[38.130278716312546,45.83541],[38.08624871631332,45.82881000000094],[38.10220871631225,45.93668000000065],[38.1642187163136,45.974109999999314],[38.14720871631232,46.030919999999185],[38.18109871631276,46.11007000000063],[38.23558871631326,46.15025000000071],[38.2524487163131,46.23269000000079],[38.28981871631299,46.26417000000043],[38.10120871631369,46.39444],[37.983518716312915,46.4056199999996],[37.99176871631357,46.36406999999974],[37.904398716312585,46.41200000000026],[37.74606871631238,46.67159],[37.7022087163125,46.69625000000099],[37.818538716313356,46.64696000000015],[37.97167871631365,46.63386],[38.2947487163122,46.74020000000013],[38.329428716312805,46.66669],[38.50870871631321,46.64360999999923],[38.592098716312876,46.660939999999755],[38.59071871631323,46.713229999999385],[38.45036871631356,46.756160000000875],[38.41294871631288,46.75396],[38.39750871631384,46.71760999999975],[38.41762871631306,46.81890000000021],[38.49900871631263,46.87506000000036],[38.674128716312566,46.871049999999855]]]},"properties":{}},{"type":"Feature","geometry":{"type":"MultiLineString","coordinates":[[[36.449829999999565,45.09363999999914],[36.4023300000008,45.17489000000023],[36.43996999999945,45.268200000000434],[36.354810000000725,45.28112999999939],[36.47927999999956,45.30045000000064],[36.4632500000007,45.330550000000585],[36.49358000000029,45.35932999999932],[36.608720000000176,45.34494000000086],[36.64797,45.376000000000204],[36.59444000000076,45.43419],[36.54818999999952,45.416049999999814],[36.341920000000755,45.47678000000087],[36.19822000000022,45.46700000000055],[36.08267,45.44286],[36.06783,45.39466],[35.99739000000045,45.36521999999968],[35.87253000000055,45.41178000000036],[35.85092000000077,45.43941000000086],[35.87257999999929,45.45955999999933],[35.83475,45.467640000000756],[35.72732999999971,45.33144],[35.49124999999913,45.28860999999961],[35.335189999999784,45.38206],[35.04041999999936,45.67233],[34.89658000000054,45.894969999999375],[34.82753000000048,46.138559999999416],[34.79425000000083,46.12829000000056],[34.80271,46.08173],[34.68279000000075,46.102890000000116],[34.75474000000031,46.01401000000078],[34.79002000000037,46.0591600000007],[34.83093,46.00835999999981],[34.86338000000069,45.942049999999654],[34.82952,45.942049999999654],[34.823710000000574,45.81936999999925],[34.901089999999385,45.85985000000073],[35.09203999999954,45.584609999999884],[35.364589999999225,45.331529999999475],[35.46816000000035,45.28331000000071],[35.40328000000045,45.2482],[35.08365000000049,45.35413999999946],[35.017579999999725,45.42855000000054],[35.11519000000044,45.48450000000048],[35.062809999999445,45.602709999999206],[34.97353,45.687229999999545],[34.87293999999929,45.67175999999927],[34.8771,45.71401999999944],[34.79859000000033,45.65687000000071],[34.83549999999923,45.712830000000395],[34.80514000000039,45.70568],[34.87954,45.74913000000015],[34.70573999999942,45.712830000000395],[34.692049999999654,45.66580000000067],[34.68966999999975,45.716990000000806],[34.66229000000021,45.692590000000564],[34.65574000000015,45.7146100000009],[34.78669000000082,45.79436999999962],[34.75633000000016,45.82353999999941],[34.671220000000176,45.79436999999962],[34.63491000000067,45.73782000000028],[34.577830000000176,45.737230000000636],[34.63140000000021,45.77472999999918],[34.58021,45.77592],[34.66592,45.82353999999941],[34.64271,45.831270000000586],[34.7433,45.87949],[34.74388999999974,45.8396100000009],[34.789129999999204,45.89984],[34.49151999999958,45.786159999999654],[34.56116,45.86532000000079],[34.63199,45.890919999999824],[34.61294000000089,45.923650000000634],[34.64509,45.95103000000017],[34.57246999999916,45.980789999999615],[34.58854000000065,45.9177],[34.54329999999936,45.92305999999917],[34.48258999999962,45.8754399999998],[34.48616000000038,45.92603000000054],[34.45104,45.94449],[34.43914000000041,45.88615000000027],[34.42069000000083,45.91056000000026],[34.39984999999979,45.88496],[34.40759000000071,45.9117499999993],[34.36117000000013,45.90342000000055],[34.43735000000015,45.95282000000043],[34.352890000000116,45.98626999999942],[34.39932000000044,45.99757999999929],[34.3749200000002,46.02614999999969],[34.35230000000047,46.03983999999946],[34.321350000000166,45.99163000000044],[34.26836999999978,46.051149999999325],[34.2499200000002,45.98270000000048],[34.2392,46.03507999999965],[34.11421,46.06840999999986],[34.188609999999244,46.023769999999786],[34.22193999999945,45.94758],[34.15051999999923,45.938060000000405],[34.10052,45.98270000000048],[34.14754,45.97198000000026],[34.17849000000024,46.00710000000072],[34.13861,45.99281999999948],[34.16302,46.00770000000011],[34.10765999999967,46.02138999999988],[34.12909000000036,46.03567],[34.08373000000029,46.08209999999963],[34.05158999999912,46.057699999999386],[34.053970000000845,46.09102999999959],[33.945050000000265,46.09401000000071],[34.020039999999426,46.0618599999998],[33.94683000000077,46.05889000000025],[33.97005,46.02734000000055],[33.91468999999961,46.07078999999976],[33.90517,46.02496000000065],[33.877189999999246,46.0327],[33.88493000000017,46.08151],[33.8111200000003,46.099959999999555],[33.853979999999865,46.16899999999987],[33.80695000000014,46.18091],[33.80337999999938,46.12257999999929],[33.64470000000074,46.23650000000089],[33.73041000000012,46.205550000000585],[33.698270000000775,46.224599999999555],[33.77326,46.254360000000815],[33.95362000000023,46.22341000000051],[34.03814000000057,46.123999999999796],[34.06194999999934,46.162099999999555],[34.1518300000007,46.11924],[34.130989999999656,46.17816999999923],[34.036949999999706,46.19662000000062],[34.107780000000275,46.18411999999989],[34.14766000000054,46.213879999999335],[34.16314000000057,46.14245999999912],[34.20955999999933,46.17400000000089],[34.14766000000054,46.25674000000072],[34.09588000000076,46.25972],[34.17504,46.29067000000032],[34.31968000000052,46.11090999999942],[34.34230000000025,46.16626999999971],[34.29111000000012,46.18769000000066],[34.32265,46.22400000000016],[34.298249999999825,46.26923999999963],[34.35181999999986,46.19364999999925],[34.48283000000083,46.14127],[34.535799999999654,46.15019000000029],[34.51854,46.18115000000034],[34.54294999999911,46.19841000000088],[34.59174999999959,46.171619999999166],[34.57449000000088,46.08532000000014],[34.53937000000042,46.12876999999935],[34.49533,46.08532000000014],[34.47390000000087,46.125200000000405],[34.441759999999704,46.09066999999959],[34.48222999999962,46.04484000000048],[34.418540000000576,46.028770000000804],[34.476880000000165,46.00734000000011],[34.48461,45.957940000000235],[34.60425000000032,46.029959999999846],[34.64592000000084,46.10258000000067],[34.62984999999935,46.17340999999942],[34.81600000000071,46.14849999999933]]]},"properties":{}},{"type":"Feature","geometry":{"type":"MultiLineString","coordinates":[[[33.61996,46.12299999999959],[33.64400000000023,46.08306000000084],[33.61845,46.06406000000061],[33.6257999999998,45.949580000000424],[33.74893999999949,45.96030000000064],[33.76579999999922,45.93018999999913],[33.68583000000035,45.91156000000046],[33.68655000000035,45.84928000000036],[33.61249999999927,45.89338999999927],[33.54744000000028,45.83707999999933],[33.48308,45.85692000000017],[33.24605999999949,45.756499999999505],[33.18995,45.77068999999938],[33.17711000000054,45.80717],[33.139250000000175,45.727419999999256],[32.91244999999981,45.64214],[32.82681000000048,45.58857999999964],[32.83419,45.557919999999285],[32.592500000000655,45.48175000000083],[32.48292000000038,45.39582999999948],[32.52114000000074,45.373390000000654],[32.496139999999286,45.34911],[32.65042,45.31839000000036],[32.782359999999244,45.36910999999964],[32.92080999999962,45.36592000000019],[32.98725000000013,45.32879999999932],[32.94647000000077,45.35932999999932],[32.99639000000025,45.348299999999654],[33.0943900000002,45.38781000000017],[33.25744999999915,45.4958600000009],[33.13728000000083,45.39360999999917],[33.06496999999945,45.37691000000086],[33.07635999999911,45.348799999999756],[33.02858000000015,45.34230000000025],[33.02794,45.316860000000815],[32.99410999999964,45.32594000000063],[33.263199999999415,45.15258],[33.38827999999921,45.19794],[33.47709000000032,45.168030000000726],[33.60974999999962,45.0]]]},"properties":{}},{"type":"Feature","geometry":{"type":"MultiLineString","coordinates":[[[35.400470000000496,45.0],[35.42281,45.012220000000525],[35.384500000000116,45.03197],[35.40933000000041,45.06653],[35.5643,45.12794000000031],[35.73478000000068,45.090109999999186],[35.845030000000406,45.00036],[36.04245000000083,45.048720000000685],[36.22225000000071,45.028190000000905],[36.449829999999565,45.09363999999914]]]},"properties":{}},{"type":"Feature","geometry":{"type":"MultiLineString","coordinates":[[[36.63702999999987,45.13472],[36.89187999999922,45.10634000000027],[37.11888,45.17108999999982],[37.20572,45.14086999999927],[37.159960000000865,45.11343999999917],[37.16200000000026,45.06182000000081],[37.08027000000038,45.06629000000066],[36.98617000000013,45.116900000000896],[37.05553999999938,45.07021999999961],[36.897759999999835,45.10441],[37.21680000000015,45.0]]]},"properties":{}},{"type":"Feature","geometry":{"type":"MultiLineString","coordinates":[[[49.16681000000062,46.35961],[49.216780000000654,46.288109999999506],[49.04578000000038,46.36475000000064],[49.0894700000008,46.29433000000063],[49.00268999999935,46.18455999999969],[49.029420000000755,46.15956],[48.98903000000064,46.16460999999981],[49.01086000000032,46.143309999999474],[48.979559999999765,46.099920000000566],[48.93305999999939,46.13741999999911],[48.9128299999993,46.08511],[48.86435999999958,46.14307999999983],[48.92468999999983,46.0675],[48.82928,46.074280000000726],[48.862890000000334,46.04530999999952],[48.81547,46.06617],[48.83830999999918,46.03413999999975],[48.8184999999994,46.02088999999978]]]},"properties":{}},{"type":"Feature","geometry":{"type":"MultiLineString","coordinates":[[[48.83671999999933,45.980499999999665],[48.87293999999929,45.977999999999156],[48.87931000000026,46.01072000000022],[48.9415599999993,45.983000000000175],[48.91367,45.95230000000083],[48.89147000000048,45.98532999999952],[48.86031,45.95429999999942],[48.83671999999933,45.980499999999665]]]},"properties":{}},{"type":"Feature","geometry":{"type":"MultiLineString","coordinates":[[[48.51325,45.842829999999594],[48.544299999999566,45.81496999999945],[48.529389999999694,45.762660000000324],[48.51325,45.842829999999594]]]},"properties":{}},{"type":"Feature","geometry":{"type":"MultiLineString","coordinates":[[[48.58150000000023,45.64636000000064],[48.597139999999854,45.74222],[48.55533,45.77335999999923],[48.58150000000023,45.64636000000064]]]},"properties":{}},{"type":"Feature","geometry":{"type":"MultiLineString","coordinates":[[[48.8184999999994,46.02088999999978],[48.79592000000048,46.018809999999576],[48.82907999999952,45.91400000000067],[48.7760300000009,45.9437199999993],[48.77803,45.898559999999634],[48.7139700000007,45.91454999999951],[48.76417000000038,45.79113999999936],[48.719199999999546,45.728440000000774],[48.73594000000048,45.646779999999126],[48.701419999999416,45.61319],[48.63322,45.64063999999962],[48.61369000000013,45.71755999999914],[48.73795000000064,45.80095000000074],[48.54764000000068,45.95636000000013],[48.49808999999914,45.86902999999984],[48.44850000000042,45.85139],[48.51742000000013,45.67994],[48.459639999999126,45.701390000000174],[48.432919999999285,45.84639000000061],[48.39799999999923,45.86177999999927],[48.35888999999952,45.82300000000032],[48.406919999999445,45.76272000000063],[48.39083000000028,45.74510999999984],[48.44708,45.73450000000048],[48.42511000000013,45.66527999999926],[48.331529999999475,45.71321999999964],[48.41817000000083,45.59585999999945],[48.366470000000845,45.60172000000057],[48.26894,45.74731000000065],[48.20227999999952,45.73428000000058],[48.21647,45.69991999999911],[48.173829999999725,45.727279999999155],[48.11275000000023,45.71049999999923],[48.098470000000816,45.66432999999961],[48.06600000000071,45.732749999999214],[47.97694000000047,45.68341999999939],[47.95547000000079,45.71850000000086],[47.87239000000045,45.695669999999154],[47.85413999999946,45.7228099999993],[47.82011000000057,45.63433000000077],[47.89013999999952,45.61672],[47.893669999999474,45.49843999999939],[47.865859999999884,45.4741699999995],[47.762660000000324,45.68145],[47.72342000000026,45.61036000000058],[47.748030000000654,45.49468999999954],[47.6877800000002,45.645440000000235]]]},"properties":{}},{"type":"Feature","geometry":{"type":"MultiLineString","coordinates":[[[48.0,45.50439],[47.94497000000047,45.66164000000026],[47.949029999999766,45.63692000000083],[47.90663999999924,45.634140000000116],[47.92216,45.52658],[47.990529999999126,45.4435799999992],[48.0,45.50439]]]},"properties":{}},{"type":"Feature","geometry":{"type":"MultiLineString","coordinates":[[[48.0,45.23214],[47.98889000000054,45.17892000000029],[48.04786000000058,45.1862],[48.0559200000007,45.21863999999914],[48.0,45.23214]]]},"properties":{}},{"type":"Feature","geometry":{"type":"MultiLineString","coordinates":[[[47.58796000000075,45.47285000000011],[47.57869000000028,45.402280000000246],[47.54744000000028,45.43058000000019],[47.5313900000001,45.4002500000006],[47.511969999999565,45.438640000000305],[47.48708000000079,45.341449999999895],[47.464389999999185,45.3712200000009],[47.4429999999993,45.35119999999915],[47.40339,45.14933000000019],[47.37656000000061,45.21364],[47.34607999999935,45.15816000000086],[47.30955999999969,45.17605999999978],[47.24928,45.0]]]},"properties":{}},{"type":"Feature","geometry":{"type":"MultiLineString","coordinates":[[[-0.002609999999549,39.92036999999982],[-0.044219999999768,39.92946999999913],[-0.012940000000526,39.90752000000066],[-0.185320000000502,39.724239999999554],[-0.309069999999338,39.528480000000854],[-0.328810000000885,39.42721999999958],[-0.214449999999488,39.18638],[-0.238999999999578,39.159999999999854],[-0.17729,39.0287900000003],[0.0,38.86774999999943]]]},"properties":{}},{"type":"Feature","geometry":{"type":"MultiLineString","coordinates":[[[-0.760190000000875,37.84607],[-0.749149999999645,37.898839999999836],[-0.641939999999522,38.00256000000081],[-0.625889999999345,38.157030000000304],[-0.513689999999769,38.196],[-0.505890000000363,38.33100000000013],[-0.409890000000814,38.350029999999606],[-0.38875,38.43014000000039],[-0.302219999999579,38.480750000000626],[-0.142190000000483,38.53607000000011],[-0.096550000000207,38.52437],[0.002200000000812,38.62832999999955]]]},"properties":{}},{"type":"Feature","geometry":{"type":"MultiLineString","coordinates":[[[-1.628059999999095,37.37198999999964],[-1.482379999999466,37.42424000000028],[-1.452559999999721,37.49006999999983],[-1.32697,37.5604000000003],[-1.212620000000243,37.57394000000022],[-1.111689999999726,37.5337899999995],[-1.105610000000524,37.567510000000766],[-0.993169999999736,37.5997499999994],[-0.923370000000432,37.55466999999953],[-0.716220000000249,37.60994000000028],[-0.69103,37.631859999999506],[-0.73733,37.74047000000064],[-0.732749999999214,37.63136999999915],[-0.814000000000306,37.6626899999992],[-0.85892000000058,37.719279999999344],[-0.782670000000508,37.81689],[-0.745810000000347,37.785719999999856],[-0.760190000000875,37.84607]]]},"properties":{}},{"type":"Feature","geometry":{"type":"MultiLineString","coordinates":[[[-5.92316000000028,35.79297000000042],[-5.782779999999548,35.776920000000246],[-5.723019999999451,35.829859999999826],[-5.590550000000803,35.83256000000074],[-5.48240000000078,35.90890000000036],[-5.382040000000416,35.91349000000082]]]},"properties":{}},{"type":"Feature","geometry":{"type":"MultiLineString","coordinates":[[[-1.040769999999611,35.672490000000835],[-0.935709999999744,35.72900999999911],[-0.866280000000188,35.71371999999974],[-0.796249999999418,35.774890000000596],[-0.62971,35.71158],[-0.502940000000308,35.79232000000047],[-0.483980000000884,35.880409999999756],[-0.38436,35.9103099999993],[-0.293139999999767,35.876689999999144],[-0.307349999999133,35.849819999999454],[-0.277379999999539,35.820770000000266],[-0.11421,35.789269999999306]]]},"properties":{}},{"type":"Feature","geometry":{"type":"MultiLineString","coordinates":[[[-3.80242,35.205949999999575],[-3.70975,35.289450000000215],[-3.494119999999384,35.20075],[-3.332329999999274,35.187299999999595],[-3.20097,35.223690000000715],[-3.13429,35.28303000000051],[-3.06747,35.29679000000033],[-2.991620000000694,35.4365600000001],[-2.95155,35.430749999999534],[-2.96011,35.32890000000043]]]},"properties":{}},{"type":"Feature","geometry":{"type":"MultiLineString","coordinates":[[[-5.337079999999332,35.87771000000066],[-5.333640000000742,35.71484000000055],[-5.316670000000158,35.68341999999939],[-5.274230000000898,35.68708999999944],[-5.243270000000848,35.55276000000049],[-5.173759999999675,35.5318900000002],[-5.057810000000245,35.40582],[-4.783880000000863,35.23911000000044],[-4.523600000000442,35.17733000000044]]]},"properties":{}},{"type":"Feature","geometry":{"type":"MultiLineString","coordinates":[[[-4.523600000000442,35.17733000000044],[-4.358140000000276,35.148880000000645],[-3.931640000000698,35.263450000000375],[-3.904109999999491,35.212680000000546],[-3.80242,35.205949999999575]]]},"properties":{}},{"type":"Feature","geometry":{"type":"MultiLineString","coordinates":[[[-2.922490000000835,35.27079000000049],[-2.904300000000148,35.15445],[-2.813770000000659,35.103979999999865],[-2.747400000000198,35.111940000000686],[-2.903229999999894,35.242959999999584],[-2.65488,35.093220000000656],[-2.534990000000107,35.0868],[-2.423199999999269,35.1553100000001],[-2.20651,35.08465000000069]]]},"properties":{}},{"type":"Feature","geometry":{"type":"MultiLineString","coordinates":[[[-2.20651,35.08465000000069],[-1.95785000000069,35.07456],[-1.759509999999864,35.12809000000016],[-1.5575000000008,35.26908],[-1.362220000000889,35.31770999999935]]]},"properties":{}},{"type":"Feature","geometry":{"type":"MultiLineString","coordinates":[[[-9.814549999999144,30.883229999999458],[-9.808689999999842,30.81833],[-9.889779999999519,30.626389999999446],[-9.78592000000026,30.604559999999765],[-9.603170000000318,30.395920000000842],[-9.646640000000843,30.15813999999955],[-9.724060000000463,30.0]]]},"properties":{}},{"type":"Feature","geometry":{"type":"MultiLineString","coordinates":[[[-7.867790000000241,43.77428999999938],[-7.849050000000716,43.717539999999644],[-7.88947,43.66827999999987],[-7.6749,43.78741000000082],[-7.704610000000685,43.71084999999948],[-7.63836000000083,43.75373000000036],[-7.598809999999503,43.657939999999144],[-7.584549999999581,43.71224000000075],[-7.54385,43.73338999999942],[-7.466889999999694,43.72643000000062],[-7.244280000000799,43.57505999999921],[-7.261560000000827,43.54536],[-7.235140000000683,43.56881000000067],[-7.042289999999412,43.558460000000196],[-7.044949999999517,43.48746000000028]]]},"properties":{}},{"type":"Feature","geometry":{"type":"MultiLineString","coordinates":[[[-7.044949999999517,43.48746000000028],[-7.008830000000671,43.530829999999696],[-7.023020000000542,43.56135],[-6.944439999999304,43.574469999999565],[-6.35494,43.55278999999973],[-6.240490000000136,43.59696000000076],[-6.187490000000253,43.56457000000046],[-6.078530000000683,43.56457000000046],[-6.102080000000569,43.48532999999952],[-6.072899999999208,43.5643],[-5.962470000000394,43.57671999999911],[-5.846419999999853,43.65799999999945],[-5.733710000000428,43.574469999999565],[-5.697570000000269,43.57795000000078],[-5.688469999999143,43.543690000000424],[-5.412050000000818,43.556000000000495],[-5.296539999999368,43.53672],[-5.217160000000149,43.47595],[-4.931080000000293,43.46243999999933],[-4.510840000000826,43.38746999999967]]]},"properties":{}},{"type":"Feature","geometry":{"type":"MultiLineString","coordinates":[[[-4.510840000000826,43.38746999999967],[-4.339749999999185,43.4064699999999],[-4.31898,43.38192999999956],[-4.02074,43.449140000000625],[-3.983749999999418,43.42930999999953],[-3.945530000000872,43.46768999999949],[-3.78197,43.492050000000745],[-3.763600000000224,43.469489999999496],[-3.831860000000233,43.43869000000086],[-3.812579999999798,43.39430999999968],[-3.767719999999827,43.448169999999664],[-3.731830000000627,43.438609999999244],[-3.762469999999666,43.45977999999923],[-3.587250000000495,43.51397],[-3.586939999999231,43.48396999999932],[-3.556790000000547,43.51061],[-3.430039999999281,43.46314999999959],[-3.433909999999742,43.438860000000204],[-3.469250000000102,43.461349999999584],[-3.519829999999274,43.42635999999948],[-3.43347,43.36752999999953],[-3.450769999999466,43.43377],[-3.322669999999562,43.417020000000775],[-3.319830000000366,43.39028],[-3.224560000000565,43.3972],[-3.1503100000009,43.35471999999936]]]},"properties":{}},{"type":"Feature","geometry":{"type":"MultiLineString","coordinates":[[[-3.1503100000009,43.35471999999936],[-3.100000000000364,43.365200000000186],[-2.97831000000042,43.31047000000035],[-3.029660000000149,43.3781999999992],[-2.944260000000213,43.4019700000008],[-2.941140000000814,43.43513999999959],[-2.753249999999753,43.45578000000023],[-2.663140000000567,43.34541999999965],[-2.683510000000751,43.40678999999909],[-2.639279999999417,43.41432999999961],[-2.326919999999518,43.29905999999937],[-2.127599999999802,43.29103000000032],[-1.922130000000834,43.330330000000686],[-1.792170000000624,43.39432999999917],[-1.78853,43.355499999999665]]]},"properties":{}},{"type":"Feature","geometry":{"type":"MultiLineString","coordinates":[[[-8.25731000000087,43.36946],[-8.20516999999927,43.282390000000305],[-8.221170000000711,43.38803999999982],[-8.17298,43.416950000000725],[-8.311120000000301,43.44506],[-8.20267000000058,43.45846999999958],[-8.160400000000664,43.506100000000515],[-8.338830000000598,43.45871000000079],[-8.323839999999109,43.525369999999384],[-8.295459999999366,43.53180000000066],[-8.322500000000218,43.56580000000031],[-8.26339,43.55572000000029],[-8.091459999999643,43.66748],[-8.053780000000188,43.652249999999185],[-8.074860000000626,43.68326999999954],[-8.053749999999127,43.71113999999943],[-7.994969999999739,43.70816999999988],[-7.86859,43.77428999999938]]]},"properties":{}},{"type":"Feature","geometry":{"type":"MultiLineString","coordinates":[[[-8.74647,42.652969999999186],[-8.800629999999728,42.63807000000088],[-8.838910000000396,42.6718],[-8.856449999999313,42.60728000000017],[-8.897139999999126,42.63832999999977],[-8.919630000000325,42.59014000000025],[-9.04198,42.518669999999474],[-9.03831,42.569219999999405],[-9.090159999999742,42.57648999999947],[-9.02886000000035,42.70017999999982],[-8.887280000000828,42.78492],[-8.875889999999345,42.82431],[-8.95604,42.77995],[-9.056969999999637,42.78665],[-9.08842,42.73819],[-9.142770000000382,42.79709],[-9.108770000000732,42.81582999999955],[-9.148119999999835,42.869370000000345],[-9.129650000000765,42.90871999999945],[-9.188819999999396,42.94915000000037],[-9.182930000000852,42.91728999999941],[-9.232190000000628,42.939510000000155],[-9.280909999999494,42.888639999999214],[-9.296969999999419,42.923720000000685],[-9.259490000000369,43.00135000000046],[-9.29483000000073,43.0557000000008],[-9.130450000000565,43.13300999999956],[-9.194170000000668,43.123639999999796],[-9.21371,43.15576999999939],[-9.173290000000634,43.1881599999997],[-9.054829999999129,43.186069999999745],[-9.00717000000077,43.23373],[-8.92713,43.22436000000016],[-8.985759999999573,43.281919999999445],[-8.84173,43.34483],[-8.704470000000583,43.28872000000047],[-8.530000000000655,43.31804999999986],[-8.405220000000554,43.38712999999916],[-8.3709400000007,43.32396999999946],[-8.32865,43.403190000000905],[-8.25731000000087,43.36946]]]},"properties":{}},{"type":"Feature","geometry":{"type":"MultiLineString","coordinates":[[[-8.740529999999126,42.6518300000007],[-8.769710000000487,42.595069999999396],[-8.830480000000534,42.57098000000042],[-8.80184,42.5029799999993],[-8.821920000000318,42.45318000000043],[-8.862740000000485,42.44889999999941],[-8.86729000000014,42.50002999999924],[-8.93931,42.46362000000045],[-8.876060000000507,42.449469999999565],[-8.837980000000243,42.38517999999931],[-8.688459999999395,42.437659999999596],[-8.665170000000217,42.420249999999214],[-8.774059999999736,42.331780000000435],[-8.83288999999968,42.34048000000075],[-8.815329999999449,42.27852999999959],[-8.854310000000623,42.3099600000005],[-8.863139999999476,42.24864999999954],[-8.686750000000757,42.280689999999595],[-8.612699999999677,42.34422000000086],[-8.61164,42.285970000000816],[-8.769179999999324,42.2254099999991],[-8.846809999999095,42.156450000000405],[-8.817359999999098,42.11469000000034],[-8.897139999999126,42.11201000000074],[-8.880810000000565,41.87814000000071],[-8.801830000000336,41.91436000000067]]]},"properties":{}},{"type":"Feature","geometry":{"type":"MultiLineString","coordinates":[[[-8.79889,41.90757999999914],[-8.876259999999093,41.832360000000335],[-8.85779,41.700370000000476],[-8.707940000000235,41.71366999999918],[-8.83302999999978,41.6822200000006],[-8.810540000000401,41.61208000000079]]]},"properties":{}},{"type":"Feature","geometry":{"type":"MultiLineString","coordinates":[[[-8.810540000000401,41.61208000000079],[-8.789919999999256,41.54248],[-8.74761000000035,41.51431000000048],[-8.790419999999358,41.5276900000008],[-8.772119999999632,41.46807000000081]]]},"properties":{}},{"type":"Feature","geometry":{"type":"MultiLineString","coordinates":[[[-8.772119999999632,41.46807000000081],[-8.786710000000312,41.41396999999961],[-8.717529999999897,41.20561000000089],[-8.644749999999476,41.14763999999923]]]},"properties":{}},{"type":"Feature","geometry":{"type":"MultiLineString","coordinates":[[[-8.646350000000893,41.018599999999424],[-8.75144,40.64624999999978],[-8.656220000000758,40.85842000000048],[-8.66708,40.804],[-8.642809999999372,40.842720000000554],[-8.625669999999445,40.81550000000061],[-8.680689999999231,40.78064000000086],[-8.67483,40.738470000000234],[-8.608329999999114,40.726080000000366],[-8.677970000000641,40.71614000000045],[-8.65697,40.69625000000087],[-8.69583000000057,40.65919000000031],[-8.668890000000829,40.64500000000044],[-8.6505300000008,40.671329999999216],[-8.659970000000612,40.64646999999968],[-8.681029999999737,40.62261000000035],[-8.724200000000565,40.65634999999929],[-8.75058,40.579170000000886],[-8.748279999999795,40.638810000000376],[-8.783690000000206,40.51961999999912]]]},"properties":{}},{"type":"Feature","geometry":{"type":"MultiLineString","coordinates":[[[-8.783690000000206,40.51961999999912],[-8.908830000000307,40.1876400000001],[-8.7853099999993,40.11593999999968],[-8.754859999999098,40.13832999999977],[-8.781419999999343,40.11058000000048],[-8.86283,40.14264],[-8.894329999999172,40.04505000000063]]]},"properties":{}},{"type":"Feature","geometry":{"type":"MultiLineString","coordinates":[[[-8.894329999999172,40.04505000000063],[-9.05037000000084,39.72005999999965],[-9.073099999999613,39.593049999999494],[-9.228119999999763,39.43464],[-9.193390000000363,39.38044000000082],[-9.225580000000264,39.3804999999993],[-9.24124,39.42480000000069],[-9.34915,39.36198999999942],[-9.406559999999445,39.364809999999125],[-9.345209999999497,39.29213999999956]]]},"properties":{}},{"type":"Feature","geometry":{"type":"MultiLineString","coordinates":[[[-8.849500000000262,39.03124000000025],[-8.718890000000101,39.11330000000089],[-8.759969999999157,39.06071999999949],[-8.85462,39.023989999999685]]]},"properties":{}},{"type":"Feature","geometry":{"type":"MultiLineString","coordinates":[[[-8.85462,39.023989999999685],[-8.918999999999869,39.01778000000013],[-8.98855999999978,38.92733000000044],[-8.96788000000015,38.83489]]]},"properties":{}},{"type":"Feature","geometry":{"type":"MultiLineString","coordinates":[[[-9.345209999999497,39.29213999999956],[-9.346999999999753,39.20464],[-9.418980000000374,39.08102999999937],[-9.41617000000042,38.94722],[-9.4959400000007,38.77950000000055],[-9.475749999999607,38.698920000000726],[-9.318639999999505,38.67344000000048],[-9.130279999999402,38.705770000000484],[-9.06232000000091,38.85479999999916],[-8.933779999999388,39.01561000000038],[-8.849500000000262,39.03124000000025]]]},"properties":{}},{"type":"Feature","geometry":{"type":"MultiLineString","coordinates":[[[-8.924199999999473,38.7585],[-9.045029999999315,38.7142500000009],[-9.045669999999518,38.688280000000304],[-8.95347000000038,38.6875],[-9.007939999999508,38.68503000000055],[-8.995500000000902,38.65310999999929],[-9.080949999999575,38.66359000000011],[-9.043939999999566,38.60275],[-9.088219999999637,38.64437],[-9.138329999999769,38.642359999999826],[-9.10333,38.64718],[-9.147619999999733,38.68866],[-9.266139999999723,38.66856],[-9.183709999999337,38.5318900000002],[-9.221910000000207,38.413080000000264],[-9.022059999999328,38.443890000000465],[-8.88587,38.51985000000059],[-8.768280000000232,38.472750000000815],[-8.751469999999244,38.49797000000035],[-8.780609999999797,38.51136000000042],[-8.743529999999737,38.559440000000905],[-8.727109999999811,38.49966999999924],[-8.756419999999707,38.456389999999374],[-8.62225000000035,38.4061099999999],[-8.793330000000424,38.44503000000077],[-8.800359999999273,38.40402999999969],[-8.906220000000758,38.48983000000044],[-8.823860000000423,38.41681000000062],[-8.77984,38.30734999999913],[-8.795539999999164,38.12386999999944],[-8.889170000000377,37.95702999999958],[-8.8067800000008,37.924450000000434],[-8.792999999999665,37.82072]]]},"properties":{}},{"type":"Feature","geometry":{"type":"MultiLineString","coordinates":[[[-8.792999999999665,37.82072],[-8.812169999999242,37.7437800000007],[-8.750309999999445,37.72738000000027],[-8.725280000000566,37.67870000000039],[-8.75367,37.72256000000016],[-8.793610000000626,37.706669999999576],[-8.817329999999856,37.598260000000664],[-8.788510000000315,37.53241],[-8.800929999999425,37.44383000000016]]]},"properties":{}},{"type":"Feature","geometry":{"type":"MultiLineString","coordinates":[[[-7.457420000000639,37.410219999999754],[-7.404609999999593,37.17088999999942],[-7.49028,37.17120000000068],[-7.59911,37.1244999999999],[-7.562250000000859,37.155249999999796],[-7.620119999999588,37.11566999999923]]]},"properties":{}},{"type":"Feature","geometry":{"type":"MultiLineString","coordinates":[[[-8.800929999999425,37.44383000000016],[-8.876029999999446,37.32056999999986],[-8.863139999999476,37.26199000000088],[-8.918680000000677,37.19614],[-8.903910000000906,37.16309999999976],[-8.997880000000805,37.023950000000696],[-8.948200000000725,36.99231999999938],[-8.848379999999452,37.056759999999485],[-8.662860000000364,37.079170000000886],[-8.59788,37.148150000000896],[-8.60772,37.12284],[-8.526780000000144,37.11399999999958],[-8.50344000000041,37.1519700000008],[-8.511249999999563,37.10239],[-8.29781,37.0715],[-8.166579999999158,37.08499999999913],[-7.958060000000842,36.98092],[-7.982579999999871,37.00756],[-7.875169999999343,36.980830000000424],[-7.842029999999795,37.02117],[-7.783890000000611,37.01621999999952]]]},"properties":{}},{"type":"Feature","geometry":{"type":"MultiLineString","coordinates":[[[-2.189920000000711,36.72113],[-2.121789999999237,36.73168000000078],[-2.001819999999498,36.8378900000007],[-1.988750000000437,36.89430999999968],[-1.902079999999842,36.93858],[-1.820750000000771,37.18341999999939],[-1.774310000000696,37.238030000000435],[-1.823360000000321,37.269860000000335],[-1.767669999999271,37.24647],[-1.628059999999095,37.37198999999964]]]},"properties":{}},{"type":"Feature","geometry":{"type":"MultiLineString","coordinates":[[[-7.457420000000639,37.410219999999754],[-7.379049999999552,37.17173999999977],[-7.328910000000178,37.211240000000544],[-7.06358,37.207909999999174],[-7.157750000000306,37.21035],[-7.167610000000423,37.23957999999948],[-7.155440000000453,37.21457],[-6.954260000000431,37.17674000000079],[-7.001879999999801,37.23358999999982],[-6.974050000000716,37.365889999999126],[-6.932199999999284,37.232959999999366],[-6.86417000000074,37.293980000000374],[-6.744029999999839,37.31243],[-6.671099999999569,37.3645],[-6.725969999999506,37.309370000000854],[-6.84339,37.27046999999948],[-6.907569999999396,37.18972000000031],[-6.874939999999697,37.14918000000034],[-6.527040000000852,37.00287000000026],[-6.45471,37.01195],[-6.443100000000413,37.04918],[-6.563739999999598,37.147109999999884],[-6.425240000000485,37.11904999999933],[-6.26633000000038,37.175460000000385],[-6.250280000000203,37.22516],[-6.19572,37.195630000000165],[-6.073210000000472,37.266530000000785],[-6.026809999999386,37.24170000000049],[-6.021730000000389,37.20399],[-5.875659999999698,37.139649999999165],[-5.949130000000878,37.14168000000063],[-5.89408,37.029529999999795],[-6.014139999999315,36.979699999999866],[-6.003319999999803,36.94138000000021],[-6.105299999999261,36.92015999999967],[-6.116260000000693,36.87153000000035],[-6.055819999999585,36.8416500000003],[-6.112170000000333,36.84447],[-6.10873,36.809839999999895],[-6.22657000000072,36.7505199999996],[-6.1443,36.85419],[-6.159279999999853,36.88246000000072],[-6.220040000000154,36.87336999999934],[-6.29515,36.76466000000073],[-6.29711,36.80502999999953],[-6.331280000000334,36.80775],[-6.357609999999113,36.76519],[-6.447159999999712,36.75264000000061],[-6.363090000000739,36.61569000000054],[-6.142879999999423,36.60823999999957],[-6.145829999999478,36.55616],[-6.18541,36.53654],[-6.153550000000905,36.45890999999938],[-6.195299999999406,36.40223],[-6.151550000000498,36.30703],[-6.087460000000647,36.26930999999968],[-6.03567,36.182740000000194]]]},"properties":{}},{"type":"Feature","geometry":{"type":"MultiLineString","coordinates":[[[-5.340029999999388,36.15975000000071],[-5.177719999999681,36.41408000000047],[-4.904169999999795,36.506530000000566],[-4.75199000000066,36.484379999999874],[-4.637800000000425,36.50688000000082],[-4.409330000000409,36.720439999999144],[-4.177190000000337,36.71668999999929],[-4.07856,36.747740000000704],[-3.95825,36.72617],[-3.832889999999679,36.7536999999993],[-3.727829999999813,36.72387999999955],[-3.600749999999607,36.74337999999989],[-3.436859999999797,36.6945199999991],[-3.253919999999198,36.7536999999993],[-2.922230000000127,36.751179999999295],[-2.85215000000062,36.69888],[-2.767509999999675,36.68556999999964],[-2.652309999999488,36.70588999999927],[-2.55533,36.81632],[-2.367120000000796,36.841560000000754],[-2.276169999999183,36.808750000000146],[-2.189920000000711,36.72113]]]},"properties":{}},{"type":"Feature","geometry":{"type":"MultiLineString","coordinates":[[[-6.03567,36.182740000000194],[-5.918750000000728,36.18630999999914],[-5.797350000000733,36.07822999999917],[-5.690730000000258,36.06862],[-5.608599999999569,36.00886999999966],[-5.42816,36.07322000000022],[-5.426289999999426,36.17609000000084],[-5.353220000000874,36.1598099999992]]]},"properties":{}},{"type":"Feature","geometry":{"type":"MultiLineString","coordinates":[[[-5.92316000000028,35.79297000000042],[-6.151169999999183,35.20368000000053],[-6.12961,35.20896],[-6.168830000000526,35.19496000000072],[-6.40969000000041,34.66599999999926],[-6.670040000000881,34.27053999999953],[-6.630590000000666,34.28729000000021],[-6.831140000000232,34.04416999999921],[-7.087519999999131,33.86141999999927]]]},"properties":{}},{"type":"Feature","geometry":{"type":"MultiLineString","coordinates":[[[-7.087519999999131,33.86141999999927],[-7.354919999999765,33.72247000000061],[-7.403169999999591,33.72632999999951],[-7.571579999999813,33.61991999999918],[-7.652560000000449,33.62219999999979],[-8.299639999999272,33.3801399999993],[-8.45289000000048,33.26281000000017],[-8.514999999999418,33.26477999999952],[-8.61569000000054,33.1828600000008],[-8.61631,33.14149999999972],[-8.74725000000035,32.98360999999932],[-9.053649999999834,32.73507000000063]]]},"properties":{}},{"type":"Feature","geometry":{"type":"MultiLineString","coordinates":[[[-9.053649999999834,32.73507000000063],[-9.27781,32.550859999999375],[-9.231669999999212,32.47875000000022],[-9.284999999999854,32.38047],[-9.24268999999913,32.307919999999285],[-9.254329999999754,32.20253000000048],[-9.344810000000507,32.03650000000016],[-9.675939999999173,31.699440000000322],[-9.681080000000293,31.621440000000803],[-9.846690000000308,31.39383000000089],[-9.800419999999576,31.333220000000438],[-9.844970000000103,31.11031],[-9.81344,31.003469999999652]]]},"properties":{}},{"type":"Feature","geometry":{"type":"MultiLineString","coordinates":[[[15.002800000000263,44.48042],[14.917030000000523,44.54670000000078],[15.077260000000138,44.47602999999987],[14.907800000000805,44.61327],[14.871409999999742,44.60674],[14.882369999999412,44.57525],[14.73344,44.70397000000048],[14.87716999999975,44.55836000000096],[14.903580000000147,44.48825000000039],[15.042970000000537,44.39103000000074],[15.114809999999125,44.37796],[15.091239999999743,44.36562000000049],[15.106939999999724,44.32056000000023],[15.174940000000845,44.290119999999774],[15.132610000000568,44.33201],[15.255409999999756,44.328649999999584],[15.116799999999841,44.44011999999941],[15.04717,44.47849999999926],[15.04764000000074,44.440479999999354],[15.002800000000263,44.48042]]]},"properties":{}},{"type":"Feature","geometry":{"type":"MultiLineString","coordinates":[[[10.024779999999737,44.04215],[9.969240000000354,44.08057999999983],[9.98711,44.04483000000073],[9.962540000000445,44.03811999999925],[9.83806,44.111220000000685],[9.853699999999662,44.06047000000035],[9.830470000000787,44.050390000000334],[9.237139999999272,44.34795],[9.209109999999782,44.30035999999927],[9.100529999999708,44.37250999999924],[8.741029999999228,44.427700000000186],[8.450720000000729,44.28766999999971],[8.424489999999423,44.19453000000067],[8.277729999999792,44.145510000000286],[8.160910000000513,43.98798],[8.174450000000434,43.95619000000079],[8.068100000000413,43.88890999999967],[7.675610000000233,43.779169999999795],[7.524639999999636,43.78512000000046]]]},"properties":{}},{"type":"Feature","geometry":{"type":"MultiLineString","coordinates":[[[7.407110000000102,43.719279999999344],[7.340550000000803,43.713739999999234],[7.335010000000693,43.67559000000074],[7.314089999999851,43.70615],[7.162720000000263,43.6563100000003]]]},"properties":{}},{"type":"Feature","geometry":{"type":"MultiLineString","coordinates":[[[4.774919999999838,43.370419999999285],[4.84886,43.38355000000047],[4.893780000000334,43.430270000000746],[4.982490000000325,43.4029900000005]]]},"properties":{}},{"type":"Feature","geometry":{"type":"MultiLineString","coordinates":[[[7.162720000000263,43.6563100000003],[7.126819999999498,43.61077],[7.136669999999867,43.54432000000088],[7.097700000000259,43.57078],[7.038930000000619,43.53734000000077],[6.966829999999391,43.54385999999977],[6.920060000000376,43.44808000000012],[6.855859999999666,43.41198000000077],[6.73351,43.43761000000086],[6.71515,43.34704000000056],[6.584489999999278,43.27462999999989],[6.697099999999409,43.26581000000078],[6.645000000000437,43.16715],[6.560289999999441,43.189510000000155],[6.495370000000548,43.15106999999989],[6.402760000000853,43.14962999999989],[6.36276,43.12945000000036],[6.365229999999428,43.08658],[6.19672,43.112419999999474],[6.155389999999898,43.0801],[6.159079999999449,43.02800000000025],[6.093650000000707,43.030870000000505],[6.129549999999654,43.04378999999972],[6.111290000000736,43.08390999999938],[6.022779999999329,43.07836999999927],[5.907569999999396,43.12613000000056],[5.896489999999176,43.08408000000054],[5.951049999999668,43.07114999999976],[5.830749999999171,43.048179999999775],[5.79414,43.0698799999991],[5.808090000000448,43.11521],[5.695579999999609,43.14281999999912],[5.684499999999389,43.17953999999918],[5.625739999999496,43.18733000000066],[5.604199999999764,43.161079999999856],[5.537130000000616,43.21337999999923],[5.34176,43.2151900000008],[5.37457,43.258060000000114],[5.34422000000086,43.281849999999395],[5.373960000000807,43.29559],[5.325349999999162,43.356589999999414],[5.049670000000333,43.32561999999962],[4.99131,43.39499000000069]]]},"properties":{}},{"type":"Feature","geometry":{"type":"MultiLineString","coordinates":[[[6.442160000000513,43.00547],[6.512689999999566,43.04682999999932],[6.472659999999451,43.04752],[6.442160000000513,43.00547]]]},"properties":{}},{"type":"Feature","geometry":{"type":"MultiLineString","coordinates":[[[9.813410000000658,43.007400000000416],[9.844380000000456,43.032680000000255],[9.82427,43.07231999999931],[9.789709999999104,43.023880000000645],[9.813410000000658,43.007400000000416]]]},"properties":{}},{"type":"Feature","geometry":{"type":"MultiLineString","coordinates":[[[10.50786,42.99591999999939],[10.527500000000146,43.23500000000058],[10.299440000000686,43.539049999999406],[10.339970000000903,43.65300000000025],[10.326569999999265,43.717790000000605],[10.187239999999292,43.93892000000051],[10.024779999999737,44.04215]]]},"properties":{}},{"type":"Feature","geometry":{"type":"MultiLineString","coordinates":[[[6.391879999999219,42.99453999999969],[6.422940000000381,43.01253999999972],[6.369769999999335,43.00213000000076],[6.391879999999219,42.99453999999969]]]},"properties":{}},{"type":"Feature","geometry":{"type":"MultiLineString","coordinates":[[[6.21313,42.98483999999917],[6.161239999999452,43.00187],[6.241640000000189,43.02421999999933],[6.251290000000154,42.99885],[6.212929999999687,42.98483999999917]]]},"properties":{}},{"type":"Feature","geometry":{"type":"MultiLineString","coordinates":[[[3.164810000000216,42.44081],[3.125,42.48639],[3.138139999999112,42.51684000000023],[3.045120000000679,42.56088000000091],[3.02815,42.724669999999605],[3.060030000000552,42.92120000000068],[2.981579999999667,42.95469000000048],[3.00425,42.97861000000012],[3.0348,42.94598000000042],[3.065249999999651,43.042530000000625],[3.0386,43.10668000000078],[3.079560000000129,43.07883000000038],[3.366149999999834,43.28347000000031],[3.515810000000783,43.274139999999534],[3.711390000000392,43.42272000000048],[3.993839999999182,43.54833999999937],[4.112390000000232,43.57701000000088],[4.240180000000692,43.46041999999943]]]},"properties":{}},{"type":"Feature","geometry":{"type":"MultiLineString","coordinates":[[[3.202509999999165,41.89484000000084],[3.22751000000062,41.97146000000066],[3.189000000000306,42.02335999999923],[3.132830000000467,42.03385999999955],[3.213289999999688,42.05999999999949],[3.118329999999332,42.13908000000083],[3.104030000000421,42.20682999999917],[3.03903,42.174839999999676],[3.153650000000198,42.26231999999982],[3.264559999999619,42.23708000000079],[3.322910000000775,42.3171399999992],[3.229779999999664,42.35246],[3.195250000000669,42.336639999999534],[3.15517,42.37788999999975],[3.164810000000216,42.44081]]]},"properties":{}},{"type":"Feature","geometry":{"type":"MultiLineString","coordinates":[[[9.35500999999931,43.00551000000087],[9.357159999999567,42.92627999999968],[9.30976,42.83220000000074],[9.342800000000352,42.73572000000058],[9.299230000000534,42.67468],[9.222560000000158,42.73807999999917],[9.165020000000368,42.74035999999978],[9.084419999999227,42.71502],[9.013530000000173,42.641999999999825],[8.806769999999233,42.60432000000037],[8.791699999999764,42.560709999999744],[8.725259999999253,42.58513999999923],[8.714529999999286,42.52966000000015],[8.649680000000444,42.48034],[8.67274,42.4686899999997],[8.659499999999753,42.42370999999912],[8.544190000000526,42.37736000000041],[8.55812,42.33260999999948],[8.614059999999881,42.350650000000314],[8.60515999999916,42.305669999999736],[8.690319999999701,42.264610000000175],[8.54168000000027,42.23971999999958],[8.569310000000769,42.229129999999714],[8.564089999999851,42.17051999999967],[8.592099999999846,42.16991000000053],[8.559830000000147,42.148300000000745],[8.695309999999154,42.11450999999943],[8.739809999999125,42.061250000000655],[8.657579999999143,42.01375],[8.665779999999359,41.980250000000524],[8.593020000000251,41.96654999999919],[8.623159999999189,41.93853999999919],[8.61112999999932,41.90656999999919],[8.718899999999849,41.90809000000081],[8.749649999999747,41.93489000000045],[8.803540000000794,41.891349999999875],[8.75087,41.84447],[8.77035000000069,41.8125],[8.714029999999184,41.802449999999226],[8.72621000000072,41.773230000000694],[8.659540000000561,41.74309],[8.70977,41.72177999999985],[8.77401,41.74126000000069],[8.788319999999658,41.700160000000324],[8.905070000000705,41.67794]]]},"properties":{}},{"type":"Feature","geometry":{"type":"MultiLineString","coordinates":[[[8.905070000000705,41.67794],[8.792499999999563,41.63090000000011],[8.789080000000467,41.55724],[8.855289999999513,41.54902000000038],[8.842730000000302,41.51910999999927],[8.921850000000632,41.48827999999958],[9.07963000000018,41.47732],[9.072589999999764,41.445009999999456],[9.124040000000605,41.44378999999935],[9.094380000000456,41.39481999999953]]]},"properties":{}},{"type":"Feature","geometry":{"type":"MultiLineString","coordinates":[[[9.094380000000456,41.39481999999953],[9.20850000000064,41.36613000000034],[9.25988999999936,41.41333999999915],[9.21763,41.4073499999995],[9.210590000000593,41.442300000000614],[9.277369999999792,41.4627],[9.266939999999522,41.52671],[9.37065000000075,41.596410000000105],[9.292919999999867,41.582070000000385],[9.284610000000612,41.606330000000526],[9.356050000000323,41.61713000000054],[9.40574000000015,41.7091],[9.40063999999984,41.96357999999964],[9.55638,42.13983],[9.51673,42.126000000000204],[9.5665599999993,42.19044000000031],[9.5615600000001,42.27897],[9.535060000000158,42.54497000000083],[9.445620000000417,42.64834999999948],[9.493730000000141,42.80443000000014],[9.46284999999989,42.98660000000018],[9.436879999999292,43.00192000000061]]]},"properties":{}},{"type":"Feature","geometry":{"type":"MultiLineString","coordinates":[[[9.35378,41.293439999999464],[9.385519999999815,41.30119999999988],[9.337400000000343,41.3091000000004],[9.354009999999107,41.293439999999464]]]},"properties":{}},{"type":"Feature","geometry":{"type":"MultiLineString","coordinates":[[[9.389859999999317,41.21074000000044],[9.438690000000861,41.21807000000081],[9.420910000000731,41.269469999999274],[9.389859999999317,41.21074000000044]]]},"properties":{}},{"type":"Feature","geometry":{"type":"MultiLineString","coordinates":[[[9.447920000000522,41.20027999999911],[9.435999999999694,41.18167],[9.480719999999565,41.18297999999959],[9.479310000000623,41.23972999999933],[9.447920000000522,41.20027999999911]]]},"properties":{}},{"type":"Feature","geometry":{"type":"MultiLineString","coordinates":[[[8.248310000000856,40.98501000000033],[8.21587,40.98877],[8.224309999999605,41.04254000000037],[8.31956,41.12206999999944],[8.350200000000768,41.0912100000005],[8.334619999999632,41.05352],[8.265030000000479,41.05662999999913],[8.248310000000856,40.98501000000033]]]},"properties":{}},{"type":"Feature","geometry":{"type":"MultiLineString","coordinates":[[[9.697550000000774,40.88962],[9.736689999999726,40.926470000000336],[9.674639999999272,40.89142999999967],[9.697550000000774,40.88962]]]},"properties":{}},{"type":"Feature","geometry":{"type":"MultiLineString","coordinates":[[[3.202509999999165,41.89484000000084],[2.929749999999331,41.71718999999939],[2.779409999999189,41.65422000000035],[2.733829999999216,41.69722],[2.77275,41.64756],[2.27006000000074,41.462219999999434],[2.118560000000798,41.29733],[1.294309999999314,41.12634000000071],[1.219080000000758,41.10628],[1.170969999999215,41.05347000000074],[1.116640000000189,41.07300000000032],[0.993179999999484,41.04245000000083],[0.709360000000743,40.80725],[0.656559999999445,40.70767999999953]]]},"properties":{}},{"type":"Feature","geometry":{"type":"MultiLineString","coordinates":[[[9.699800000000323,39.999799999999595],[9.734440000000177,40.08523000000059],[9.656160000000455,40.148740000000544],[9.623690000000352,40.24917],[9.691969999999856,40.34735],[9.765369999999166,40.39106],[9.828390000000581,40.529200000000856],[9.757149999999456,40.5896100000009],[9.746880000000601,40.64802000000054],[9.728610000000117,40.62615],[9.758299999999508,40.677340000000186],[9.719020000000455,40.69542],[9.717539999999644,40.75108999999975],[9.656569999999192,40.787210000000414],[9.72667,40.840729999999894],[9.65452,40.856400000000576],[9.619129999999132,40.89270000000033],[9.644130000000587,40.92156000000068],[9.501879999999801,40.919050000000425],[9.572659999999814,40.92613],[9.60873999999967,41.00057000000015],[9.640929999999571,40.977279999999155],[9.66400000000067,40.9992000000002],[9.55941999999959,41.006499999999505],[9.559649999999237,41.037780000000566],[9.506900000000314,41.011749999999665],[9.569690000000264,41.1014899999991],[9.525970000000598,41.1571100000001],[9.463630000000194,41.14227000000028],[9.441440000000512,41.08540999999968],[9.422759999999471,41.178250000000844],[9.347869999999602,41.20939999999973],[9.311910000000353,41.18491],[9.286159999999654,41.21908000000076],[9.274799999999232,41.19159000000036],[9.280969999999797,41.22600000000057],[9.231649999999718,41.25913000000037],[9.139180000000124,41.23881000000074]]]},"properties":{}},{"type":"Feature","geometry":{"type":"MultiLineString","coordinates":[[[0.519039999999222,40.5313299999998],[0.409939999999551,40.35826000000088],[0.194359999999506,40.17667000000074],[0.12687,40.0664799999995],[0.050030000000334,40.03506000000016],[-0.003070000000662,39.920140000000174]]]},"properties":{}},{"type":"Feature","geometry":{"type":"MultiLineString","coordinates":[[[4.286620000000767,39.81828999999931],[4.30595,39.86144000000064],[4.250899999999206,39.8978900000003],[4.322340000000736,39.87879000000072],[4.255610000000217,39.9636699999993],[4.267169999999226,39.99777],[4.171549999999172,40.025970000000655],[4.166129999999555,40.06464000000062],[4.138070000000994,40.06841],[4.128870000000404,40.032100000000355],[4.132879999999318,40.063700000000665],[4.10506,40.049080000000686],[4.081130000000485,40.09058],[4.06769,40.05969000000016],[3.833689999999535,40.05496999999917],[3.78356,40.018099999999436],[3.830239999999378,39.979279999999676],[3.820579999999666,39.92367999999988],[4.013419999999371,39.92597000000035],[4.200860000000773,39.83033000000074],[4.286620000000767,39.81828999999931]]]},"properties":{}},{"type":"Feature","geometry":{"type":"MultiLineString","coordinates":[[[9.139380000000529,41.239009999999325],[9.16453,41.22603],[9.161130000000412,41.16225999999915],[9.038109999999506,41.13827999999921],[8.881719999999405,41.028550000000905],[8.82905000000028,40.94021000000066],[8.682650000000649,40.908229999999094],[8.578229999999166,40.836999999999534],[8.323200000000725,40.843989999999394],[8.237259999999878,40.90315],[8.234360000000379,40.95564000000013],[8.203779999999824,40.972390000000814],[8.177999999999884,40.93833000000086],[8.220970000000307,40.88683999999921],[8.131129999999757,40.730939999999464],[8.204680000000735,40.68643999999949],[8.142060000000129,40.6208800000004],[8.148460000000341,40.569980000000214],[8.196159999999509,40.61902],[8.204550000000381,40.56801000000087],[8.307150000000547,40.58346999999958],[8.398549999999886,40.42518000000018],[8.381760000000213,40.33820000000014],[8.483060000000478,40.28375000000051],[8.455309999999372,40.17804000000069],[8.487820000000283,40.07784],[8.372170000000551,40.034669999999096],[8.413469999999506,40.01548],[8.396679999999833,39.90596],[8.431060000000798,39.860389999999825],[8.462579999999434,39.90063999999984],[8.438720000000103,39.904749999999694],[8.487779999999475,39.918910000000324],[8.555239999999685,39.85309000000052],[8.50728,39.719310000000405],[8.55631,39.69160000000011],[8.494049999999334,39.72530999999981]]]},"properties":{}},{"type":"Feature","geometry":{"type":"MultiLineString","coordinates":[[[3.114579999999478,39.8162799999991],[3.145580000000336,39.769140000000334],[3.235860000000685,39.73128],[3.348089999999502,39.790030000000115],[3.472820000000866,39.71536999999989],[3.454429999999775,39.65445],[3.401379999999335,39.63521000000037],[3.403500000000349,39.58073999999942],[3.293030000000726,39.49184000000059],[3.239620000000286,39.37065000000075],[3.066199999999299,39.26317000000017],[2.9639700000007,39.35938999999962],[2.786529999999402,39.36377999999968],[2.72192,39.47386],[2.745170000000144,39.51485999999932],[2.677260000000388,39.55776999999944],[2.544110000000728,39.522580000000744],[2.522689999999784,39.45536],[2.477430000000822,39.467459999999846],[2.455260000000635,39.53348],[2.38677,39.52217000000019],[2.34944,39.56478000000061],[2.3712,39.61389000000054],[2.567999999999302,39.70536],[2.77736,39.85511000000042],[2.949860000000626,39.920389999999315],[3.209810000000289,39.957829999999376],[3.081560000000536,39.9015500000005],[3.10225,39.85920000000078],[3.202279999999519,39.88760999999977],[3.175610000000233,39.839749999999185],[3.114579999999478,39.8162799999991]]]},"properties":{}},{"type":"Feature","geometry":{"type":"MultiLineString","coordinates":[[[2.936299999999392,39.12293999999929],[2.97599000000082,39.15702000000056],[2.918359999999666,39.161050000000614],[2.936299999999392,39.12293999999929]]]},"properties":{}},{"type":"Feature","geometry":{"type":"MultiLineString","coordinates":[[[9.087999999999738,39.230030000000625],[9.148230000000694,39.18231999999989],[9.20097,39.22661999999946],[9.29606000000058,39.212830000000395],[9.43638,39.12249999999949],[9.50648,39.129800000000614],[9.51858,39.09706],[9.558310000000347,39.13244999999915],[9.571330000000671,39.24525],[9.633429999999862,39.29639999999927],[9.600389999999607,39.376500000000306],[9.64622000000054,39.46130000000085],[9.680930000000444,39.889649999999165],[9.716089999999895,39.930060000000594],[9.689150000000154,39.94572999999946],[9.700000000000728,40.0]]]},"properties":{}},{"type":"Feature","geometry":{"type":"MultiLineString","coordinates":[[[8.309670000000551,39.12461000000076],[8.307860000000801,39.186139999999796],[8.2181700000001,39.14835999999923],[8.271389999999883,39.09523000000081],[8.309670000000551,39.12461000000076]]]},"properties":{}},{"type":"Feature","geometry":{"type":"MultiLineString","coordinates":[[[8.642700000000332,38.864260000000286],[8.66554,38.91129],[8.727179999999862,38.932300000000396],[8.85950000000048,38.87727000000086],[9.016939999999522,38.98800999999912],[9.045140000000174,39.05582999999933],[9.012969999999768,39.14089000000058],[9.07847000000038,39.22091]]]},"properties":{}},{"type":"Feature","geometry":{"type":"MultiLineString","coordinates":[[[8.642700000000332,38.864260000000286],[8.64636000000064,38.892110000000685],[8.606509999999616,38.89782000000014],[8.614779999999882,38.95806000000084],[8.56427000000076,39.00148000000081],[8.582990000000791,39.04805999999917],[8.490669999999227,39.08625000000029],[8.41563,38.95568],[8.347130000000107,39.08035000000018],[8.368130000000747,39.11620000000039],[8.46198,39.06437],[8.485720000000583,39.093590000000404],[8.434719999999288,39.11996999999974],[8.365959999999177,39.2284],[8.433090000000448,39.282970000000205],[8.375550000000658,39.3762200000001],[8.413000000000466,39.435820000000604],[8.386510000000271,39.4757699999991],[8.469170000000304,39.60158000000047],[8.450810000000274,39.769179999999324],[8.494049999999334,39.72530999999981]]]},"properties":{}},{"type":"Feature","geometry":{"type":"MultiLineString","coordinates":[[[1.40272,38.84941000000072],[1.372330000000147,38.831749999999374],[1.347809999999299,38.86960999999974],[1.272779999999329,38.87981000000036],[1.24678,38.85808],[1.218189999999595,38.959059999999226],[1.30775,38.975280000000566],[1.291219999999157,39.02866999999969],[1.357889999999315,39.07370000000083],[1.516830000000482,39.118389999999636],[1.593269999999393,39.098],[1.62062,39.0277100000003],[1.536809999999605,38.98488999999972],[1.527980000000753,38.94503000000077],[1.436190000000352,38.91739000000052],[1.40272,38.84941000000072]]]},"properties":{}},{"type":"Feature","geometry":{"type":"MultiLineString","coordinates":[[[1.571110000000772,38.65058999999928],[1.58028000000013,38.68239],[1.498470000000452,38.68630999999914],[1.4319200000009,38.75825000000077],[1.381250000000364,38.719670000000406],[1.383750000000873,38.64478000000054]]]},"properties":{}},{"type":"Feature","geometry":{"type":"MultiLineString","coordinates":[[[0.002200000000812,38.62832999999955],[0.08072,38.6290599999993],[0.078530000000683,38.652],[0.23056,38.73302999999942],[0.193579999999201,38.79972000000089]]]},"properties":{}},{"type":"Feature","geometry":{"type":"MultiLineString","coordinates":[[[8.94152000000031,37.54181000000062],[8.952579999999216,37.51901],[8.901719999999841,37.51637],[8.94152000000031,37.54181000000062]]]},"properties":{}},{"type":"Feature","geometry":{"type":"MultiLineString","coordinates":[[[10.793939999999566,37.11823],[10.819079999999303,37.1212],[10.80591,37.140230000000884],[10.793939999999566,37.11823]]]},"properties":{}},{"type":"Feature","geometry":{"type":"MultiLineString","coordinates":[[[10.220850176192084,37.16876216190634],[10.281750000000102,37.17884000000049],[10.06663,37.268340000000535],[9.879660000000513,37.26773999999932],[9.827869999999166,37.227929999999105],[9.93475000000035,37.22552999999971],[9.936540000000605,37.184509999999136],[9.866939999999886,37.13601000000017],[9.81358999999975,37.14082000000053],[9.75886,37.221519999999146],[9.873970000000554,37.26804000000084],[9.866340000000491,37.32899999999972],[9.7397,37.34577],[9.25542999999925,37.21444999999949],[9.213820000000851,37.23869999999988],[9.080819999999221,37.15841999999975]]]},"properties":{}},{"type":"Feature","geometry":{"type":"MultiLineString","coordinates":[[[6.237269999999626,36.919850000000224],[6.261920000000828,37.02513999999974],[6.466440000000148,37.08958999999959],[6.548000000000684,37.054009999999835],[6.593899999999849,36.9677300000003],[6.847830000000613,36.95767],[6.882429999999658,36.89615000000049],[6.931169999999838,36.881209999999555],[7.131639999999607,36.908330000000205],[7.217440000000352,36.957469999999375],[7.255569999999352,37.01840000000084],[7.169089999999414,37.080700000000434],[7.262450000000172,37.073819999999614]]]},"properties":{}},{"type":"Feature","geometry":{"type":"MultiLineString","coordinates":[[[7.262640000000829,37.073630000000776],[7.39285000000018,37.08345999999983],[7.408579999999347,37.04037000000062],[7.515400000000227,37.04155],[7.623400000000402,36.962540000000445],[7.79157,36.970869999999195],[7.769420000000537,36.87477000000035]]]},"properties":{}},{"type":"Feature","geometry":{"type":"MultiLineString","coordinates":[[[7.770319999999629,36.87386999999944],[7.949919999999111,36.84639000000061],[8.227929999999105,36.955],[8.267449999999371,36.91968000000088],[8.425380000000587,36.89662],[8.645730000000185,36.9445199999991]]]},"properties":{}},{"type":"Feature","geometry":{"type":"MultiLineString","coordinates":[[[10.221342415252536,36.78964422781428],[10.19507,36.79141999999956],[10.20673999999974,36.827639999999576],[10.307408178598905,36.830498229402735]]]},"properties":{}},{"type":"Feature","geometry":{"type":"MultiLineString","coordinates":[[[3.185670000000755,36.74980999999934],[3.22987,36.774569999999585],[3.226640000000771,36.81522000000041],[3.339050000000498,36.76296999999977],[3.49186,36.77023999999983],[3.734399999999368,36.887580000000526],[3.88554,36.92315000000053],[3.997180000000299,36.90193]]]},"properties":{}},{"type":"Feature","geometry":{"type":"MultiLineString","coordinates":[[[12.017700000000332,36.73290000000088],[12.056510000000344,36.75989999999911],[12.052009999999427,36.799849999999424],[11.932810000000245,36.83115],[11.954789999999775,36.76867999999922],[12.017700000000332,36.73290000000088]]]},"properties":{}},{"type":"Feature","geometry":{"type":"MultiLineString","coordinates":[[[11.045930000000226,37.0842200000007],[10.91165,37.04948999999954],[10.917639999999722,37.013559999999416],[10.738009999999122,36.8929100000006],[10.608519999999885,36.883030000000986],[10.540287358483003,36.75912358705484]]]},"properties":{}},{"type":"Feature","geometry":{"type":"MultiLineString","coordinates":[[[12.426559999999881,37.79975000000013],[12.49748,37.67646000000059],[12.606579999999667,37.641170000000784],[12.662420000000566,37.56496999999945],[12.914559999999256,37.57811000000038],[13.022590000000491,37.4945000000007],[13.173349999999118,37.48989000000074],[13.272220000000743,37.38882999999987],[13.448270000000775,37.29334000000017],[13.554190000000744,37.28621000000021],[13.75137,37.14938000000075],[13.905070000000705,37.095320000000356],[14.07071,37.11041],[14.246890000000349,37.06508000000031],[14.391410000000178,36.9478],[14.493769999999131,36.7867499999993],[14.633420000000115,36.76347],[14.701740000000427,36.71676],[14.7909,36.704820000000836],[14.941039999999703,36.74128000000019],[14.953400000000329,36.69707000000017],[14.994160000000193,36.70000000000073]]]},"properties":{}},{"type":"Feature","geometry":{"type":"MultiLineString","coordinates":[[[5.433100000000195,36.664810000000216],[5.518500000000131,36.68839999999909],[5.59299,36.7809699999998],[5.687630000000354,36.81812],[5.933510000000751,36.826569999999265],[6.237269999999626,36.919850000000224]]]},"properties":{}},{"type":"Feature","geometry":{"type":"MultiLineString","coordinates":[[[4.60477,36.883959999999206],[4.758369999999559,36.89517],[4.921599999999671,36.85114000000067],[5.107330000000729,36.77665],[5.073130000000674,36.74598999999944],[5.087480000000141,36.70845],[5.19686,36.65342000000055],[5.299450000000434,36.63808000000063],[5.432909999999538,36.66501000000062]]]},"properties":{}},{"type":"Feature","geometry":{"type":"MultiLineString","coordinates":[[[1.727380000000267,36.556399999999485],[2.027509999999893,36.56945000000087],[2.34836,36.64473],[2.423919999999271,36.59792000000016],[2.612059999999474,36.60577999999987],[2.819879999999102,36.71056999999928],[2.894459999999526,36.804949999999735],[2.96111000000019,36.81281999999919]]]},"properties":{}},{"type":"Feature","geometry":{"type":"MultiLineString","coordinates":[[[11.045930000000226,37.08422000000064],[11.137389999999868,36.87764000000061],[11.122869999999239,36.83751999999913],[10.994329999999536,36.7508600000001],[10.81214,36.45945000000029],[10.578059999999823,36.39961000000039],[10.52981,36.35095999999976]]]},"properties":{}},{"type":"Feature","geometry":{"type":"MultiLineString","coordinates":[[[0.733159999999771,36.3318],[0.87703,36.37641000000076],[0.939580000000205,36.44981],[1.081190000000788,36.49366999999984],[1.293610000000626,36.510449999999764],[1.359940000000279,36.554040000000896],[1.494479999999385,36.528879999999845],[1.727380000000267,36.556399999999485]]]},"properties":{}},{"type":"Feature","geometry":{"type":"MultiLineString","coordinates":[[[14.260220000000118,36.07128999999986],[14.33372000000054,36.0287900000003],[14.188120000000708,36.03515999999945],[14.190269999999146,36.07447999999931],[14.260220000000118,36.07128999999986]]]},"properties":{}},{"type":"Feature","geometry":{"type":"MultiLineString","coordinates":[[[14.53341999999975,44.47849999999926],[14.409320000000662,44.59599999999955],[14.39716000000044,44.68549999999959],[14.341099999999642,44.712359999999535],[14.388100000000122,44.60562000000027],[14.367210000000341,44.565199999999095],[14.42612,44.567839999999705],[14.53341999999975,44.47849999999926]]]},"properties":{}},{"type":"Feature","geometry":{"type":"MultiLineString","coordinates":[[[14.79479,44.342459999999846],[14.819509999999354,44.35038999999961],[14.808279999999286,44.40252999999939],[14.760940000000119,44.41581000000042],[14.747079999999187,44.36810999999943],[14.794550000000527,44.3427]]]},"properties":{}},{"type":"Feature","geometry":{"type":"MultiLineString","coordinates":[[[14.763220000000729,44.255049999999756],[14.798940000000584,44.27128000000084],[14.752469999999448,44.29163999999946],[14.73481,44.27408],[14.763220000000729,44.255049999999756]]]},"properties":{}},{"type":"Feature","geometry":{"type":"MultiLineString","coordinates":[[[14.829970000000685,44.19894000000022],[14.81717000000026,44.232389999999214],[14.909610000000612,44.21091999999953],[14.79055999999946,44.25942000000032],[14.829970000000685,44.19894000000022]]]},"properties":{}},{"type":"Feature","geometry":{"type":"MultiLineString","coordinates":[[[15.0,44.08408000000054],[14.856470000000684,44.17580000000089],[14.875500000000102,44.140779999999836],[14.817880000000514,44.155899999999804],[14.990599999999233,44.05480999999975],[15.134990000000471,43.90315000000021],[15.201779999999417,43.87375000000071],[15.139660000000674,43.9295000000003],[15.224190000000874,43.88207999999946],[15.0,44.08408000000054]]]},"properties":{}},{"type":"Feature","geometry":{"type":"MultiLineString","coordinates":[[[12.754240000000209,43.96911999999975],[12.913430000000517,43.91871],[13.321710000000166,43.6608899999992],[13.468090000000302,43.60822],[13.510229999999865,43.630960000000414],[13.626570000000356,43.54956999999922],[13.622740000000704,43.50409000000036],[13.845250000000306,43.0942500000001],[13.910900000000765,42.90180999999939]]]},"properties":{}},{"type":"Feature","geometry":{"type":"MultiLineString","coordinates":[[[10.173129999999219,42.73588000000018],[10.12255,42.73986],[10.106610000000728,42.78871000000072],[10.183240000000296,42.81127000000015],[10.2440600000009,42.7873],[10.263740000000325,42.83013000000028],[10.347149999999601,42.79559999999947],[10.40683,42.869409999999334],[10.44247,42.84669000000031],[10.437879999999495,42.776379999999335],[10.386580000000322,42.757799999999406],[10.433489999999438,42.73432],[10.423360000000685,42.70759999999973],[10.343689999999697,42.76397],[10.319390000000567,42.736870000000636],[10.302190000000337,42.75915999999961],[10.285110000000714,42.73568999999952],[10.173129999999219,42.73588000000018]]]},"properties":{}},{"type":"Feature","geometry":{"type":"MultiLineString","coordinates":[[[10.090159999999742,42.56803000000036],[10.08288,42.61902999999984],[10.046329999999216,42.58325],[10.090159999999742,42.56803000000036]]]},"properties":{}},{"type":"Feature","geometry":{"type":"MultiLineString","coordinates":[[[10.50786,42.99591999999939],[10.483969999999317,42.9648300000008],[10.529409999999189,42.92027000000053],[10.60888999999952,42.95634000000064],[10.76656,42.914020000000164],[10.773269999999684,42.8339],[10.731449999999313,42.80134999999973],[10.787630000000718,42.77357999999913],[10.88514000000032,42.76463999999942],[11.07258,42.831780000000435],[11.107700000000477,42.75188999999955],[10.896950000000288,42.75928000000022],[11.046809999999823,42.69767999999931],[11.106250000000728,42.581780000000435],[11.188360000000102,42.525330000000395],[11.166339999999764,42.439839999999094],[11.085590000000593,42.429620000000796],[11.099829999999201,42.39314000000013],[11.189549999999144,42.36482000000069],[11.246059999999488,42.42058],[11.45458999999937,42.37674]]]},"properties":{}},{"type":"Feature","geometry":{"type":"MultiLineString","coordinates":[[[10.92265000000043,42.31982000000062],[10.92648,42.35780999999952],[10.884529999999359,42.38934],[10.862419999999474,42.35794999999962],[10.922959999999875,42.32046000000082]]]},"properties":{}},{"type":"Feature","geometry":{"type":"MultiLineString","coordinates":[[[10.310279999999693,42.3116399999999],[10.330610000000888,42.33830999999918],[10.30334000000039,42.35281000000032],[10.287340000000768,42.32546999999977],[10.310279999999693,42.3116399999999]]]},"properties":{}},{"type":"Feature","geometry":{"type":"MultiLineString","coordinates":[[[13.910900000000765,42.90180999999939],[13.974640000000363,42.742449999999735],[13.951499999999214,42.72436000000016],[13.97991,42.73358999999982],[14.142809999999372,42.5313100000003],[14.39249000000018,42.37427000000025],[14.515719999999419,42.247699999999895],[14.715910000000804,42.17294000000038],[14.718779999999242,42.10639000000083],[14.76166000000012,42.07820999999967]]]},"properties":{}},{"type":"Feature","geometry":{"type":"MultiLineString","coordinates":[[[11.45458999999937,42.37674],[11.649639999999636,42.28144000000066],[11.836699999999837,42.029529999999795],[11.916610000000219,42.037500000000364],[12.137080000000424,41.92182999999932],[12.24720999999954,41.82336000000032],[12.27752,41.74582],[12.484440000000177,41.60167],[12.621940000000905,41.444250000000466],[12.672080000000278,41.456749999999374],[12.76517000000058,41.40904000000046],[12.893959999999424,41.4016100000008],[12.9969,41.32021999999961],[13.047860000000583,41.225469999999405],[13.27828000000045,41.29592000000048],[13.551680000000488,41.20660999999927],[13.586750000000393,41.20770000000084],[13.57155000000057,41.23581000000013],[13.618280000000595,41.26006000000052],[13.73733,41.23725000000013]]]},"properties":{}},{"type":"Feature","geometry":{"type":"MultiLineString","coordinates":[[[0.001710000000458,35.84401000000071],[0.131620000000112,36.04096000000027],[0.218899999999849,36.11767999999938],[0.65582,36.32916],[0.733159999999771,36.3318]]]},"properties":{}},{"type":"Feature","geometry":{"type":"MultiLineString","coordinates":[[[14.517620000000534,35.893850000000384],[14.574510000000373,35.87039],[14.56141000000025,35.81912999999986],[14.414679999999862,35.82891000000018],[14.336520000000746,35.87939],[14.34552000000076,35.95377],[14.319890000000669,35.973729999999705],[14.368599999999788,35.99778999999944],[14.354429999999411,35.97010000000046],[14.496839999999793,35.931469999999536],[14.517620000000534,35.893850000000384]]]},"properties":{}},{"type":"Feature","geometry":{"type":"MultiLineString","coordinates":[[[10.52981,36.35095999999976],[10.485919999999169,36.27078000000074],[10.476039999999557,36.083660000000236],[10.685970000000452,35.79092999999921]]]},"properties":{}},{"type":"Feature","geometry":{"type":"MultiLineString","coordinates":[[[11.03266000000076,35.56926000000021],[11.047029999999722,35.628059999999095],[10.826530000000275,35.70440000000053],[10.834919999999329,35.79182000000037],[10.74793999999929,35.76608],[10.685970000000452,35.79092999999921]]]},"properties":{}},{"type":"Feature","geometry":{"type":"MultiLineString","coordinates":[[[12.60186000000067,35.492200000000594],[12.624579999999696,35.519829999999274],[12.515359999999419,35.519829999999274],[12.60186000000067,35.492200000000594]]]},"properties":{}},{"type":"Feature","geometry":{"type":"MultiLineString","coordinates":[[[11.161169999999402,35.23352999999952],[11.038350000000719,35.334059999999226],[11.042540000000372,35.440339999999196],[11.08386000000064,35.50728],[11.044040000000678,35.521059999999125],[11.03266000000076,35.56926000000021]]]},"properties":{}},{"type":"Feature","geometry":{"type":"MultiLineString","coordinates":[[[11.16779999999926,34.731840000000375],[11.172469999999521,34.76337000000058],[11.225909999999203,34.74164000000019],[11.246800000000803,34.828670000000784],[11.317740000000413,34.80294999999933],[11.277130000000398,34.7806700000001],[11.300219999999172,34.73358],[11.1268,34.66613999999936],[11.16779999999926,34.731840000000375]]]},"properties":{}},{"type":"Feature","geometry":{"type":"MultiLineString","coordinates":[[[11.017429999999877,34.63025000000016],[11.04536999999982,34.61377999999968],[11.117790000000241,34.66655999999966],[10.969820000000254,34.65264000000025],[11.017429999999877,34.63025000000016]]]},"properties":{}},{"type":"Feature","geometry":{"type":"MultiLineString","coordinates":[[[11.02203,35.08556999999928],[11.014610000000175,35.0315300000002],[10.924730000000636,34.963120000000345],[10.923870000000534,34.88981000000058],[10.865939999999682,34.83218999999917],[10.88076,34.803680000000895],[10.775110000000495,34.74777],[10.725829999999405,34.65114],[10.658830000000307,34.64280999999937],[10.592529999999897,34.541049999999814],[10.46486,34.511969999999565],[10.363950000000841,34.42398999999932],[10.24569,34.43387000000075],[10.27743,34.396450000000186],[10.26025,34.37275000000045],[10.20183,34.36003999999957],[10.182989999999336,34.41503999999986],[10.17778,34.336810000000696],[10.112639999999374,34.30935999999929],[10.067849999999453,34.23836999999912],[10.011319999999614,34.23371000000043],[10.020249999999578,34.15675999999985]]]},"properties":{}},{"type":"Feature","geometry":{"type":"MultiLineString","coordinates":[[[10.020249999999578,34.15675999999985],[10.04269000000022,34.013999999999214],[10.013139999999112,34.006830000000264],[10.048829999999725,34.010809999999765],[10.180560000000696,33.81640999999945],[10.427309999999125,33.66902999999911]]]},"properties":{}},{"type":"Feature","geometry":{"type":"MultiLineString","coordinates":[[[10.91914,33.686830000000555],[10.962939999999435,33.73099999999977],[10.97581,33.6927199999991],[10.98733,33.74424999999974],[11.067670000000362,33.78443999999945],[11.065029999999751,33.8305],[10.94192,33.89600000000064],[10.91779999999926,33.873890000000756],[10.747639999999592,33.89099999999962],[10.742780000000494,33.727170000000115],[10.78881,33.70702999999958],[10.828190000000177,33.74116999999933],[10.887140000000727,33.63781000000017],[10.91914,33.686830000000555]]]},"properties":{}},{"type":"Feature","geometry":{"type":"MultiLineString","coordinates":[[[10.492669999999634,33.638049999999566],[10.448249999999462,33.63025000000016],[10.4789,33.65264000000025],[10.427309999999125,33.66902999999911]]]},"properties":{}},{"type":"Feature","geometry":{"type":"MultiLineString","coordinates":[[[11.10808,33.36852999999974],[11.11555000000044,33.54097],[11.050279999999475,33.6221000000005],[10.9916,33.64575],[10.93231999999989,33.6218000000008],[10.912860000000364,33.60413999999946],[10.951789999999164,33.56072999999924],[10.92109999999957,33.52690000000075],[10.757180000000517,33.47810000000027],[10.700919999999314,33.501689999999144],[10.68441999999959,33.54680999999982],[10.736230000000432,33.60203999999976],[10.724850000000515,33.70802999999978],[10.579139999999825,33.63436],[10.492669999999634,33.638049999999566]]]},"properties":{}},{"type":"Feature","geometry":{"type":"MultiLineString","coordinates":[[[11.5659799999994,33.16500000000087],[11.680500000000393,33.0874500000009],[11.811330000000453,33.07398],[11.691870000000563,33.13087000000087],[11.85923,33.07069000000047],[12.292299999999159,32.84015999999974],[12.558639999999286,32.79912999999942]]]},"properties":{}},{"type":"Feature","geometry":{"type":"MultiLineString","coordinates":[[[13.022730000000593,32.84379000000081],[13.177139999999781,32.90632],[13.276390000000902,32.91171000000031],[13.392250000000786,32.89763999999923],[13.607920000000377,32.79247000000032],[13.94076,32.775729999999385]]]},"properties":{}},{"type":"Feature","geometry":{"type":"MultiLineString","coordinates":[[[13.94076,32.775729999999385],[14.00869000000057,32.73328000000038],[14.238390000000436,32.695560000000114],[14.447000000000116,32.530290000000605]]]},"properties":{}},{"type":"Feature","geometry":{"type":"MultiLineString","coordinates":[[[14.543050000000221,44.9537],[14.520660000000134,44.98853000000054],[14.48794000000089,44.97855999999956],[14.543050000000221,44.9537]]]},"properties":{}},{"type":"Feature","geometry":{"type":"MultiLineString","coordinates":[[[14.078639999999723,45.0],[14.099529999999504,44.97664000000077],[14.067359999999098,44.946970000000874],[14.147909999999683,44.957759999999325],[14.170500000000175,45.0]]]},"properties":{}},{"type":"Feature","geometry":{"type":"MultiLineString","coordinates":[[[14.824800000000323,44.825450000000274],[14.83266,44.8478699999996],[14.80305000000044,44.84726000000046],[14.824800000000323,44.825450000000274]]]},"properties":{}},{"type":"Feature","geometry":{"type":"MultiLineString","coordinates":[[[13.729999999999563,45.0],[13.802240000000893,44.92958],[13.795850000000428,44.889970000000176],[13.84625000000051,44.88169000000016],[13.799049999999625,44.863789999999426],[13.90164,44.8107],[13.920760000000882,44.766569999999774],[13.920560000000478,44.80671000000075],[13.883990000000267,44.8215],[14.000560000000405,44.804],[13.982819999999265,44.901159999999436],[14.04018,44.92218999999932],[14.07615000000078,44.97919],[14.05037000000084,44.99797000000035]]]},"properties":{}},{"type":"Feature","geometry":{"type":"MultiLineString","coordinates":[[[14.734780000000683,44.767980000000534],[14.86564,44.70586999999978],[14.739639999999781,44.81868000000031],[14.760420000000522,44.84181999999964],[14.67881,44.84261999999944],[14.72581,44.80284000000029],[14.656460000000152,44.78802999999971],[14.734780000000683,44.767980000000534]]]},"properties":{}},{"type":"Feature","geometry":{"type":"MultiLineString","coordinates":[[[14.357280000000173,44.99649999999929],[14.418299999999363,44.949109999999564],[14.382550000000265,44.94547000000057],[14.398859999999331,44.90969000000041],[14.362680000000182,44.904850000000806],[14.318590000000768,44.94916999999987],[14.296200000000681,44.90825000000041],[14.394280000000435,44.74027000000024],[14.389750000000276,44.694799999999304],[14.49587000000065,44.60449999999946],[14.544379999999364,44.63155999999981],[14.505909999999858,44.64249000000018],[14.462040000000343,44.720110000000204],[14.44758,44.88431999999921],[14.482640000000174,44.960580000000846],[14.41621,44.994839999999385]]]},"properties":{}},{"type":"Feature","geometry":{"type":"MultiLineString","coordinates":[[[14.279860000000554,44.60382000000027],[14.255219999999099,44.64463000000069],[14.277420000000347,44.68862000000081],[14.23286999999982,44.6263799999997],[14.279860000000554,44.60382000000027]]]},"properties":{}},{"type":"Feature","geometry":{"type":"MultiLineString","coordinates":[[[14.899590000000899,44.99553999999989],[14.925569999999425,44.95089],[14.882970000000569,44.85728000000017],[14.887000000000626,44.7169300000005],[15.0,44.56725]]]},"properties":{}},{"type":"Feature","geometry":{"type":"MultiLineString","coordinates":[[[12.950249999999869,40.87802999999985],[12.993000000000393,40.93605000000025],[12.947969999999259,40.920640000000276],[12.950249999999869,40.87802999999985]]]},"properties":{}},{"type":"Feature","geometry":{"type":"MultiLineString","coordinates":[[[13.928369999999632,40.700189999999566],[13.852919999999358,40.70939],[13.86073000000033,40.7558599999993],[13.96400999999969,40.73474999999962],[13.928369999999632,40.700189999999566]]]},"properties":{}},{"type":"Feature","geometry":{"type":"MultiLineString","coordinates":[[[14.209510000000591,40.53700000000026],[14.266429999999673,40.554729999999836],[14.198819999999614,40.56225000000086],[14.209510000000591,40.53700000000026]]]},"properties":{}},{"type":"Feature","geometry":{"type":"MultiLineString","coordinates":[[[13.73733,41.23725000000013],[14.02256,40.916660000000775],[14.032849999999598,40.78968999999961],[14.089110000000801,40.77844],[14.089640000000145,40.83133000000089],[14.185820000000604,40.792279999999664],[14.275470000000496,40.844460000000254],[14.39480999999978,40.75886],[14.470569999999498,40.742669999999634],[14.468179999999847,40.69456],[14.33879,40.62848999999915],[14.327540000000226,40.568639999999505],[14.48327000000063,40.62598000000071],[14.530759999999646,40.60754000000088],[14.631760000000213,40.64861000000019],[14.692670000000362,40.63375000000087],[14.751619999999093,40.67789000000084],[14.818250000000262,40.64352999999937],[14.979600000000573,40.48058999999921],[14.9979000000003,40.358720000000176],[14.94510000000082,40.33664999999928],[14.943139999999403,40.27742000000035],[14.90374999999949,40.25227000000086],[15.00293000000056,40.20757000000049]]]},"properties":{}},{"type":"Feature","geometry":{"type":"MultiLineString","coordinates":[[[14.83419,38.58114000000023],[14.79947,38.5570800000005],[14.870080000000598,38.53633000000082],[14.873020000000906,38.581379999999626],[14.83419,38.58114000000023]]]},"properties":{}},{"type":"Feature","geometry":{"type":"MultiLineString","coordinates":[[[14.957169999999678,38.45919],[14.945669999999154,38.439220000000205],[14.912360000000263,38.4648300000008],[14.90922,38.51625000000058],[14.962390000000596,38.52104],[14.980579999999463,38.48320000000058],[14.957169999999678,38.45919]]]},"properties":{}},{"type":"Feature","geometry":{"type":"MultiLineString","coordinates":[[[15.0,38.39135999999962],[14.963229999999498,38.43176999999935],[14.9375,38.405580000000555],[14.97617,38.36716999999953],[15.0,38.39135999999962]]]},"properties":{}},{"type":"Feature","geometry":{"type":"MultiLineString","coordinates":[[[12.331260000000839,37.98598999999922],[12.35347,37.9950000000008],[12.33524000000034,38.02140999999938],[12.330840000000535,37.98619999999937]]]},"properties":{}},{"type":"Feature","geometry":{"type":"MultiLineString","coordinates":[[[12.047679999999673,37.956850000000486],[12.091549999999188,37.94739999999911],[12.065269999999146,37.99315000000024],[12.031160000000455,37.99281999999948],[12.047679999999673,37.956850000000486]]]},"properties":{}},{"type":"Feature","geometry":{"type":"MultiLineString","coordinates":[[[12.367770000000746,37.905290000000605],[12.30883,37.95435],[12.270409999999174,37.93442999999934],[12.367770000000746,37.905290000000605]]]},"properties":{}},{"type":"Feature","geometry":{"type":"MultiLineString","coordinates":[[[14.999990000000253,38.150760000000446],[14.9141,38.19283],[14.786050000000614,38.1524100000006],[14.749690000000555,38.16732000000047],[14.640890000000581,38.07713999999942],[14.499359999999797,38.03860999999961],[14.286819999999352,38.008089999999356],[14.02513,38.04271999999946],[13.74568,37.97126000000026],[13.567909999999756,38.04022000000077],[13.537389999999505,38.113649999999325],[13.38105,38.110860000000685],[13.366519999999582,38.18367000000035],[13.31891,38.226339999999254],[13.1869200000001,38.16979],[13.106509999999616,38.19253000000026],[13.050100000000384,38.14128999999957],[13.07680000000073,38.0884700000006],[12.89477000000079,38.02399999999943],[12.80717999999979,38.087289999999484],[12.769459999999526,38.179690000000846],[12.730279999999766,38.1899599999997],[12.71097,38.11054999999942],[12.658090000000811,38.11101000000053],[12.64552,38.080410000000484],[12.56478000000061,38.06941999999981],[12.492449999999735,38.01579],[12.492340000000695,37.954100000000835],[12.428219999999783,37.891240000000835],[12.446449999999459,37.84640000000036],[12.455879999999524,37.902969999999186],[12.48322,37.87267000000065],[12.426559999999881,37.79975000000013]]]},"properties":{}},{"type":"Feature","geometry":{"type":"MultiLineString","coordinates":[[[29.61022000000048,44.89705999999933],[29.614690000000337,44.86295000000064],[29.564280000000508,44.834500000000844],[29.14350000000013,44.77806000000055],[28.953079999999318,44.626360000000204],[28.944789999999557,44.69477],[28.816349999999147,44.620129999999335],[28.810030000000552,44.58804000000055],[28.803939999999784,44.62788],[28.768780000000334,44.62219999999979],[28.79360000000088,44.58342000000084],[28.729489999999714,44.554990000000544],[28.78223000000071,44.55705999999918],[28.76361,44.46988000000056],[28.940080000000307,44.60886000000028]]]},"properties":{}},{"type":"Feature","geometry":{"type":"MultiLineString","coordinates":[[[28.940080000000307,44.60886000000028],[28.62377000000015,44.29617],[28.66641999999956,44.175349999999526],[28.64041999999972,44.15805],[28.66719000000012,43.99124999999913],[28.57622000000083,43.79609999999957],[28.575779999999213,43.73255000000063]]]},"properties":{}},{"type":"Feature","geometry":{"type":"MultiLineString","coordinates":[[[28.575779999999213,43.73255000000063],[28.569499999999607,43.67066999999952],[28.544959999999264,43.67380000000048],[28.607190000000628,43.54061],[28.465659999999843,43.36062999999922],[28.329690000000483,43.41646000000037],[28.146409999999378,43.40404999999919],[28.081790000000183,43.363209999999526],[28.015160000000833,43.228259999999864],[27.89672000000064,43.20550999999978],[27.94771000000037,43.16655999999966],[27.89149,43.04237],[27.9077,42.92864],[27.884169999999358,42.84339999999975]]]},"properties":{}},{"type":"Feature","geometry":{"type":"MultiLineString","coordinates":[[[27.883390000000873,42.84339999999975],[27.89672000000064,42.69724999999926],[27.72703999999976,42.70875999999953],[27.726780000000872,42.660649999999805],[27.645469999999477,42.63503],[27.625860000000102,42.5921500000004]]]},"properties":{}},{"type":"Feature","geometry":{"type":"MultiLineString","coordinates":[[[27.625860000000102,42.5921500000004],[27.64494999999988,42.552410000000236],[27.523629999999685,42.55841999999939],[27.482589999999618,42.48992],[27.342179999999644,42.497660000000906],[27.436569999999847,42.472139999999854],[27.46716000000015,42.42586999999912]]]},"properties":{}},{"type":"Feature","geometry":{"type":"MultiLineString","coordinates":[[[28.03252000000066,41.98219000000063],[27.993500000000495,42.06298000000061],[27.749789999999848,42.25331],[27.793190000000322,42.31056999999964],[27.717889999999898,42.351880000000165],[27.728870000000825,42.41201],[27.663249999999607,42.41043999999965],[27.651739999999336,42.45148999999947],[27.586380000000645,42.463519999999335],[27.515009999999165,42.42874],[27.47682999999961,42.45932999999968],[27.467420000000857,42.42533999999978]]]},"properties":{}},{"type":"Feature","geometry":{"type":"MultiLineString","coordinates":[[[28.03252000000066,41.98219000000063],[28.056950000000143,41.88254000000052],[27.990100000000893,41.89038000000073],[27.983679999999367,41.82085999999981],[28.101510000000417,41.67771],[28.10347,41.62673],[28.265160000000833,41.502479999999196]]]},"properties":{}},{"type":"Feature","geometry":{"type":"MultiLineString","coordinates":[[[29.11413,41.23478000000068],[29.03831,41.15827],[29.07257000000027,41.12367000000086],[29.036410000000615,41.05255000000034],[28.980349999999817,41.0247],[28.942119999999704,41.05671000000075]]]},"properties":{}},{"type":"Feature","geometry":{"type":"MultiLineString","coordinates":[[[28.13774999999987,41.067950000000565],[28.37687,41.05185999999958],[28.542789999999513,40.984379999999874],[28.56695000000036,41.031919999999445],[28.546580000000176,41.08948000000055],[28.586010000000897,41.05717999999979],[28.60247999999956,40.96690999999919],[28.76476999999977,40.981620000000476],[28.81495,40.95444999999927],[28.983640000000378,41.0037599999996],[28.942119999999704,41.05671000000075]]]},"properties":{}},{"type":"Feature","geometry":{"type":"MultiLineString","coordinates":[[[29.150159999999232,41.21658000000025],[29.073420000000624,41.167349999999715],[29.094849999999497,41.11852],[29.005590000000666,41.01025999999911],[29.033869999999297,40.96495999999934],[29.262329999999565,40.86554000000069]]]},"properties":{}},{"type":"Feature","geometry":{"type":"MultiLineString","coordinates":[[[29.26188,40.86576000000059],[29.29428,40.85092000000077],[29.25616000000082,40.80376000000069],[29.348540000000867,40.80767999999989],[29.35682000000088,40.75496000000021],[29.612820000000283,40.78219],[29.943859999999404,40.73892],[29.91763,40.71421],[29.819369999999253,40.73012000000017],[29.56293,40.6872000000003],[29.51455999999962,40.736440000000584],[29.419780000000173,40.6896]]]},"properties":{}},{"type":"Feature","geometry":{"type":"MultiLineString","coordinates":[[[27.018270000000484,40.58085000000028],[27.309339999999793,40.70305999999982],[27.346530000000712,40.76879999999983],[27.455190000000584,40.84597000000031],[27.511249999999563,40.97400000000016],[27.75520999999935,41.014320000000225],[27.9631700000009,40.9648300000008],[28.014209999999366,41.0342099999998],[28.138269999999466,41.067950000000565]]]},"properties":{}},{"type":"Feature","geometry":{"type":"MultiLineString","coordinates":[[[27.606550000000425,40.57488999999987],[27.7446400000008,40.63141999999971],[27.636000000000422,40.66918000000078],[27.528840000000855,40.64673000000039],[27.532129999999597,40.59635999999955],[27.606669999999212,40.57524999999987]]]},"properties":{}},{"type":"Feature","geometry":{"type":"MultiLineString","coordinates":[[[28.526050000000396,40.51043000000027],[28.555179999999382,40.56515000000036],[28.518599999999424,40.56452],[28.526050000000396,40.51043000000027]]]},"properties":{}},{"type":"Feature","geometry":{"type":"MultiLineString","coordinates":[[[27.49467,40.469419999999445],[27.551550000000134,40.52138999999988],[27.50243000000046,40.52836000000025],[27.477709999999206,40.494769999999335],[27.49467,40.46910000000025]]]},"properties":{}},{"type":"Feature","geometry":{"type":"MultiLineString","coordinates":[[[27.664989999999307,40.44481000000087],[27.634509999999864,40.46843000000081],[27.651060000000143,40.495240000000194],[27.599089999999705,40.50871],[27.579750000000786,40.463079999999536],[27.664989999999307,40.44481000000087]]]},"properties":{}},{"type":"Feature","geometry":{"type":"MultiLineString","coordinates":[[[28.90342000000055,40.59045999999944],[28.81582999999955,40.567370000000665],[28.77988,40.52182999999968],[28.97248000000036,40.45624999999927],[29.0881700000009,40.474990000000616],[29.15440999999919,40.425970000000234],[29.089700000000448,40.41856],[29.06267999999909,40.36714000000029],[28.97401,40.35646000000088],[28.773999999999432,40.39567999999963],[28.66165,40.36167000000023],[28.42309000000023,40.376469999999244],[28.467490000000907,40.390079999999216]]]},"properties":{}},{"type":"Feature","geometry":{"type":"MultiLineString","coordinates":[[[27.576789999999164,40.30782],[27.75965,40.30779000000075],[27.87942,40.373859999999695],[27.796159999999873,40.38321],[27.747890000000552,40.45109000000048],[27.688459999999395,40.47160000000076],[27.681829999999536,40.502769999999146],[27.736119999999573,40.52650999999969],[28.03328,40.48005999999987],[27.895650000000387,40.385340000000724],[27.95278,40.354559999999765],[28.205250000000888,40.39925000000039]]]},"properties":{}},{"type":"Feature","geometry":{"type":"MultiLineString","coordinates":[[[26.17449999999917,40.044019999999364],[26.381170000000566,40.13969],[26.360819999999876,40.20231000000058],[26.587499999999636,40.31895000000077],[26.642519999999422,40.40252],[26.69858000000022,40.419480000000476],[26.701709999999366,40.455110000000786],[27.01934000000074,40.58102999999937]]]},"properties":{}},{"type":"Feature","geometry":{"type":"MultiLineString","coordinates":[[[26.19087000000036,40.003129999999146],[26.328779999999824,40.0249500000009],[26.40904000000046,40.1226800000004],[26.4045100000003,40.19765],[26.522820000000138,40.220149999999194],[26.73877999999968,40.40073999999913],[27.032649999999194,40.39028],[27.092490000000907,40.44347000000016],[27.205480000000534,40.43653000000086],[27.279309999999896,40.47574],[27.332140000000436,40.4116699999995],[27.304739999999583,40.39650000000074],[27.331239999999525,40.36215000000084],[27.452409999999873,40.310489999999845],[27.577100000000428,40.3086000000003]]]},"properties":{}},{"type":"Feature","geometry":{"type":"MultiLineString","coordinates":[[[15.00293000000056,40.20757000000049],[15.069030000000566,40.1646],[15.150649999999587,40.188490000000456],[15.168250000000626,40.13798999999926],[15.273530000000392,40.07003000000077],[15.268780000000334,40.02477],[15.35371,39.999910000000455],[15.428169999999227,39.993759999999384],[15.506960000000618,40.07143],[15.626949999999852,40.073050000000876],[15.642879999999423,40.04176]]]},"properties":{}},{"type":"Feature","geometry":{"type":"MultiLineString","coordinates":[[[18.3700000000008,39.795749999999316],[18.17338000000018,39.84853],[18.04765000000043,39.92836999999963],[17.991389999999228,39.9950000000008],[18.012140000000727,40.03335],[17.973579999999856,40.054299999999785],[18.009830000000875,40.10627000000022],[17.861790000000838,40.282240000000456],[17.507250000000568,40.29565],[17.19996,40.4103099999993],[17.244800000000396,40.463739999999234],[17.10682000000088,40.52701999999954],[16.963799999999537,40.50083000000086],[16.8423700000003,40.395010000000184]]]},"properties":{}},{"type":"Feature","geometry":{"type":"MultiLineString","coordinates":[[[19.938060000000462,39.74511],[19.84714,39.70624999999933],[19.843249999999898,39.6584399999993],[19.931940000000395,39.6241699999992],[19.924750000000188,39.59207000000066],[19.9021900000007,39.60239000000013],[19.938690000000918,39.472550000000524],[20.01798000000059,39.43414999999925],[20.073080000000232,39.45896999999974],[20.109319999999514,39.36108000000064],[19.86924,39.45600000000019],[19.846240000000762,39.55261000000064],[19.7404700000007,39.6252199999999],[19.72393000000011,39.67257000000063],[19.67307000000085,39.679780000000505],[19.681029999999737,39.714809999999545],[19.653599999999642,39.7108300000001],[19.632369999999355,39.75374000000011],[19.67391999999927,39.79886000000084],[19.79205,39.79103000000032],[19.848949999999718,39.82451000000037],[19.94292,39.78903],[19.938060000000462,39.74511]]]},"properties":{}},{"type":"Feature","geometry":{"type":"MultiLineString","coordinates":[[[20.18399,39.17760000000089],[20.208889999999883,39.187519999999495],[20.1251400000001,39.237230000000636],[20.184250000000247,39.17735]]]},"properties":{}},{"type":"Feature","geometry":{"type":"MultiLineString","coordinates":[[[20.00840000000062,39.69297],[20.185929999999644,39.62529],[20.136630000000878,39.52690000000075],[20.258589999999458,39.51027000000067],[20.255559999999605,39.486189999999624],[20.211349999999584,39.49091000000044],[20.27382000000034,39.45399999999972],[20.213159999999334,39.44409000000087],[20.233290000000125,39.39504999999917],[20.279239999999845,39.378419999999096],[20.28621000000021,39.325769999999466],[20.343119999999544,39.2824],[20.473990000000413,39.27776000000085],[20.474379999999655,39.21968000000015],[20.707979999999225,39.04358999999931],[20.735860000000685,38.94549999999981],[20.758060000000114,38.98241000000053],[20.832389999999577,38.95996000000014],[20.75728,39.00203],[20.79522999999972,39.06011000000035],[20.917960000000676,39.00434999999925],[20.961199999999735,39.03842000000077],[21.046379999999772,39.00409000000036],[21.084580000000642,39.04608]]]},"properties":{}},{"type":"Feature","geometry":{"type":"MultiLineString","coordinates":[[[15.214470000000802,38.77066999999988],[15.243220000000292,38.80355000000054],[15.190060000000813,38.794190000000526],[15.214470000000802,38.77066999999988]]]},"properties":{}},{"type":"Feature","geometry":{"type":"MultiLineString","coordinates":[[[20.79192999999941,38.66489999999976],[20.756380000000718,38.6271799999995],[20.80804999999964,38.58956000000035],[20.73381999999947,38.64005999999972],[20.79192999999941,38.66489999999976]]]},"properties":{}},{"type":"Feature","geometry":{"type":"MultiLineString","coordinates":[[[20.8748599999999,38.575520000000324],[20.961670000000595,38.65071999999964],[20.900410000000193,38.64669999999933],[20.8748599999999,38.575520000000324]]]},"properties":{}},{"type":"Feature","geometry":{"type":"MultiLineString","coordinates":[[[20.606410000000324,38.78551999999945],[20.55503999999928,38.6833000000006],[20.54110000000037,38.56042999999954],[20.597889999999097,38.634509999999864],[20.64221,38.57798999999977],[20.69572,38.63854],[20.722820000000866,38.62615],[20.726950000000215,38.696459999999206],[20.698819999999614,38.67943000000014],[20.73399000000063,38.73396999999932],[20.711460000000443,38.83559000000059],[20.65085,38.835220000000845],[20.606410000000324,38.78551999999945]]]},"properties":{}},{"type":"Feature","geometry":{"type":"MultiLineString","coordinates":[[[20.905650000000605,38.54206999999951],[20.937379999999393,38.60429],[20.896380000000136,38.568199999999706],[20.905650000000605,38.54206999999951]]]},"properties":{}},{"type":"Feature","geometry":{"type":"MultiLineString","coordinates":[[[20.72321000000011,38.300970000000234],[20.76786,38.32157],[20.75418,38.3672600000009],[20.71650000000045,38.392289999999775],[20.71882,38.36519000000044],[20.675199999999677,38.366219999999885],[20.71004,38.43420999999944],[20.65042,38.50512999999955],[20.64777999999933,38.4690499999997],[20.61508,38.4651900000008],[20.72295,38.300970000000234]]]},"properties":{}},{"type":"Feature","geometry":{"type":"MultiLineString","coordinates":[[[21.10682000000088,38.41597999999976],[21.079929999999877,38.43270999999913],[21.098260000000664,38.391929999999775],[21.10682000000088,38.41597999999976]]]},"properties":{}},{"type":"Feature","geometry":{"type":"MultiLineString","coordinates":[[[15.767219999999725,39.932849999999235],[15.791740000000573,39.861189999999624],[15.76994999999988,39.832689999999275],[15.82883000000038,39.75432],[15.813109999999142,39.68097999999918],[15.88278,39.54142999999931],[16.0004399999998,39.42949000000044],[16.122709999999643,39.01347],[16.15889000000061,38.949829999999565],[16.281119999999646,38.88946000000033],[16.138839999999618,38.719779999999446],[15.98388999999952,38.72212000000036],[15.837310000000798,38.64626999999928],[15.82935,38.61924],[15.938519999999698,38.53878000000077],[15.92783000000054,38.492889999999534],[15.811750000000757,38.29701000000023],[15.69619000000057,38.25238]]]},"properties":{}},{"type":"Feature","geometry":{"type":"MultiLineString","coordinates":[[[15.652949999999691,38.26635999999962],[15.529200000000856,38.300859999999375],[15.279169999999795,38.20597000000089],[15.245129999999335,38.21594999999979],[15.240429999999833,38.273590000000695],[15.226539999999659,38.204250000000684],[15.172640000000683,38.15330999999969],[15.074329999999463,38.122590000000855],[14.999990000000253,38.150760000000446]]]},"properties":{}},{"type":"Feature","geometry":{"type":"MultiLineString","coordinates":[[[20.48703000000023,38.12385],[20.565749999999753,38.089],[20.63325000000077,38.11326],[20.786840000000666,38.05698999999913],[20.817290000000867,38.112489999999525],[20.678719999999885,38.27892000000065],[20.62616,38.261529999999766],[20.60059999999976,38.30127999999968],[20.6284799999994,38.31754],[20.61247,38.40274999999929],[20.562659999999596,38.47530999999981],[20.536330000000817,38.468590000000404],[20.535040000000663,38.34382],[20.47845000000052,38.31003000000055],[20.44224000000031,38.357239999999365],[20.4005300000008,38.35952999999972],[20.338219999999637,38.19973000000027],[20.38004,38.15042999999969],[20.443789999999353,38.16127000000051],[20.420819999999367,38.267620000000534],[20.447410000000673,38.279239999999845],[20.509099999999307,38.169019999999364],[20.46805999999924,38.1906999999992],[20.48703000000023,38.12385]]]},"properties":{}},{"type":"Feature","geometry":{"type":"MultiLineString","coordinates":[[[23.11461000000054,38.06083000000035],[22.962330000000293,38.08100999999988],[22.885809999999765,38.054990000000544],[22.85508999999911,38.032390000000305],[22.97679000000062,37.97738000000027],[22.87315999999919,37.93431000000055],[22.727199999999357,38.03629],[22.49232999999913,38.137150000000474],[22.218160000000353,38.18157000000065],[22.014359999999215,38.31262000000061],[21.847959999999148,38.34176],[21.7459400000007,38.282929999999396],[21.67420999999922,38.17131999999947],[21.60801,38.14510999999948],[21.386360000000423,38.21580999999969],[21.40817000000061,38.17721999999958],[21.371279999999388,38.21560999999929],[21.36345000000074,38.11566999999923],[21.287969999999405,38.013999999999214]]]},"properties":{}},{"type":"Feature","geometry":{"type":"MultiLineString","coordinates":[[[16.60558999999921,40.08007],[16.629479999999603,39.95975999999973],[16.486469999999827,39.779130000000805],[16.523450000000594,39.66158],[16.6260199999997,39.6182000000008],[16.76568000000043,39.62277],[16.86721000000034,39.538909999999305],[17.159100000000763,39.3992300000009],[17.111950000000434,39.31792999999925],[17.10649999999987,39.25381000000016],[17.1519700000008,39.20297000000028],[17.11425000000054,39.10210999999981],[17.14588999999978,39.049010000000635],[17.20896999999968,39.02512000000024],[17.094240000000354,38.892939999999726],[16.987419999999474,38.9375],[16.89289,38.928389999999126],[16.61146,38.81688000000031],[16.5348699999995,38.70959000000039],[16.573640000000523,38.42881],[16.466669999999795,38.3395500000006],[16.287930000000415,38.25929],[16.161159999999654,38.12959000000046],[16.146280000000843,38.033620000000155],[16.06341000000066,37.924440000000686],[15.775499999999738,37.91563999999926],[15.67754000000059,37.95441000000028],[15.63625999999931,38.006170000000566],[15.660149999999703,38.14090000000033],[15.634369999999763,38.225140000000465],[15.69619000000057,38.25238]]]},"properties":{}},{"type":"Feature","geometry":{"type":"MultiLineString","coordinates":[[[20.990250000000742,37.69854999999916],[20.90230999999949,37.73867000000064],[20.842609999999695,37.69345000000067],[20.85938999999962,37.6542100000006],[20.80337999999938,37.65499000000091],[20.63018000000011,37.814510000000155],[20.62786000000051,37.88007],[20.70452,37.93354999999974],[20.74504,37.857669999999416],[20.889800000000832,37.81761],[20.910369999999602,37.77223000000049],[20.992449999999735,37.72990000000027],[20.990250000000742,37.69854999999916]]]},"properties":{}},{"type":"Feature","geometry":{"type":"MultiLineString","coordinates":[[[21.695149999999558,36.78260000000046],[21.69787,36.73732000000018],[21.726479999999356,36.7823499999995],[21.695149999999558,36.78260000000046]]]},"properties":{}},{"type":"Feature","geometry":{"type":"MultiLineString","coordinates":[[[21.7521799999995,36.738939999999275],[21.78052000000025,36.69935000000078],[21.78694,36.7444200000009],[21.7521799999995,36.738939999999275]]]},"properties":{}},{"type":"Feature","geometry":{"type":"MultiLineString","coordinates":[[[15.652949999999691,38.26635999999962],[15.581710000000385,38.24582],[15.49276,38.07316],[15.269070000000283,37.83114000000023],[15.207679999999527,37.74426999999923],[15.178239999999278,37.576639999999315],[15.08531000000039,37.48359999999957],[15.098299999999654,37.321],[15.20788999999968,37.29291999999987],[15.25619,37.24484999999913],[15.225080000000162,37.21522],[15.195110000000568,37.23454],[15.190500000000611,37.18970000000081],[15.243510000000242,37.148839999999836],[15.22172,37.12766999999985],[15.296309999999721,37.107350000000224],[15.277040000000852,37.03924999999981],[15.33655,37.00891000000047],[15.208409999999276,36.96364],[15.113069999999425,36.85238000000027],[15.0910700000004,36.78964000000087],[15.13340000000062,36.668149999999514]]]},"properties":{}},{"type":"Feature","geometry":{"type":"MultiLineString","coordinates":[[[14.994160000000193,36.70000000000073],[15.025170000000799,36.717389999999796],[15.078600000000733,36.64928999999938],[15.13340000000062,36.668149999999514]]]},"properties":{}},{"type":"Feature","geometry":{"type":"MultiLineString","coordinates":[[[26.420850000000428,36.57760000000053],[26.47617999999966,36.58045999999922],[26.393640000000232,36.64372],[26.372439999999187,36.63506000000052],[26.414810000000216,36.6214400000008],[26.4061099999999,36.58208000000013],[26.264219999999113,36.58820000000014],[26.321529999999257,36.504469999999856],[26.366369999999733,36.51172000000042],[26.341560000000754,36.5391],[26.368749999999636,36.57386000000042],[26.420850000000428,36.57760000000053]]]},"properties":{}},{"type":"Feature","geometry":{"type":"MultiLineString","coordinates":[[[22.985539999999673,36.45692000000054],[22.98356000000058,36.51079000000027],[22.92957000000024,36.482420000000275],[22.985539999999673,36.45692000000054]]]},"properties":{}},{"type":"Feature","geometry":{"type":"MultiLineString","coordinates":[[[22.87319000000025,36.66178000000036],[22.884899999999107,36.60954],[22.971550000000207,36.52263999999923],[23.04061,36.52289000000019],[23.09341999999924,36.43788999999924],[23.19862,36.43411999999989]]]},"properties":{}},{"type":"Feature","geometry":{"type":"MultiLineString","coordinates":[[[21.287969999999405,38.013999999999214],[21.316969999999856,38.01920000000064],[21.18651999999929,37.92792999999983],[21.12620000000061,37.93855000000076],[21.104960000000574,37.8486699999994],[21.292419999999765,37.77311],[21.308030000000144,37.63666999999987],[21.335030000000188,37.663109999999506],[21.40831000000071,37.64228],[21.554560000000492,37.55161000000044],[21.65294,37.43655000000035],[21.69431000000077,37.29199999999946],[21.564700000000812,37.16328000000067],[21.57495000000017,37.05815000000075],[21.65342000000055,36.957109999999375],[21.711639999999534,36.941720000000714],[21.67902999999933,36.888419999999314],[21.704330000000482,36.8161199999995],[21.759609999999157,36.786480000000665],[21.82317999999941,36.80515000000014],[21.875899999999092,36.71930000000066],[21.967930000000706,36.79341000000022],[21.921840000000884,36.86751],[21.931210000000647,36.98595000000023],[22.035369999999602,37.05011999999988],[22.142470000000685,37.02052],[22.125969999999143,36.91287999999986],[22.230020000000877,36.89083000000028],[22.348519999999553,36.69829000000027],[22.38851000000068,36.69376999999986],[22.360500000000684,36.664849999999205],[22.389419999999518,36.54189000000042],[22.350099999999657,36.50999000000047],[22.36750000000029,36.47700000000077],[22.458440000000337,36.45053],[22.482280000000173,36.38694000000032],[22.5048599999991,36.47235999999975],[22.477759999999762,36.61537],[22.53062999999929,36.61694999999963],[22.501819999999498,36.661009999999806],[22.554469999999128,36.650840000000244],[22.525320000000647,36.70867999999973],[22.57955000000038,36.731589999999414],[22.569170000000668,36.777249999999185],[22.656699999999546,36.8414300000004],[22.77045,36.811359999999695],[22.820400000000518,36.7127500000006],[22.80717999999979,36.67072],[22.82028,36.65491],[22.83267,36.689080000000104],[22.87319000000025,36.66178000000036]]]},"properties":{}},{"type":"Feature","geometry":{"type":"MultiLineString","coordinates":[[[25.778050000000803,36.3993],[25.73005000000012,36.35884000000078],[25.85932,36.35414999999921],[25.778050000000803,36.3993]]]},"properties":{}},{"type":"Feature","geometry":{"type":"MultiLineString","coordinates":[[[26.681469999999536,36.325259999999616],[26.69744,36.343619999999646],[26.65494000000035,36.35504000000037],[26.681469999999536,36.325259999999616]]]},"properties":{}},{"type":"Feature","geometry":{"type":"MultiLineString","coordinates":[[[29.280909999999494,36.30227999999988],[29.099790000000212,36.39041],[29.13442000000032,36.41450000000077],[29.102179999999862,36.47408],[29.128179999999702,36.498279999999795],[29.11442999999963,36.55386],[29.01074999999946,36.54549000000043],[29.04601,36.5595400000002],[29.02269999999953,36.58223999999973],[29.043719999999666,36.62219999999979],[29.121610000000146,36.63543000000027],[29.09581000000071,36.6821400000008],[28.928749999999127,36.7546399999992],[28.851189999999406,36.663220000000365],[28.904969999999594,36.639610000000175],[28.847309999999197,36.59060999999929],[28.825189999999566,36.627660000000105],[28.850290000000314,36.63632999999936],[28.79472,36.65245999999934],[28.78456,36.69369999999981],[28.61573,36.70655000000079],[28.62619000000086,36.786920000000464],[28.673319999999876,36.785610000000815],[28.64740999999958,36.79917000000023],[28.66165,36.825849999999264],[28.63525,36.82395],[28.643089999999575,36.90022999999928],[28.72689,36.95248],[28.664629999999306,36.96205999999984],[28.626420000000508,36.9026300000005],[28.60037999999986,36.90876000000026],[28.638129999999364,36.83719000000019],[28.595149999999194,36.79866000000038],[28.55825,36.83201999999983],[28.53990999999951,36.78672999999981],[28.463019999999233,36.81214],[28.462579999999434,36.8779799999993],[28.3786199999995,36.84705000000031],[28.427009999999427,36.83711000000039],[28.40248000000065,36.786949999999706],[28.310349999999744,36.8165599999993],[28.282289999999193,36.79092999999921],[28.268369999999777,36.813239999999496],[28.314329999999245,36.827830000000176],[28.262849999999162,36.84948000000077],[28.234119999999166,36.80374],[28.304379999999583,36.73171],[28.257330000000366,36.73219000000063],[28.224700000000666,36.6872199999998]]]},"properties":{}},{"type":"Feature","geometry":{"type":"MultiLineString","coordinates":[[[23.056749999999738,36.21875],[23.100979999999254,36.2499200000002],[22.982589999999618,36.32496999999967],[22.95111999999972,36.38522000000012],[22.92019000000073,36.3762200000001],[22.89266999999927,36.320309999999154],[22.92377999999917,36.243749999999636],[22.90114999999969,36.23473000000013],[22.94350999999915,36.15579000000071],[23.04831000000013,36.13397000000077],[23.056749999999738,36.21875]]]},"properties":{}},{"type":"Feature","geometry":{"type":"MultiLineString","coordinates":[[[29.631978103618735,36.16889257622887],[29.64630000000045,36.19379999999916],[29.582660000000146,36.18633000000045],[29.63106,36.20486],[29.41383,36.22487999999976],[29.416820000000484,36.26132999999942],[29.31792,36.24430000000041],[29.33525,36.291509999999164],[29.379419999999357,36.29876999999942],[29.37156999999945,36.345439999999144],[29.279979999999398,36.301859999999635]]]},"properties":{}},{"type":"Feature","geometry":{"type":"MultiLineString","coordinates":[[[28.221890000000712,36.45782999999943],[28.246390000000304,36.38625],[28.13883,36.18792000000042],[28.076849999999524,36.14496999999943],[28.087139999999692,36.05496999999929],[28.022080000000756,36.07707999999917],[27.956140000000232,36.04642000000064],[27.8658300000007,35.9323600000007],[27.768770000000643,35.89243999999974]],[[27.769539999999324,35.89243],[27.718619999999703,35.938980000000925],[27.758229999999514,36.100479999999266],[27.711170000000607,36.11154],[27.6846800000003,36.1573200000002],[27.7662,36.18817999999919],[27.80529000000024,36.26944],[27.880139999999358,36.324130000000935],[28.18923,36.42116999999968],[28.221890000000712,36.45757000000049]]]},"properties":{}},{"type":"Feature","geometry":{"type":"MultiLineString","coordinates":[[[27.232410000000527,35.82937999999922],[27.23276000000078,35.905179999999746],[27.185059999999794,35.86025999999947],[27.232410000000527,35.82937999999922]]]},"properties":{}},{"type":"Feature","geometry":{"type":"MultiLineString","coordinates":[[[25.234780000000683,35.45657000000028],[25.240449999999328,35.422819999999774],[25.1842400000005,35.44074999999975],[25.234780000000683,35.45657000000028]]]},"properties":{}},{"type":"Feature","geometry":{"type":"MultiLineString","coordinates":[[[27.22033999999985,35.54618],[27.15200999999979,35.61283999999972],[27.220059999999762,35.73200999999972],[27.233369999999866,35.82509000000033],[27.21120999999954,35.831340000000694],[27.162500000000364,35.802900000000704],[27.16619,35.73705999999959],[27.120839999999703,35.64326000000085],[27.054790000000196,35.59840000000082],[27.11334,35.54362000000049],[27.119570000000863,35.48755999999963],[27.078890000000627,35.444159999999215],[27.146849999999176,35.40006999999969],[27.175440000000947,35.4620900000009],[27.24267999999944,35.49237],[27.20169999999962,35.51461000000023],[27.22033999999985,35.54618]]]},"properties":{}},{"type":"Feature","geometry":{"type":"MultiLineString","coordinates":[[[26.868329999999332,35.379829999999856],[26.85519000000022,35.35261],[26.892219999999725,35.345330000000104],[27.020720000000438,35.436219999999594],[26.911809999999605,35.424839999999676],[26.868329999999332,35.379829999999856]]]},"properties":{}},{"type":"Feature","geometry":{"type":"MultiLineString","coordinates":[[[24.1204,34.801260000000184],[24.10613000000012,34.866760000000795],[24.03816,34.85484],[24.1204,34.801260000000184]]]},"properties":{}},{"type":"Feature","geometry":{"type":"MultiLineString","coordinates":[[[21.99946000000091,32.904889999999796],[22.150050000000192,32.935129999999845],[22.211310000000594,32.87583000000086],[22.38955999999962,32.86847999999918],[22.897469999999885,32.67777000000024],[23.110790000000634,32.63393999999971],[23.097610000000714,32.52196999999978],[23.157489999999598,32.45641000000069],[23.135039999999208,32.41143999999986],[23.091739999999845,32.432049999999435],[23.083880000000136,32.343119999999544],[23.21041999999943,32.280000000000655],[23.246510000000853,32.217179999999644]]]},"properties":{}},{"type":"Feature","geometry":{"type":"MultiLineString","coordinates":[[[15.000420000000304,32.418320000000676],[15.200259999999616,32.38419000000067],[15.271969999999783,32.32272000000012],[15.36298,32.15516000000025],[15.35729,32.02462000000014]]]},"properties":{}},{"type":"Feature","geometry":{"type":"MultiLineString","coordinates":[[[23.246510000000853,32.21752000000015],[23.32039000000077,32.14843],[23.313889999999446,32.21033999999963],[23.511420000000726,32.16417],[23.76452000000063,32.16827000000012],[23.99145999999928,32.098840000000564],[24.00822,32.07454999999936],[23.97642000000087,32.067370000000665],[24.13033,32.006970000000365],[24.54708000000028,31.98056],[24.735559999999168,32.02338000000054],[25.0,31.959000000000742]]]},"properties":{}},{"type":"Feature","geometry":{"type":"MultiLineString","coordinates":[[[15.35729,32.02462000000014],[15.479890000000523,31.686910000000353],[15.6412,31.470750000000407],[15.814389999999548,31.36052000000018],[16.106599999999162,31.260220000000118]]]},"properties":{}},{"type":"Feature","geometry":{"type":"MultiLineString","coordinates":[[[20.165709999999308,31.191539999999804],[19.993609999999535,31.478610000000117],[19.924220000000787,31.744720000000598],[19.951789999999164,31.978580000000875],[20.074650000000474,32.10928000000058],[20.100529999999708,32.18808],[20.574370000000272,32.54598000000078]]]},"properties":{}},{"type":"Feature","geometry":{"type":"MultiLineString","coordinates":[[[16.106599999999162,31.260220000000118],[16.395660000000134,31.21951000000081],[16.748929999999746,31.215620000000854],[17.394570000000385,31.07532],[17.67814,30.955550000000585],[17.847030000000814,30.926470000000336],[17.904570000000604,30.858980000000884],[18.180060000000594,30.787529999999606],[18.408810000000813,30.5941899999998],[18.569170000000668,30.51397],[18.663500000000568,30.412169999999605],[18.79047,30.384749999999258]]]},"properties":{}},{"type":"Feature","geometry":{"type":"MultiLineString","coordinates":[[[18.79047,30.384749999999258],[18.95349999999962,30.28389000000061],[19.183689999999842,30.26608],[19.608109999999215,30.411669999999503],[19.8665,30.61724999999933],[20.055860000000393,30.847830000000613],[20.16653000000042,31.07394000000022],[20.165709999999308,31.191539999999804]]]},"properties":{}},{"type":"Feature","geometry":{"type":"MultiLineString","coordinates":[[[15.121580000000904,44.28158000000076],[15.020290000000386,44.32495000000017],[15.04693000000043,44.285509999999704],[15.121580000000904,44.28182000000015]]]},"properties":{}},{"type":"Feature","geometry":{"type":"MultiLineString","coordinates":[[[15.244000000000597,44.010990000000675],[15.252839999999196,44.03703999999925],[15.1825000000008,44.097429999999804],[15.061139999999796,44.157540000000154],[15.244000000000597,44.010990000000675]]]},"properties":{}},{"type":"Feature","geometry":{"type":"MultiLineString","coordinates":[[[15.429439999999886,43.89009000000078],[15.456210000000283,43.89683999999943],[15.374100000000908,43.969059999999445],[15.251969999999346,44.01058000000012],[15.362069999999221,43.91122],[15.429439999999886,43.89009000000078]]]},"properties":{}},{"type":"Feature","geometry":{"type":"MultiLineString","coordinates":[[[15.296770000000834,43.88472],[15.37366,43.81941],[15.25814999999966,43.88565000000017],[15.296770000000834,43.88472]]]},"properties":{}},{"type":"Feature","geometry":{"type":"MultiLineString","coordinates":[[[15.650719999999637,43.76445000000058],[15.597019999999247,43.8359],[15.566539999999804,43.83437000000049],[15.650719999999637,43.76445000000058]]]},"properties":{}},{"type":"Feature","geometry":{"type":"MultiLineString","coordinates":[[[15.0,44.56725],[15.28053,44.361290000000736],[15.524359999999433,44.26707999999962],[15.529650000000402,44.224990000000616],[15.600409999999101,44.18733000000066],[15.61899000000085,44.13205000000016],[15.568629999999757,44.19001000000026],[15.47149,44.20291999999972],[15.525750000000698,44.21695],[15.514999999999418,44.24741999999969],[15.400139999999737,44.259],[15.274429999999484,44.332909999999174],[15.292020000000775,44.245489999999336],[15.184989999999743,44.30217000000084],[15.212569999999687,44.28498000000036],[15.187079999999696,44.23863999999958],[15.13608000000022,44.27900000000045],[15.107830000000831,44.26192000000083],[15.161009999999806,44.232099999999264],[15.14142,44.19481000000087],[15.223309999999401,44.11186000000089],[15.458080000000336,43.924950000000536],[15.67785,43.81590999999935],[15.615219999999681,43.818859999999404],[15.69684000000052,43.76621999999952],[15.84584,43.7238899999993],[15.878210000000763,43.732089999999516],[15.820439999999508,43.7878],[15.860329999999522,43.79612000000088],[15.828810000000885,43.84435999999914],[15.96875,43.807779999999184],[15.97149999999965,43.90949999999975],[15.980419999999867,43.810919999999896],[16.003919999999198,43.818530000000464]]]},"properties":{}},{"type":"Feature","geometry":{"type":"MultiLineString","coordinates":[[[15.86544,43.66392000000087],[15.842790000000605,43.70770000000084],[15.81815,43.69937000000027],[15.86544,43.66392000000087]]]},"properties":{}},{"type":"Feature","geometry":{"type":"MultiLineString","coordinates":[[[15.686579999999594,43.63060000000041],[15.732060000000274,43.631680000000415],[15.602639999999155,43.678540000000794],[15.686579999999594,43.63060000000041]]]},"properties":{}},{"type":"Feature","geometry":{"type":"MultiLineString","coordinates":[[[16.085650000000896,43.43687999999929],[16.08995,43.456969999999274],[16.053099999999176,43.4496],[16.085650000000896,43.43687999999929]]]},"properties":{}},{"type":"Feature","geometry":{"type":"MultiLineString","coordinates":[[[16.177449999999226,43.43938999999955],[16.132729999999356,43.46049999999923],[16.107560000000376,43.43176999999923],[16.177449999999226,43.43938999999955]]]},"properties":{}},{"type":"Feature","geometry":{"type":"MultiLineString","coordinates":[[[16.3859,43.32483999999931],[16.330200000000332,43.395619999999326],[16.199580000000424,43.4082099999996],[16.3859,43.32483999999931]]]},"properties":{}},{"type":"Feature","geometry":{"type":"MultiLineString","coordinates":[[[16.46128999999928,43.35317000000032],[16.40957999999955,43.31711],[16.642299999999523,43.25688000000082],[16.854059999999663,43.270189999999275],[16.898880000000645,43.31459],[16.77945,43.35820000000058],[16.432129999999233,43.39142],[16.461059999999634,43.3534]]]},"properties":{}},{"type":"Feature","geometry":{"type":"MultiLineString","coordinates":[[[16.681609999999637,43.11993000000075],[17.18905000000086,43.12565],[16.711810000000696,43.161009999999806],[16.66632000000027,43.213260000000446],[16.58129999999983,43.208590000000186],[16.567769999999655,43.23588000000018],[16.51831999999922,43.22538999999961],[16.58108,43.183069999999134],[16.49127000000044,43.20953],[16.36796999999933,43.194180000000415],[16.681609999999637,43.11993000000075]]]},"properties":{}},{"type":"Feature","geometry":{"type":"MultiLineString","coordinates":[[[16.70581999999922,43.07822999999917],[16.735849999999118,43.08926000000065],[16.660459999999148,43.087649999999485],[16.70581999999922,43.07822999999917]]]},"properties":{}},{"type":"Feature","geometry":{"type":"MultiLineString","coordinates":[[[16.07539,43.005230000000665],[16.0936099999999,43.03286999999909],[16.05109000000084,43.05453999999918],[16.085699999999633,43.07244999999966],[16.258200000000215,43.0660599999992],[16.21451999999954,43.017040000000634],[16.07539,43.005230000000665]]]},"properties":{}},{"type":"Feature","geometry":{"type":"MultiLineString","coordinates":[[[15.997180000000299,42.952869999999166],[16.024530000000595,42.97739],[16.005170000000362,42.993720000000394],[15.997180000000299,42.952869999999166]]]},"properties":{}},{"type":"Feature","geometry":{"type":"MultiLineString","coordinates":[[[16.003919999999198,43.818530000000464],[15.885749999999462,43.80955999999969],[15.845639999999548,43.77321999999913],[15.901200000000244,43.72493000000031],[15.853940000000875,43.71732999999949],[15.878810000000158,43.69707000000017],[15.955889999999272,43.68653000000086],[15.929179999999178,43.670570000000225],[15.94657,43.64338999999927],[15.902599999999438,43.64705999999933],[15.971639999999752,43.63283000000047],[15.912990000000718,43.62836000000061],[15.926980000000185,43.550929999999425],[15.96803,43.524030000000494],[15.98992,43.54141999999956],[15.96216,43.50152],[16.110849999999118,43.4707899999994],[16.17902999999933,43.492920000000595],[16.11515,43.51495000000068],[16.244469999999637,43.51836],[16.261850000000777,43.49777],[16.203639999999723,43.49731000000065],[16.388960000000225,43.484379999999874],[16.253249999999753,43.517939999999726],[16.431029999999737,43.54530999999952],[16.475860000000466,43.52914000000055],[16.388660000000527,43.50876000000062],[16.5316899999998,43.499550000000454],[16.718580000000657,43.416049999999814],[16.88514000000032,43.399639999999636],[17.11614,43.204499999999825],[17.33777999999984,43.10972000000038],[17.411330000000817,43.03914000000077],[17.429190000000744,43.06017000000065],[17.44760999999926,43.02167],[17.499439999999595,43.03289000000041],[17.464420000000246,43.00870000000032],[17.478409999999712,42.98312000000078],[17.587579999999434,42.93241999999918]]]},"properties":{}},{"type":"Feature","geometry":{"type":"MultiLineString","coordinates":[[[16.851409999999305,42.89517],[16.66077000000041,42.91605999999956],[16.63796999999977,42.935559999999896],[16.71054,42.96111000000019],[16.6257999999998,42.982780000000275],[16.855980000000272,42.957469999999375],[17.0386,42.978619999999864],[17.20118999999977,42.91711000000032],[16.970330000000104,42.92537000000084],[16.851409999999305,42.89517]]]},"properties":{}},{"type":"Feature","geometry":{"type":"MultiLineString","coordinates":[[[17.587579999999434,42.93241999999918],[17.627200000000812,42.9121099999993],[17.558139999999185,42.931360000000495],[17.65372000000025,42.886500000000524]]]},"properties":{}},{"type":"Feature","geometry":{"type":"MultiLineString","coordinates":[[[16.844610000000102,42.72305000000051],[16.91827000000012,42.73293999999987],[16.940300000000207,42.767579999999725],[16.782939999999144,42.774279999999635],[16.844610000000102,42.72305000000051]]]},"properties":{}},{"type":"Feature","geometry":{"type":"MultiLineString","coordinates":[[[17.902539999999135,42.70022000000063],[17.92859999999928,42.716270000000804],[17.830879999999524,42.75518000000011],[17.902539999999135,42.70022000000063]]]},"properties":{}},{"type":"Feature","geometry":{"type":"MultiLineString","coordinates":[[[17.39559,42.78773],[17.31992999999966,42.7861099999991],[17.752650000000358,42.692370000000665],[17.39559,42.78773]]]},"properties":{}},{"type":"Feature","geometry":{"type":"MultiLineString","coordinates":[[[17.951170000000275,42.67429000000084],[17.972219999999652,42.67894999999953],[17.922969999999623,42.68870000000061],[17.951170000000275,42.67429000000084]]]},"properties":{}},{"type":"Feature","geometry":{"type":"MultiLineString","coordinates":[[[17.65372000000025,42.886500000000524],[17.714420000000246,42.87724999999955],[17.68989,42.855530000000726],[17.530720000000656,42.92286000000058],[17.475440000000162,42.91069000000061],[17.43439000000035,42.95605000000069],[17.301139999999577,43.00259],[17.00203,43.04903000000013],[17.031810000000405,43.0247],[17.01074999999946,43.0046999999995],[17.2242499999993,42.97624999999971],[17.406660000000556,42.91573000000062],[17.45423,42.89134000000013],[17.44384,42.86975999999959],[17.74192000000039,42.793330000000424],[17.76025,42.76214000000073],[17.71556000000055,42.82250000000022],[17.78310000000056,42.78662000000077],[17.89113,42.788290000000416],[17.877940000000308,42.76231],[17.9995600000002,42.696970000000874],[18.13326000000052,42.67106000000058],[18.056440000000293,42.65107999999964],[18.201919999999518,42.62243999999919],[18.225940000000264,42.60225],[18.20428,42.58182999999917],[18.27108000000044,42.530329999999594],[18.52781,42.39316999999937],[18.523989999999685,42.42135000000053]]]},"properties":{}},{"type":"Feature","geometry":{"type":"MultiLineString","coordinates":[[[18.523989999999685,42.42112000000088],[18.51228000000083,42.45813000000089],[18.605139999999665,42.434769999999844],[18.674989999999525,42.46025],[18.687579999999798,42.47963999999956],[18.652780000000348,42.493570000000545],[18.685779999999795,42.51426999999967],[18.699769999999262,42.484630000000834],[18.76483,42.486909999999625],[18.762580000000526,42.42291],[18.69058000000041,42.47852000000057],[18.706029999999373,42.394430000000284],[18.54543999999987,42.41793999999936],[18.60772,42.365820000000895],[18.684880000000703,42.38429999999971],[18.776529999999184,42.26713000000018],[18.884729999999763,42.27447000000029],[18.905399999999645,42.21901000000071],[19.094240000000354,42.10338000000047],[19.071379999999408,42.085650000000896],[19.13969,42.04534000000058],[19.15295999999944,41.94670000000042],[19.37185,41.85289999999986]]]},"properties":{}},{"type":"Feature","geometry":{"type":"MultiLineString","coordinates":[[[19.524670000000697,41.84188],[19.608790000000226,41.7986],[19.575919999999314,41.75744999999915],[19.581829999999172,41.68440999999984]]]},"properties":{}},{"type":"Feature","geometry":{"type":"MultiLineString","coordinates":[[[19.581829999999172,41.68440999999984],[19.569859999999608,41.65658000000076],[19.617200000000594,41.61702999999943],[19.56886999999915,41.58328000000074]]]},"properties":{}},{"type":"Feature","geometry":{"type":"MultiLineString","coordinates":[[[19.56886999999915,41.58328000000074],[19.44866,41.58438000000024],[19.513020000000324,41.535939999999755],[19.51347,41.4678899999999],[19.449099999999817,41.435310000000754],[19.44253000000026,41.399999999999636],[19.389610000000175,41.41208999999981],[19.420570000000225,41.3871],[19.420799999999872,41.32406000000083],[19.485819999999876,41.312340000000404],[19.520759999999427,41.26678],[19.436719999999696,41.14408],[19.459689999999682,41.03857000000062]]]},"properties":{}},{"type":"Feature","geometry":{"type":"MultiLineString","coordinates":[[[19.459689999999682,41.03857000000062],[19.443310000000622,41.01116999999982],[19.49008,40.98017000000078],[19.46267000000074,40.91002999999915],[19.50922,40.98219000000057],[19.538280000000782,40.9322800000009],[19.459370000000547,40.88020999999935]]]},"properties":{}},{"type":"Feature","geometry":{"type":"MultiLineString","coordinates":[[[19.459370000000547,40.88020999999935],[19.435610000000565,40.933170000000246],[19.460919999999476,40.946449999999516],[19.39514000000065,40.91056000000037],[19.418030000000783,40.85724999999911]]]},"properties":{}},{"type":"Feature","geometry":{"type":"MultiLineString","coordinates":[[[26.763629999999466,40.65480000000025],[26.61059000000023,40.637290000000576],[26.53507,40.592060000000856],[26.453530000000683,40.61577000000034],[26.14683999999943,40.589679999999134],[26.062449999999444,40.63638],[26.085429999999178,40.767729999999574]]]},"properties":{}},{"type":"Feature","geometry":{"type":"MultiLineString","coordinates":[[[24.624856766035464,40.61035892201244],[24.65684676603496,40.57266892201142],[24.790486766034974,40.61136892201239],[24.79517676603473,40.70814892201224],[24.771546766035044,40.728928922011164],[24.794566766035587,40.747458922012356],[24.663566766034364,40.80531892201134],[24.575966766035435,40.76721892201158],[24.525236766034595,40.641728922011225],[24.624856766035464,40.610148922012286]]]},"properties":{}},{"type":"Feature","geometry":{"type":"MultiLineString","coordinates":[[[34.455659999999625,46.00281],[34.43325999999979,45.99291000000085],[34.45462000000043,45.97155000000021],[34.455659999999625,46.00332999999955]]]},"properties":{}},{"type":"Feature","geometry":{"type":"MultiLineString","coordinates":[[[25.602530000000115,40.50236000000041],[25.445669999999154,40.47588],[25.5601800000004,40.39552],[25.698099999999613,40.42254999999932],[25.68786,40.47445999999945],[25.602070000000822,40.502339999999094]]]},"properties":{}},{"type":"Feature","geometry":{"type":"MultiLineString","coordinates":[[[23.94463999999971,40.30765000000065],[23.915689999999813,40.342930000000706],[23.880049999999756,40.327540000000226],[23.94463999999971,40.30765000000065]]]},"properties":{}},{"type":"Feature","geometry":{"type":"MultiLineString","coordinates":[[[25.737859999999273,40.09111999999914],[26.01651999999922,40.154490000000806],[25.96436,40.15042999999969],[25.97537999999986,40.22049],[25.90027,40.23891],[25.669560000000274,40.14955],[25.667139999999563,40.124579999999696],[25.737859999999273,40.09111999999914]]]},"properties":{}},{"type":"Feature","geometry":{"type":"MultiLineString","coordinates":[[[19.315850000000864,40.644500000000335],[19.386630000000878,40.54591000000073],[19.41092000000026,40.583559999999125],[19.463149999999587,40.56515000000036],[19.45298,40.50326999999925],[19.385739999999714,40.53578000000016],[19.494549999999435,40.44837],[19.485489999999118,40.340399999999136],[19.43993000000046,40.322039999999106],[19.34560000000056,40.43108000000029],[19.290310000000318,40.42511000000013],[19.38451999999961,40.29210000000057],[19.5057199999992,40.19708],[19.74669,40.10246999999981],[19.795560000000478,40.04620000000068],[19.845110000000204,40.05163999999968]]]},"properties":{}},{"type":"Feature","geometry":{"type":"MultiLineString","coordinates":[[[26.17576,40.04319000000032],[26.278780000000552,40.21624999999949],[26.218800000000556,40.32194999999956],[26.83403999999973,40.58165999999983],[26.812690000000657,40.64805999999953],[26.763080000000627,40.65426]]]},"properties":{}},{"type":"Feature","geometry":{"type":"MultiLineString","coordinates":[[[24.56892999999951,40.93945999999971],[24.512710000000993,40.96071999999907],[24.397520000000497,40.93497000000036],[24.31803000000042,40.877720000000465],[24.339229999999645,40.86002000000019],[24.30690999999939,40.82749999999942],[24.34643,40.82584999999932],[24.093570000001023,40.722739999999305],[23.917244635957843,40.753816150381],[23.851489999999103,40.794920000000275],[23.73963279753343,40.75417055795043],[23.69614999999976,40.689070000000356],[23.832280000000594,40.5592400000005],[23.92057925719655,40.535315016951586],[23.825430000000836,40.50453000000027],[23.866009999999676,40.41216],[23.99381,40.37925],[24.008610000000772,40.45320999999973],[24.06412,40.37175000000025],[24.187649999999792,40.34851],[24.38868999999977,40.17886],[24.398890000000506,40.14044],[24.35223000000036,40.12644]]]},"properties":{}},{"type":"Feature","geometry":{"type":"MultiLineString","coordinates":[[[19.38897,39.82989000000089],[19.436610000000655,39.86810999999943],[19.38364,39.873859999999695],[19.38897,39.82989000000089]]]},"properties":{}},{"type":"Feature","geometry":{"type":"MultiLineString","coordinates":[[[15.141750000000684,41.92769000000044],[15.515740000000733,41.91115],[15.305249999999432,41.88217000000077],[15.345900000000256,41.86159000000043],[15.635159999999814,41.92874],[15.686180000000604,41.86492],[15.758299999999508,41.84324000000015],[15.80562,41.85465],[15.809390000000349,41.92253999999957],[16.014859999999317,41.95103000000017],[16.150939999999537,41.9103899999991],[16.186569999999847,41.885449999999764],[16.1888,41.772720000000845],[15.911330000000817,41.62269000000015],[15.831500000000233,41.535939999999755],[15.90106999999989,41.533009999999194],[15.99917,41.4382999999998],[16.590280000000348,41.20536],[17.097649999999703,41.062840000000506],[17.469999999999345,40.83144],[18.02182999999968,40.64014999999927],[18.07965999999942,40.52448999999979],[18.212620000000243,40.46162],[18.423829999999725,40.29293999999936],[18.517079999999623,40.13478000000032],[18.41545000000042,39.99332999999933],[18.3700000000008,39.795749999999316]]]},"properties":{}},{"type":"Feature","geometry":{"type":"MultiLineString","coordinates":[[[26.04803,39.78960999999981],[26.080260000000635,39.79965000000084],[26.06761,39.840910000000804],[25.962139999999636,39.83675000000039],[26.048440000000483,39.78900000000067]]]},"properties":{}},{"type":"Feature","geometry":{"type":"MultiLineString","coordinates":[[[25.10469000000012,39.99537000000055],[25.230600000000777,40.00728999999956],[25.294819999999163,39.94140999999945],[25.367809999999736,40.01984000000084],[25.44715,40.03354000000036],[25.443740000000616,39.98031000000083],[25.34188,39.87887000000046],[25.372890000000552,39.8143199999995],[25.355470000000423,39.78182000000015],[25.237929999999324,39.85042000000067],[25.276410000000396,39.89183000000048],[25.25130999999965,39.9123299999992],[25.19002999999975,39.88368000000082],[25.23207,39.87866000000031],[25.180410000000848,39.84624000000076],[25.229559999999765,39.79750000000058],[25.13774000000012,39.80251999999928],[25.169529999999213,39.85704000000078],[25.04738,39.83180999999968],[25.072690000000875,39.91798000000017],[25.03462000000036,39.98553999999967],[25.10469000000012,39.9955800000007]]]},"properties":{}},{"type":"Feature","geometry":{"type":"MultiLineString","coordinates":[[[19.845110000000204,40.05163999999968],[19.93548,39.94160000000011],[19.91270000000077,39.90236],[20.01488000000063,39.86707000000024],[19.981470000000627,39.701639999999315]]]},"properties":{}},{"type":"Feature","geometry":{"type":"MultiLineString","coordinates":[[[25.0,39.48202999999921],[25.056790000000547,39.52926],[25.005240000000413,39.56353999999919],[24.97118000000046,39.51066],[24.986870000000636,39.460909999999785],[25.0,39.48202999999921]]]},"properties":{}},{"type":"Feature","geometry":{"type":"MultiLineString","coordinates":[[[26.190559999999095,40.0028999999995],[26.137109999999666,39.84086000000025],[26.1614699999991,39.821060000000216],[26.138890000000174,39.75996999999916],[26.159600000000864,39.65632],[26.064909999999145,39.47776999999951],[26.24207000000024,39.4641100000008],[26.67273000000023,39.55862999999954]]]},"properties":{}},{"type":"Feature","geometry":{"type":"MultiLineString","coordinates":[[[26.586970000000292,39.36822000000029],[26.60171000000082,39.394169999999576],[26.575080000000526,39.39081000000078],[26.586970000000292,39.36822000000029]]]},"properties":{}},{"type":"Feature","geometry":{"type":"MultiLineString","coordinates":[[[24.154599999999846,39.36528999999973],[24.18441999999959,39.387870000000476],[24.17642,39.43021000000044],[24.1548700000003,39.36556000000019]]]},"properties":{}},{"type":"Feature","geometry":{"type":"MultiLineString","coordinates":[[[26.638520000000426,39.32462999999916],[26.69101000000046,39.33375999999953],[26.621320000000196,39.37301],[26.668180000000575,39.39003000000048],[26.613639999999577,39.39732],[26.612730000000738,39.33738000000085],[26.63875,39.32462999999916]]]},"properties":{}},{"type":"Feature","geometry":{"type":"MultiLineString","coordinates":[[[24.067119999999704,39.29493],[24.098400000000765,39.3106800000005],[24.07215,39.368179999999484],[24.04119,39.32165999999961],[24.067119999999704,39.29493]]]},"properties":{}},{"type":"Feature","geometry":{"type":"MultiLineString","coordinates":[[[26.670400000000882,39.558240000000296],[26.838809999999285,39.5588000000007],[26.87840999999935,39.58499],[26.953170000000682,39.55515999999989],[26.929299999999785,39.48650000000089],[26.858140000000276,39.47832000000017],[26.85382000000027,39.439440000000104],[26.797660000000178,39.433530000000246],[26.815169999999853,39.405109999999695],[26.77787999999964,39.37101000000075],[26.684900000000198,39.345540000000256],[26.672169999999824,39.28142999999909],[26.631470000000263,39.29780000000028],[26.651019999999335,39.324399999999514],[26.6260199999997,39.31326000000081],[26.608280000000377,39.272790000000896],[26.71991,39.25619999999981],[26.76584,39.17230000000018]]]},"properties":{}},{"type":"Feature","geometry":{"type":"MultiLineString","coordinates":[[[23.93971000000056,39.18325],[23.977160000000367,39.19542],[23.979079999999158,39.236689999999726],[23.98457000000053,39.16755999999987],[23.93971000000056,39.18325]]]},"properties":{}},{"type":"Feature","geometry":{"type":"MultiLineString","coordinates":[[[23.90294999999969,39.167929999999615],[23.82798,39.14376000000084],[23.95053,39.29138000000057],[23.98012000000017,39.25684999999976],[23.90294999999969,39.167929999999615]]]},"properties":{}},{"type":"Feature","geometry":{"type":"MultiLineString","coordinates":[[[23.513300000000527,39.17765],[23.46390000000065,39.12873000000036],[23.38793000000078,39.1564699999999],[23.459829999999783,39.2091],[23.513300000000527,39.17765]]]},"properties":{}},{"type":"Feature","geometry":{"type":"MultiLineString","coordinates":[[[23.60203,39.18534],[23.657530000000406,39.08495000000039],[23.723439999999755,39.06956999999966],[23.793750000000728,39.12151000000085],[23.73055000000022,39.12203000000045],[23.61017,39.21142999999938],[23.60203,39.18534]]]},"properties":{}},{"type":"Feature","geometry":{"type":"MultiLineString","coordinates":[[[22.635739999999714,39.987520000000586],[22.71064,39.95266000000083],[22.71918,39.880880000000616],[22.85439000000042,39.798000000000684],[22.93397,39.57825000000048],[23.100710000000618,39.49565000000075],[23.264890000000378,39.33093999999983],[23.35138,39.18996999999945],[23.201349999999366,39.0969499999992],[23.07198000000062,39.085870000000796],[23.0673599999991,39.139649999999165],[23.107519999999568,39.16203999999925],[23.106830000000627,39.101559999999154],[23.17238,39.1257999999998],[23.18323000000055,39.16087999999945],[23.21508,39.150729999999385],[23.2183100000002,39.18858],[23.146989999999278,39.29023000000052],[22.939150000000154,39.35946999999942],[22.946180000000822,39.300390000000334],[22.82107999999971,39.276379999999335],[22.821319999999105,39.20874999999978],[22.84994,39.15404999999919],[22.890559999999823,39.1896],[22.923909999999523,39.11389000000054],[22.936139999999796,39.13536000000022],[22.98322999999982,39.09958],[22.9961600000006,39.0361099999991],[22.95923000000039,39.00725000000057],[23.06702000000041,39.031489999999394]]]},"properties":{}},{"type":"Feature","geometry":{"type":"MultiLineString","coordinates":[[[26.32901999999922,38.97860000000037],[26.23931000000084,39.01460000000043],[26.170860000000175,39.00317],[26.084360000000743,39.07393000000047],[26.281310000000303,39.15682000000015],[26.28291999999965,39.193750000000364],[26.16664999999921,39.195410000000265],[26.06768000000011,39.08642999999938],[25.8717400000005,39.15258999999969],[25.831669999999576,39.18882999999914],[25.85153999999966,39.18283999999949],[25.856330000000526,39.255670000000464],[25.905899999999747,39.29970999999932],[25.952250000000276,39.274789999999484],[26.12817,39.30985999999939],[26.179739999999583,39.33510000000024],[26.16705,39.37558],[26.36580999999933,39.37884999999915],[26.352469999999812,39.35064000000057],[26.42381000000023,39.33549999999923],[26.380020000000513,39.273010000000795],[26.54092,39.16599],[26.531440000000657,39.14032000000043],[26.61636,39.02803],[26.537360000000263,39.013059999999314],[26.52939999999944,39.07798],[26.4627,39.11573999999928],[26.44728000000032,39.082220000000234],[26.541489999999612,38.98439999999937],[26.41581000000042,38.95946],[26.32912000000033,38.97896000000037]]]},"properties":{}},{"type":"Feature","geometry":{"type":"MultiLineString","coordinates":[[[23.06702000000041,39.031489999999394],[22.98946000000069,38.94332000000031],[22.855240000000776,38.923469999999725],[22.784960000000865,38.8763799999997],[22.612890000000334,38.9177],[22.49575,38.88496999999916]]]},"properties":{}},{"type":"Feature","geometry":{"type":"MultiLineString","coordinates":[[[24.603409999999712,38.784309999999095],[24.625239999999394,38.76311999999962],[24.68557999999939,38.79113999999936],[24.572910000000775,38.86917],[24.58374999999978,38.9254],[24.47048,38.97791999999936],[24.431150000000343,38.875449999999546],[24.56840000000011,38.838009999999485],[24.529710000000705,38.79512000000068],[24.566709999999148,38.76016999999956],[24.60288000000037,38.784669999999096]]]},"properties":{}},{"type":"Feature","geometry":{"type":"MultiLineString","coordinates":[[[25.561649999999645,38.532939999999144],[25.60975999999937,38.54113999999936],[25.62068,38.58893999999964],[25.5908500000005,38.611549999999625],[25.53132,38.602279999999155],[25.561649999999645,38.532939999999144]]]},"properties":{}},{"type":"Feature","geometry":{"type":"MultiLineString","coordinates":[[[26.246279999999388,38.503930000000764],[26.27225,38.52135000000089],[26.182479999999487,38.542709999999715],[26.2469600000004,38.50456999999915]]]},"properties":{}},{"type":"Feature","geometry":{"type":"MultiLineString","coordinates":[[[21.084580000000642,39.04608],[21.150550000000294,38.99707999999919],[21.139310000000478,38.928939999999784],[21.17065999999977,38.86672],[21.113100000000486,38.91602000000057],[21.079030000000785,38.86569000000054],[20.982309999999416,38.94499999999971],[20.868270000000848,38.91885999999977],[20.862440000000788,38.95633000000089],[20.802190000000337,38.919889999999214],[20.76915,38.95629],[20.750309999999445,38.91885999999977],[20.791830000000118,38.86924999999974],[20.73869999999988,38.849379999999655],[20.729919999999765,38.796870000000126],[20.772769999999582,38.75351000000046],[20.87417,38.7915],[20.91628,38.67194000000018],[20.982669999999416,38.67254999999932],[21.022370000000592,38.60524000000078],[21.0285700000004,38.50080999999955],[21.091549999999188,38.53381000000081]]]},"properties":{}},{"type":"Feature","geometry":{"type":"MultiLineString","coordinates":[[[26.731690000000526,38.46019999999953],[26.74597,38.49303999999938],[26.697630000000572,38.54709],[26.69247,38.48315],[26.73204000000078,38.45975]]]},"properties":{}},{"type":"Feature","geometry":{"type":"MultiLineString","coordinates":[[[26.76561000000038,39.172529999999824],[26.887010000000373,39.07659000000058],[26.801299999999173,39.03499000000011],[26.798570000000836,38.95405000000028],[26.85881999999947,38.91403999999966],[26.975179999999455,38.95392999999967],[27.050600000000486,38.9432199999992],[27.036599999999453,38.89362000000074],[27.06760000000031,38.88152000000082],[26.967759999999544,38.85190999999941],[26.96479999999974,38.80435000000034],[26.944910000000164,38.83683000000019],[26.892550000000483,38.825339999999414],[26.94138000000021,38.76525000000038],[26.907789999999295,38.76702],[26.894539999999324,38.73387],[26.826709999999366,38.76325999999972],[26.73964999999953,38.74093999999968],[26.75431000000026,38.66657999999916],[26.72149999999965,38.6547300000002],[26.80213999999978,38.61031]]]},"properties":{}},{"type":"Feature","geometry":{"type":"MultiLineString","coordinates":[[[21.327864038701055,38.39601463313132],[21.312110000000757,38.4997199999998],[21.42504999999983,38.36472999999933],[21.533649999999398,38.34183999999914],[21.63818,38.357200000000375],[21.768550000000687,38.32889000000068],[21.78708,38.37289000000055],[21.892219999999725,38.368829999999434],[21.94564,38.40813999999955],[22.053719999999885,38.39575],[22.18714,38.32469999999921],[22.228719999999157,38.35697000000073]]]},"properties":{}},{"type":"Feature","geometry":{"type":"MultiLineString","coordinates":[[[24.165800000000672,38.156590000000506],[24.17819000000054,38.181909999999334],[24.150770000000193,38.180060000000594],[24.16554,38.15685999999914]]]},"properties":{}},{"type":"Feature","geometry":{"type":"MultiLineString","coordinates":[[[25.989589999999225,38.39126000000033],[25.938379999999597,38.46357999999964],[25.863069999999425,38.49200000000019],[25.827219999999215,38.54339000000073],[25.843849999999293,38.57028],[26.00351000000046,38.605030000000625],[26.114159999999174,38.54241],[26.13354000000072,38.56681000000026],[26.15882000000056,38.550789999999324],[26.123289999999542,38.47866000000067],[26.15230999999949,38.46674999999959],[26.156300000000556,38.30391000000054],[26.10239999999976,38.268519999999626],[26.099309999999605,38.20933999999943],[26.040839999999662,38.19911999999931],[26.011130000000776,38.14802000000054],[25.86377,38.249980000000505],[25.92091000000073,38.301949999999124],[25.964459999999235,38.29866000000038],[25.99015,38.39154000000053]]]},"properties":{}},{"type":"Feature","geometry":{"type":"MultiLineString","coordinates":[[[24.454429999999775,38.14112000000023],[24.336040000000196,38.16266999999982],[24.247600000000716,38.23214999999976],[24.255540000000224,38.28716999999972],[24.183339999999532,38.394080000000145],[24.208730000000287,38.40631000000042],[24.18807,38.48128],[24.233200000000636,38.52587],[24.12587,38.59350000000086],[24.15033000000051,38.65467],[24.044620000000634,38.68606],[23.86348,38.67331000000024],[23.759449999999674,38.70682999999923],[23.702929999999412,38.768340000000535],[23.58934000000056,38.764530000000434],[23.47201,38.83559000000059],[23.427120000000343,38.9019499999996],[23.42865,38.95737000000014],[23.386339999999166,38.96109000000081],[23.37551,39.0075899999992],[23.315829999999607,39.04141],[23.13961000000029,39.010720000000276],[23.087859999999694,38.98039000000074],[23.079589999999484,38.93893000000031],[22.83712999999989,38.85455],[22.833660000000236,38.82707999999917],[22.960150000000795,38.83539000000019],[22.992000000000132,38.85178000000093],[22.94953,38.8750899999996],[22.96638,38.891250000000696],[23.082529999999736,38.839550000000656],[23.198039999999423,38.83339999999947],[23.430889999999636,38.68152999999984],[23.51380000000063,38.58403999999973],[23.597120000000302,38.57342000000068],[23.63290000000046,38.50381000000027],[23.588579999999638,38.447860000000276],[23.646259999999586,38.4013400000004],[24.045480000000737,38.39385000000044],[24.057940000000656,38.340990000000716],[24.0247,38.323449999999866],[24.11093000000085,38.3166199999996],[24.107620000000736,38.27354000000014]],[[24.10788999999943,38.2732699999998],[24.11276,38.24982000000091],[24.154870000000244,38.2778799999997],[24.1189200000008,38.218570000000966],[24.16116999999946,38.22865],[24.206309999999576,38.17735],[24.18012000000101,38.128650000000675],[24.211170000000607,38.12423999999925],[24.199919999999167,38.088900000000706],[24.304920000000493,38.06696000000011],[24.304980000000853,38.02388000000076],[24.3737,37.962990000000104],[24.419029999999054,38.011959999999874],[24.504730000000677,37.95037000000059],[24.581280000000277,38.020019999999874],[24.59034000000065,38.156059999999286],[24.45470000000023,38.14084999999989]]]},"properties":{}},{"type":"Feature","geometry":{"type":"MultiLineString","coordinates":[[[22.228719999999157,38.35697000000073],[22.379329999999754,38.33763999999974],[22.416579999999158,38.44308],[22.58564,38.28158000000076],[22.59878000000026,38.355359999999564],[22.641310000000885,38.35200000000077],[22.633529999999155,38.37844000000041],[22.664779999999155,38.38428000000022],[22.690150000000358,38.318639999999505],[22.799810000000434,38.274240000000646],[22.77556,38.23561999999947],[22.89455000000089,38.234409999999116],[22.90780000000086,38.1841000000004],[22.9671500000004,38.18953],[22.92858999999953,38.217539999999644],[23.01912000000084,38.212719999999536],[23.07003000000077,38.17055000000073],[23.111899999999878,38.20789999999943],[23.142330000000584,38.18319999999949],[23.12576000000081,38.16241000000082],[23.2236699999994,38.15452],[23.17485999999917,38.14336999999978],[23.219750000000204,38.10269999999946],[23.11461000000054,38.06083000000035]]]},"properties":{}},{"type":"Feature","geometry":{"type":"MultiLineString","coordinates":[[[27.14215999999942,38.439290000000256],[27.084090000000288,38.39853000000039],[27.01663,38.41288999999961],[26.79917000000023,38.352279999999155],[26.705850000000282,38.43160999999964],[26.675240000000485,38.38455000000067],[26.70379999999932,38.31675],[26.67681000000084,38.31036999999924],[26.58632000000034,38.42288],[26.589959999999337,38.468989999999394],[26.641089999999167,38.46858000000066],[26.626350000000457,38.52788999999939],[26.570019999999204,38.55693000000065],[26.52693,38.64529000000039],[26.42479,38.679260000000795],[26.3593,38.657719999999244],[26.37154,38.530399999999645],[26.412679999999455,38.49424],[26.391999999999825,38.44644999999946],[26.432090000000244,38.47755],[26.516410000000178,38.42769000000044],[26.494199999999182,38.40044999999918],[26.45176,38.427309999999125],[26.482239999999365,38.37377000000015],[26.39644000000044,38.32304],[26.386000000000422,38.34936000000016],[26.3781,38.30877999999939],[26.28454000000056,38.37468000000081],[26.30393,38.32154000000082],[26.232159999999567,38.29269000000022],[26.232519999999568,38.26555],[26.336559999999736,38.224920000000566],[26.39264,38.25963000000047],[26.388709999999264,38.224920000000566],[26.517939999999726,38.186680000000706],[26.530319999999847,38.12880000000041],[26.562400000000707,38.11810999999943],[26.570509999999558,38.14257],[26.59247999999934,38.10499999999956],[26.636070000000473,38.20657000000028],[26.75806999999986,38.221229999999196],[26.790689999999813,38.19847999999911],[26.777099999999336,38.16408000000047],[26.823860000000423,38.15987999999925],[26.876490000000558,38.038759999999456]]]},"properties":{}},{"type":"Feature","geometry":{"type":"MultiLineString","coordinates":[[[24.27162,37.97537999999986],[24.252689999999347,38.02369],[24.230209999999715,37.98365999999987],[24.27162,37.97537999999986]]]},"properties":{}},{"type":"Feature","geometry":{"type":"MultiLineString","coordinates":[[[23.569470000000365,38.04832999999962],[23.38807000000088,37.97940000000017],[23.422640000000683,37.96969],[23.176939999999377,37.95122000000083]]]},"properties":{}},{"type":"Feature","geometry":{"type":"MultiLineString","coordinates":[[[26.876749999999447,38.038839999999254],[26.973219999999856,38.07570999999916],[27.14604,37.98445999999967],[27.294070290865864,37.99319045638182]]]},"properties":{}},{"type":"Feature","geometry":{"type":"MultiLineString","coordinates":[[[23.451779999999417,37.87319000000025],[23.574759999999515,37.94717],[23.495590000000448,38.00316000000021],[23.41964,37.981879999999364],[23.451670000000377,37.9705699999995],[23.42573000000084,37.95080000000053],[23.498170000000755,37.957580000000235],[23.468699999999444,37.92562999999973],[23.40591999999924,37.92994],[23.451779999999417,37.87319000000025]]]},"properties":{}},{"type":"Feature","geometry":{"type":"MultiLineString","coordinates":[[[24.994000000000597,37.771749999999884],[24.95347000000038,37.77280000000064],[24.980330000000322,37.81861000000026],[24.936750000000757,37.8431700000001],[24.953810000000885,37.90342000000055],[24.837970000000496,37.91489],[24.79186,38.0001400000001],[24.685859999999593,37.9622],[24.710950000000594,37.87814000000071],[24.76119,37.879329999999754],[24.929560000000492,37.69808000000012],[24.958919999999125,37.68844999999965],[24.994000000000597,37.771749999999884]]]},"properties":{}},{"type":"Feature","geometry":{"type":"MultiLineString","coordinates":[[[23.485109999999622,37.674629999999524],[23.56500000000051,37.76763000000028],[23.42511000000013,37.76512],[23.485109999999622,37.674629999999524]]]},"properties":{}},{"type":"Feature","geometry":{"type":"MultiLineString","coordinates":[[[23.34095999999954,37.67316000000028],[23.37228999999934,37.705410000000484],[23.339599999999336,37.71164999999928],[23.34095999999954,37.67316000000028]]]},"properties":{}},{"type":"Feature","geometry":{"type":"MultiLineString","coordinates":[[[22.49575,38.88496999999916],[22.459290000000692,38.84226999999919],[22.51376,38.80765000000065],[22.68536999999924,38.82934000000023],[22.86679,38.75525000000016],[22.904640000000654,38.776490000000194],[22.96234,38.7460200000005],[23.034700000000157,38.75479000000087],[23.109019999999873,38.624149999999645],[23.19050000000061,38.65022999999928],[23.16465000000062,38.67632000000049],[23.19672999999966,38.68138999999974],[23.31779,38.641460000000734],[23.338799999999537,38.60291999999936],[23.2873299999992,38.56322],[23.378269999999247,38.52443999999923],[23.33072,38.50021000000015],[23.51548,38.48128],[23.539950000000317,38.511749999999665],[23.593730000000505,38.4750499999991],[23.570190000000366,38.45034999999916],[23.658400000000256,38.35179000000062],[23.953929999999673,38.286],[24.069719999999506,38.20317000000068],[24.0591000000004,38.124550000000454],[24.029049999999188,38.140590000000884],[23.98048000000017,38.10150000000067],[24.032670000000508,37.99395],[24.00985000000037,37.92834000000039],[24.04667999999947,37.90303999999924],[24.01074999999946,37.89106],[24.08622,37.79526000000078],[24.05503999999928,37.73475999999937],[24.07085,37.68075999999928],[24.03142999999909,37.64821999999913],[23.938000000000102,37.67195],[23.945229999999356,37.723910000000615],[23.908289999999397,37.72422999999981],[23.883780000000115,37.78939],[23.816329999999653,37.82043],[23.771919999999227,37.79844000000048],[23.688340000000608,37.93873],[23.63434000000052,37.92562999999973],[23.556329999999434,37.96638999999959],[23.59875,38.01366000000053],[23.569470000000365,38.04832999999962]]]},"properties":{}},{"type":"Feature","geometry":{"type":"MultiLineString","coordinates":[[[24.105219999999463,37.65063],[24.15374999999949,37.72335000000021],[24.14302999999927,37.755380000000514],[24.105219999999463,37.65063]]]},"properties":{}},{"type":"Feature","geometry":{"type":"MultiLineString","coordinates":[[[26.74605999999949,37.69880000000012],[26.654500000000553,37.70646999999917],[26.590980000000854,37.67482000000018],[26.566999999999098,37.731299999999464],[26.734409999999116,37.81264999999985],[26.847579999999653,37.80681999999979],[26.965679999999338,37.7487799999999],[26.94796999999926,37.78620000000046],[27.067870000000767,37.7781300000006],[27.027539999999135,37.75282999999945],[27.067199999999502,37.711129999999685],[26.92736,37.6887200000001],[26.876259999999093,37.63941999999952],[26.79559,37.643229999999676],[26.74605999999949,37.699029999999766]]]},"properties":{}},{"type":"Feature","geometry":{"type":"MultiLineString","coordinates":[[[24.74283,37.595610000000306],[24.740139999999883,37.63594000000012],[24.655329999999594,37.607169999999314],[24.74283,37.595610000000306]]]},"properties":{}},{"type":"Feature","geometry":{"type":"MultiLineString","coordinates":[[[26.43373000000065,37.564360000000306],[26.45867,37.578849999999875],[26.439580000000205,37.60360000000037],[26.39672000000064,37.575730000000476],[26.43373000000065,37.564360000000306]]]},"properties":{}},{"type":"Feature","geometry":{"type":"MultiLineString","coordinates":[[[26.500029999999242,37.636099999999715],[26.51749000000018,37.59922999999981],[26.474159999999756,37.60671999999977],[26.47288,37.573309999999765],[26.50941000000057,37.527140000000145],[26.49725000000035,37.576530000000275],[26.545379999999568,37.620929999999134],[26.51657999999952,37.655549999999494],[26.500029999999242,37.636099999999715]]]},"properties":{}},{"type":"Feature","geometry":{"type":"MultiLineString","coordinates":[[[24.998649999999543,37.669299999999566],[24.974780000000464,37.659530000000814],[25.10755000000063,37.55472],[25.234189999999217,37.536990000000515],[25.238359999999375,37.623279999999795],[24.998649999999543,37.669299999999566]]]},"properties":{}},{"type":"Feature","geometry":{"type":"MultiLineString","coordinates":[[[24.409890000000814,37.64799999999923],[24.347939999999653,37.69060999999965],[24.296360000000277,37.660359999999855],[24.264820000000327,37.5847],[24.278220000000147,37.52227999999923],[24.409890000000814,37.64799999999923]]]},"properties":{}},{"type":"Feature","geometry":{"type":"MultiLineString","coordinates":[[[26.35381000000052,37.689259999999194],[26.32352,37.631460000000516],[26.217109999999593,37.56758000000082],[25.976699999999255,37.51216000000022],[26.080560000000332,37.63681],[26.19738999999936,37.62800000000061],[26.35381000000052,37.689259999999194]]]},"properties":{}},{"type":"Feature","geometry":{"type":"MultiLineString","coordinates":[[[23.465990000000602,37.4951],[23.526529999999184,37.52280000000064],[23.48378000000048,37.53377999999975],[23.485860000000685,37.56085999999959],[23.423000000000684,37.51777000000038],[23.465720000000147,37.4953600000008]]]},"properties":{}},{"type":"Feature","geometry":{"type":"MultiLineString","coordinates":[[[26.940780000000814,37.458919999999125],[26.971159999999145,37.47871999999916],[27.00662999999986,37.454680000000735],[26.940710000000763,37.458919999999125]]]},"properties":{}},{"type":"Feature","geometry":{"type":"MultiLineString","coordinates":[[[25.38054000000011,37.48931000000084],[25.377200000000812,37.46430999999939],[25.361049999999523,37.49675000000025],[25.311009999999442,37.49116999999933],[25.308290000000852,37.40382999999929],[25.45843000000059,37.45132999999987],[25.45829000000049,37.4742499999993],[25.38054000000011,37.48931000000084]]]},"properties":{}},{"type":"Feature","geometry":{"type":"MultiLineString","coordinates":[[[25.220320000000356,37.370569999999134],[25.256470000000263,37.395580000000336],[25.22386,37.43972000000031],[25.19882999999936,37.42902999999933],[25.231229999999414,37.3996700000007],[25.220320000000356,37.370569999999134]]]},"properties":{}},{"type":"Feature","geometry":{"type":"MultiLineString","coordinates":[[[24.88508,37.36506],[24.96658000000025,37.40744000000086],[24.939029999999548,37.491110000000845],[24.88097000000016,37.51635999999962],[24.89653,37.45421999999962],[24.856669999999212,37.4019700000008],[24.88508,37.36506]]]},"properties":{}},{"type":"Feature","geometry":{"type":"MultiLineString","coordinates":[[[27.3909492933642,37.554220415271175],[27.437369999999646,37.55551999999989],[27.40913,37.51758999999947],[27.4579,37.53269999999986],[27.53748000000087,37.49306000000075],[27.41912000000059,37.47537000000011],[27.38033,37.50561000000016]]]},"properties":{}},{"type":"Feature","geometry":{"type":"MultiLineString","coordinates":[[[23.31167,37.3215],[23.362049999999726,37.34022],[23.282359999999244,37.33830999999918],[23.31167,37.3215]]]},"properties":{}},{"type":"Feature","geometry":{"type":"MultiLineString","coordinates":[[[24.37336999999934,37.30098],[24.486189999999624,37.399429999999484],[24.428620000000592,37.44148999999925],[24.436429999999746,37.48185000000012],[24.366760000000795,37.41993],[24.39582,37.41225999999915],[24.400429999999687,37.36504000000059],[24.37336999999934,37.30098]]]},"properties":{}},{"type":"Feature","geometry":{"type":"MultiLineString","coordinates":[[[23.373390000000654,37.30347000000074],[23.469030000000203,37.35594999999921],[23.580110000000786,37.36747],[23.500659999999698,37.317950000000565],[23.373390000000654,37.30347000000074]]]},"properties":{}},{"type":"Feature","geometry":{"type":"MultiLineString","coordinates":[[[26.779669999999896,37.27616999999918],[26.78987000000052,37.30577000000085],[26.707350000000588,37.31721],[26.779669999999896,37.27616999999918]]]},"properties":{}},{"type":"Feature","geometry":{"type":"MultiLineString","coordinates":[[[26.557779999999184,37.27038999999968],[26.573459999999614,37.30647999999928],[26.54291000000012,37.328380000000834],[26.61731999999938,37.34022],[26.56431,37.3817],[26.53187000000071,37.376029999999446],[26.525079999999434,37.29336999999941],[26.557779999999184,37.27038999999968]]]},"properties":{}},{"type":"Feature","geometry":{"type":"MultiLineString","coordinates":[[[23.14144,37.23623000000043],[23.168359999999666,37.262290000000576],[23.094390000000203,37.276819999999134],[23.14144,37.23623000000043]]]},"properties":{}},{"type":"Feature","geometry":{"type":"MultiLineString","coordinates":[[[24.45809999999983,37.19908000000032],[24.532460000000356,37.193279999999504],[24.533900000000358,37.12945000000036],[24.416180000000168,37.119440000000395],[24.45730999999978,37.19880999999987]]]},"properties":{}},{"type":"Feature","geometry":{"type":"MultiLineString","coordinates":[[[23.176939999999377,37.95122000000083],[23.109080000000176,37.91567000000032],[23.018169999999373,37.92411],[22.993239999999787,37.88134999999966],[23.015160000000833,37.84406999999919],[23.115250000000742,37.8488099999995],[23.17952999999943,37.80557000000044],[23.18066,37.77665],[23.118969999999536,37.749079999999594],[23.178889999999228,37.717249999999694],[23.162350000000515,37.61550999999963],[23.32966999999917,37.533550000000105],[23.36783,37.55236],[23.30558000000019,37.612779999999475],[23.39919,37.63847],[23.40897000000041,37.5934500000003],[23.369430000000648,37.55775999999969],[23.419200000000274,37.52774999999929],[23.392700000000332,37.50930999999946],[23.501259999999093,37.47235],[23.522730000000593,37.437009999999646],[23.26843,37.40602000000035],[23.227539999999863,37.376280000000406],[23.279029999999693,37.34627999999975],[23.188000000000102,37.339],[23.20122000000083,37.29585000000043],[23.17004000000088,37.284999999999854],[23.136029999999664,37.30985999999939],[23.155909999999494,37.32318999999916],[23.06644000000051,37.35232999999971],[23.064280000000508,37.39147000000048],[23.14484000000084,37.411840000000666],[23.12285999999949,37.45144000000073],[23.058199999999488,37.452579999999216],[23.04396000000088,37.48098000000027],[23.006750000000466,37.461890000000494],[22.982560000000376,37.513810000000376],[22.929299999999785,37.534530000000814],[22.84864000000016,37.51397],[22.785060000000158,37.58741999999984],[22.73931000000084,37.58155000000079],[22.728220000000874,37.49057999999968],[22.773849999999584,37.42449999999917],[22.75442,37.39219000000048],[22.91021,37.1912799999991],[22.899359999999433,37.11871000000065],[22.956050000000687,37.120170000000144],[22.9637500000008,37.09137]]]},"properties":{}},{"type":"Feature","geometry":{"type":"MultiLineString","coordinates":[[[25.826390000000174,37.086020000000644],[25.830739999999423,37.135480000000825],[25.778070000000298,37.124219999999696],[25.826390000000174,37.086020000000644]]]},"properties":{}},{"type":"Feature","geometry":{"type":"MultiLineString","coordinates":[[[26.421549999999115,36.99697000000015],[26.4967400000005,36.998059999999896],[26.45644,37.02225999999973],[26.421549999999115,36.99697000000015]]]},"properties":{}},{"type":"Feature","geometry":{"type":"MultiLineString","coordinates":[[[26.91511,36.98989000000074],[26.923319999999876,37.009690000000774],[26.88314,37.01204999999936],[26.91511,36.98989000000074]]]},"properties":{}},{"type":"Feature","geometry":{"type":"MultiLineString","coordinates":[[[25.178459999999177,36.976479999999356],[25.27801,37.048539999999775],[25.257260000000315,37.07590999999957],[25.281419999999343,37.152570000000196],[25.262619999999515,37.12379999999939],[25.213990000000194,37.12308999999914],[25.224669999999605,37.1532700000007],[25.159089999999196,37.12341000000015],[25.106620000000476,37.062299999999595],[25.115889999999126,36.99627],[25.178459999999177,36.976479999999356]]]},"properties":{}},{"type":"Feature","geometry":{"type":"MultiLineString","coordinates":[[[27.42262,37.41150000000016],[27.432259999999587,37.38393999999971],[27.38587,37.36153000000013],[27.385190000000875,37.32791],[27.443010000000868,37.30304000000069],[27.476849999999104,37.34763000000021],[27.497020000000703,37.31716000000051],[27.454219999999623,37.25686999999925],[27.519290000000183,37.275840000000244],[27.5067,37.23092],[27.55206,37.24397999999928],[27.556969999999637,37.27864000000045],[27.63731,37.266279999999824],[27.5759,37.2154100000007],[27.614670000000842,37.19434999999976],[27.525030000000697,37.19412000000011],[27.551030000000537,37.13474],[27.580830000000788,37.13854999999967],[27.469170000000304,37.080009999999675],[27.431389999999737,37.1279599999998],[27.387440000000424,37.1195000000007],[27.362010000000737,37.15665000000081],[27.34675000000061,37.12976999999955],[27.324459999999817,37.15984000000026],[27.317520000000513,37.118829999999434],[27.25365000000056,37.12757000000056],[27.29399000000012,37.10987000000023],[27.22069999999985,37.044200000000274],[27.261490000000776,36.9655500000008],[27.30026,36.95832],[27.32827,37.01327999999921],[27.374719999999797,37.0287900000003],[27.37608,36.999620000000505],[27.425709999999526,37.03357],[27.48255000000063,36.98522000000048],[27.57311,36.99218]]]},"properties":{}},{"type":"Feature","geometry":{"type":"MultiLineString","coordinates":[[[24.9963800000005,36.970320000000356],[24.974780000000464,36.962100000000646],[25.034340000000157,36.96673],[24.9963800000005,36.970320000000356]]]},"properties":{}},{"type":"Feature","geometry":{"type":"MultiLineString","coordinates":[[[25.07078,36.93999000000076],[25.089850000000297,37.04873000000043],[25.020920000000842,37.006789999999455],[25.07078,36.93999000000076]]]},"properties":{}},{"type":"Feature","geometry":{"type":"MultiLineString","coordinates":[[[25.604699999999866,36.9304800000009],[25.629440000000614,36.94651999999951],[25.595830000000205,36.94952999999987],[25.604699999999866,36.9304800000009]]]},"properties":{}},{"type":"Feature","geometry":{"type":"MultiLineString","coordinates":[[[26.95915000000059,36.92584],[27.053749999999127,36.94514999999956],[27.031740000000354,36.972859999999855],[27.05287,36.9970400000002],[26.881569999999556,37.075409999999465],[26.966420000000653,37.01592999999957],[26.93699000000015,37.018299999999726],[26.909600000000864,36.95180000000073],[26.95915000000059,36.92584]]]},"properties":{}},{"type":"Feature","geometry":{"type":"MultiLineString","coordinates":[[[25.450290000000678,36.918869999999515],[25.549090000000433,36.95773],[25.606649999999718,37.08452000000034],[25.53816999999981,37.20547000000079],[25.334779999999228,37.07906],[25.450290000000678,36.918869999999515]]]},"properties":{}},{"type":"Feature","geometry":{"type":"MultiLineString","coordinates":[[[27.175090000000637,36.918540000000576],[27.1515,36.936100000000806],[27.172930000000633,36.95281000000068],[27.10754000000088,36.95571000000018],[27.175090000000637,36.918540000000576]]]},"properties":{}},{"type":"Feature","geometry":{"type":"MultiLineString","coordinates":[[[24.70262,36.90216999999939],[24.76274999999987,36.95852999999988],[24.709279999999126,37.01886999999988],[24.63839,37.03983999999946],[24.70285999999942,36.90216999999939]]]},"properties":{}},{"type":"Feature","geometry":{"type":"MultiLineString","coordinates":[[[25.91374999999971,36.88026],[25.934919999999693,36.88365999999951],[25.885200000000623,36.88934999999947],[25.91374999999971,36.88026]]]},"properties":{}},{"type":"Feature","geometry":{"type":"MultiLineString","coordinates":[[[25.639909999999873,36.8807199999992],[25.60599,36.88832999999977],[25.64754,36.9101499999997],[25.683139999999185,36.888349999999264],[25.639909999999873,36.8807199999992]]]},"properties":{}},{"type":"Feature","geometry":{"type":"MultiLineString","coordinates":[[[25.525120000000243,36.85407999999916],[25.54637,36.86660999999913],[25.51434,36.891530000000785],[25.525120000000243,36.85407999999916]]]},"properties":{}},{"type":"Feature","geometry":{"type":"MultiLineString","coordinates":[[[25.454139999999825,36.81992999999966],[25.48027,36.830659999999625],[25.474309999999605,36.87153000000035],[25.41554,36.834639999999126],[25.454139999999825,36.81992999999966]]]},"properties":{}},{"type":"Feature","geometry":{"type":"MultiLineString","coordinates":[[[24.54161000000022,36.77376],[24.60103,36.83266],[24.520829999999478,36.82300000000032],[24.54161000000022,36.77376]]]},"properties":{}},{"type":"Feature","geometry":{"type":"MultiLineString","coordinates":[[[24.244839999999385,36.76908999999978],[24.255699999999706,36.79919999999947],[24.225759999999354,36.80384000000049],[24.244839999999385,36.76908999999978]]]},"properties":{}},{"type":"Feature","geometry":{"type":"MultiLineString","coordinates":[[[25.799660000000586,36.76884000000064],[26.008480000000418,36.893630000000485],[26.088089999999283,36.89672000000064],[25.97301999999945,36.92856000000029],[25.976290000000517,36.899279999999635],[25.8477299999995,36.85378],[25.84820000000036,36.81398000000081],[25.739439999999377,36.79552999999942],[25.799660000000586,36.76884000000064]]]},"properties":{}},{"type":"Feature","geometry":{"type":"MultiLineString","coordinates":[[[24.649180000000342,36.74223999999958],[24.661400000000867,36.77748000000065],[24.608319999999367,36.78505000000041],[24.649180000000342,36.74223999999958]]]},"properties":{}},{"type":"Feature","geometry":{"type":"MultiLineString","coordinates":[[[27.35426,36.86945000000014],[27.281600000000253,36.911949999999706],[27.162790000000314,36.88583],[26.99583999999959,36.77256],[26.928970000000845,36.7675],[26.918840000000273,36.718800000000556],[26.972649999999703,36.66952999999921],[26.9750499999991,36.747230000000854],[27.110979999999472,36.756250000000364],[27.16755000000012,36.80638999999974],[27.35426,36.86945000000014]]]},"properties":{}},{"type":"Feature","geometry":{"type":"MultiLineString","coordinates":[[[27.57311,36.99218],[27.76087,36.99097000000074],[27.924740000000384,37.032240000000456],[28.10189,37.012940000000526],[28.105030000000625,37.03483000000051],[28.344250000000102,37.05580999999984],[28.248139999999694,37.00352000000021],[28.25731000000087,36.984700000000885],[28.216280000000552,36.99772999999914],[28.196749999999156,36.94564],[28.15812,36.9448799999991],[28.16806,36.906919999999445],[28.098939999999857,36.94117],[28.021570000000793,36.92482000000018],[28.058689999999842,36.88150999999925],[28.00478,36.83379000000059],[28.066870000000563,36.82473000000027],[28.03407999999945,36.788940000000366],[27.822720000000118,36.813239999999496],[27.720649999999296,36.78429999999935],[27.642939999999726,36.8130000000001],[27.613059999999678,36.764359999999215],[27.468329999999696,36.76197999999931],[27.41114000000016,36.706389999999374],[27.362059999999474,36.70961999999963],[27.36271999999917,36.6855400000004],[27.47849,36.64687000000049],[27.57659000000058,36.68354999999974],[27.67845,36.65813999999955],[27.72617,36.761099999999715],[27.93253,36.74276],[28.127409999999145,36.80086999999912],[28.131830000000264,36.756460000000516],[28.111500000000888,36.77325000000019],[28.084539999999834,36.74828999999954],[28.12917000000016,36.725969999999506],[27.963910000000396,36.68089999999938],[28.04809000000023,36.67559000000074]]]},"properties":{}},{"type":"Feature","geometry":{"type":"MultiLineString","coordinates":[[[24.329330000000482,36.64323999999942],[24.529850000000806,36.673539999999775],[24.544330000000627,36.75660000000062],[24.467459999999846,36.74421000000075],[24.411490000000413,36.77338000000054],[24.414269999999306,36.738289999999324],[24.46680000000015,36.712100000000646],[24.450960000000123,36.69210000000021],[24.336409999999887,36.7434200000007],[24.329330000000482,36.64323999999942]]]},"properties":{}},{"type":"Feature","geometry":{"type":"MultiLineString","coordinates":[[[25.357609999999113,36.646419999999125],[25.38836000000083,36.6547900000005],[25.40207999999984,36.7138900000009],[25.30717,36.79199999999946],[25.27239,36.7873],[25.246510000000853,36.72262000000046],[25.294560000000274,36.71592000000055],[25.357609999999113,36.646419999999125]]]},"properties":{}},{"type":"Feature","geometry":{"type":"MultiLineString","coordinates":[[[25.072179999999207,36.63422999999966],[25.182880000000296,36.71421999999984],[25.09646000000066,36.69494999999915],[25.072179999999207,36.63422999999966]]]},"properties":{}},{"type":"Feature","geometry":{"type":"MultiLineString","coordinates":[[[24.933929999999236,36.59396000000015],[24.952339999999822,36.62253000000055],[24.838669999999183,36.659270000000106],[24.933929999999236,36.594199999999546]]]},"properties":{}},{"type":"Feature","geometry":{"type":"MultiLineString","coordinates":[[[27.185419999999795,36.5583000000006],[27.21457999999984,36.58215000000018],[27.19203000000016,36.61599000000024],[27.1271,36.60852999999952],[27.122520000000804,36.57084000000032],[27.185419999999795,36.5583000000006]]]},"properties":{}},{"type":"Feature","geometry":{"type":"MultiLineString","coordinates":[[[28.04809000000023,36.67559000000074],[28.09541999999965,36.64256000000023],[28.0613400000002,36.60511000000042],[27.96126,36.604670000000624],[27.979820000000473,36.5560600000008],[28.095139999999446,36.58658],[28.15744000000086,36.67828],[28.224700000000666,36.6872199999998]]]},"properties":{}},{"type":"Feature","geometry":{"type":"MultiLineString","coordinates":[[[27.837059999999838,36.53892000000087],[27.876500000000306,36.55326000000059],[27.88068000000021,36.60914000000048],[27.855279999999766,36.61392],[27.872020000000703,36.63213999999971],[27.816140000000814,36.6231800000005],[27.83585999999923,36.64468999999917],[27.766540000000532,36.60405999999966],[27.84751999999935,36.562519999999495],[27.837059999999838,36.53892000000087]]]},"properties":{}},{"type":"Feature","geometry":{"type":"MultiLineString","coordinates":[[[22.9637500000008,37.09137],[23.040689999999813,36.858430000000226],[23.090190000000803,36.81811000000016],[23.074580000000424,36.78604000000087],[23.112080000000788,36.775149999999485],[23.08633,36.72838000000047],[23.02961999999934,36.73257999999987],[23.059440000000905,36.68943000000036],[23.032859999999346,36.63242],[23.153200000000652,36.53715000000011],[23.130380000000514,36.498600000000806],[23.19862,36.43411999999989]]]},"properties":{}},{"type":"Feature","geometry":{"type":"MultiLineString","coordinates":[[[25.351160000000164,36.411990000000515],[25.341350000000602,36.45936000000074],[25.323019999999815,36.421580000000176],[25.351160000000164,36.411990000000515]]]},"properties":{}},{"type":"Feature","geometry":{"type":"MultiLineString","coordinates":[[[27.364760000000388,36.39158999999927],[27.395370000000185,36.3743599999998],[27.451429999999164,36.4067699999996],[27.38875,36.41256000000067],[27.400250000000597,36.442510000000766],[27.359189999999217,36.483140000000276],[27.297899999999572,36.470540000000256],[27.291730000000825,36.426830000000336],[27.317960000000312,36.40882000000056],[27.351909999999407,36.432740000000194],[27.364760000000388,36.39158999999927]]]},"properties":{}},{"type":"Feature","geometry":{"type":"MultiLineString","coordinates":[[[25.44539000000077,36.33208000000013],[25.48729,36.360899999999674],[25.485000000000582,36.41122],[25.37859000000026,36.480569999999716],[25.43361,36.394749999999476],[25.35733000000073,36.356439999999566],[25.44539000000077,36.33208000000013]]]},"properties":{}},{"type":"Feature","geometry":{"type":"MultiLineString","coordinates":[[[27.701650000000882,36.24424],[27.721219999999448,36.282610000000204],[27.690590000000157,36.27766999999949],[27.701650000000882,36.24424]]]},"properties":{}},{"type":"Feature","geometry":{"type":"MultiLineString","coordinates":[[[27.518550000000687,36.20874999999978],[27.617809999999736,36.21492000000035],[27.62167000000045,36.24166999999943],[27.51829,36.23754999999983],[27.518550000000687,36.20874999999978]]]},"properties":{}},{"type":"Feature","geometry":{"type":"MultiLineString","coordinates":[[[32.56934,36.09699],[32.48780000000079,36.11068999999952],[32.29696999999942,36.23562999999922],[32.16813999999977,36.41567000000032],[32.0265500000005,36.53892000000087],[31.774960000000647,36.60405999999966],[31.3175,36.81201999999939],[30.996289999999135,36.858039999999164],[30.757250000000568,36.84668000000056],[30.70255999999972,36.88373999999931],[30.57527999999911,36.793799999999464],[30.554959999999483,36.65187],[30.590809999999692,36.588519999999335],[30.50655,36.46690999999919],[30.513339999999516,36.43373000000065],[30.482050000000527,36.43254999999954],[30.477569999999105,36.39638999999988],[30.529860000000554,36.336629999999786],[30.46741,36.314220000000205],[30.48771999999917,36.279420000000755],[30.404959999999846,36.20754999999917],[30.408250000000407,36.2756700000009],[30.190420000000813,36.314220000000205],[30.11721000000034,36.2481800000005],[30.05685000000085,36.27537999999913],[29.995300000000498,36.22487999999976]]]},"properties":{}},{"type":"Feature","geometry":{"type":"MultiLineString","coordinates":[[[34.8730400000004,36.80048],[34.65436000000045,36.80536000000029],[34.5583000000006,36.76511000000028],[34.117270000000644,36.44569000000047],[34.078129999999874,36.40834],[34.076929999999265,36.324979999999414],[34.0033399999993,36.30616999999984],[33.96308999999928,36.23384000000078],[33.933639999999286,36.29297000000042],[33.86955999999918,36.31721],[33.69686,36.17168999999922],[33.68788999999924,36.13343999999961],[33.64785,36.192909999999756],[33.592570000000705,36.176470000000336],[33.5609000000004,36.12627000000066],[33.473949999999604,36.15825000000041],[33.39268000000084,36.12627000000066],[33.35203999999976,36.15466000000015],[33.14137999999912,36.13702999999987],[33.08162000000084,36.069799999999304],[32.95224000000053,36.10446000000047],[32.80014999999912,36.017509999999675],[32.56934,36.09699]]]},"properties":{}},{"type":"Feature","geometry":{"type":"MultiLineString","coordinates":[[[33.60974999999962,45.0],[33.60666999999921,44.86636],[33.53413999999975,44.79925],[33.550170000000435,44.67294000000038],[33.51441999999952,44.63704999999936],[33.545249999999214,44.62583000000086],[33.44261,44.611440000000584],[33.439469999999346,44.57346999999936],[33.381750000000466,44.5888300000006],[33.488250000000335,44.5],[33.620059999999285,44.49232999999913],[33.671329999999216,44.42070000000058],[33.788580000000366,44.39041999999972],[34.12858000000051,44.4322200000006],[34.18419,44.50047000000086],[34.34305999999924,44.550970000000234],[34.45245000000068,44.709279999999126],[34.73186,44.81794000000082],[34.9643300000007,44.84086000000025],[35.09064000000035,44.793579999999565],[35.16817000000083,44.89795000000049],[35.24747000000025,44.91933000000063],[35.25749999999971,44.95886000000064],[35.38750000000073,44.94714000000022],[35.35952999999972,44.980750000000626],[35.400470000000496,45.0]]]},"properties":{}},{"type":"Feature","geometry":{"type":"MultiLineString","coordinates":[[[37.21680000000015,45.0],[37.298500000000786,44.945050000000265],[37.32121999999981,44.907939999999144],[37.297560000000885,44.891530000000785],[37.38114999999925,44.758780000000115],[37.457580000000235,44.705550000000585],[37.730030000000625,44.64628000000084],[37.81013999999959,44.67761000000064],[37.78385999999955,44.72853000000032],[37.83,44.723],[37.91451000000052,44.667059999999765],[37.93147999999928,44.64796000000024],[37.90672000000086,44.62721000000056],[37.98265,44.56779],[38.0625799999998,44.57746000000043],[38.04949999999917,44.54939999999988],[38.20788999999968,44.413440000000264],[38.74649999999929,44.30045000000064],[38.88455000000067,44.1865600000001],[38.99985000000015,44.161089999999604],[39.03499000000011,44.097900000000664],[39.29294999999911,43.94481000000087],[39.73069000000032,43.56808],[39.875669999999445,43.49825000000055],[39.918359999999666,43.418690000000424],[40.01025,43.38325000000077]]]},"properties":{}},{"type":"Feature","geometry":{"type":"MultiLineString","coordinates":[[[40.01025,43.38325000000077],[40.24582999999984,43.310199999999895],[40.280109999999695,43.18678],[40.3385,43.14617],[40.394640000000436,43.172200000000885],[40.581089999999676,43.09208000000035],[40.85652999999911,43.07683],[40.96800000000076,42.980719999999565],[41.043330000000424,42.99221000000034],[41.15386000000035,42.79841999999917],[41.22989000000052,42.802809999999226],[41.438280000000304,42.73494000000028],[41.50792,42.59743999999955],[41.54791,42.40596]]]},"properties":{}},{"type":"Feature","geometry":{"type":"MultiLineString","coordinates":[[[41.64220000000023,42.1851800000004],[41.6935799999992,42.10182999999961],[41.720649999999296,42.14061000000038],[41.75093000000015,42.12495999999919]]]},"properties":{}},{"type":"Feature","geometry":{"type":"MultiLineString","coordinates":[[[41.75069000000076,42.12545999999929],[41.703740000000835,42.092790000000605],[41.75834000000032,42.00928000000022],[41.77455999999984,41.88588999999956]]]},"properties":{}},{"type":"Feature","geometry":{"type":"MultiLineString","coordinates":[[[32.68113000000085,41.838299999999435],[32.92105000000083,41.88095000000067],[33.3418700000002,42.02592],[34.208559999999125,41.96378]]]},"properties":{}},{"type":"Feature","geometry":{"type":"MultiLineString","coordinates":[[[34.20817999999963,41.96378],[34.78355999999985,41.956679999999324],[34.90947000000051,42.03439000000071],[34.94281000000046,42.10042000000067],[35.01751999999942,42.09491999999955],[35.061970000000656,42.030220000000554],[35.18355999999949,42.04097999999976],[35.22104000000036,42.01770000000033],[35.121979999999894,42.00757],[35.092350000000806,41.930819999999585],[35.21277999999984,41.76994999999988],[35.27762000000075,41.71522],[35.49380000000019,41.645440000000235]]]},"properties":{}},{"type":"Feature","geometry":{"type":"MultiLineString","coordinates":[[[41.77455999999984,41.88588999999956],[41.71580999999969,41.70583000000079],[41.57734999999957,41.60808],[41.656919999999445,41.57043999999951]]]},"properties":{}},{"type":"Feature","geometry":{"type":"MultiLineString","coordinates":[[[35.97544000000016,41.738250000000335],[36.12425000000076,41.62039],[36.14118000000053,41.456200000000536],[36.40314000000035,41.2500600000003],[36.48480000000018,41.24467],[36.56071999999949,41.28161],[36.62289000000055,41.373390000000654],[36.80734999999913,41.36036000000058],[37.00036,41.2817500000001],[37.03950000000077,41.18311],[37.15278000000035,41.14643000000069]]]},"properties":{}},{"type":"Feature","geometry":{"type":"MultiLineString","coordinates":[[[31.333119999999326,41.14156],[31.41122,41.214889999999286],[31.404490000000806,41.324689999999464],[31.624030000000857,41.39003000000048],[32.02537999999913,41.588949999999386],[32.15252999999939,41.61461000000054],[32.3058400000009,41.735570000000735],[32.413979999999356,41.74753000000055],[32.58394000000044,41.8336],[32.6821,41.8383300000005]]]},"properties":{}},{"type":"Feature","geometry":{"type":"MultiLineString","coordinates":[[[29.99337000000014,41.138310000000274],[30.191639999999097,41.149059999999736],[30.27165000000059,41.21437999999944],[30.423800000000483,41.17070000000058]]]},"properties":{}},{"type":"Feature","geometry":{"type":"MultiLineString","coordinates":[[[40.349379999999655,41.00324999999975],[40.60186000000067,41.045860000000175],[40.82258,41.16755999999987],[41.05347000000074,41.201279999999315],[41.214819999999236,41.30413000000044]]]},"properties":{}},{"type":"Feature","geometry":{"type":"MultiLineString","coordinates":[[[37.15278000000035,41.14643000000069],[37.297200000000885,41.1448],[37.53911999999946,41.02075],[37.607459999999264,41.048469999999725],[37.68558999999914,41.13451999999961],[37.787679999999455,41.11405999999988],[37.78381000000081,41.05045000000064],[37.88383000000067,40.98517],[38.11648000000059,40.956599999999526]]]},"properties":{}},{"type":"Feature","geometry":{"type":"MultiLineString","coordinates":[[[38.11679,40.95629],[38.28722000000016,40.94474000000082],[38.35495000000083,40.90875000000051],[38.52558999999928,40.915750000000116],[38.62966000000051,40.971009999999296],[38.70815000000039,40.94722999999976],[38.92812000000049,41.04024000000027],[39.0251700000008,41.030800000000454],[39.15179999999964,41.06994999999915]]]},"properties":{}},{"type":"Feature","geometry":{"type":"MultiLineString","coordinates":[[[39.15145999999913,41.06994999999915],[39.263049999999566,41.04680999999982],[39.42577999999958,41.105530000000726],[39.662169999999605,40.99438999999984],[39.760449999999764,41.00576],[39.868720000000394,40.95203000000038],[39.98650000000089,40.9635],[40.1281999999992,40.90951999999925],[40.2259099999992,40.92439000000013],[40.349379999999655,41.00324999999975]]]},"properties":{}},{"type":"Feature","geometry":{"type":"MultiLineString","coordinates":[[[47.24928,45.0],[47.24928,44.966449999999895],[47.214200000000346,44.99388999999974],[47.21241999999984,44.868500000000495],[47.15433999999914,44.79610999999932],[47.07280999999966,44.78507999999965],[47.03221999999914,44.85349999999926],[47.00517000000036,44.79804999999942],[46.91049000000021,44.74359999999979]]]},"properties":{}},{"type":"Feature","geometry":{"type":"MultiLineString","coordinates":[[[47.527830000000904,44.42138999999952],[47.526050000000396,44.48869000000013],[47.46768999999949,44.47907999999916],[47.46149999999943,44.45271999999932],[47.527830000000904,44.42138999999952]]]},"properties":{}},{"type":"Feature","geometry":{"type":"MultiLineString","coordinates":[[[46.90819999999985,44.36046999999962],[46.9195,44.381170000000566],[46.88574999999946,44.38760999999977],[46.90819999999985,44.36046999999962]]]},"properties":{}},{"type":"Feature","geometry":{"type":"MultiLineString","coordinates":[[[47.73811000000023,43.925139999999374],[47.8742000000002,43.98997000000054],[47.62797,43.98458000000028],[47.64733999999953,43.936499999999796],[47.694719999999506,43.957469999999375],[47.68183999999928,43.939189999999144],[47.73811000000023,43.925139999999374]]]},"properties":{}},{"type":"Feature","geometry":{"type":"MultiLineString","coordinates":[[[46.91049000000021,44.74359999999979],[46.84116999999969,44.673940000000584],[46.781919999999445,44.69108000000051],[46.69100000000071,44.57006],[46.68543999999929,44.45810999999958],[46.73257999999987,44.430420000000595],[46.7128900000007,44.41729999999916],[46.81881000000067,44.3804999999993],[46.774890000000596,44.35860999999932],[46.83414000000084,44.33205000000089],[46.873970000000554,44.37425000000076],[46.90925000000061,44.34757999999965],[46.870279999999184,44.33792],[46.89035999999942,44.32324999999946],[46.946640000000116,44.36692000000039],[46.99366999999984,44.358829999999216],[47.13314,44.209500000000844],[47.22700000000077,44.22506000000067],[47.30135999999948,44.08432999999968],[47.38586000000032,44.00282999999945],[47.43000000000029,43.88568999999916],[47.47658000000047,43.87305000000015],[47.4641100000008,43.83843999999954],[47.52056000000084,43.85153],[47.521749999999884,43.776920000000246],[47.56496999999945,43.88094],[47.70646999999917,43.926219999999375],[47.74322000000029,43.90608000000066],[47.582940000000235,43.717720000000554],[47.518309999999474,43.55975000000035],[47.47292000000016,43.3645],[47.49238999999943,43.294190000000526],[47.52380000000085,43.35647000000063],[47.5660599999992,43.329939999999624],[47.53936000000067,43.25210999999945]]]},"properties":{}},{"type":"Feature","geometry":{"type":"MultiLineString","coordinates":[[[48.53381000000081,41.88503],[48.356949999999415,41.94969999999921],[48.282610000000204,42.108249999999316],[48.23410999999942,42.13494],[48.11774999999943,42.3068600000006],[47.9693900000002,42.43260999999984],[47.885669999999664,42.573309999999765],[47.78341999999975,42.61164],[47.72921999999926,42.67228000000068],[47.69010999999955,42.87039],[47.47089000000051,42.99747000000025],[47.47610999999961,43.14961000000039],[47.53936000000067,43.25210999999945]]]},"properties":{}},{"type":"Feature","geometry":{"type":"MultiLineString","coordinates":[[[48.53381000000081,41.88503],[48.70586,41.756279999999606],[49.068279999999504,41.36642000000029],[49.123310000000856,41.2771900000007],[49.18332999999984,41.037280000000464],[49.40264000000025,40.84783000000061],[49.50919000000067,40.81568999999945],[49.50689000000057,40.71366999999918],[49.54342,40.631530000000566],[49.8078000000005,40.5632999999998],[50.06269000000066,40.5929500000002],[50.09118999999919,40.5369699999992],[50.219670000000406,40.501000000000204],[50.355030000000625,40.361950000000434],[50.36355999999978,40.19572],[50.3390500000005,40.292750000000524],[50.225500000000466,40.34969],[50.10722,40.3696400000008],[49.99533,40.33228000000054],[49.836419999999634,40.36722],[49.82464000000073,40.30343999999968],[49.68024999999943,40.275470000000496],[49.47114,40.173249999999825],[49.48483,40.11227999999937],[49.412640000000465,40.07791999999972],[49.466889999999694,40.0]]]},"properties":{}},{"type":"Feature","geometry":{"type":"MultiLineString","coordinates":[[[-9.724060000000463,30.0],[-9.791989999999714,29.863709999999628],[-10.051830000000336,29.588550000000396],[-10.222149999999601,29.30859000000055],[-10.461639999999534,29.07215],[-10.60349,28.969310000000405],[-11.07655,28.73863],[-11.309139999999388,28.52450999999928],[-11.450020000000222,28.343650000000707],[-12.054920000000493,28.091309999999794],[-12.220660000000862,28.05493000000024],[-12.27988,28.025410000000193],[-12.258030000000872,28.002109999999448],[-12.30218000000059,27.975710000000618],[-12.27203,27.998740000000907],[-12.28449,28.03324000000066],[-12.232309999999416,28.055459999999584],[-12.9070499999998,27.95427000000018],[-12.958000000000538,27.920309999999517],[-13.045529999999417,27.7545599999994],[-13.168589999999313,27.667020000000775]]]},"properties":{}},{"type":"Feature","geometry":{"type":"MultiLineString","coordinates":[[[1.400789999999688,51.392690000000584],[1.450590000000375,51.37209000000075],[1.423000000000684,51.331130000000485],[1.319260000000213,51.35333999999966],[1.337540000000445,51.38509999999951],[1.400509999999485,51.392690000000584]]]},"properties":{}},{"type":"Feature","geometry":{"type":"MultiLineString","coordinates":[[[33.01934000000074,34.58523000000059],[33.02992000000086,34.561180000000604],[32.93159999999989,34.568489999999656],[32.94795999999951,34.60504000000037],[33.019140000000334,34.58504]]]},"properties":{}},{"type":"Feature","geometry":{"type":"MultiLineString","coordinates":[[[34.46608000000015,46.12233000000015],[34.39731000000029,46.09524000000056],[34.40564000000086,46.06293],[34.466599999999744,46.12233000000015]]]},"properties":{}},{"type":"Feature","geometry":{"type":"MultiLineString","coordinates":[[[34.270699999999124,46.14682],[34.250379999999495,46.10773999999947],[34.23788000000059,46.15410999999949],[34.19828000000052,46.1561899999997],[34.24465000000055,46.09836],[34.225899999999456,46.07230999999956],[34.264970000000176,46.08376999999928],[34.27017999999953,46.14629000000059]]]},"properties":{}},{"type":"Feature","geometry":{"type":"MultiLineString","coordinates":[[[34.24726,46.167129999999815],[34.23005999999987,46.18798000000061],[34.21600000000035,46.16401000000042],[34.248820000000705,46.16661000000022]]]},"properties":{}},{"type":"Feature","geometry":{"type":"MultiLineString","coordinates":[[[34.179009999999835,46.13587],[34.169630000000325,46.0941899999998],[34.20817999999963,46.079610000000685],[34.17952999999943,46.13587]]]},"properties":{}},{"type":"Feature","geometry":{"type":"MultiLineString","coordinates":[[[34.6908999999996,46.01499999999942],[34.76905000000079,46.00562],[34.73986999999943,45.969670000000406],[34.6908999999996,46.01499999999942]]]},"properties":{}},{"type":"Feature","geometry":{"type":"MultiLineString","coordinates":[[[26.888699999999517,37.10574000000088],[26.87428,37.156919999999445],[26.837980000000243,37.16158],[26.857529999999315,37.18624000000091],[26.76488000000063,37.180459999999584],[26.830770000000484,37.15245],[26.820239999999103,37.113900000000285],[26.855639999999767,37.13004],[26.846229999999196,37.09663999999975],[26.888699999999517,37.10574000000088]]]},"properties":{}},{"type":"Feature","geometry":{"type":"MultiLineString","coordinates":[[[-6.33412,36.53462000000036],[-6.283289999999397,36.538469999999506],[-6.198829999999361,36.39002000000073],[-6.33412,36.53462000000036]]]},"properties":{}},{"type":"Feature","geometry":{"type":"MultiLineString","coordinates":[[[-6.203159999999116,36.48888000000079],[-6.1862,36.468699999999444],[-6.223739999999452,36.44274000000041],[-6.201629999999568,36.48917000000074]]]},"properties":{}},{"type":"Feature","geometry":{"type":"MultiLineString","coordinates":[[[27.267675923187426,37.53654922912767],[27.201789999999164,37.49827],[27.22765000000072,37.48769999999968],[27.23370000000068,37.40769],[27.193139999999403,37.35436],[27.323119999999108,37.342029999999795],[27.330920000000333,37.37889],[27.422500000000582,37.41120000000046]]]},"properties":{}},{"type":"Feature","geometry":{"type":"MultiLineString","coordinates":[[[27.26305999999937,37.88479999999976],[27.235039999999685,37.84021000000041],[27.27023,37.811299999999335],[27.241990000000442,37.730170000000726],[27.103049999999826,37.682440000000554],[27.028650000000255,37.69073000000026],[26.99705,37.65719],[27.216220000000362,37.6187900000005],[27.238289999999324,37.5811900000009]]]},"properties":{}},{"type":"Feature","geometry":{"type":"MultiLineString","coordinates":[[[23.37893098732081,40.00989201966603],[23.30280816264701,40.1003747935153],[23.326089330946672,40.181347369100706],[23.302697681815914,40.23115248793073],[23.054165134749724,40.311939999999595],[22.960055134749666,40.37930000000057],[22.901000790193564,40.37750339538883],[22.815768496964665,40.50135434074224],[22.98936802329763,40.53139503594082],[22.935232204861222,40.58287560535484],[22.942538114841113,40.63020107426638],[22.855018915564585,40.61094134651046]]]},"properties":{}},{"type":"Feature","geometry":{"type":"MultiLineString","coordinates":[[[23.997349999999585,39.955780000000345],[23.93124,39.93536999999935],[23.861736111111043,40.01407009548643],[23.82323211215578,40.005885067727945],[23.772290123307016,40.11847764756965],[23.651600518222608,40.22351388317827],[23.402098879955133,40.278326279303315],[23.340904921599645,40.23647630175958],[23.362843104574267,40.14912034964533],[23.41479727765227,40.12985794218565],[23.472408362746762,40.05158952988717],[23.750858215597304,39.92749767660297]]]},"properties":{}},{"type":"Feature","geometry":{"type":"MultiLineString","coordinates":[[[24.35223000000036,40.12644],[24.30393,40.11408999999924],[24.15865999999926,40.28302000000076],[24.03911999999957,40.29306],[23.9132415023862,40.36491454975743],[23.786206838206795,40.33751505627538],[23.731012860715396,40.354944608142944],[23.698829999999475,40.277249999999185],[23.775933424373363,40.19221172880697],[24.000270000000512,40.11197],[23.977390000000128,40.08605],[24.011350000000675,40.0581399999993],[23.986639999999113,40.03622999999976],[24.02204999999958,40.00851],[23.96868,39.963120000000345],[23.997349999999585,39.955780000000345]]]},"properties":{}},{"type":"Feature","geometry":{"type":"MultiLineString","coordinates":[[[27.238289999999324,37.5811900000009],[27.36976999999939,37.582050000001004],[27.35642999999982,37.55799],[27.390949293364095,37.554220415271196]]]},"properties":{}},{"type":"Feature","geometry":{"type":"MultiLineString","coordinates":[[[22.855018915564585,40.61094134651046],[22.657954386170843,40.55536860342687],[22.63189256456161,40.47765850733231],[22.596195771452813,40.47405414346997]]]},"properties":{}},{"type":"Feature","geometry":{"type":"MultiLineString","coordinates":[[[22.596958716514052,40.47412867926636],[22.65881504587776,40.3624220184804],[22.55129228461641,40.16121908161699],[22.585737458145502,40.044128703553895]]]},"properties":{}},{"type":"Feature","geometry":{"type":"MultiLineString","coordinates":[[[26.02853999999934,40.82704999999987],[25.550380000000644,40.860129999999174],[25.34192000000087,40.94756000000058],[25.270169999999723,40.92742],[25.134169999999415,40.95967000000013],[25.17030999999946,41.00289999999961],[25.141700000000185,41.015869999999325],[25.044970000000944,41.00732000000062],[24.985179999999616,40.92916],[24.95572,40.93790000000081]]]},"properties":{}},{"type":"Feature","geometry":{"type":"MultiLineString","coordinates":[[[27.05127999999968,38.59993000000031],[27.025250000000597,38.53110000000015],[27.10994000000028,38.44771000000037],[27.175559999999678,38.46498000000065],[27.14215999999942,38.439290000000256]]]},"properties":{}},{"type":"Feature","geometry":{"type":"MultiLineString","coordinates":[[[26.80213999999978,38.61031],[26.85975999999937,38.649569999999585],[27.01698000000033,38.63296000000082],[27.051229999999123,38.60009]]]},"properties":{}},{"type":"Feature","geometry":{"type":"MultiLineString","coordinates":[[[21.10988,38.4514],[21.15092,38.44985000000099],[21.171050000000946,38.51210999999972],[21.20056496124539,38.464736646319295]]]},"properties":{}},{"type":"Feature","geometry":{"type":"MultiLineString","coordinates":[[[21.325217037542473,38.39214411752107],[21.183575068737923,38.3902635434319],[21.176246328839966,38.4386332267585],[21.212128600807887,38.42188182127745],[21.200065425777666,38.46413534035463]]]},"properties":{}},{"type":"Feature","geometry":{"type":"MultiLineString","coordinates":[[[21.20056496124539,38.464736646319295],[21.153500000000292,38.41392000000087],[21.184989999999686,38.35765],[21.327864038701136,38.3960146331313]]]},"properties":{}},{"type":"Feature","geometry":{"type":"MultiLineString","coordinates":[[[22.59616852341503,40.47405148147726],[22.6138305790476,40.50850652665332],[22.517462408311474,40.54705379494777],[22.526385387083337,40.58845641644933],[22.59491386405125,40.67732928501698],[22.64631022177724,40.67697236586622]]]},"properties":{}},{"type":"Feature","geometry":{"type":"MultiLineString","coordinates":[[[-6.036560000000463,53.09875],[-6.049549999999726,52.99942999999985],[-5.998419999999896,52.9626700000008],[-6.0577200000007,52.85784000000058],[-6.139909999999873,52.801729999999225],[-6.141019999999116,52.73283000000083],[-6.226409999999305,52.64572000000044],[-6.206469999999172,52.54409999999916],[-6.349609999999302,52.41316],[-6.356949999999415,52.346740000000864],[-6.45347000000038,52.34480000000076],[-6.465860000000248,52.37874000000011],[-6.511329999999361,52.35246],[-6.461970000000292,52.343660000000455],[-6.429079999999885,52.2819099999997],[-6.382019999999102,52.31482],[-6.377049999999144,52.262189999999464],[-6.314969999999448,52.24177000000054],[-6.362629999999626,52.17253999999957]]]},"properties":{}},{"type":"Feature","geometry":{"type":"MultiLineString","coordinates":[[[-3.013300000000527,51.29862999999932],[-2.946089999999458,51.18373000000065],[-3.00101,51.18902999999955],[-2.921280000000479,51.134110000000874],[-2.98848,51.135550000000876]]]},"properties":{}},{"type":"Feature","geometry":{"type":"MultiLineString","coordinates":[[[0.785710000000108,50.93433],[0.624859999999899,50.860860000000685],[0.310729999999239,50.83371000000079],[0.318320000000313,50.781699999999546],[0.260550000000876,50.7379],[0.00346,50.78850000000057]]]},"properties":{}},{"type":"Feature","geometry":{"type":"MultiLineString","coordinates":[[[27.199860000000683,37.62192999999934],[27.409313254233837,37.73579778318987],[27.509203027258707,37.705340682315295],[27.517531140779113,37.632529175536945],[27.388489999999308,37.57618999999988]]]},"properties":{}},{"type":"Feature","geometry":{"type":"MultiLineString","coordinates":[[[10.069446959118238,37.04993842741385],[10.087060776446322,37.059778831171286],[10.07040454940551,36.95746200792058],[10.216169999999806,36.97225000000071]]]},"properties":{}},{"type":"Feature","geometry":{"type":"MultiLineString","coordinates":[[[10.066733231430362,37.0484308009207],[10.116816317037944,37.00930218271327],[10.18993620196278,37.01096057185589],[10.216169999999806,36.97225000000071]]]},"properties":{}},{"type":"Feature","geometry":{"type":"MultiLineString","coordinates":[[[10.217546397604963,36.9499961840491],[10.196098046771056,36.91986635787748],[10.242251317172247,36.89301221265191],[10.286568778405865,36.904314652429605],[10.247940301991491,36.9490544679918],[10.31692,36.91655999999966]]]},"properties":{}},{"type":"Feature","geometry":{"type":"MultiLineString","coordinates":[[[10.153397755767344,37.167116114529506],[10.02703647905264,37.10733810541046],[10.023895590525115,37.07735689673706],[10.061390000000756,37.05937000000091]]]},"properties":{}},{"type":"Feature","geometry":{"type":"MultiLineString","coordinates":[[[10.150054531936064,37.16660611672057],[10.02299131422484,37.11024263414498],[10.027601519923621,37.065330307659906],[10.061390000000756,37.05937000000091]]]},"properties":{}},{"type":"Feature","geometry":{"type":"MultiLineString","coordinates":[[[10.31692,36.91655999999966],[10.25584,36.93722],[10.28853022536481,36.892630356818586],[10.24154812353811,36.88956630669935],[10.193204221658334,36.91935568285771],[10.217546397604963,36.9499961840491]]]},"properties":{}},{"type":"Feature","geometry":{"type":"MultiLineString","coordinates":[[[48.17505878066032,29.531395543997974],[48.23835401385958,29.547664109251684],[48.54809107039557,29.84816043379311],[48.856379986963475,29.99866134241188],[49.11083359827444,30.03970704476245],[49.64264313307751,30.013830406324075],[49.828835956783735,30.06231192431784],[49.98231119165979,30.04030191001391],[50.10470471714734,29.97129754084483],[50.34146108722746,29.694982631542814],[50.629227152619876,29.434729084030096],[50.661349876198585,29.321704686253156],[50.649452571169434,29.137593890927064],[50.71221085519824,29.073348443769646],[50.85914257230826,29.067102358629313],[50.857655409179586,29.009697861863685],[50.81423024582318,29.019215705887007],[50.81690713945477,28.90054008822119],[50.901378005161746,28.810715435251097],[51.00637172204398,28.82647936441475],[51.06764284294411,28.706019150994564],[51.10660651691461,28.471939674546036],[51.23004105659203,28.290803205477175]]]},"properties":{}},{"type":"Feature","geometry":{"type":"MultiLineString","coordinates":[[[48.17505878066032,29.531395543997974],[48.157510255742295,29.60367167205004],[48.00938880812936,29.810982212183035],[47.894282381972346,30.112578894672026],[47.9061796870015,30.174444880823614],[48.30340095866228,30.47247237180386],[48.48780918661413,30.67591628780235],[48.595903534833326,30.728939141907233],[48.81870298273742,30.774069054292852],[49.34025109195284,30.67442912467368],[49.83770715848425,30.302043477261236],[50.133355188458665,30.17831150495806],[50.198790366119,30.069153731315623],[50.20146725975036,29.9614831208018],[50.28950731696625,29.806520722797075],[50.66824039869482,29.42436851423389],[50.68346894913202,29.1550135283739],[50.849555327338976,29.138357301333087],[50.93569181575003,29.058407411537246],[50.92855343273254,28.923729918607307],[50.834326776901776,28.992734287776386],[50.81481519665391,28.9370549002399],[50.89286151764509,28.831406831580978],[50.94140252216414,28.8913692489279],[51.02087651975876,28.832834508184533],[51.07608001509402,28.712433781289462],[51.104633547163985,28.507800134788056],[51.242781207568896,28.290944326742817]]]},"properties":{}},{"type":"Feature","geometry":{"type":"MultiLineString","coordinates":[[[36.92733923206663,45.27123129007117],[36.98437871631285,45.28019],[37.00009871631238,45.33049000000028],[36.79605871631361,45.29918],[36.7658787163121,45.371489999999596],[36.881258716313255,45.381869999999196],[36.77737871631251,45.40283000000096],[36.624868716312676,45.30242],[36.784638716313,45.442059999999515],[36.84323871631318,45.451129999999466],[37.144458716312556,45.33951999999954],[37.02744871631262,45.327789999999425],[37.12459871631228,45.33251000000024],[37.11421871631245,45.27359000000075],[36.92733923206663,45.27123129007117]]]},"properties":{}},{"type":"Feature","geometry":{"type":"MultiLineString","coordinates":[[[29.995300000000555,36.22487999999976],[29.907149999999092,36.224580000000174],[29.777179999999248,36.136730000000284],[29.756559999999865,36.14241000000044],[29.78226,36.15825000000041],[29.72069999999985,36.16273],[29.68425000000036,36.13105],[29.631978103618735,36.16889257622887]]]},"properties":{}},{"type":"Feature","geometry":{"type":"MultiLineString","coordinates":[[[23.75418946100575,39.92618897304982],[23.7120994610068,39.90789897304995],[23.46599946100639,39.969728973050394],[23.3762902020851,39.961718652999934]]]},"properties":{}},{"type":"Feature","geometry":{"type":"MultiLineString","coordinates":[[[-1.317769999999655,44.12832999999955],[-1.434110000000146,43.73892],[-1.42439000000013,43.6613899999993],[-1.51267,43.52726000000075]]]},"properties":{}},{"type":"Feature","geometry":{"type":"MultiLineString","coordinates":[[[1.047560000000885,52.96682999999939],[0.861539999999877,52.97875000000022],[0.853150000000824,52.95786000000044],[0.665929999999207,52.98877999999968],[0.709210000000894,52.979810000000725],[0.512150000000474,52.96158]]]},"properties":{}},{"type":"Feature","geometry":{"type":"MultiLineString","coordinates":[[[1.11953,51.93982],[1.058240000000296,51.951460000000225],[1.276680000000852,51.95770000000084],[1.156070000000909,52.04356],[1.282839999999851,51.98863999999958],[1.316740000000209,51.935160000000906],[1.352720000000772,51.94724999999926]]]},"properties":{}},{"type":"Feature","geometry":{"type":"MultiLineString","coordinates":[[[1.020290000000386,51.8058400000009],[1.06668,51.82046000000082],[1.019169999999576,51.80134],[1.098439999999755,51.77030999999988],[1.286369999999806,51.85886000000028],[1.199370000000272,51.87275000000045],[1.262619999999515,51.91311999999925],[1.259529999999359,51.945449999999255],[1.11953,51.93982]]]},"properties":{}},{"type":"Feature","geometry":{"type":"MultiLineString","coordinates":[[[0.944810000000871,51.73494000000028],[0.89611,51.74455999999918],[0.748530000000756,51.68866999999955],[0.763999999999214,51.70846999999958],[0.690660000000207,51.72869999999966],[0.850109999999404,51.74192000000039],[0.881470000000263,51.757219999999506],[0.852080000000569,51.77408],[0.892299999999523,51.76619000000028],[0.854999999999563,51.7851699999992],[0.985749999999825,51.80819],[0.943499999999403,51.82192000000032],[0.97896000000037,51.82046000000082],[0.966870000000199,51.85223000000042],[1.020290000000386,51.8058400000009]]]},"properties":{}},{"type":"Feature","geometry":{"type":"MultiLineString","coordinates":[[[0.811690000000453,51.53658],[0.940169999999853,51.60461000000032],[0.819139999999607,51.61996999999974],[0.921720000000278,51.62814000000071],[0.944810000000871,51.73494000000028]]]},"properties":{}},{"type":"Feature","geometry":{"type":"MultiLineString","coordinates":[[[1.754469999999856,50.94837],[1.889914940992014,50.86918316693453],[2.078368252653831,50.87679744215308],[2.216376990991989,50.83872606605979],[2.320121490846077,50.943422350316325],[2.54093547218713,50.97292766678868],[2.638969265627338,51.040504359354316],[2.784972992945143,51.034793652940266],[2.772599795714825,50.99101157043293],[2.627769935826564,50.95516102461187],[2.538897067258858,50.89434200130273],[2.873211338578017,50.94288300582173],[2.869404200968631,50.9769092982051],[2.919134935990542,50.978099028708016],[2.913186283475966,51.01576589643031],[3.016692837229584,51.03242212347112],[2.907951469263082,51.07691804428015],[3.018596406034192,51.14551790507829],[2.985521898053264,51.19215534079245],[3.471788549204632,51.28757172712636],[3.84104942184896,51.22969126117292],[4.151679873937098,51.287413096392584],[4.37994186158727,51.236166221782184],[4.40037320672991,51.28907871909672],[4.272771262605487,51.50406508073533],[4.299535660172531,51.546220103418335],[4.85080517513353,51.634671635583345],[4.854136420541806,51.68083317909657],[4.903694044530168,51.69722189505893],[4.986910344667081,51.692254591924495],[4.970730009827491,51.64942429381955],[5.131581573821506,51.66036981444648],[5.134912819229783,51.688447454315224],[5.05020400742211,51.69177869972327],[5.098745011941105,51.74936165606442],[4.934086310337591,51.769349128513454],[4.970730009827491,51.790335974584934],[4.945983615366742,51.85125017633413],[5.318845154980409,51.86505105016789],[5.363579021889961,51.90597777946823],[4.965495195614608,51.921682222106654],[4.997855865293843,51.95499467618828],[5.161809999999718,51.97372],[5.106190000000424,52.00350000000071],[4.723597130620995,51.89688417533395],[4.510190000000932,51.91617000000048],[4.319896300811592,51.880397608943326]]]},"properties":{}}]}